task,dataset,image,sigma255,method,transition,dx,dy,klt_survival,klt_epe,klt_bad1,klt_bad3,farneback_epe,farneback_median_epe,farneback_bad1,farneback_bad3,farneback_bias_dx,farneback_bias_dy
tracking_flow,kodak24,kodim01,20,noisy,0.0,2.0,1.0,1.0,0.15866434574127197,0.0037593984962406013,0.0037593984962406013,0.15322309732437134,0.1303800344467163,0.0,0.0,0.011900113895535469,0.009359832853078842
tracking_flow,kodak24,kodim01,20,noisy,1.0,2.0,1.0,1.0,0.11479618400335312,0.0,0.0,0.1374415159225464,0.11825287342071533,5.864414731409805e-05,0.0,-0.010910364799201488,-0.009307106025516987
tracking_flow,kodak24,kodim01,20,noisy,2.0,2.0,1.0,1.0,0.1207691878080368,0.0,0.0,0.1617414504289627,0.140392005443573,0.0009383063570255688,0.0,-0.02307022549211979,-0.033223509788513184
tracking_flow,kodak24,kodim01,20,noisy,3.0,2.0,1.0,1.0,0.11241653561592102,0.0,0.0,0.14696775376796722,0.12945932149887085,0.0,0.0,0.02281774953007698,0.019964003935456276
tracking_flow,kodak24,kodim01,20,noisy,4.0,2.0,1.0,1.0,0.11715230345726013,0.0,0.0,0.15209898352622986,0.1317664384841919,0.0,0.0,-0.018169766291975975,-0.02417203038930893
tracking_flow,kodak24,kodim01,20,noisy,5.0,2.0,1.0,1.0,0.11352529376745224,0.0,0.0,0.14920830726623535,0.12507100403308868,0.0,0.0,0.019623680040240288,-8.592498488724232e-05
tracking_flow,kodak24,kodim01,20,noisy,6.0,2.0,1.0,1.0,0.1188334971666336,0.0,0.0,0.1506500244140625,0.13420677185058594,0.0,0.0,-0.020696839317679405,0.0013444246724247932
tracking_flow,kodak24,kodim01,20,tv_maxiter,0.0,2.0,1.0,1.0,0.18805621564388275,0.0037593984962406013,0.0037593984962406013,0.1578502207994461,0.13476026058197021,0.0,0.0,0.007892400026321411,0.007609928026795387
tracking_flow,kodak24,kodim01,20,tv_maxiter,1.0,2.0,1.0,1.0,0.1289118379354477,0.0,0.0,0.14586763083934784,0.12264634668827057,0.00038118695754163734,0.0,-0.013654325157403946,-0.03318168967962265
tracking_flow,kodak24,kodim01,20,tv_maxiter,2.0,2.0,1.0,1.0,0.1296444982290268,0.0,0.0,0.1530771255493164,0.13339129090309143,0.0,0.0,-0.028654826804995537,-0.017847375944256783
tracking_flow,kodak24,kodim01,20,tv_maxiter,3.0,2.0,1.0,1.0,0.12847059965133667,0.0,0.0,0.14846915006637573,0.1299891173839569,0.0,0.0,0.010078548453748226,0.025330932810902596
tracking_flow,kodak24,kodim01,20,tv_maxiter,4.0,2.0,1.0,1.0,0.13523223996162415,0.0,0.0,0.16045968234539032,0.13551701605319977,0.0,0.0,-0.006446718238294125,-0.023459941148757935
tracking_flow,kodak24,kodim01,20,tv_maxiter,5.0,2.0,1.0,1.0,0.14990997314453125,0.0036363636363636364,0.0036363636363636364,0.15810222923755646,0.13288816809654236,0.0,0.0,0.01829236000776291,0.009934830479323864
tracking_flow,kodak24,kodim01,20,tv_maxiter,6.0,2.0,1.0,1.0,0.13183456659317017,0.0,0.0,0.15027298033237457,0.13362491130828857,0.0,0.0,-0.02149307169020176,-0.0034737568348646164
tracking_flow,kodak24,kodim01,20,tv_fixedk_val,0.0,2.0,1.0,1.0,0.18738152086734772,0.0037593984962406013,0.0037593984962406013,0.1561938226222992,0.13364511728286743,8.796622097114708e-05,0.0,0.009393982589244843,0.0072978646494448185
tracking_flow,kodak24,kodim01,20,tv_fixedk_val,1.0,2.0,1.0,1.0,0.12838798761367798,0.0,0.0,0.1436709612607956,0.12155478447675705,0.0002345765892563922,0.0,-0.01366616040468216,-0.03198864310979843
tracking_flow,kodak24,kodim01,20,tv_fixedk_val,2.0,2.0,1.0,1.0,0.12845739722251892,0.0,0.0,0.15092845261096954,0.1315728724002838,0.0,0.0,-0.02774534374475479,-0.017678074538707733
tracking_flow,kodak24,kodim01,20,tv_fixedk_val,3.0,2.0,1.0,1.0,0.12721209228038788,0.0,0.0,0.14733430743217468,0.12863612174987793,0.0,0.0,0.009723111055791378,0.0249177273362875
tracking_flow,kodak24,kodim01,20,tv_fixedk_val,4.0,2.0,1.0,1.0,0.1338704526424408,0.0,0.0,0.1579812914133072,0.1338478922843933,0.0,0.0,-0.00645263958722353,-0.02418658882379532
tracking_flow,kodak24,kodim01,20,tv_fixedk_val,5.0,2.0,1.0,1.0,0.14892630279064178,0.0036363636363636364,0.0036363636363636364,0.15476998686790466,0.1314493715763092,0.0,0.0,0.0174060370773077,0.0077379303984344006
tracking_flow,kodak24,kodim01,20,tv_fixedk_val,6.0,2.0,1.0,1.0,0.13097727298736572,0.0,0.0,0.14802753925323486,0.13158884644508362,0.0,0.0,-0.021505272015929222,-0.0022736473474651575
tracking_flow,kodak24,kodim01,20,tv_discrepancy,0.0,2.0,1.0,1.0,0.18805621564388275,0.0037593984962406013,0.0037593984962406013,0.1578502207994461,0.13476026058197021,0.0,0.0,0.007892400026321411,0.007609928026795387
tracking_flow,kodak24,kodim01,20,tv_discrepancy,1.0,2.0,1.0,1.0,0.1289118379354477,0.0,0.0,0.14586763083934784,0.12264634668827057,0.00038118695754163734,0.0,-0.013654325157403946,-0.03318168967962265
tracking_flow,kodak24,kodim01,20,tv_discrepancy,2.0,2.0,1.0,1.0,0.1296444982290268,0.0,0.0,0.1530771255493164,0.13339129090309143,0.0,0.0,-0.028654826804995537,-0.017847375944256783
tracking_flow,kodak24,kodim01,20,tv_discrepancy,3.0,2.0,1.0,1.0,0.12847059965133667,0.0,0.0,0.14846915006637573,0.1299891173839569,0.0,0.0,0.010078548453748226,0.025330932810902596
tracking_flow,kodak24,kodim01,20,tv_discrepancy,4.0,2.0,1.0,1.0,0.13523223996162415,0.0,0.0,0.16045968234539032,0.13551701605319977,0.0,0.0,-0.006446718238294125,-0.023459941148757935
tracking_flow,kodak24,kodim01,20,tv_discrepancy,5.0,2.0,1.0,1.0,0.14990997314453125,0.0036363636363636364,0.0036363636363636364,0.15810222923755646,0.13288816809654236,0.0,0.0,0.01829236000776291,0.009934830479323864
tracking_flow,kodak24,kodim01,20,tv_discrepancy,6.0,2.0,1.0,1.0,0.13183456659317017,0.0,0.0,0.15027298033237457,0.13362491130828857,0.0,0.0,-0.02149307169020176,-0.0034737568348646164
tracking_flow,kodak24,kodim01,20,tv_chambolle_val,0.0,2.0,1.0,1.0,0.24040938913822174,0.011278195488721804,0.007518796992481203,0.17831110954284668,0.14902403950691223,0.00020525451559934318,0.0,0.0010255068773403764,-0.00317640183493495
tracking_flow,kodak24,kodim01,20,tv_chambolle_val,1.0,2.0,1.0,1.0,0.16396765410900116,0.0,0.0,0.1707339584827423,0.1435059756040573,0.0005571193994839315,0.0,-0.023810191079974174,-0.04575073719024658
tracking_flow,kodak24,kodim01,20,tv_chambolle_val,2.0,2.0,1.0,1.0,0.16116401553153992,0.0,0.0,0.1780010163784027,0.14632059633731842,0.0007330518414262257,0.0,-0.044784292578697205,-0.011924008838832378
tracking_flow,kodak24,kodim01,20,tv_chambolle_val,3.0,2.0,1.0,1.0,0.16043099761009216,0.0,0.0,0.16834720969200134,0.1414841115474701,0.0006744076941121276,0.0,-0.010585019364953041,0.021346943452954292
tracking_flow,kodak24,kodim01,20,tv_chambolle_val,4.0,2.0,1.0,1.0,0.16886214911937714,0.0,0.0,0.17524079978466034,0.14732691645622253,0.00017593244194229416,0.0,-0.007990519516170025,-0.03348611295223236
tracking_flow,kodak24,kodim01,20,tv_chambolle_val,5.0,2.0,1.0,1.0,0.19221465289592743,0.0036363636363636364,0.0036363636363636364,0.17913763225078583,0.14748862385749817,0.0,0.0,0.009341368451714516,0.0018526242347434163
tracking_flow,kodak24,kodim01,20,tv_chambolle_val,6.0,2.0,1.0,1.0,0.1820896714925766,0.0,0.0,0.1786198914051056,0.15353721380233765,0.0005277973258268825,0.0,-0.031201772391796112,-0.00609394907951355
tracking_flow,kodak24,kodim01,20,ectv,0.0,2.0,1.0,1.0,0.15995445847511292,0.0037593984962406013,0.0037593984962406013,0.15448999404907227,0.13147370517253876,0.0,0.0,0.01220592763274908,0.009311389178037643
tracking_flow,kodak24,kodim01,20,ectv,1.0,2.0,1.0,1.0,0.1140875369310379,0.0,0.0,0.13867543637752533,0.11913587152957916,5.864414731409805e-05,0.0,-0.011140728369355202,-0.010382415726780891
tracking_flow,kodak24,kodim01,20,ectv,2.0,2.0,1.0,1.0,0.12044477462768555,0.0,0.0,0.16279739141464233,0.14042091369628906,0.0013781374618813042,0.0,-0.023668043315410614,-0.03424813970923424
tracking_flow,kodak24,kodim01,20,ectv,3.0,2.0,1.0,1.0,0.11331744492053986,0.0,0.0,0.14827869832515717,0.13113930821418762,0.0,0.0,0.023098625242710114,0.020476868376135826
tracking_flow,kodak24,kodim01,20,ectv,4.0,2.0,1.0,1.0,0.11533959954977036,0.0,0.0,0.15335403382778168,0.13309580087661743,0.0,0.0,-0.016876744106411934,-0.023511914536356926
tracking_flow,kodak24,kodim01,20,ectv,5.0,2.0,1.0,1.0,0.11401687562465668,0.0,0.0,0.1504136621952057,0.12704095244407654,0.0,0.0,0.019521424546837807,0.0007613779744133353
tracking_flow,kodak24,kodim01,20,ectv,6.0,2.0,1.0,1.0,0.11763647198677063,0.0,0.0,0.1522371470928192,0.136606827378273,0.0,0.0,-0.020336054265499115,-0.00039625336648896337
tracking_flow,kodak24,kodim01,20,ectv_fidelity,0.0,2.0,1.0,1.0,0.23467527329921722,0.011278195488721804,0.007518796992481203,0.16430094838142395,0.13333112001419067,0.001172882946281961,0.0,-0.0033101746812462807,0.004690040834248066
tracking_flow,kodak24,kodim01,20,ectv_fidelity,1.0,2.0,1.0,1.0,0.15500226616859436,0.0,0.0,0.16912123560905457,0.13248896598815918,0.0014661036828524513,0.0,-0.03523917496204376,-0.054954301565885544
tracking_flow,kodak24,kodim01,20,ectv_fidelity,2.0,2.0,1.0,1.0,0.1485651582479477,0.0,0.0,0.1651543825864792,0.12978224456310272,0.00211118930330753,0.0,-0.040756531059741974,-0.011516988277435303
tracking_flow,kodak24,kodim01,20,ectv_fidelity,3.0,2.0,1.0,1.0,0.1469125598669052,0.0,0.0,0.1596171110868454,0.12350530922412872,0.00211118930330753,0.0,-0.022938931360840797,0.006393720395863056
tracking_flow,kodak24,kodim01,20,ectv_fidelity,4.0,2.0,1.0,1.0,0.1686568558216095,0.0036101083032490976,0.0,0.1718555986881256,0.13353894650936127,0.0018766127140511376,0.0,-0.02240869216620922,-0.027129190042614937
tracking_flow,kodak24,kodim01,20,ectv_fidelity,5.0,2.0,1.0,1.0,0.18649481236934662,0.007272727272727273,0.0036363636363636364,0.17636913061141968,0.13922826945781708,0.002345765892563922,0.0,-0.008932116441428661,-0.0030479561537504196
tracking_flow,kodak24,kodim01,20,ectv_fidelity,6.0,2.0,1.0,1.0,0.1634044349193573,0.003676470588235294,0.0,0.1660906970500946,0.13756410777568817,0.0008796622097114708,0.0,-0.03840973228216171,-0.017418846487998962
tracking_flow,kodak24,kodim01,20,bilateral_val,0.0,2.0,1.0,1.0,0.1446155458688736,0.007518796992481203,0.0037593984962406013,0.12859007716178894,0.10931108891963959,0.0002345765892563922,0.0,0.010050828568637371,-0.007339269854128361
tracking_flow,kodak24,kodim01,20,bilateral_val,1.0,2.0,1.0,1.0,0.10600442439317703,0.0,0.0,0.13175590336322784,0.10837133228778839,0.0007623739150832747,0.0,-0.036407481878995895,-0.0008433455950580537
tracking_flow,kodak24,kodim01,20,bilateral_val,2.0,2.0,1.0,1.0,0.11681438982486725,0.0037593984962406013,0.0,0.13522136211395264,0.11160868406295776,0.00120220501993901,0.0,-0.014930399134755135,-0.03234285116195679
tracking_flow,kodak24,kodim01,20,bilateral_val,3.0,2.0,1.0,1.0,0.10753565281629562,0.0,0.0,0.135563924908638,0.11589455604553223,0.0003225428102275393,0.0,-0.0097274798899889,0.02636398747563362
tracking_flow,kodak24,kodim01,20,bilateral_val,4.0,2.0,1.0,1.0,0.11089388281106949,0.0036101083032490976,0.0,0.13087032735347748,0.10914008319377899,0.000996950504339667,0.0,-0.01793980598449707,-0.013561351224780083
tracking_flow,kodak24,kodim01,20,bilateral_val,5.0,2.0,1.0,1.0,0.1281030774116516,0.0036363636363636364,0.0036363636363636364,0.13397344946861267,0.10617769509553909,0.0013194933145672062,0.0,0.0010104222455993295,-0.016128096729516983
tracking_flow,kodak24,kodim01,20,bilateral_val,6.0,2.0,1.0,1.0,0.11416047811508179,0.003676470588235294,0.0,0.13090817630290985,0.1086033284664154,0.0004398311048557354,0.0,-0.027587389573454857,-0.006941169500350952
tracking_flow,kodak24,kodim01,20,pm_diff_val,0.0,2.0,1.0,1.0,0.21525536477565765,0.011278195488721804,0.007518796992481203,0.18424828350543976,0.15478694438934326,0.00017593244194229416,0.0,0.009079238399863243,-0.0015963201876729727
tracking_flow,kodak24,kodim01,20,pm_diff_val,1.0,2.0,1.0,1.0,0.16467878222465515,0.0,0.0,0.16598616540431976,0.14070069789886475,0.0,0.0,-0.010643651708960533,-0.029273783788084984
tracking_flow,kodak24,kodim01,20,pm_diff_val,2.0,2.0,1.0,1.0,0.16492901742458344,0.0,0.0,0.18163157999515533,0.1504993438720703,0.0007330518414262257,0.0,-0.03646539896726608,-0.032182589173316956
tracking_flow,kodak24,kodim01,20,pm_diff_val,3.0,2.0,1.0,1.0,0.16275043785572052,0.0,0.0,0.16429296135902405,0.14518940448760986,0.0,0.0,0.01694473996758461,0.022882921621203423
tracking_flow,kodak24,kodim01,20,pm_diff_val,4.0,2.0,1.0,1.0,0.1756221503019333,0.0,0.0,0.17825710773468018,0.15293078124523163,0.0,0.0,-0.0094537902623415,-0.02483217604458332
tracking_flow,kodak24,kodim01,20,pm_diff_val,5.0,2.0,1.0,1.0,0.1830979287624359,0.0036363636363636364,0.0036363636363636364,0.17554716765880585,0.14926868677139282,0.0,0.0,0.02464262582361698,0.007203223649412394
tracking_flow,kodak24,kodim01,20,pm_diff_val,6.0,2.0,1.0,1.0,0.1711786836385727,0.0,0.0,0.17407111823558807,0.15561923384666443,0.0,0.0,-0.028280124068260193,-0.007789920549839735
tracking_flow,kodak24,kodim01,20,wavelet_bayes,0.0,2.0,1.0,1.0,0.2282077819108963,0.007518796992481203,0.0037593984962406013,0.19670119881629944,0.16980838775634766,0.002551020408163265,0.0,-0.006553327664732933,-0.01911451853811741
tracking_flow,kodak24,kodim01,20,wavelet_bayes,1.0,2.0,1.0,1.0,0.16950079798698425,0.003745318352059925,0.0,0.1848129779100418,0.16282472014427185,0.0,0.0,0.003070536069571972,-0.02605574205517769
tracking_flow,kodak24,kodim01,20,wavelet_bayes,2.0,2.0,1.0,1.0,0.17911094427108765,0.0,0.0,0.209358349442482,0.18606427311897278,0.0,0.0,-0.06622510403394699,-0.04496198147535324
tracking_flow,kodak24,kodim01,20,wavelet_bayes,3.0,2.0,1.0,1.0,0.17146237194538116,0.0,0.0,0.18700581789016724,0.16959969699382782,0.0,0.0,0.04094897210597992,0.017952311784029007
tracking_flow,kodak24,kodim01,20,wavelet_bayes,4.0,2.0,1.0,1.0,0.18139061331748962,0.0,0.0,0.2116798460483551,0.19047357141971588,0.0,0.0,-0.042556483298540115,-0.033304937183856964
tracking_flow,kodak24,kodim01,20,wavelet_bayes,5.0,2.0,1.0,1.0,0.1959107667207718,0.0036363636363636364,0.0036363636363636364,0.2047671228647232,0.17670711874961853,0.0,0.0,0.026628119871020317,0.0033055772073566914
tracking_flow,kodak24,kodim01,20,wavelet_bayes,6.0,2.0,1.0,1.0,0.17220643162727356,0.0,0.0,0.183153435587883,0.16638754308223724,0.0,0.0,-0.033637795597314835,-0.01070663332939148
tracking_flow,kodak24,kodim01,20,nlm,0.0,2.0,1.0,1.0,0.2658083438873291,0.011278195488721804,0.007518796992481203,0.1786661148071289,0.14431032538414001,0.002492376260849167,0.0,-0.007071362808346748,0.012572734616696835
tracking_flow,kodak24,kodim01,20,nlm,1.0,2.0,1.0,1.0,0.17140188813209534,0.003745318352059925,0.003745318352059925,0.18616792559623718,0.14319908618927002,0.0038118695754163733,0.0,-0.043486882001161575,-0.048758894205093384
tracking_flow,kodak24,kodim01,20,nlm,2.0,2.0,1.0,1.0,0.14600077271461487,0.0,0.0,0.18390381336212158,0.13753336668014526,0.008386113065916022,0.0,-0.033675383776426315,-0.021162481978535652
tracking_flow,kodak24,kodim01,20,nlm,3.0,2.0,1.0,1.0,0.13986429572105408,0.0036101083032490976,0.0,0.16660839319229126,0.12688995897769928,0.0038998357963875205,0.0,-0.033595237880945206,0.0105579923838377
tracking_flow,kodak24,kodim01,20,nlm,4.0,2.0,1.0,1.0,0.17909850180149078,0.0036101083032490976,0.0036101083032490976,0.18008552491664886,0.13818329572677612,0.0029322073657049026,0.0,-0.0363326370716095,-0.030823394656181335
tracking_flow,kodak24,kodim01,20,nlm,5.0,2.0,1.0,1.0,0.18056133389472961,0.007272727272727273,0.0036363636363636364,0.1803794950246811,0.13992106914520264,0.003430682617874736,0.0,-0.02543363906443119,-0.013844884932041168
tracking_flow,kodak24,kodim01,20,nlm,6.0,2.0,1.0,1.0,0.1521078497171402,0.0,0.0,0.17401516437530518,0.13913193345069885,0.004955430448041286,0.0,-0.02429179847240448,-0.019448187202215195
tracking_flow,kodak24,kodim01,20,bm3d,0.0,2.0,1.0,1.0,0.1768653839826584,0.0037593984962406013,0.0037593984962406013,0.14153005182743073,0.11620056629180908,0.0062162796152943935,0.0,0.01843053102493286,-0.003304447513073683
tracking_flow,kodak24,kodim01,20,bm3d,1.0,2.0,1.0,1.0,0.13184133172035217,0.003745318352059925,0.003745318352059925,0.1334242969751358,0.10960803925991058,0.0028442411447337558,0.0,-0.024559399113059044,-0.006070275325328112
tracking_flow,kodak24,kodim01,20,bm3d,2.0,2.0,1.0,1.0,0.10624517500400543,0.0,0.0,0.13344286382198334,0.10943987965583801,0.0018179685667370396,0.0,-0.011060567572712898,-0.01776157133281231
tracking_flow,kodak24,kodim01,20,bm3d,3.0,2.0,1.0,1.0,0.09539663046598434,0.0,0.0,0.12088906764984131,0.10451088100671768,0.0014661036828524513,0.0,0.006758440751582384,0.017863154411315918
tracking_flow,kodak24,kodim01,20,bm3d,4.0,2.0,1.0,1.0,0.10225429385900497,0.0,0.0,0.13604122400283813,0.11622436344623566,0.0028442411447337558,0.0,-0.009887225925922394,-0.02301648259162903
tracking_flow,kodak24,kodim01,20,bm3d,5.0,2.0,1.0,1.0,0.1298251897096634,0.0036363636363636364,0.0036363636363636364,0.1401096135377884,0.10987110435962677,0.005453905700211119,0.0,0.014866174198687077,0.02271031029522419
tracking_flow,kodak24,kodim01,20,bm3d,6.0,2.0,1.0,1.0,0.10660944133996964,0.0,0.0,0.13221171498298645,0.11176538467407227,0.0031081398076471967,0.0,-0.011890707537531853,-0.015533885918557644
tracking_flow,kodak24,kodim01,20,fdncnn_color,0.0,2.0,1.0,1.0,0.15797744691371918,0.0037593984962406013,0.0037593984962406013,0.12449949234724045,0.10765738785266876,0.0004984752521698335,0.0,0.02071043848991394,0.009702653624117374
tracking_flow,kodak24,kodim01,20,fdncnn_color,1.0,2.0,1.0,1.0,0.09928025305271149,0.0,0.0,0.11792615056037903,0.09959066659212112,0.0005864414731409805,0.0,-0.01865648850798607,-0.010568030178546906
tracking_flow,kodak24,kodim01,20,fdncnn_color,2.0,2.0,1.0,1.0,0.09558523446321487,0.0,0.0,0.12246230989694595,0.10053486377000809,0.0008210180623973727,0.0,-0.007814783602952957,-0.021065056324005127
tracking_flow,kodak24,kodim01,20,fdncnn_color,3.0,2.0,1.0,1.0,0.09033606946468353,0.0,0.0,0.11070048063993454,0.09368779510259628,0.0004691531785127844,0.0,0.007480925414711237,0.022078987210989
tracking_flow,kodak24,kodim01,20,fdncnn_color,4.0,2.0,1.0,1.0,0.09197697043418884,0.0,0.0,0.11527083069086075,0.09846910089254379,0.0007330518414262257,0.0,-0.0031406832858920097,-0.014981538988649845
tracking_flow,kodak24,kodim01,20,fdncnn_color,5.0,2.0,1.0,1.0,0.0988839715719223,0.0,0.0,0.11908896267414093,0.09789028763771057,0.0009089842833685198,0.0,0.012829896062612534,0.013593715615570545
tracking_flow,kodak24,kodim01,20,fdncnn_color,6.0,2.0,1.0,1.0,0.09589610248804092,0.0,0.0,0.11102627962827682,0.09738034754991531,0.0002345765892563922,0.0,-0.010490870103240013,-0.009692162275314331
tracking_flow,kodak24,kodim01,20,ectv_fdncnn,0.0,2.0,1.0,1.0,0.15797744691371918,0.0037593984962406013,0.0037593984962406013,0.12449949234724045,0.10765738785266876,0.0004984752521698335,0.0,0.02071043848991394,0.009702653624117374
tracking_flow,kodak24,kodim01,20,ectv_fdncnn,1.0,2.0,1.0,1.0,0.09928025305271149,0.0,0.0,0.11792615056037903,0.09959066659212112,0.0005864414731409805,0.0,-0.01865648850798607,-0.010568030178546906
tracking_flow,kodak24,kodim01,20,ectv_fdncnn,2.0,2.0,1.0,1.0,0.09558523446321487,0.0,0.0,0.12246230989694595,0.10053486377000809,0.0008210180623973727,0.0,-0.007814783602952957,-0.021065056324005127
tracking_flow,kodak24,kodim01,20,ectv_fdncnn,3.0,2.0,1.0,1.0,0.09033606946468353,0.0,0.0,0.11070048063993454,0.09368779510259628,0.0004691531785127844,0.0,0.007480925414711237,0.022078987210989
tracking_flow,kodak24,kodim01,20,ectv_fdncnn,4.0,2.0,1.0,1.0,0.09197697043418884,0.0,0.0,0.11527083069086075,0.09846910089254379,0.0007330518414262257,0.0,-0.0031406832858920097,-0.014981538988649845
tracking_flow,kodak24,kodim01,20,ectv_fdncnn,5.0,2.0,1.0,1.0,0.0988839715719223,0.0,0.0,0.11908896267414093,0.09789028763771057,0.0009089842833685198,0.0,0.012829896062612534,0.013593715615570545
tracking_flow,kodak24,kodim01,20,ectv_fdncnn,6.0,2.0,1.0,1.0,0.09589610248804092,0.0,0.0,0.11102627962827682,0.09738034754991531,0.0002345765892563922,0.0,-0.010490870103240013,-0.009692162275314331
tracking_flow,kodak24,kodim01,50,noisy,0.0,2.0,1.0,1.0,0.3699184060096741,0.041353383458646614,0.0,0.353081077337265,0.30314207077026367,0.013634764250527797,0.0,-0.0006777606322430074,0.04589373618364334
tracking_flow,kodak24,kodim01,50,noisy,1.0,2.0,1.0,1.0,0.3731749951839447,0.04119850187265917,0.0,0.3258671462535858,0.28816455602645874,0.007741027445460943,0.0,-0.02172178216278553,-0.007704318501055241
tracking_flow,kodak24,kodim01,50,noisy,2.0,2.0,1.0,1.0,0.3922440707683563,0.05263157894736842,0.0,0.33644649386405945,0.3006898760795593,0.010995777621393385,0.0,-0.021209949627518654,-0.0894712284207344
tracking_flow,kodak24,kodim01,50,noisy,3.0,2.0,1.0,1.0,0.408679723739624,0.032490974729241874,0.0,0.34572741389274597,0.29447150230407715,0.01448510438658222,0.0,0.05237915366888046,-0.00965860951691866
tracking_flow,kodak24,kodim01,50,noisy,4.0,2.0,1.0,1.0,0.3454967141151428,0.007220216606498195,0.0,0.33890625834465027,0.30874812602996826,0.002287121745249824,0.0,0.03940517455339432,0.03396231308579445
tracking_flow,kodak24,kodim01,50,noisy,5.0,2.0,1.0,1.0,0.3575893044471741,0.02909090909090909,0.0,0.35053369402885437,0.28492555022239685,0.025187661271405114,0.0,-0.047384075820446014,0.021958230063319206
tracking_flow,kodak24,kodim01,50,noisy,6.0,2.0,1.0,1.0,0.3704393804073334,0.04044117647058824,0.0,0.37539923191070557,0.3192441463470459,0.028178512784424115,0.0,0.0049890438094735146,-0.011742794886231422
tracking_flow,kodak24,kodim01,50,tv_maxiter,0.0,2.0,1.0,1.0,0.38742321729660034,0.05263157894736842,0.0037593984962406013,0.36358699202537537,0.31104642152786255,0.019675111423879895,0.0,-0.006111391820013523,0.054314468055963516
tracking_flow,kodak24,kodim01,50,tv_maxiter,1.0,2.0,1.0,1.0,0.3663427233695984,0.04119850187265917,0.0,0.34451085329055786,0.2966984808444977,0.014309171944639924,0.0,-0.014620195142924786,0.00012952812539879233
tracking_flow,kodak24,kodim01,50,tv_maxiter,2.0,2.0,1.0,1.0,0.38270506262779236,0.05263157894736842,0.0,0.3558879494667053,0.3163902759552002,0.015218156228008446,0.0,-0.01814397983253002,-0.08301855623722076
tracking_flow,kodak24,kodim01,50,tv_maxiter,3.0,2.0,1.0,1.0,0.3975774049758911,0.039711191335740074,0.0,0.3575153648853302,0.30155643820762634,0.01712409101571663,0.0,0.05047779902815819,-0.0173336211591959
tracking_flow,kodak24,kodim01,50,tv_maxiter,4.0,2.0,1.0,1.0,0.3521531820297241,0.018050541516245487,0.0,0.3570060431957245,0.31252437829971313,0.013106966924700914,0.0,0.04059254005551338,0.038608063012361526
tracking_flow,kodak24,kodim01,50,tv_maxiter,5.0,2.0,1.0,1.0,0.36128517985343933,0.03636363636363636,0.0036363636363636364,0.35925036668777466,0.28838256001472473,0.03471733520994605,0.0,-0.05694032460451126,0.01377874892205
tracking_flow,kodak24,kodim01,50,tv_maxiter,6.0,2.0,1.0,1.0,0.3650744557380676,0.04044117647058824,0.0,0.3879164159297943,0.32932543754577637,0.030700211118930332,0.0,0.001277032308280468,-0.004896101541817188
tracking_flow,kodak24,kodim01,50,tv_fixedk_val,0.0,2.0,1.0,1.0,0.38750573992729187,0.04887218045112782,0.0037593984962406013,0.3635542392730713,0.3110116720199585,0.019645789350222848,0.0,-0.006540731992572546,0.05413983389735222
tracking_flow,kodak24,kodim01,50,tv_fixedk_val,1.0,2.0,1.0,1.0,0.36550015211105347,0.04119850187265917,0.0,0.34421247243881226,0.29645246267318726,0.014338494018296974,0.0,-0.01452720444649458,0.0004884652444161475
tracking_flow,kodak24,kodim01,50,tv_fixedk_val,2.0,2.0,1.0,1.0,0.38226523995399475,0.05263157894736842,0.0,0.3559127449989319,0.3162420094013214,0.015130190007037298,0.0,-0.018153157085180283,-0.08317173272371292
tracking_flow,kodak24,kodim01,50,tv_fixedk_val,3.0,2.0,1.0,1.0,0.3977017104625702,0.039711191335740074,0.0,0.3575506806373596,0.3016026020050049,0.01721205723668778,0.0,0.05060410872101784,-0.01730162464082241
tracking_flow,kodak24,kodim01,50,tv_fixedk_val,4.0,2.0,1.0,1.0,0.35197558999061584,0.018050541516245487,0.0,0.3572588562965393,0.3126915693283081,0.013224255219329111,0.0,0.040502190589904785,0.038680750876665115
tracking_flow,kodak24,kodim01,50,tv_fixedk_val,5.0,2.0,1.0,1.0,0.36111846566200256,0.03636363636363636,0.0036363636363636364,0.35912948846817017,0.2885907292366028,0.03424818203143326,0.0,-0.05714058503508568,0.01387077011168003
tracking_flow,kodak24,kodim01,50,tv_fixedk_val,6.0,2.0,1.0,1.0,0.36489054560661316,0.04044117647058824,0.0,0.3877316117286682,0.32927703857421875,0.030377668308702793,0.0,0.0015554442070424557,-0.004946638364344835
tracking_flow,kodak24,kodim01,50,tv_discrepancy,0.0,2.0,1.0,1.0,0.38742321729660034,0.05263157894736842,0.0037593984962406013,0.36358699202537537,0.31104642152786255,0.019675111423879895,0.0,-0.006111391820013523,0.054314468055963516
tracking_flow,kodak24,kodim01,50,tv_discrepancy,1.0,2.0,1.0,1.0,0.3663427233695984,0.04119850187265917,0.0,0.34451085329055786,0.2966984808444977,0.014309171944639924,0.0,-0.014620195142924786,0.00012952812539879233
tracking_flow,kodak24,kodim01,50,tv_discrepancy,2.0,2.0,1.0,1.0,0.38270506262779236,0.05263157894736842,0.0,0.3558879494667053,0.3163902759552002,0.015218156228008446,0.0,-0.01814397983253002,-0.08301855623722076
tracking_flow,kodak24,kodim01,50,tv_discrepancy,3.0,2.0,1.0,1.0,0.3975774049758911,0.039711191335740074,0.0,0.3575153648853302,0.30155643820762634,0.01712409101571663,0.0,0.05047779902815819,-0.0173336211591959
tracking_flow,kodak24,kodim01,50,tv_discrepancy,4.0,2.0,1.0,1.0,0.3521531820297241,0.018050541516245487,0.0,0.3570060431957245,0.31252437829971313,0.013106966924700914,0.0,0.04059254005551338,0.038608063012361526
tracking_flow,kodak24,kodim01,50,tv_discrepancy,5.0,2.0,1.0,1.0,0.36128517985343933,0.03636363636363636,0.0036363636363636364,0.35925036668777466,0.28838256001472473,0.03471733520994605,0.0,-0.05694032460451126,0.01377874892205
tracking_flow,kodak24,kodim01,50,tv_discrepancy,6.0,2.0,1.0,1.0,0.3650744557380676,0.04044117647058824,0.0,0.3879164159297943,0.32932543754577637,0.030700211118930332,0.0,0.001277032308280468,-0.004896101541817188
tracking_flow,kodak24,kodim01,50,tv_chambolle_val,0.0,2.0,1.0,1.0,0.9074761867523193,0.21804511278195488,0.06015037593984962,0.4936660826206207,0.3798292875289917,0.0933614825240441,0.0,-0.03057636134326458,0.019876541569828987
tracking_flow,kodak24,kodim01,50,tv_chambolle_val,1.0,2.0,1.0,1.0,0.8366650342941284,0.21722846441947566,0.04119850187265917,0.47209128737449646,0.4084487557411194,0.0679978888106967,0.0,-0.09328630566596985,0.02009996958076954
tracking_flow,kodak24,kodim01,50,tv_chambolle_val,2.0,2.0,1.0,1.0,0.7374772429466248,0.20300751879699247,0.018796992481203006,0.4931141138076782,0.4101819694042206,0.07397959183673469,0.0006744076941121276,-0.05166848748922348,-0.05130397155880928
tracking_flow,kodak24,kodim01,50,tv_chambolle_val,3.0,2.0,1.0,1.0,0.825884997844696,0.20216606498194944,0.05054151624548736,0.5420122146606445,0.4290916323661804,0.1160860896082571,0.0,-0.07773539423942566,-0.10195443034172058
tracking_flow,kodak24,kodim01,50,tv_chambolle_val,4.0,2.0,1.0,1.0,0.859910786151886,0.20938628158844766,0.04332129963898917,0.49460262060165405,0.39846915006637573,0.08934435843302839,0.0,-0.026709673926234245,0.000848171825055033
tracking_flow,kodak24,kodim01,50,tv_chambolle_val,5.0,2.0,1.0,1.0,0.9213568568229675,0.2109090909090909,0.05454545454545454,0.4926756024360657,0.3894425630569458,0.09825826882477129,0.0006450856204550786,-0.11510936170816422,-0.02426200732588768
tracking_flow,kodak24,kodim01,50,tv_chambolle_val,6.0,2.0,1.0,1.0,0.8334912061691284,0.2426470588235294,0.03308823529411765,0.5498719215393066,0.4416990876197815,0.1366701853155055,0.00014661036828524514,-0.10164458304643631,0.0026311289984732866
tracking_flow,kodak24,kodim01,50,ectv,0.0,2.0,1.0,1.0,0.38742321729660034,0.05263157894736842,0.0037593984962406013,0.36358699202537537,0.31104642152786255,0.019675111423879895,0.0,-0.006111391820013523,0.054314468055963516
tracking_flow,kodak24,kodim01,50,ectv,1.0,2.0,1.0,1.0,0.3663427233695984,0.04119850187265917,0.0,0.34451085329055786,0.2966984808444977,0.014309171944639924,0.0,-0.014620195142924786,0.00012952812539879233
tracking_flow,kodak24,kodim01,50,ectv,2.0,2.0,1.0,1.0,0.38270506262779236,0.05263157894736842,0.0,0.3558879494667053,0.3163902759552002,0.015218156228008446,0.0,-0.01814397983253002,-0.08301855623722076
tracking_flow,kodak24,kodim01,50,ectv,3.0,2.0,1.0,1.0,0.3975774049758911,0.039711191335740074,0.0,0.3575153648853302,0.30155643820762634,0.01712409101571663,0.0,0.05047779902815819,-0.0173336211591959
tracking_flow,kodak24,kodim01,50,ectv,4.0,2.0,1.0,1.0,0.3521531820297241,0.018050541516245487,0.0,0.3570060431957245,0.31252437829971313,0.013106966924700914,0.0,0.04059254005551338,0.038608063012361526
tracking_flow,kodak24,kodim01,50,ectv,5.0,2.0,1.0,1.0,0.36128517985343933,0.03636363636363636,0.0036363636363636364,0.35925036668777466,0.28838256001472473,0.03471733520994605,0.0,-0.05694032460451126,0.01377874892205
tracking_flow,kodak24,kodim01,50,ectv,6.0,2.0,1.0,1.0,0.3650744557380676,0.04044117647058824,0.0,0.3879164159297943,0.32932543754577637,0.030700211118930332,0.0,0.001277032308280468,-0.004896101541817188
tracking_flow,kodak24,kodim01,50,ectv_fidelity,0.0,2.0,1.0,1.0,0.8835342526435852,0.17669172932330826,0.05639097744360902,0.4532337784767151,0.34510669112205505,0.07559230588787239,0.002052545155993432,-0.02082178369164467,0.00381371658295393
tracking_flow,kodak24,kodim01,50,ectv_fidelity,1.0,2.0,1.0,1.0,0.898842453956604,0.17228464419475656,0.04868913857677903,0.43252867460250854,0.3578164577484131,0.06447923997185082,0.0,-0.09681203216314316,0.03225879371166229
tracking_flow,kodak24,kodim01,50,ectv_fidelity,2.0,2.0,1.0,1.0,0.7040517330169678,0.15789473684210525,0.02631578947368421,0.4881157875061035,0.38589656352996826,0.08820079756040347,0.002551020408163265,-0.11249132454395294,-0.06718020886182785
tracking_flow,kodak24,kodim01,50,ectv_fidelity,3.0,2.0,1.0,1.0,0.7845963835716248,0.17328519855595667,0.032490974729241874,0.5075251460075378,0.39188915491104126,0.11019235280319024,0.0,-0.07823356986045837,-0.07243818044662476
tracking_flow,kodak24,kodim01,50,ectv_fidelity,4.0,2.0,1.0,1.0,0.9833632111549377,0.1588447653429603,0.04693140794223827,0.4438495934009552,0.3657708764076233,0.06069669247009148,0.002140511376964579,-0.05511597543954849,0.015917563810944557
tracking_flow,kodak24,kodim01,50,ectv_fidelity,5.0,2.0,1.0,1.0,0.9206771850585938,0.15636363636363637,0.04363636363636364,0.4563937485218048,0.33687451481819153,0.0931269059347877,0.0,-0.13461832702159882,-0.03064950928092003
tracking_flow,kodak24,kodim01,50,ectv_fidelity,6.0,2.0,1.0,1.0,0.8894460201263428,0.20955882352941177,0.03676470588235294,0.49685582518577576,0.3796297311782837,0.10201149425287356,0.0013194933145672062,-0.10188345611095428,-0.028398210182785988
tracking_flow,kodak24,kodim01,50,bilateral_val,0.0,2.0,1.0,1.0,0.5271570682525635,0.09022556390977443,0.011278195488721804,0.4026797115802765,0.33853402733802795,0.03844123856439127,0.0,-0.08396856486797333,0.04437084123492241
tracking_flow,kodak24,kodim01,50,bilateral_val,1.0,2.0,1.0,1.0,0.44431138038635254,0.056179775280898875,0.00749063670411985,0.3802489936351776,0.31788399815559387,0.030319024161388694,0.0,-0.01923198811709881,-0.0005278492462821305
tracking_flow,kodak24,kodim01,50,bilateral_val,2.0,2.0,1.0,1.0,0.4728134274482727,0.08270676691729323,0.011278195488721804,0.4069165587425232,0.35087719559669495,0.03706310110250997,0.0,-0.10234607011079788,-0.09291070699691772
tracking_flow,kodak24,kodim01,50,bilateral_val,3.0,2.0,1.0,1.0,0.48300260305404663,0.08303249097472924,0.0,0.4014902710914612,0.3339877724647522,0.04541989209476894,0.0,-0.02401050552725792,-0.04853616654872894
tracking_flow,kodak24,kodim01,50,bilateral_val,4.0,2.0,1.0,1.0,0.4320526421070099,0.061371841155234655,0.0,0.39147400856018066,0.33396482467651367,0.037532254281022755,0.0,-0.08201237767934799,-0.02769284136593342
tracking_flow,kodak24,kodim01,50,bilateral_val,5.0,2.0,1.0,1.0,0.492111474275589,0.08363636363636363,0.01090909090909091,0.37356036901474,0.3014722466468811,0.031785127844241146,0.0,-0.12322678416967392,-0.027378423139452934
tracking_flow,kodak24,kodim01,50,bilateral_val,6.0,2.0,1.0,1.0,0.4590844213962555,0.0661764705882353,0.0,0.43891090154647827,0.37693479657173157,0.05990499648135116,0.0,-0.0995936170220375,0.02719930186867714
tracking_flow,kodak24,kodim01,50,pm_diff_val,0.0,2.0,1.0,1.0,0.4970237910747528,0.07142857142857142,0.0037593984962406013,0.43698859214782715,0.36808034777641296,0.050170068027210885,0.0,-0.030331280082464218,0.056024469435214996
tracking_flow,kodak24,kodim01,50,pm_diff_val,1.0,2.0,1.0,1.0,0.49736136198043823,0.07116104868913857,0.003745318352059925,0.40906673669815063,0.34893304109573364,0.04448158573774337,0.0,-0.007107086014002562,0.007207750342786312
tracking_flow,kodak24,kodim01,50,pm_diff_val,2.0,2.0,1.0,1.0,0.5020802617073059,0.07894736842105263,0.0037593984962406013,0.42900896072387695,0.38364410400390625,0.03298733286418015,0.0,0.008782973513007164,-0.07464520633220673
tracking_flow,kodak24,kodim01,50,pm_diff_val,3.0,2.0,1.0,1.0,0.4969330430030823,0.09386281588447654,0.0036101083032490976,0.4121798276901245,0.33898383378982544,0.04838142153413089,0.0,0.04196321964263916,-0.04179476946592331
tracking_flow,kodak24,kodim01,50,pm_diff_val,4.0,2.0,1.0,1.0,0.5515177845954895,0.11552346570397112,0.01444043321299639,0.43234479427337646,0.3548073172569275,0.05846821487215576,0.0,0.04606803506612778,0.04784734547138214
tracking_flow,kodak24,kodim01,50,pm_diff_val,5.0,2.0,1.0,1.0,0.49837273359298706,0.08,0.007272727272727273,0.4143088161945343,0.33187592029571533,0.05838024865118461,0.0,-0.07264067232608795,0.014632993377745152
tracking_flow,kodak24,kodim01,50,pm_diff_val,6.0,2.0,1.0,1.0,0.5157302618026733,0.08823529411764706,0.0,0.44845664501190186,0.37847182154655457,0.0618988974900305,0.0,-0.018393708392977715,0.016264142468571663
tracking_flow,kodak24,kodim01,50,wavelet_bayes,0.0,2.0,1.0,1.0,1.4262245893478394,0.5413533834586466,0.05263157894736842,0.8884532451629639,0.8605524301528931,0.3647665962936899,0.0,-0.22187191247940063,-0.19122272729873657
tracking_flow,kodak24,kodim01,50,wavelet_bayes,1.0,2.0,1.0,1.0,1.504177212715149,0.50187265917603,0.07865168539325842,0.8166927695274353,0.7587569952011108,0.2620806943467042,0.0,-0.006446689832955599,-0.23375540971755981
tracking_flow,kodak24,kodim01,50,wavelet_bayes,2.0,2.0,1.0,1.0,1.4890942573547363,0.49624060150375937,0.07894736842105263,0.9076502323150635,0.8806434869766235,0.38127492376260846,0.0,-0.33508700132369995,-0.3326278328895569
tracking_flow,kodak24,kodim01,50,wavelet_bayes,3.0,2.0,1.0,1.0,1.4966363906860352,0.516245487364621,0.05415162454873646,0.8778543472290039,0.833812415599823,0.3416314801782782,0.0,0.10189380496740341,-0.273710697889328
tracking_flow,kodak24,kodim01,50,wavelet_bayes,4.0,2.0,1.0,1.0,1.415779709815979,0.5342960288808665,0.07220216606498195,0.8338311910629272,0.7996939420700073,0.31773399014778325,0.0,-0.22455064952373505,-0.30354544520378113
tracking_flow,kodak24,kodim01,50,wavelet_bayes,5.0,2.0,1.0,1.0,1.4255402088165283,0.4909090909090909,0.08363636363636363,0.7775685787200928,0.7112431526184082,0.251202205019939,0.0,0.024397265166044235,-0.16967014968395233
tracking_flow,kodak24,kodim01,50,wavelet_bayes,6.0,2.0,1.0,1.0,1.3652251958847046,0.5588235294117647,0.07720588235294118,0.9202789664268494,0.8658506274223328,0.37831339432324657,0.0008796622097114708,-0.27769768238067627,-0.13444647192955017
tracking_flow,kodak24,kodim01,50,nlm,0.0,2.0,1.0,1.0,0.908715546131134,0.18045112781954886,0.04887218045112782,0.44314542412757874,0.32291924953460693,0.08397841895378841,0.0,-0.12637338042259216,-0.03251790627837181
tracking_flow,kodak24,kodim01,50,nlm,1.0,2.0,1.0,1.0,0.7723406553268433,0.18352059925093633,0.04119850187265917,0.447584331035614,0.34171003103256226,0.07861247947454844,0.0,-0.19889019429683685,-0.051160406321287155
tracking_flow,kodak24,kodim01,50,nlm,2.0,2.0,1.0,1.0,0.7119959592819214,0.14661654135338345,0.022556390977443608,0.5055790543556213,0.38549891114234924,0.10491437954492142,0.0009089842833685198,-0.2051628977060318,-0.1070498377084732
tracking_flow,kodak24,kodim01,50,nlm,3.0,2.0,1.0,1.0,0.9023164510726929,0.20938628158844766,0.061371841155234655,0.5389968156814575,0.415984570980072,0.13007271874266949,0.00014661036828524514,-0.18146494030952454,-0.13217784464359283
tracking_flow,kodak24,kodim01,50,nlm,4.0,2.0,1.0,0.9963898916967509,0.9021621942520142,0.19927536231884058,0.06159420289855073,0.5083544850349426,0.41147512197494507,0.09705606380483228,0.00029322073657049027,-0.19274617731571198,-0.054698631167411804
tracking_flow,kodak24,kodim01,50,nlm,5.0,2.0,1.0,1.0,0.8271536827087402,0.1709090909090909,0.04727272727272727,0.5209116339683533,0.40624308586120605,0.1434729064039409,0.0,-0.22595003247261047,-0.07938771694898605
tracking_flow,kodak24,kodim01,50,nlm,6.0,2.0,1.0,1.0,0.7978917360305786,0.1875,0.0625,0.5065509676933289,0.40325117111206055,0.09796504808820079,0.0,-0.17732688784599304,-0.06490933150053024
tracking_flow,kodak24,kodim01,50,bm3d,0.0,2.0,1.0,1.0,0.6744053363800049,0.12781954887218044,0.03007518796992481,0.3667773902416229,0.2646276354789734,0.05697278911564626,0.0,0.004488032776862383,-0.006669749040156603
tracking_flow,kodak24,kodim01,50,bm3d,1.0,2.0,1.0,1.0,0.7158737778663635,0.08614232209737828,0.02247191011235955,0.3614141345024109,0.2826003134250641,0.041344123856439124,0.00020525451559934318,-0.028724785894155502,0.015868186950683594
tracking_flow,kodak24,kodim01,50,bm3d,2.0,2.0,1.0,0.9962406015037594,0.48074671626091003,0.07169811320754717,0.011320754716981131,0.3562750816345215,0.2784058451652527,0.033544452263664086,5.864414731409805e-05,-0.012152625247836113,-0.0028942138887941837
tracking_flow,kodak24,kodim01,50,bm3d,3.0,2.0,1.0,1.0,0.5102782845497131,0.09747292418772563,0.010830324909747292,0.3871927857398987,0.28701019287109375,0.055917194463992494,0.0,-0.011091399937868118,-0.05004534497857094
tracking_flow,kodak24,kodim01,50,bm3d,4.0,2.0,1.0,0.9963898916967509,0.45564234256744385,0.07608695652173914,0.018115942028985508,0.39297226071357727,0.30553871393203735,0.05028735632183908,0.0,0.0015662657096982002,0.08399852365255356
tracking_flow,kodak24,kodim01,50,bm3d,5.0,2.0,1.0,0.9963636363636363,0.45600295066833496,0.08029197080291971,0.010948905109489052,0.3906499147415161,0.2901328206062317,0.05925991086089608,0.0,-0.07061345130205154,-0.035833168774843216
tracking_flow,kodak24,kodim01,50,bm3d,6.0,2.0,1.0,0.9963235294117647,0.5055225491523743,0.0959409594095941,0.014760147601476014,0.3938615322113037,0.2873519957065582,0.058057705840957076,0.0004984752521698335,-0.052198607474565506,0.020512474700808525
tracking_flow,kodak24,kodim01,50,fdncnn_color,0.0,2.0,1.0,0.9962406015037594,0.7846242189407349,0.1018867924528302,0.026415094339622643,0.3279725909233093,0.2567504346370697,0.031286652592071314,0.0012608491672531081,0.008247439749538898,0.027851156890392303
tracking_flow,kodak24,kodim01,50,fdncnn_color,1.0,2.0,1.0,1.0,0.7351322174072266,0.10486891385767791,0.04119850187265917,0.3376080393791199,0.26352453231811523,0.0361834388927985,0.0,-0.006135050673037767,-0.0016469389665871859
tracking_flow,kodak24,kodim01,50,fdncnn_color,2.0,2.0,1.0,0.9962406015037594,0.8398675322532654,0.06415094339622641,0.018867924528301886,0.3460378348827362,0.2723228931427002,0.0331339432324654,0.0,-0.03367813304066658,-0.02364295907318592
tracking_flow,kodak24,kodim01,50,fdncnn_color,3.0,2.0,1.0,1.0,0.4267902374267578,0.04332129963898917,0.007220216606498195,0.3615649342536926,0.2721799612045288,0.044129720853858787,0.0,-0.01227707602083683,-0.004578365478664637
tracking_flow,kodak24,kodim01,50,fdncnn_color,4.0,2.0,1.0,0.9963898916967509,0.3768358826637268,0.057971014492753624,0.0036231884057971015,0.34215715527534485,0.26187780499458313,0.0363007271874267,0.0004691531785127844,-0.008879832923412323,0.06391323357820511
tracking_flow,kodak24,kodim01,50,fdncnn_color,5.0,2.0,1.0,1.0,0.4196420907974243,0.05454545454545454,0.01090909090909091,0.34623146057128906,0.2606956362724304,0.03260614590663852,0.0007623739150832747,-0.033182624727487564,-0.03841020539402962
tracking_flow,kodak24,kodim01,50,fdncnn_color,6.0,2.0,1.0,1.0,0.573021650314331,0.07720588235294118,0.01838235294117647,0.3416453003883362,0.25758975744247437,0.03715106732348112,5.864414731409805e-05,-0.03676070645451546,0.0317990742623806
tracking_flow,kodak24,kodim01,50,ectv_fdncnn,0.0,2.0,1.0,0.9962406015037594,0.7846242189407349,0.1018867924528302,0.026415094339622643,0.3279725909233093,0.2567504346370697,0.031286652592071314,0.0012608491672531081,0.008247439749538898,0.027851156890392303
tracking_flow,kodak24,kodim01,50,ectv_fdncnn,1.0,2.0,1.0,1.0,0.7351322174072266,0.10486891385767791,0.04119850187265917,0.3376080393791199,0.26352453231811523,0.0361834388927985,0.0,-0.006135050673037767,-0.0016469389665871859
tracking_flow,kodak24,kodim01,50,ectv_fdncnn,2.0,2.0,1.0,0.9962406015037594,0.8398675322532654,0.06415094339622641,0.018867924528301886,0.3460378348827362,0.2723228931427002,0.0331339432324654,0.0,-0.03367813304066658,-0.02364295907318592
tracking_flow,kodak24,kodim01,50,ectv_fdncnn,3.0,2.0,1.0,1.0,0.4267902374267578,0.04332129963898917,0.007220216606498195,0.3615649342536926,0.2721799612045288,0.044129720853858787,0.0,-0.01227707602083683,-0.004578365478664637
tracking_flow,kodak24,kodim01,50,ectv_fdncnn,4.0,2.0,1.0,0.9963898916967509,0.3768358826637268,0.057971014492753624,0.0036231884057971015,0.34215715527534485,0.26187780499458313,0.0363007271874267,0.0004691531785127844,-0.008879832923412323,0.06391323357820511
tracking_flow,kodak24,kodim01,50,ectv_fdncnn,5.0,2.0,1.0,1.0,0.4196420907974243,0.05454545454545454,0.01090909090909091,0.34623146057128906,0.2606956362724304,0.03260614590663852,0.0007623739150832747,-0.033182624727487564,-0.03841020539402962
tracking_flow,kodak24,kodim01,50,ectv_fdncnn,6.0,2.0,1.0,1.0,0.573021650314331,0.07720588235294118,0.01838235294117647,0.3416453003883362,0.25758975744247437,0.03715106732348112,5.864414731409805e-05,-0.03676070645451546,0.0317990742623806
tracking_flow,kodak24,kodim02,20,noisy,0.0,2.0,1.0,1.0,0.609358012676239,0.10245901639344263,0.045081967213114756,0.5792971849441528,0.4163656234741211,0.15716631480178278,0.0037239033544452264,-0.10571139305830002,-0.21880289912223816
tracking_flow,kodak24,kodim02,20,noisy,1.0,2.0,1.0,1.0,0.5162152051925659,0.11522633744855967,0.012345679012345678,0.5194361805915833,0.39512431621551514,0.12241965751817968,0.0,-0.14791786670684814,-0.019128860905766487
tracking_flow,kodak24,kodim02,20,noisy,2.0,2.0,1.0,1.0,0.5140810012817383,0.12749003984063745,0.00796812749003984,0.5434856414794922,0.40322113037109375,0.15487919305653297,0.0,-0.13399839401245117,-0.08547724038362503
tracking_flow,kodak24,kodim02,20,noisy,3.0,2.0,1.0,1.0,0.558447003364563,0.10894941634241245,0.019455252918287938,0.4888293743133545,0.3574024438858032,0.11473727422003284,0.0,-0.07592180371284485,0.08179333806037903
tracking_flow,kodak24,kodim02,20,noisy,4.0,2.0,1.0,1.0,0.5589682459831238,0.12403100775193798,0.015503875968992248,0.49689751863479614,0.37780970335006714,0.11230354210649778,0.0,0.010301453992724419,0.05891723930835724
tracking_flow,kodak24,kodim02,20,noisy,5.0,2.0,1.0,1.0,0.5617243647575378,0.12267657992565056,0.026022304832713755,0.5654732584953308,0.4266890585422516,0.16347056063804832,0.004046446164672765,-0.18785731494426727,-0.16128991544246674
tracking_flow,kodak24,kodim02,20,noisy,6.0,2.0,1.0,1.0,0.5128859877586365,0.12406015037593984,0.011278195488721804,0.4582502245903015,0.36816179752349854,0.07887637813746189,0.0,0.003466422902420163,0.04092935100197792
tracking_flow,kodak24,kodim02,20,tv_maxiter,0.0,2.0,1.0,0.9918032786885246,0.9066733121871948,0.19834710743801653,0.08264462809917356,0.9751603007316589,0.755139946937561,0.41684259910860894,0.007858315740089139,-0.6805259585380554,-0.44482970237731934
tracking_flow,kodak24,kodim02,20,tv_maxiter,1.0,2.0,1.0,1.0,0.8191110491752625,0.18106995884773663,0.06172839506172839,0.9212363958358765,0.7429121732711792,0.4063452967393854,0.0017006802721088435,-0.7118850350379944,-0.4112389385700226
tracking_flow,kodak24,kodim02,20,tv_maxiter,2.0,2.0,1.0,1.0,0.7208537459373474,0.1752988047808765,0.0398406374501992,0.8097524046897888,0.5400645732879639,0.3225428102275393,0.0,-0.5424587726593018,-0.29728370904922485
tracking_flow,kodak24,kodim02,20,tv_maxiter,3.0,2.0,1.0,1.0,0.8935156464576721,0.22178988326848248,0.07003891050583658,0.8092923164367676,0.5457561016082764,0.32658925639221204,0.0,-0.5799685716629028,-0.21664611995220184
tracking_flow,kodak24,kodim02,20,tv_maxiter,4.0,2.0,1.0,1.0,0.950614333152771,0.22868217054263565,0.07364341085271318,0.7513114809989929,0.4969378709793091,0.30852685901946986,0.0,-0.5396867394447327,-0.2682516276836395
tracking_flow,kodak24,kodim02,20,tv_maxiter,5.0,2.0,1.0,1.0,0.9081663489341736,0.24535315985130113,0.07434944237918216,0.8385432958602905,0.5476497411727905,0.3623915083274689,0.0,-0.5916324257850647,-0.32606032490730286
tracking_flow,kodak24,kodim02,20,tv_maxiter,6.0,2.0,1.0,1.0,0.7894391417503357,0.18421052631578946,0.05263157894736842,0.8116051554679871,0.5530081987380981,0.3382301196340605,0.00026389866291344125,-0.5427135825157166,-0.3340350091457367
tracking_flow,kodak24,kodim02,20,tv_fixedk_val,0.0,2.0,1.0,0.9918032786885246,0.9251698851585388,0.19008264462809918,0.07851239669421488,0.9968029856681824,0.7742674946784973,0.4277504105090312,0.006509500351864884,-0.7147446870803833,-0.44975411891937256
tracking_flow,kodak24,kodim02,20,tv_fixedk_val,1.0,2.0,1.0,1.0,0.8415274024009705,0.18930041152263374,0.06995884773662552,0.9319412708282471,0.7358138561248779,0.41168191414496835,0.0024630541871921183,-0.7275454998016357,-0.41287750005722046
tracking_flow,kodak24,kodim02,20,tv_fixedk_val,2.0,2.0,1.0,1.0,0.7281890511512756,0.17131474103585656,0.043824701195219126,0.8158571124076843,0.5406084060668945,0.32697044334975367,0.0,-0.5560441017150879,-0.30009785294532776
tracking_flow,kodak24,kodim02,20,tv_fixedk_val,3.0,2.0,1.0,1.0,0.8702974915504456,0.20622568093385213,0.07003891050583658,0.8181694746017456,0.5461084842681885,0.32905231057940415,0.0,-0.5997517704963684,-0.23583510518074036
tracking_flow,kodak24,kodim02,20,tv_fixedk_val,4.0,2.0,1.0,1.0,0.8925244808197021,0.20930232558139536,0.05813953488372093,0.7635499835014343,0.49477052688598633,0.3091133004926108,0.0,-0.5617010593414307,-0.27782392501831055
tracking_flow,kodak24,kodim02,20,tv_fixedk_val,5.0,2.0,1.0,1.0,0.8501487970352173,0.22304832713754646,0.05947955390334572,0.84441739320755,0.5468544960021973,0.36535303776683087,0.0,-0.6073585748672485,-0.3330167829990387
tracking_flow,kodak24,kodim02,20,tv_fixedk_val,6.0,2.0,1.0,1.0,0.7354494333267212,0.18045112781954886,0.041353383458646614,0.8119133114814758,0.5597467422485352,0.3358843537414966,0.0,-0.5527060627937317,-0.3330209255218506
tracking_flow,kodak24,kodim02,20,tv_discrepancy,0.0,2.0,1.0,0.9918032786885246,0.9066733121871948,0.19834710743801653,0.08264462809917356,0.9751603007316589,0.755139946937561,0.41684259910860894,0.007858315740089139,-0.6805259585380554,-0.44482970237731934
tracking_flow,kodak24,kodim02,20,tv_discrepancy,1.0,2.0,1.0,1.0,0.8191110491752625,0.18106995884773663,0.06172839506172839,0.9212363958358765,0.7429121732711792,0.4063452967393854,0.0017006802721088435,-0.7118850350379944,-0.4112389385700226
tracking_flow,kodak24,kodim02,20,tv_discrepancy,2.0,2.0,1.0,1.0,0.7208537459373474,0.1752988047808765,0.0398406374501992,0.8097524046897888,0.5400645732879639,0.3225428102275393,0.0,-0.5424587726593018,-0.29728370904922485
tracking_flow,kodak24,kodim02,20,tv_discrepancy,3.0,2.0,1.0,1.0,0.8935156464576721,0.22178988326848248,0.07003891050583658,0.8092923164367676,0.5457561016082764,0.32658925639221204,0.0,-0.5799685716629028,-0.21664611995220184
tracking_flow,kodak24,kodim02,20,tv_discrepancy,4.0,2.0,1.0,1.0,0.950614333152771,0.22868217054263565,0.07364341085271318,0.7513114809989929,0.4969378709793091,0.30852685901946986,0.0,-0.5396867394447327,-0.2682516276836395
tracking_flow,kodak24,kodim02,20,tv_discrepancy,5.0,2.0,1.0,1.0,0.9081663489341736,0.24535315985130113,0.07434944237918216,0.8385432958602905,0.5476497411727905,0.3623915083274689,0.0,-0.5916324257850647,-0.32606032490730286
tracking_flow,kodak24,kodim02,20,tv_discrepancy,6.0,2.0,1.0,1.0,0.7894391417503357,0.18421052631578946,0.05263157894736842,0.8116051554679871,0.5530081987380981,0.3382301196340605,0.00026389866291344125,-0.5427135825157166,-0.3340350091457367
tracking_flow,kodak24,kodim02,20,tv_chambolle_val,0.0,2.0,1.0,0.9877049180327869,1.3476825952529907,0.2946058091286307,0.14937759336099585,1.2923227548599243,1.5243752002716064,0.5931855500821018,0.0034893267651888342,-1.0770788192749023,-0.5730518102645874
tracking_flow,kodak24,kodim02,20,tv_chambolle_val,1.0,2.0,1.0,1.0,1.3014599084854126,0.24691358024691357,0.12345679012345678,1.2651071548461914,1.4151499271392822,0.5898721557588553,0.0005571193994839315,-1.0666650533676147,-0.5535688400268555
tracking_flow,kodak24,kodim02,20,tv_chambolle_val,2.0,2.0,1.0,0.9960159362549801,1.052255392074585,0.22,0.072,1.1487634181976318,1.121059536933899,0.5287649542575651,0.0,-0.9609535336494446,-0.49201226234436035
tracking_flow,kodak24,kodim02,20,tv_chambolle_val,3.0,2.0,1.0,1.0,1.2441202402114868,0.3346303501945525,0.11284046692607004,1.173132061958313,1.1977758407592773,0.5404644616467277,0.0,-0.9657084345817566,-0.4596879482269287
tracking_flow,kodak24,kodim02,20,tv_chambolle_val,4.0,2.0,1.0,0.9961240310077519,1.3173975944519043,0.29961089494163423,0.12062256809338522,1.1738189458847046,1.169785737991333,0.5371803893971382,0.0,-0.9915521740913391,-0.5166730880737305
tracking_flow,kodak24,kodim02,20,tv_chambolle_val,5.0,2.0,1.0,1.0,1.3082443475723267,0.31970260223048325,0.11152416356877323,1.1743247509002686,1.125905990600586,0.5249530846821487,0.0,-0.964569628238678,-0.5012133717536926
tracking_flow,kodak24,kodim02,20,tv_chambolle_val,6.0,2.0,1.0,1.0,1.1328791379928589,0.2556390977443609,0.07518796992481203,1.153857707977295,1.1137539148330688,0.520906638517476,0.0,-0.9497316479682922,-0.517351508140564
tracking_flow,kodak24,kodim02,20,ectv,0.0,2.0,1.0,1.0,0.615592896938324,0.11065573770491803,0.028688524590163935,0.5917394757270813,0.43405306339263916,0.17100633356790992,0.002609664555477363,-0.11301218718290329,-0.2190428376197815
tracking_flow,kodak24,kodim02,20,ectv,1.0,2.0,1.0,1.0,0.5325956344604492,0.09876543209876543,0.012345679012345678,0.5289402604103088,0.40457743406295776,0.12617288294628196,0.0001172882946281961,-0.15107236802577972,-0.022506698966026306
tracking_flow,kodak24,kodim02,20,ectv,2.0,2.0,1.0,1.0,0.49205052852630615,0.11952191235059761,0.00796812749003984,0.5529100298881531,0.4157121777534485,0.15848580811635,0.0,-0.14158813655376434,-0.08366181701421738
tracking_flow,kodak24,kodim02,20,ectv,3.0,2.0,1.0,1.0,0.5589628219604492,0.11284046692607004,0.023346303501945526,0.4991312623023987,0.36548590660095215,0.11878372038470561,0.0,-0.09250877052545547,0.0780688226222992
tracking_flow,kodak24,kodim02,20,ectv,4.0,2.0,1.0,1.0,0.566490113735199,0.13565891472868216,0.015503875968992248,0.4939568340778351,0.3753216564655304,0.11508913910391742,0.0,-0.01235086191445589,0.04164857789874077
tracking_flow,kodak24,kodim02,20,ectv,5.0,2.0,1.0,1.0,0.5737798810005188,0.11895910780669144,0.026022304832713755,0.5811337232589722,0.4445825517177582,0.16995073891625614,0.005805770584095708,-0.20240852236747742,-0.15398821234703064
tracking_flow,kodak24,kodim02,20,ectv,6.0,2.0,1.0,1.0,0.5186509490013123,0.13157894736842105,0.007518796992481203,0.4599667489528656,0.3698388636112213,0.08043044804128548,0.0,-0.013999498449265957,0.013815942220389843
tracking_flow,kodak24,kodim02,20,ectv_fidelity,0.0,2.0,1.0,0.9549180327868853,1.3028286695480347,0.30042918454935624,0.12017167381974249,1.3488848209381104,1.7176088094711304,0.5963523340370631,0.0017300023457658925,-1.1215769052505493,-0.5951835513114929
tracking_flow,kodak24,kodim02,20,ectv_fidelity,1.0,2.0,1.0,0.9629629629629629,1.1097053289413452,0.26495726495726496,0.10683760683760683,1.320024013519287,1.6101293563842773,0.5976131832043162,0.00041050903119868636,-1.1130363941192627,-0.5855094194412231
tracking_flow,kodak24,kodim02,20,ectv_fidelity,2.0,2.0,1.0,0.9681274900398407,1.0627139806747437,0.22633744855967078,0.09465020576131687,1.2150861024856567,1.2589067220687866,0.5475017593244195,0.0,-1.007609248161316,-0.4983825385570526
tracking_flow,kodak24,kodim02,20,ectv_fidelity,3.0,2.0,1.0,0.9455252918287937,1.0755611658096313,0.3004115226337449,0.09053497942386832,1.2168623208999634,1.1743931770324707,0.5358608960825709,0.0,-0.9923198223114014,-0.4820406436920166
tracking_flow,kodak24,kodim02,20,ectv_fidelity,4.0,2.0,1.0,0.9689922480620154,1.1829999685287476,0.268,0.116,1.1818187236785889,1.1442155838012695,0.5253342716396904,0.0,-1.0044560432434082,-0.5157992243766785
tracking_flow,kodak24,kodim02,20,ectv_fidelity,5.0,2.0,1.0,0.966542750929368,1.1640307903289795,0.2923076923076923,0.1,1.1700278520584106,1.063523530960083,0.5127257799671593,0.0,-0.966230571269989,-0.5150587558746338
tracking_flow,kodak24,kodim02,20,ectv_fidelity,6.0,2.0,1.0,0.9736842105263158,0.9858523607254028,0.22393822393822393,0.04633204633204633,1.1607532501220703,1.1079528331756592,0.5144264602392681,0.0,-0.9566534161567688,-0.49701127409935
tracking_flow,kodak24,kodim02,20,bilateral_val,0.0,2.0,1.0,0.9959016393442623,0.9424837231636047,0.205761316872428,0.07407407407407407,1.314023733139038,1.6307759284973145,0.6281081398076472,0.0,-1.1250838041305542,-0.5693771839141846
tracking_flow,kodak24,kodim02,20,bilateral_val,1.0,2.0,1.0,0.9958847736625515,0.549472451210022,0.1115702479338843,0.02066115702479339,1.2690318822860718,1.475217580795288,0.6193408397841895,0.0,-1.0970103740692139,-0.5603021383285522
tracking_flow,kodak24,kodim02,20,bilateral_val,2.0,2.0,1.0,0.9960159362549801,0.8426858186721802,0.196,0.052,1.2432056665420532,1.4248840808868408,0.6067323481116584,0.0,-1.0687698125839233,-0.5384612679481506
tracking_flow,kodak24,kodim02,20,bilateral_val,3.0,2.0,1.0,1.0,0.7898991703987122,0.16342412451361868,0.054474708171206226,1.2420411109924316,1.4238238334655762,0.5967921651419188,0.0,-1.073976993560791,-0.512676477432251
tracking_flow,kodak24,kodim02,20,bilateral_val,4.0,2.0,1.0,0.9961240310077519,0.8101313710212708,0.16731517509727625,0.042801556420233464,1.2202770709991455,1.4048314094543457,0.5802251935256861,0.0,-1.0438189506530762,-0.550125777721405
tracking_flow,kodak24,kodim02,20,bilateral_val,5.0,2.0,1.0,1.0,0.7852326035499573,0.1821561338289963,0.05204460966542751,1.1608678102493286,1.2764575481414795,0.5593771991555243,0.0,-0.9957590699195862,-0.5033625960350037
tracking_flow,kodak24,kodim02,20,bilateral_val,6.0,2.0,1.0,1.0,0.550136387348175,0.10902255639097744,0.022556390977443608,1.1798803806304932,1.3493812084197998,0.5734517945109078,0.0,-0.988887369632721,-0.5251854062080383
tracking_flow,kodak24,kodim02,20,pm_diff_val,0.0,2.0,1.0,0.9959016393442623,1.1466906070709229,0.2757201646090535,0.10699588477366255,0.8118664622306824,0.6156117916107178,0.29650480882007973,0.009588318085855032,-0.4448087513446808,-0.361825555562973
tracking_flow,kodak24,kodim02,20,pm_diff_val,1.0,2.0,1.0,1.0,0.856919527053833,0.23045267489711935,0.05761316872427984,0.6865003705024719,0.5570720434188843,0.22217335209946049,0.0012315270935960591,-0.41174525022506714,-0.21161843836307526
tracking_flow,kodak24,kodim02,20,pm_diff_val,2.0,2.0,1.0,1.0,0.8596415519714355,0.24302788844621515,0.043824701195219126,0.7177541255950928,0.5323262810707092,0.2779439361951677,0.0,-0.35224246978759766,-0.22403207421302795
tracking_flow,kodak24,kodim02,20,pm_diff_val,3.0,2.0,1.0,1.0,1.0517467260360718,0.2918287937743191,0.08560311284046693,0.6337957382202148,0.4817335605621338,0.19531433262960357,0.002228477597935726,-0.3490527272224426,-0.06122098118066788
tracking_flow,kodak24,kodim02,20,pm_diff_val,4.0,2.0,1.0,1.0,0.964039146900177,0.2596899224806202,0.08914728682170543,0.5982602834701538,0.4521702229976654,0.1833216045038705,0.0,-0.3050219416618347,-0.15850834548473358
tracking_flow,kodak24,kodim02,20,pm_diff_val,5.0,2.0,1.0,1.0,0.9097968339920044,0.26765799256505574,0.06319702602230483,0.7594431042671204,0.5758578777313232,0.2960063335679099,0.010761201032136992,-0.43313151597976685,-0.245123028755188
tracking_flow,kodak24,kodim02,20,pm_diff_val,6.0,2.0,1.0,1.0,0.8337364196777344,0.2593984962406015,0.041353383458646614,0.6251269578933716,0.4726264476776123,0.1955195871452029,0.0,-0.28989195823669434,-0.20910072326660156
tracking_flow,kodak24,kodim02,20,wavelet_bayes,0.0,2.0,1.0,0.9918032786885246,1.4353832006454468,0.43388429752066116,0.11570247933884298,1.041299819946289,0.9565115571022034,0.48313980764719683,8.796622097114708e-05,-0.6863657236099243,-0.5308297872543335
tracking_flow,kodak24,kodim02,20,wavelet_bayes,1.0,2.0,1.0,1.0,1.4055554866790771,0.45267489711934156,0.11934156378600823,0.9642696976661682,0.8839750289916992,0.44510907811400424,0.0,-0.7232123613357544,-0.45413920283317566
tracking_flow,kodak24,kodim02,20,wavelet_bayes,2.0,2.0,1.0,1.0,1.2242431640625,0.41434262948207173,0.06772908366533864,0.9025015830993652,0.7349475622177124,0.3832395026976308,0.002169833450621628,-0.5796502232551575,-0.3201504349708557
tracking_flow,kodak24,kodim02,20,wavelet_bayes,3.0,2.0,1.0,1.0,1.3818833827972412,0.4085603112840467,0.12062256809338522,0.8932235836982727,0.7528988122940063,0.38142153413089375,0.0,-0.6593325138092041,-0.3392690122127533
tracking_flow,kodak24,kodim02,20,wavelet_bayes,4.0,2.0,1.0,1.0,1.4103907346725464,0.3682170542635659,0.12790697674418605,0.9680904746055603,0.8336647748947144,0.4272812573305184,0.0,-0.6765193939208984,-0.42601627111434937
tracking_flow,kodak24,kodim02,20,wavelet_bayes,5.0,2.0,1.0,1.0,1.3384997844696045,0.42379182156133827,0.09665427509293681,0.9292193055152893,0.8179244995117188,0.3923879896786301,0.0,-0.5912860631942749,-0.38047945499420166
tracking_flow,kodak24,kodim02,20,wavelet_bayes,6.0,2.0,1.0,1.0,1.1183223724365234,0.3533834586466165,0.06766917293233082,0.8746846914291382,0.7302291393280029,0.3817440769411213,0.0,-0.5297836661338806,-0.3912036120891571
tracking_flow,kodak24,kodim02,20,nlm,0.0,2.0,1.0,0.9918032786885246,1.2327309846878052,0.2892561983471074,0.1322314049586777,1.372653603553772,1.8438947200775146,0.6145906638517475,0.0,-1.1624956130981445,-0.5970966219902039
tracking_flow,kodak24,kodim02,20,nlm,1.0,2.0,1.0,1.0,1.2337331771850586,0.2551440329218107,0.11934156378600823,1.2773934602737427,1.489592432975769,0.5725721323011963,0.0,-1.0781983137130737,-0.5590593814849854
tracking_flow,kodak24,kodim02,20,nlm,2.0,2.0,1.0,1.0,1.1826746463775635,0.2788844621513944,0.11553784860557768,1.3169059753417969,1.5935468673706055,0.6008972554539057,0.0,-1.1043169498443604,-0.5864424705505371
tracking_flow,kodak24,kodim02,20,nlm,3.0,2.0,1.0,1.0,1.255936861038208,0.3035019455252918,0.14007782101167315,1.2733783721923828,1.425513744354248,0.567587379779498,0.0,-1.0370821952819824,-0.5125759840011597
tracking_flow,kodak24,kodim02,20,nlm,4.0,2.0,1.0,0.9961240310077519,1.423152208328247,0.28793774319066145,0.12062256809338522,1.2451351881027222,1.2934620380401611,0.5545390570021111,0.0,-1.0385571718215942,-0.5599726438522339
tracking_flow,kodak24,kodim02,20,nlm,5.0,2.0,1.0,1.0,1.1166396141052246,0.2825278810408922,0.10037174721189591,1.2303861379623413,1.2930169105529785,0.5503166783954961,0.0,-1.0100624561309814,-0.5386242866516113
tracking_flow,kodak24,kodim02,20,nlm,6.0,2.0,1.0,1.0,0.990358293056488,0.23308270676691728,0.06015037593984962,1.2538352012634277,1.4162728786468506,0.5559171944639925,0.0,-1.0457522869110107,-0.5393046736717224
tracking_flow,kodak24,kodim02,20,bm3d,0.0,2.0,1.0,0.9754098360655737,1.1003086566925049,0.18907563025210083,0.08823529411764706,1.0784759521484375,0.7558069825172424,0.4556943467041989,0.0009383063570255688,-0.846303403377533,-0.46193942427635193
tracking_flow,kodak24,kodim02,20,bm3d,1.0,2.0,1.0,0.9876543209876543,1.1217864751815796,0.22916666666666666,0.09166666666666666,0.9919312596321106,0.5834851264953613,0.41622683556181095,2.9322073657049025e-05,-0.792548418045044,-0.4139781892299652
tracking_flow,kodak24,kodim02,20,bm3d,2.0,2.0,1.0,0.9880478087649402,0.9865774512290955,0.22983870967741934,0.0846774193548387,0.9695877432823181,0.5816048383712769,0.4144088669950739,0.0,-0.7273651957511902,-0.42266780138015747
tracking_flow,kodak24,kodim02,20,bm3d,3.0,2.0,1.0,0.9844357976653697,0.9391332864761353,0.233201581027668,0.05533596837944664,0.9465259313583374,0.5969035625457764,0.39183087027914615,0.0,-0.7466230988502502,-0.33263418078422546
tracking_flow,kodak24,kodim02,20,bm3d,4.0,2.0,1.0,0.9922480620155039,1.0745158195495605,0.2421875,0.09375,0.9318068027496338,0.5670719146728516,0.38470560638048323,0.0,-0.6881468892097473,-0.38208410143852234
tracking_flow,kodak24,kodim02,20,bm3d,5.0,2.0,1.0,0.9888475836431226,1.4692645072937012,0.23308270676691728,0.12406015037593984,0.9068267345428467,0.5048383474349976,0.3711588083509266,0.0,-0.6830054521560669,-0.3421993553638458
tracking_flow,kodak24,kodim02,20,bm3d,6.0,2.0,1.0,0.9924812030075187,1.351848840713501,0.20454545454545456,0.11742424242424243,0.9229958653450012,0.5096379518508911,0.385761201032137,0.00026389866291344125,-0.7298139333724976,-0.33586230874061584
tracking_flow,kodak24,kodim02,20,fdncnn_color,0.0,2.0,1.0,0.9795081967213115,1.1253154277801514,0.17573221757322174,0.06694560669456066,0.9888837337493896,0.5629521608352661,0.4063452967393854,0.007330518414262257,-0.7702999711036682,-0.4242904782295227
tracking_flow,kodak24,kodim02,20,fdncnn_color,1.0,2.0,1.0,0.9917695473251029,0.9180329442024231,0.14937759336099585,0.04564315352697095,0.9201374053955078,0.5054301023483276,0.3784306826178747,0.0005277973258268825,-0.7079017162322998,-0.3862413167953491
tracking_flow,kodak24,kodim02,20,fdncnn_color,2.0,2.0,1.0,0.9840637450199203,0.6987976431846619,0.1862348178137652,0.05668016194331984,0.8650164008140564,0.4366404116153717,0.3637696457893502,0.0,-0.6554498672485352,-0.35929447412490845
tracking_flow,kodak24,kodim02,20,fdncnn_color,3.0,2.0,1.0,0.9844357976653697,0.6668023467063904,0.13438735177865613,0.04743083003952569,0.8433456420898438,0.48052978515625,0.3390511376964579,0.0,-0.6498901844024658,-0.3007775545120239
tracking_flow,kodak24,kodim02,20,fdncnn_color,4.0,2.0,1.0,0.9922480620155039,1.0780971050262451,0.18359375,0.08203125,0.8417920470237732,0.4575629234313965,0.33717452498240674,0.0,-0.6387702226638794,-0.326827734708786
tracking_flow,kodak24,kodim02,20,fdncnn_color,5.0,2.0,1.0,0.9851301115241635,0.902092695236206,0.17358490566037735,0.06415094339622641,0.827681303024292,0.4108331799507141,0.33435960591133007,0.0,-0.6197631359100342,-0.31412678956985474
tracking_flow,kodak24,kodim02,20,fdncnn_color,6.0,2.0,1.0,0.9887218045112782,0.6705935597419739,0.10646387832699619,0.045627376425855515,0.8182891011238098,0.405525803565979,0.33729181327703495,0.0001172882946281961,-0.6233137249946594,-0.3074595630168915
tracking_flow,kodak24,kodim02,20,ectv_fdncnn,0.0,2.0,1.0,0.9795081967213115,1.1253154277801514,0.17573221757322174,0.06694560669456066,0.9888837337493896,0.5629521608352661,0.4063452967393854,0.007330518414262257,-0.7702999711036682,-0.4242904782295227
tracking_flow,kodak24,kodim02,20,ectv_fdncnn,1.0,2.0,1.0,0.9917695473251029,0.9180329442024231,0.14937759336099585,0.04564315352697095,0.9201374053955078,0.5054301023483276,0.3784306826178747,0.0005277973258268825,-0.7079017162322998,-0.3862413167953491
tracking_flow,kodak24,kodim02,20,ectv_fdncnn,2.0,2.0,1.0,0.9840637450199203,0.6987976431846619,0.1862348178137652,0.05668016194331984,0.8650164008140564,0.4366404116153717,0.3637696457893502,0.0,-0.6554498672485352,-0.35929447412490845
tracking_flow,kodak24,kodim02,20,ectv_fdncnn,3.0,2.0,1.0,0.9844357976653697,0.6668023467063904,0.13438735177865613,0.04743083003952569,0.8433456420898438,0.48052978515625,0.3390511376964579,0.0,-0.6498901844024658,-0.3007775545120239
tracking_flow,kodak24,kodim02,20,ectv_fdncnn,4.0,2.0,1.0,0.9922480620155039,1.0780971050262451,0.18359375,0.08203125,0.8417920470237732,0.4575629234313965,0.33717452498240674,0.0,-0.6387702226638794,-0.326827734708786
tracking_flow,kodak24,kodim02,20,ectv_fdncnn,5.0,2.0,1.0,0.9851301115241635,0.902092695236206,0.17358490566037735,0.06415094339622641,0.827681303024292,0.4108331799507141,0.33435960591133007,0.0,-0.6197631359100342,-0.31412678956985474
tracking_flow,kodak24,kodim02,20,ectv_fdncnn,6.0,2.0,1.0,0.9887218045112782,0.6705935597419739,0.10646387832699619,0.045627376425855515,0.8182891011238098,0.405525803565979,0.33729181327703495,0.0001172882946281961,-0.6233137249946594,-0.3074595630168915
tracking_flow,kodak24,kodim02,50,noisy,0.0,2.0,1.0,1.0,1.7877929210662842,0.5368852459016393,0.13934426229508196,0.8462388515472412,0.7141562700271606,0.3197278911564626,0.004398311048557354,0.006621111650019884,0.09259498864412308
tracking_flow,kodak24,kodim02,50,noisy,1.0,2.0,1.0,1.0,1.8352080583572388,0.5185185185185185,0.17695473251028807,0.8544389009475708,0.7691636681556702,0.33972554539057004,0.00331339432324654,-0.2111119031906128,-0.03053608350455761
tracking_flow,kodak24,kodim02,50,noisy,2.0,2.0,1.0,1.0,1.4390954971313477,0.4581673306772908,0.12350597609561753,0.8795774579048157,0.7171759605407715,0.32826061459066386,0.0016127140511376964,-0.03310970216989517,-0.15293487906455994
tracking_flow,kodak24,kodim02,50,noisy,3.0,2.0,1.0,1.0,1.5685417652130127,0.5175097276264592,0.08949416342412451,1.0122320652008057,0.7824807167053223,0.3796328876378137,0.03858784893267652,0.039094679057598114,-0.3968733251094818
tracking_flow,kodak24,kodim02,50,noisy,4.0,2.0,1.0,1.0,1.8444093465805054,0.5542635658914729,0.1937984496124031,0.8995180726051331,0.8484400510787964,0.39872155758855266,0.0,-0.21900659799575806,-0.2077750265598297
tracking_flow,kodak24,kodim02,50,noisy,5.0,2.0,1.0,1.0,1.8401998281478882,0.5724907063197026,0.15613382899628253,1.0731759071350098,0.9384844303131104,0.47293572601454376,0.014191883650011729,-0.2089293897151947,-0.05381612107157707
tracking_flow,kodak24,kodim02,50,noisy,6.0,2.0,1.0,1.0,1.796525001525879,0.556390977443609,0.15413533834586465,0.7592686414718628,0.6536424160003662,0.27592071311283134,0.0,-0.06732549518346786,0.04645998403429985
tracking_flow,kodak24,kodim02,50,tv_maxiter,0.0,2.0,1.0,1.0,1.9240261316299438,0.5450819672131147,0.15163934426229508,0.9016571640968323,0.7613606452941895,0.34805301430917196,0.006392212057236688,0.05078577995300293,0.0905475839972496
tracking_flow,kodak24,kodim02,50,tv_maxiter,1.0,2.0,1.0,1.0,1.959442377090454,0.5308641975308642,0.1934156378600823,0.9283912181854248,0.8128034472465515,0.3817440769411213,0.01172882946281961,-0.19510360062122345,0.016939930617809296
tracking_flow,kodak24,kodim02,50,tv_maxiter,2.0,2.0,1.0,1.0,1.5604891777038574,0.4900398406374502,0.14342629482071714,0.9591162800788879,0.8045210838317871,0.3980764719680976,0.004134412385643913,-0.03657887130975723,-0.1665496826171875
tracking_flow,kodak24,kodim02,50,tv_maxiter,3.0,2.0,1.0,1.0,1.7420096397399902,0.5953307392996109,0.13618677042801555,1.0528610944747925,0.8264893293380737,0.39901477832512317,0.043924466338259444,-0.0015031822258606553,-0.3735014796257019
tracking_flow,kodak24,kodim02,50,tv_maxiter,4.0,2.0,1.0,1.0,2.064791440963745,0.6162790697674418,0.21705426356589147,1.0020304918289185,0.9237622022628784,0.45285010555946514,0.00120220501993901,-0.20270408689975739,-0.2228149175643921
tracking_flow,kodak24,kodim02,50,tv_maxiter,5.0,2.0,1.0,1.0,1.9519801139831543,0.5762081784386617,0.1821561338289963,1.1386891603469849,1.0110535621643066,0.5053072953319259,0.01847290640394089,-0.21073560416698456,-0.07126917690038681
tracking_flow,kodak24,kodim02,50,tv_maxiter,6.0,2.0,1.0,1.0,1.9909263849258423,0.5977443609022557,0.19172932330827067,0.8367770314216614,0.6903238892555237,0.3126905934787708,0.0038118695754163733,-0.11816636472940445,0.09397207200527191
tracking_flow,kodak24,kodim02,50,tv_fixedk_val,0.0,2.0,1.0,1.0,1.919753909111023,0.5450819672131147,0.15163934426229508,0.9018492698669434,0.7608839273452759,0.3479064039408867,0.006421534130893736,0.05071406438946724,0.09145953506231308
tracking_flow,kodak24,kodim02,50,tv_fixedk_val,1.0,2.0,1.0,1.0,1.9902392625808716,0.5267489711934157,0.19753086419753085,0.929360032081604,0.8121803402900696,0.3811576354679803,0.011816795683790758,-0.1933937817811966,0.014846951700747013
tracking_flow,kodak24,kodim02,50,tv_fixedk_val,2.0,2.0,1.0,1.0,1.5630133152008057,0.4900398406374502,0.14342629482071714,0.9575485587120056,0.8020934462547302,0.39655172413793105,0.004134412385643913,-0.036077775061130524,-0.16161011159420013
tracking_flow,kodak24,kodim02,50,tv_fixedk_val,3.0,2.0,1.0,1.0,1.7375484704971313,0.5953307392996109,0.13229571984435798,1.05375337600708,0.8304257392883301,0.399513253577293,0.043924466338259444,0.0005529619520530105,-0.3719565272331238
tracking_flow,kodak24,kodim02,50,tv_fixedk_val,4.0,2.0,1.0,1.0,2.0578651428222656,0.6201550387596899,0.21705426356589147,1.0021100044250488,0.9226685762405396,0.4529380717804363,0.0012901712409101572,-0.20181667804718018,-0.22569097578525543
tracking_flow,kodak24,kodim02,50,tv_fixedk_val,5.0,2.0,1.0,1.0,1.968485713005066,0.5762081784386617,0.17472118959107807,1.1428651809692383,1.013028621673584,0.5063628899835796,0.01985104386582219,-0.21680383384227753,-0.07103002071380615
tracking_flow,kodak24,kodim02,50,tv_fixedk_val,6.0,2.0,1.0,1.0,1.9886506795883179,0.6015037593984962,0.19548872180451127,0.8350793123245239,0.6878290176391602,0.3114004222378607,0.003635937133474079,-0.11676447838544846,0.09296779334545135
tracking_flow,kodak24,kodim02,50,tv_discrepancy,0.0,2.0,1.0,1.0,1.9240261316299438,0.5450819672131147,0.15163934426229508,0.9016571640968323,0.7613606452941895,0.34805301430917196,0.006392212057236688,0.05078577995300293,0.0905475839972496
tracking_flow,kodak24,kodim02,50,tv_discrepancy,1.0,2.0,1.0,1.0,1.959442377090454,0.5308641975308642,0.1934156378600823,0.9283912181854248,0.8128034472465515,0.3817440769411213,0.01172882946281961,-0.19510360062122345,0.016939930617809296
tracking_flow,kodak24,kodim02,50,tv_discrepancy,2.0,2.0,1.0,1.0,1.5604891777038574,0.4900398406374502,0.14342629482071714,0.9591162800788879,0.8045210838317871,0.3980764719680976,0.004134412385643913,-0.03657887130975723,-0.1665496826171875
tracking_flow,kodak24,kodim02,50,tv_discrepancy,3.0,2.0,1.0,1.0,1.7420096397399902,0.5953307392996109,0.13618677042801555,1.0528610944747925,0.8264893293380737,0.39901477832512317,0.043924466338259444,-0.0015031822258606553,-0.3735014796257019
tracking_flow,kodak24,kodim02,50,tv_discrepancy,4.0,2.0,1.0,1.0,2.064791440963745,0.6162790697674418,0.21705426356589147,1.0020304918289185,0.9237622022628784,0.45285010555946514,0.00120220501993901,-0.20270408689975739,-0.2228149175643921
tracking_flow,kodak24,kodim02,50,tv_discrepancy,5.0,2.0,1.0,1.0,1.9519801139831543,0.5762081784386617,0.1821561338289963,1.1386891603469849,1.0110535621643066,0.5053072953319259,0.01847290640394089,-0.21073560416698456,-0.07126917690038681
tracking_flow,kodak24,kodim02,50,tv_discrepancy,6.0,2.0,1.0,1.0,1.9909263849258423,0.5977443609022557,0.19172932330827067,0.8367770314216614,0.6903238892555237,0.3126905934787708,0.0038118695754163733,-0.11816636472940445,0.09397207200527191
tracking_flow,kodak24,kodim02,50,tv_chambolle_val,0.0,2.0,1.0,0.9836065573770492,4.167471885681152,0.7083333333333334,0.42083333333333334,1.1373624801635742,0.9336702823638916,0.46504808820079757,0.0332512315270936,-0.36044222116470337,-0.22063198685646057
tracking_flow,kodak24,kodim02,50,tv_chambolle_val,1.0,2.0,1.0,0.9835390946502057,3.181381940841675,0.6861924686192469,0.38493723849372385,1.3271158933639526,1.127899169921875,0.5553014309171944,0.04946633825944171,-0.7133812308311462,-0.22063438594341278
tracking_flow,kodak24,kodim02,50,tv_chambolle_val,2.0,2.0,1.0,1.0,3.5034067630767822,0.7290836653386454,0.3745019920318725,1.1773897409439087,1.0410871505737305,0.5203788411916491,0.017886464930799907,-0.38492047786712646,-0.23453794419765472
tracking_flow,kodak24,kodim02,50,tv_chambolle_val,3.0,2.0,1.0,1.0,3.3132100105285645,0.77431906614786,0.35797665369649806,1.4349473714828491,1.0662171840667725,0.529937837203847,0.10485573539760731,-0.5822663903236389,-0.5633248090744019
tracking_flow,kodak24,kodim02,50,tv_chambolle_val,4.0,2.0,1.0,1.0,3.553255558013916,0.7403100775193798,0.43410852713178294,1.3099247217178345,1.1687849760055542,0.5779087497067793,0.01923528031902416,-0.45118919014930725,-0.5019575357437134
tracking_flow,kodak24,kodim02,50,tv_chambolle_val,5.0,2.0,1.0,1.0,3.427131175994873,0.7509293680297398,0.3940520446096654,1.491517186164856,1.2146638631820679,0.5897841895378841,0.10529556650246305,-0.6977301239967346,-0.2758505046367645
tracking_flow,kodak24,kodim02,50,tv_chambolle_val,6.0,2.0,1.0,0.9962406015037594,3.8574588298797607,0.7018867924528301,0.4339622641509434,1.292222261428833,1.0892918109893799,0.543074126202205,0.050961764015951205,-0.8022186756134033,-0.21160317957401276
tracking_flow,kodak24,kodim02,50,ectv,0.0,2.0,1.0,1.0,1.9240261316299438,0.5450819672131147,0.15163934426229508,0.9016571640968323,0.7613606452941895,0.34805301430917196,0.006392212057236688,0.05078577995300293,0.0905475839972496
tracking_flow,kodak24,kodim02,50,ectv,1.0,2.0,1.0,1.0,1.959442377090454,0.5308641975308642,0.1934156378600823,0.9283912181854248,0.8128034472465515,0.3817440769411213,0.01172882946281961,-0.19510360062122345,0.016939930617809296
tracking_flow,kodak24,kodim02,50,ectv,2.0,2.0,1.0,1.0,1.5604891777038574,0.4900398406374502,0.14342629482071714,0.9591162800788879,0.8045210838317871,0.3980764719680976,0.004134412385643913,-0.03657887130975723,-0.1665496826171875
tracking_flow,kodak24,kodim02,50,ectv,3.0,2.0,1.0,1.0,1.7420096397399902,0.5953307392996109,0.13618677042801555,1.0528610944747925,0.8264893293380737,0.39901477832512317,0.043924466338259444,-0.0015031822258606553,-0.3735014796257019
tracking_flow,kodak24,kodim02,50,ectv,4.0,2.0,1.0,1.0,2.064791440963745,0.6162790697674418,0.21705426356589147,1.0020304918289185,0.9237622022628784,0.45285010555946514,0.00120220501993901,-0.20270408689975739,-0.2228149175643921
tracking_flow,kodak24,kodim02,50,ectv,5.0,2.0,1.0,1.0,1.9519801139831543,0.5762081784386617,0.1821561338289963,1.1386891603469849,1.0110535621643066,0.5053072953319259,0.01847290640394089,-0.21073560416698456,-0.07126917690038681
tracking_flow,kodak24,kodim02,50,ectv,6.0,2.0,1.0,1.0,1.9909263849258423,0.5977443609022557,0.19172932330827067,0.8367770314216614,0.6903238892555237,0.3126905934787708,0.0038118695754163733,-0.11816636472940445,0.09397207200527191
tracking_flow,kodak24,kodim02,50,ectv_fidelity,0.0,2.0,1.0,0.9098360655737705,6.039017200469971,0.6666666666666666,0.44144144144144143,1.5345430374145508,2.016087055206299,0.672237860661506,0.0,-1.2643698453903198,-0.632427990436554
tracking_flow,kodak24,kodim02,50,ectv_fidelity,1.0,2.0,1.0,0.9711934156378601,5.427435874938965,0.6398305084745762,0.4491525423728814,1.5970640182495117,2.061356544494629,0.7150480882007976,0.0,-1.3250094652175903,-0.6915294528007507
tracking_flow,kodak24,kodim02,50,ectv_fidelity,2.0,2.0,1.0,0.9442231075697212,6.473601818084717,0.6962025316455697,0.41350210970464135,1.527461051940918,1.955169439315796,0.6754926108374384,0.0,-1.2763922214508057,-0.5918962955474854
tracking_flow,kodak24,kodim02,50,ectv_fidelity,3.0,2.0,1.0,0.9688715953307393,5.13221549987793,0.7349397590361446,0.42570281124497994,1.6415550708770752,2.055147647857666,0.7310579404175463,0.017006802721088437,-1.287085771560669,-0.7635800838470459
tracking_flow,kodak24,kodim02,50,ectv_fidelity,4.0,2.0,1.0,0.9767441860465116,5.423718452453613,0.6984126984126984,0.4365079365079365,1.6164153814315796,2.0913286209106445,0.7297970912502932,5.864414731409805e-05,-1.3739818334579468,-0.6796736717224121
tracking_flow,kodak24,kodim02,50,ectv_fidelity,5.0,2.0,1.0,0.9814126394052045,5.335503101348877,0.6818181818181818,0.42045454545454547,1.5818148851394653,2.023796558380127,0.7094475721323013,2.9322073657049025e-05,-1.2942579984664917,-0.6626561284065247
tracking_flow,kodak24,kodim02,50,ectv_fidelity,6.0,2.0,1.0,0.9849624060150376,5.528228759765625,0.6679389312977099,0.44274809160305345,1.518292784690857,1.9000632762908936,0.6773692235514895,0.0,-1.2416092157363892,-0.5994707942008972
tracking_flow,kodak24,kodim02,50,bilateral_val,0.0,2.0,1.0,0.9877049180327869,3.063530206680298,0.6970954356846473,0.3236514522821577,1.2849736213684082,1.1870899200439453,0.5841543513957307,0.03380835092657753,-1.047032117843628,-0.44287171959877014
tracking_flow,kodak24,kodim02,50,bilateral_val,1.0,2.0,1.0,1.0,2.6935205459594727,0.6790123456790124,0.2962962962962963,1.3020113706588745,1.2834186553955078,0.6313628899835796,0.020935960591133004,-1.0049123764038086,-0.4157966375350952
tracking_flow,kodak24,kodim02,50,bilateral_val,2.0,2.0,1.0,1.0,2.4273643493652344,0.6533864541832669,0.30278884462151395,1.4501066207885742,1.4146361351013184,0.634001876612714,0.04562514661036828,-1.0972633361816406,-0.6434821486473083
tracking_flow,kodak24,kodim02,50,bilateral_val,3.0,2.0,1.0,1.0,2.707631826400757,0.754863813229572,0.30739299610894943,1.3073571920394897,1.304417610168457,0.6505395261552896,0.0066561107201501294,-0.9414323568344116,-0.6137822866439819
tracking_flow,kodak24,kodim02,50,bilateral_val,4.0,2.0,1.0,1.0,2.45855975151062,0.6976744186046512,0.2751937984496124,1.382474660873413,1.4533870220184326,0.6406873094065212,0.01448510438658222,-1.0740675926208496,-0.590188205242157
tracking_flow,kodak24,kodim02,50,bilateral_val,5.0,2.0,1.0,1.0,2.4405317306518555,0.6394052044609665,0.23048327137546468,1.2866575717926025,1.195224642753601,0.5848874032371569,0.014573070607553366,-0.9985536932945251,-0.4679410457611084
tracking_flow,kodak24,kodim02,50,bilateral_val,6.0,2.0,1.0,1.0,2.994877338409424,0.6879699248120301,0.3383458646616541,1.2107065916061401,1.1891813278198242,0.6004574243490499,0.0009383063570255688,-0.9973880648612976,-0.387309730052948
tracking_flow,kodak24,kodim02,50,pm_diff_val,0.0,2.0,1.0,0.9959016393442623,2.5449163913726807,0.6460905349794238,0.2716049382716049,1.0768439769744873,0.9178344011306763,0.4500351864883885,0.02984987098287591,0.03207149729132652,0.05459776893258095
tracking_flow,kodak24,kodim02,50,pm_diff_val,1.0,2.0,1.0,1.0,2.790456533432007,0.6419753086419753,0.34156378600823045,1.219743013381958,1.0084023475646973,0.5044862772695285,0.04322073657049026,-0.24508248269557953,0.04641665890812874
tracking_flow,kodak24,kodim02,50,pm_diff_val,2.0,2.0,1.0,1.0,2.2281665802001953,0.6254980079681275,0.26294820717131473,1.1355795860290527,0.9874634742736816,0.492229650480882,0.017945109078114006,-0.03427016735076904,-0.1438422054052353
tracking_flow,kodak24,kodim02,50,pm_diff_val,3.0,2.0,1.0,1.0,2.35054612159729,0.7315175097276264,0.26459143968871596,1.2567113637924194,0.9709709882736206,0.4824653999530847,0.08265892563922121,-0.16136983036994934,-0.4124896228313446
tracking_flow,kodak24,kodim02,50,pm_diff_val,4.0,2.0,1.0,1.0,2.749535322189331,0.7170542635658915,0.35658914728682173,1.2044878005981445,1.1002466678619385,0.5494956603330987,0.009969505043396668,-0.20485955476760864,-0.2586711049079895
tracking_flow,kodak24,kodim02,50,pm_diff_val,5.0,2.0,1.0,1.0,2.5697529315948486,0.6840148698884758,0.27137546468401486,1.3236463069915771,1.1969327926635742,0.5911330049261084,0.05456837907576824,-0.23770099878311157,-0.053161412477493286
tracking_flow,kodak24,kodim02,50,pm_diff_val,6.0,2.0,1.0,1.0,2.9518027305603027,0.6691729323308271,0.34962406015037595,1.1015079021453857,0.9204220175743103,0.45563570255688485,0.02762139338494018,-0.3177758455276489,0.15238748490810394
tracking_flow,kodak24,kodim02,50,wavelet_bayes,0.0,2.0,1.0,0.9918032786885246,6.266651630401611,0.9834710743801653,0.49173553719008267,1.9309148788452148,2.138840436935425,0.912121745249824,0.00571780436312456,-1.4360994100570679,-0.9334585070610046
tracking_flow,kodak24,kodim02,50,wavelet_bayes,1.0,2.0,1.0,0.9753086419753086,5.529662609100342,0.9873417721518988,0.4767932489451477,2.020796298980713,2.105449676513672,0.9880952380952381,0.012520525451559935,-1.7519762516021729,-0.8481436371803284
tracking_flow,kodak24,kodim02,50,wavelet_bayes,2.0,2.0,1.0,0.9960159362549801,7.012946605682373,0.98,0.544,1.9183133840560913,2.042569160461426,0.9476014543748534,0.0,-1.5078390836715698,-0.8200635313987732
tracking_flow,kodak24,kodim02,50,wavelet_bayes,3.0,2.0,1.0,0.980544747081712,5.49346923828125,0.9880952380952381,0.46825396825396826,1.9205241203308105,2.070366382598877,0.9478946751114239,0.0,-1.5716166496276855,-0.9454656839370728
tracking_flow,kodak24,kodim02,50,wavelet_bayes,4.0,2.0,1.0,1.0,4.9433417320251465,0.9922480620155039,0.3682170542635659,1.9769833087921143,2.1533992290496826,0.9486277269528501,0.0003518648838845883,-1.576576828956604,-0.9769328236579895
tracking_flow,kodak24,kodim02,50,wavelet_bayes,5.0,2.0,1.0,0.9888475836431226,5.788095474243164,0.9924812030075187,0.45112781954887216,1.9962433576583862,2.10316801071167,0.9817616701853155,0.001993901008679334,-1.6912562847137451,-0.9867416024208069
tracking_flow,kodak24,kodim02,50,wavelet_bayes,6.0,2.0,1.0,0.9962406015037594,5.985802173614502,0.9735849056603774,0.45660377358490567,1.8590681552886963,2.0190162658691406,0.9131186957541637,0.00017593244194229416,-1.4413529634475708,-0.913108766078949
tracking_flow,kodak24,kodim02,50,nlm,0.0,2.0,1.0,0.9918032786885246,4.9567437171936035,0.7148760330578512,0.4669421487603306,1.635623812675476,2.022538661956787,0.7714344358433028,0.0,-1.4016919136047363,-0.732394814491272
tracking_flow,kodak24,kodim02,50,nlm,1.0,2.0,1.0,0.9711934156378601,4.182567119598389,0.6694915254237288,0.4194915254237288,1.6918165683746338,2.070402145385742,0.7728712174524982,0.002345765892563922,-1.426990032196045,-0.7869216203689575
tracking_flow,kodak24,kodim02,50,nlm,2.0,2.0,1.0,0.9880478087649402,4.512803554534912,0.7298387096774194,0.4475806451612903,1.6371387243270874,2.0085394382476807,0.7669188365001173,0.0,-1.4102578163146973,-0.702288031578064
tracking_flow,kodak24,kodim02,50,nlm,3.0,2.0,1.0,0.9961089494163424,4.334207534790039,0.80859375,0.46484375,1.729587435722351,2.0400633811950684,0.7986746422707014,0.01328289936664321,-1.4238269329071045,-0.8181082010269165
tracking_flow,kodak24,kodim02,50,nlm,4.0,2.0,1.0,1.0,4.684106826782227,0.7209302325581395,0.46124031007751937,1.6908472776412964,2.052095413208008,0.7858608960825709,0.0,-1.48269784450531,-0.716701090335846
tracking_flow,kodak24,kodim02,50,nlm,5.0,2.0,1.0,1.0,4.125347137451172,0.7360594795539034,0.483271375464684,1.6801997423171997,2.0229296684265137,0.7713464696223317,0.0017593244194229415,-1.4201550483703613,-0.7623041272163391
tracking_flow,kodak24,kodim02,50,nlm,6.0,2.0,1.0,0.9924812030075187,4.935318470001221,0.7121212121212122,0.45075757575757575,1.6207119226455688,1.9931976795196533,0.7464813511611541,0.0,-1.389746904373169,-0.686642587184906
tracking_flow,kodak24,kodim02,50,bm3d,0.0,2.0,1.0,0.8852459016393442,7.623485088348389,0.6435185185185185,0.4398148148148148,1.5299673080444336,1.9122769832611084,0.6612714051137697,0.014543748533896316,-1.1096454858779907,-0.5743550658226013
tracking_flow,kodak24,kodim02,50,bm3d,1.0,2.0,1.0,0.9135802469135802,5.84916353225708,0.5945945945945946,0.3918918918918919,1.6445642709732056,2.1136605739593506,0.6965165376495426,0.035098522167487683,-1.306121587753296,-0.6925544738769531
tracking_flow,kodak24,kodim02,50,bm3d,2.0,2.0,1.0,0.896414342629482,5.855797290802002,0.6088888888888889,0.3688888888888889,1.465551495552063,1.8244410753250122,0.6336793338024865,0.001993901008679334,-1.1574946641921997,-0.583320140838623
tracking_flow,kodak24,kodim02,50,bm3d,3.0,2.0,1.0,0.9260700389105059,6.125085353851318,0.6722689075630253,0.453781512605042,1.5622273683547974,1.9563179016113281,0.6787766830870279,0.014954257565095004,-1.1977027654647827,-0.6434788703918457
tracking_flow,kodak24,kodim02,50,bm3d,4.0,2.0,1.0,0.8914728682170543,5.9437150955200195,0.5739130434782609,0.39565217391304347,1.533490538597107,1.9556384086608887,0.6693642974431152,0.008650011728829463,-1.1655547618865967,-0.5746573209762573
tracking_flow,kodak24,kodim02,50,bm3d,5.0,2.0,1.0,0.9256505576208178,5.007901191711426,0.6706827309236948,0.3855421686746988,1.5507056713104248,1.9370671510696411,0.6929978888106967,0.008327468918601923,-1.1820465326309204,-0.5939732789993286
tracking_flow,kodak24,kodim02,50,bm3d,6.0,2.0,1.0,0.9511278195488722,5.4139323234558105,0.6403162055335968,0.41106719367588934,1.4613590240478516,1.7144293785095215,0.6534130893736805,0.00026389866291344125,-1.0533061027526855,-0.5150361061096191
tracking_flow,kodak24,kodim02,50,fdncnn_color,0.0,2.0,1.0,0.7868852459016393,5.458048343658447,0.59375,0.3333333333333333,1.5792644023895264,2.0902035236358643,0.6772812573305184,0.022783251231527094,-1.2578375339508057,-0.5921555161476135
tracking_flow,kodak24,kodim02,50,fdncnn_color,1.0,2.0,1.0,0.8106995884773662,5.339714050292969,0.5329949238578681,0.3197969543147208,1.586119294166565,2.097414493560791,0.6544393619516772,0.04404175463288764,-1.2011146545410156,-0.6323599219322205
tracking_flow,kodak24,kodim02,50,fdncnn_color,2.0,2.0,1.0,0.8207171314741036,4.468725204467773,0.5631067961165048,0.27184466019417475,1.5052789449691772,1.9197840690612793,0.6598346235045742,0.006861365235749472,-1.17678701877594,-0.5939947962760925
tracking_flow,kodak24,kodim02,50,fdncnn_color,3.0,2.0,1.0,0.8171206225680934,4.688499450683594,0.5619047619047619,0.34285714285714286,1.5952028036117554,2.0451769828796387,0.6725017593244195,0.028676988036593947,-1.1798096895217896,-0.7117384672164917
tracking_flow,kodak24,kodim02,50,fdncnn_color,4.0,2.0,1.0,0.8333333333333334,4.509921073913574,0.5395348837209303,0.3023255813953488,1.537784457206726,2.014334201812744,0.6589256392212057,0.019792399718508092,-1.1635315418243408,-0.5864943861961365
tracking_flow,kodak24,kodim02,50,fdncnn_color,5.0,2.0,1.0,0.8698884758364313,4.069679260253906,0.5811965811965812,0.25213675213675213,1.6235740184783936,2.0747761726379395,0.6835561810931269,0.0360661505981703,-1.2714966535568237,-0.693703293800354
tracking_flow,kodak24,kodim02,50,fdncnn_color,6.0,2.0,1.0,0.8646616541353384,5.9076247215271,0.5695652173913044,0.33043478260869563,1.4750919342041016,1.737075924873352,0.6567851278442411,0.0027269528501055597,-1.1226379871368408,-0.528664767742157
tracking_flow,kodak24,kodim02,50,ectv_fdncnn,0.0,2.0,1.0,0.7868852459016393,5.458048343658447,0.59375,0.3333333333333333,1.5792644023895264,2.0902035236358643,0.6772812573305184,0.022783251231527094,-1.2578375339508057,-0.5921555161476135
tracking_flow,kodak24,kodim02,50,ectv_fdncnn,1.0,2.0,1.0,0.8106995884773662,5.339714050292969,0.5329949238578681,0.3197969543147208,1.586119294166565,2.097414493560791,0.6544393619516772,0.04404175463288764,-1.2011146545410156,-0.6323599219322205
tracking_flow,kodak24,kodim02,50,ectv_fdncnn,2.0,2.0,1.0,0.8207171314741036,4.468725204467773,0.5631067961165048,0.27184466019417475,1.5052789449691772,1.9197840690612793,0.6598346235045742,0.006861365235749472,-1.17678701877594,-0.5939947962760925
tracking_flow,kodak24,kodim02,50,ectv_fdncnn,3.0,2.0,1.0,0.8171206225680934,4.688499450683594,0.5619047619047619,0.34285714285714286,1.5952028036117554,2.0451769828796387,0.6725017593244195,0.028676988036593947,-1.1798096895217896,-0.7117384672164917
tracking_flow,kodak24,kodim02,50,ectv_fdncnn,4.0,2.0,1.0,0.8333333333333334,4.509921073913574,0.5395348837209303,0.3023255813953488,1.537784457206726,2.014334201812744,0.6589256392212057,0.019792399718508092,-1.1635315418243408,-0.5864943861961365
tracking_flow,kodak24,kodim02,50,ectv_fdncnn,5.0,2.0,1.0,0.8698884758364313,4.069679260253906,0.5811965811965812,0.25213675213675213,1.6235740184783936,2.0747761726379395,0.6835561810931269,0.0360661505981703,-1.2714966535568237,-0.693703293800354
tracking_flow,kodak24,kodim02,50,ectv_fdncnn,6.0,2.0,1.0,0.8646616541353384,5.9076247215271,0.5695652173913044,0.33043478260869563,1.4750919342041016,1.737075924873352,0.6567851278442411,0.0027269528501055597,-1.1226379871368408,-0.528664767742157
tracking_flow,kodak24,kodim03,20,noisy,0.0,2.0,1.0,1.0,0.3022030293941498,0.03902439024390244,0.004878048780487805,0.36405354738235474,0.27193164825439453,0.05104973023692236,0.0,-0.05475284159183502,-0.08922972530126572
tracking_flow,kodak24,kodim03,20,noisy,1.0,2.0,1.0,1.0,0.3241916298866272,0.02912621359223301,0.0048543689320388345,0.41838356852531433,0.29835277795791626,0.08245367112362187,0.0,-0.06526529043912888,0.02660885639488697
tracking_flow,kodak24,kodim03,20,noisy,2.0,2.0,1.0,1.0,0.3077356219291687,0.03827751196172249,0.0,0.4579349756240845,0.305652916431427,0.11778676988036595,0.0,-0.0447753481566906,-0.020334376022219658
tracking_flow,kodak24,kodim03,20,noisy,3.0,2.0,1.0,1.0,0.30602484941482544,0.03153153153153153,0.0,0.3483833074569702,0.24140270054340363,0.05635702556884823,0.0,-0.02542964741587639,0.0012585869990289211
tracking_flow,kodak24,kodim03,20,noisy,4.0,2.0,1.0,1.0,0.2850058972835541,0.0273972602739726,0.0045662100456621,0.35629957914352417,0.2632104158401489,0.051460239268121044,0.0,-0.05612818896770477,-0.037798259407281876
tracking_flow,kodak24,kodim03,20,noisy,5.0,2.0,1.0,1.0,0.31044456362724304,0.04504504504504504,0.0,0.4347083270549774,0.28944844007492065,0.09954844006568145,0.001143560872624912,-0.05644489824771881,0.03774435073137283
tracking_flow,kodak24,kodim03,20,noisy,6.0,2.0,1.0,1.0,0.2964138984680176,0.0365296803652968,0.0,0.38508567214012146,0.27870577573776245,0.05172413793103448,0.0,-0.021193915978074074,-0.010456519201397896
tracking_flow,kodak24,kodim03,20,tv_maxiter,0.0,2.0,1.0,1.0,0.3299550414085388,0.05365853658536585,0.004878048780487805,0.5724943280220032,0.27857571840286255,0.2031726483696927,0.0,-0.3854447603225708,-0.21239018440246582
tracking_flow,kodak24,kodim03,20,tv_maxiter,1.0,2.0,1.0,1.0,0.3802427351474762,0.06310679611650485,0.0048543689320388345,0.6001678705215454,0.31511741876602173,0.228477597935726,0.0,-0.33101654052734375,-0.19206728041172028
tracking_flow,kodak24,kodim03,20,tv_maxiter,2.0,2.0,1.0,1.0,0.3475649058818817,0.06698564593301436,0.0,0.6020856499671936,0.30204111337661743,0.20510790523105793,0.0,-0.30110761523246765,-0.13716042041778564
tracking_flow,kodak24,kodim03,20,tv_maxiter,3.0,2.0,1.0,1.0,0.3665570914745331,0.06756756756756757,0.0045045045045045045,0.5922595858573914,0.29614007472991943,0.20827468918601924,0.0,-0.341169148683548,-0.13539649546146393
tracking_flow,kodak24,kodim03,20,tv_maxiter,4.0,2.0,1.0,1.0,0.3161804676055908,0.0319634703196347,0.0045662100456621,0.5967433452606201,0.3091881275177002,0.20106145906638517,0.0,-0.3781457543373108,-0.19364099204540253
tracking_flow,kodak24,kodim03,20,tv_maxiter,5.0,2.0,1.0,1.0,0.42214664816856384,0.08558558558558559,0.018018018018018018,0.5863239765167236,0.3024197816848755,0.200357729298616,0.0,-0.31085196137428284,-0.08404923230409622
tracking_flow,kodak24,kodim03,20,tv_maxiter,6.0,2.0,1.0,1.0,0.30755165219306946,0.0410958904109589,0.0045662100456621,0.5832712054252625,0.3059704303741455,0.1988623035421065,0.0,-0.35546252131462097,-0.18317162990570068
tracking_flow,kodak24,kodim03,20,tv_fixedk_val,0.0,2.0,1.0,1.0,0.3238227963447571,0.04878048780487805,0.004878048780487805,0.5872232913970947,0.28293082118034363,0.20762960356556415,0.0,-0.39866697788238525,-0.2122250199317932
tracking_flow,kodak24,kodim03,20,tv_fixedk_val,1.0,2.0,1.0,1.0,0.3690605163574219,0.05825242718446602,0.0048543689320388345,0.6024929881095886,0.3126582205295563,0.2240499648135116,0.0,-0.34194985032081604,-0.19522641599178314
tracking_flow,kodak24,kodim03,20,tv_fixedk_val,2.0,2.0,1.0,1.0,0.3673389256000519,0.07177033492822966,0.014354066985645933,0.6027909517288208,0.3006286919116974,0.20422824302134646,0.0,-0.3092838227748871,-0.1319710612297058
tracking_flow,kodak24,kodim03,20,tv_fixedk_val,3.0,2.0,1.0,1.0,0.3506477177143097,0.04954954954954955,0.0045045045045045045,0.5879342555999756,0.28606417775154114,0.20572366877785597,0.0,-0.3500741422176361,-0.15337887406349182
tracking_flow,kodak24,kodim03,20,tv_fixedk_val,4.0,2.0,1.0,1.0,0.30661407113075256,0.0410958904109589,0.0045662100456621,0.5968195796012878,0.294234961271286,0.2029967159277504,0.0,-0.38783639669418335,-0.19863386452198029
tracking_flow,kodak24,kodim03,20,tv_fixedk_val,5.0,2.0,1.0,1.0,0.4023524820804596,0.09009009009009009,0.018018018018018018,0.5958874821662903,0.3026546537876129,0.19877433732113536,0.0,-0.3209210932254791,-0.09527186304330826
tracking_flow,kodak24,kodim03,20,tv_fixedk_val,6.0,2.0,1.0,1.0,0.29601356387138367,0.0319634703196347,0.0045662100456621,0.5855980515480042,0.3060077428817749,0.19302721088435373,0.0,-0.36121708154678345,-0.18763870000839233
tracking_flow,kodak24,kodim03,20,tv_discrepancy,0.0,2.0,1.0,1.0,0.3299550414085388,0.05365853658536585,0.004878048780487805,0.5724943280220032,0.27857571840286255,0.2031726483696927,0.0,-0.3854447603225708,-0.21239018440246582
tracking_flow,kodak24,kodim03,20,tv_discrepancy,1.0,2.0,1.0,1.0,0.3802427351474762,0.06310679611650485,0.0048543689320388345,0.6001678705215454,0.31511741876602173,0.228477597935726,0.0,-0.33101654052734375,-0.19206728041172028
tracking_flow,kodak24,kodim03,20,tv_discrepancy,2.0,2.0,1.0,1.0,0.3475649058818817,0.06698564593301436,0.0,0.6020856499671936,0.30204111337661743,0.20510790523105793,0.0,-0.30110761523246765,-0.13716042041778564
tracking_flow,kodak24,kodim03,20,tv_discrepancy,3.0,2.0,1.0,1.0,0.3665570914745331,0.06756756756756757,0.0045045045045045045,0.5922595858573914,0.29614007472991943,0.20827468918601924,0.0,-0.341169148683548,-0.13539649546146393
tracking_flow,kodak24,kodim03,20,tv_discrepancy,4.0,2.0,1.0,1.0,0.3161804676055908,0.0319634703196347,0.0045662100456621,0.5967433452606201,0.3091881275177002,0.20106145906638517,0.0,-0.3781457543373108,-0.19364099204540253
tracking_flow,kodak24,kodim03,20,tv_discrepancy,5.0,2.0,1.0,1.0,0.42214664816856384,0.08558558558558559,0.018018018018018018,0.5863239765167236,0.3024197816848755,0.200357729298616,0.0,-0.31085196137428284,-0.08404923230409622
tracking_flow,kodak24,kodim03,20,tv_discrepancy,6.0,2.0,1.0,1.0,0.30755165219306946,0.0410958904109589,0.0045662100456621,0.5832712054252625,0.3059704303741455,0.1988623035421065,0.0,-0.35546252131462097,-0.18317162990570068
tracking_flow,kodak24,kodim03,20,tv_chambolle_val,0.0,2.0,1.0,1.0,0.35156235098838806,0.05853658536585366,0.004878048780487805,0.5507402420043945,0.30144086480140686,0.19141449683321604,0.0,-0.3702663779258728,-0.20949842035770416
tracking_flow,kodak24,kodim03,20,tv_chambolle_val,1.0,2.0,1.0,1.0,0.41138872504234314,0.07281553398058252,0.0048543689320388345,0.577185869216919,0.32502758502960205,0.2229064039408867,0.0,-0.32270941138267517,-0.20450668036937714
tracking_flow,kodak24,kodim03,20,tv_chambolle_val,2.0,2.0,1.0,1.0,0.44437748193740845,0.11483253588516747,0.009569377990430622,0.677641749382019,0.3368285000324249,0.2535479709125029,0.0,-0.40982744097709656,-0.16655491292476654
tracking_flow,kodak24,kodim03,20,tv_chambolle_val,3.0,2.0,1.0,1.0,0.43835484981536865,0.09009009009009009,0.009009009009009009,0.6033198237419128,0.3413032293319702,0.21457893502228478,0.0,-0.33867722749710083,-0.13865233957767487
tracking_flow,kodak24,kodim03,20,tv_chambolle_val,4.0,2.0,1.0,1.0,0.37949326634407043,0.0547945205479452,0.0,0.5871658325195312,0.3288903832435608,0.2034658691062632,0.0,-0.3612339496612549,-0.20769871771335602
tracking_flow,kodak24,kodim03,20,tv_chambolle_val,5.0,2.0,1.0,1.0,0.5220459699630737,0.10810810810810811,0.02252252252252252,0.5851410627365112,0.31843283772468567,0.19528501055594652,0.0001172882946281961,-0.3020457327365875,-0.08090240508317947
tracking_flow,kodak24,kodim03,20,tv_chambolle_val,6.0,2.0,1.0,1.0,0.3662218451499939,0.0502283105022831,0.0045662100456621,0.5041428208351135,0.3045581579208374,0.1556708890452733,0.0,-0.2386036515235901,-0.12358346581459045
tracking_flow,kodak24,kodim03,20,ectv,0.0,2.0,1.0,1.0,0.2967190742492676,0.04390243902439024,0.00975609756097561,0.3725045621395111,0.2747037410736084,0.05840957072484166,0.0,-0.05453087016940117,-0.09455662965774536
tracking_flow,kodak24,kodim03,20,ectv,1.0,2.0,1.0,1.0,0.33092764019966125,0.038834951456310676,0.0048543689320388345,0.4218386709690094,0.2991853952407837,0.0842716396903589,0.0,-0.06243312358856201,0.022422637790441513
tracking_flow,kodak24,kodim03,20,ectv,2.0,2.0,1.0,1.0,0.32223591208457947,0.05741626794258373,0.0,0.467020183801651,0.3070892095565796,0.12294745484400657,0.0,-0.04940709099173546,-0.02425503171980381
tracking_flow,kodak24,kodim03,20,ectv,3.0,2.0,1.0,1.0,0.30479109287261963,0.036036036036036036,0.0,0.36367782950401306,0.24404889345169067,0.06433262960356556,0.0,-0.033459994941949844,-0.0031342878937721252
tracking_flow,kodak24,kodim03,20,ectv,4.0,2.0,1.0,1.0,0.28122392296791077,0.0273972602739726,0.0045662100456621,0.37129664421081543,0.26843953132629395,0.06474313863476425,0.0,-0.06520937383174896,-0.04229768365621567
tracking_flow,kodak24,kodim03,20,ectv,5.0,2.0,1.0,1.0,0.3285634517669678,0.04954954954954955,0.0,0.4420653283596039,0.29181423783302307,0.10303776683087028,0.0030494956603330987,-0.06268399208784103,0.03362986445426941
tracking_flow,kodak24,kodim03,20,ectv,6.0,2.0,1.0,1.0,0.30695900321006775,0.0410958904109589,0.0,0.39053553342819214,0.28253814578056335,0.05377668308702791,0.0,-0.025440523400902748,-0.015294170938432217
tracking_flow,kodak24,kodim03,20,ectv_fidelity,0.0,2.0,1.0,1.0,0.43908825516700745,0.0975609756097561,0.00975609756097561,0.7369964122772217,0.34124284982681274,0.2684142622566268,0.0,-0.5365894436836243,-0.25869014859199524
tracking_flow,kodak24,kodim03,20,ectv_fidelity,1.0,2.0,1.0,1.0,0.4295847713947296,0.09223300970873786,0.009708737864077669,0.7293692231178284,0.3210313320159912,0.28304597701149425,0.0,-0.4865732491016388,-0.27383026480674744
tracking_flow,kodak24,kodim03,20,ectv_fidelity,2.0,2.0,1.0,1.0,0.44741806387901306,0.08133971291866028,0.019138755980861243,0.7536793351173401,0.34109827876091003,0.29961294862772697,0.0,-0.4704299569129944,-0.2026887983083725
tracking_flow,kodak24,kodim03,20,ectv_fidelity,3.0,2.0,1.0,1.0,0.5252994894981384,0.11261261261261261,0.02702702702702703,0.7194945812225342,0.3167967200279236,0.264954257565095,0.0,-0.4880349338054657,-0.24479655921459198
tracking_flow,kodak24,kodim03,20,ectv_fidelity,4.0,2.0,1.0,1.0,0.45765936374664307,0.091324200913242,0.0136986301369863,0.7121471166610718,0.30377188324928284,0.2582688247712878,0.0,-0.5144444704055786,-0.25598329305648804
tracking_flow,kodak24,kodim03,20,ectv_fidelity,5.0,2.0,1.0,1.0,0.5867029428482056,0.14864864864864866,0.02702702702702703,0.7135518193244934,0.3343912959098816,0.25853272343420125,0.0,-0.4339548945426941,-0.18099398910999298
tracking_flow,kodak24,kodim03,20,ectv_fidelity,6.0,2.0,1.0,1.0,0.40128064155578613,0.0684931506849315,0.0182648401826484,0.7466167211532593,0.3543057143688202,0.2871217452498241,0.0,-0.5109286308288574,-0.2563633620738983
tracking_flow,kodak24,kodim03,20,bilateral_val,0.0,2.0,1.0,1.0,0.3429126739501953,0.03414634146341464,0.00975609756097561,0.7277169823646545,0.34994980692863464,0.2810227539291579,0.0,-0.5464091897010803,-0.2792183458805084
tracking_flow,kodak24,kodim03,20,bilateral_val,1.0,2.0,1.0,1.0,0.3038428723812103,0.02912621359223301,0.009708737864077669,0.6827550530433655,0.3011605441570282,0.26756392212057234,0.0,-0.5115861892700195,-0.2593947649002075
tracking_flow,kodak24,kodim03,20,bilateral_val,2.0,2.0,1.0,1.0,0.30172842741012573,0.03827751196172249,0.009569377990430622,0.6945832967758179,0.2965010702610016,0.2850398780201736,0.0,-0.47987645864486694,-0.19730830192565918
tracking_flow,kodak24,kodim03,20,bilateral_val,3.0,2.0,1.0,1.0,0.2595519721508026,0.02252252252252252,0.0,0.7000821232795715,0.3228558599948883,0.2614356087262491,0.0,-0.4968343675136566,-0.24158556759357452
tracking_flow,kodak24,kodim03,20,bilateral_val,4.0,2.0,1.0,1.0,0.2874894440174103,0.0410958904109589,0.0045662100456621,0.6864728331565857,0.2984457015991211,0.2653061224489796,0.0,-0.5077846646308899,-0.2503877580165863
tracking_flow,kodak24,kodim03,20,bilateral_val,5.0,2.0,1.0,1.0,0.283588707447052,0.04504504504504504,0.0045045045045045045,0.6844022870063782,0.2989227771759033,0.26445578231292516,0.0,-0.4350402057170868,-0.16361314058303833
tracking_flow,kodak24,kodim03,20,bilateral_val,6.0,2.0,1.0,1.0,0.3177303969860077,0.0547945205479452,0.0045662100456621,0.7183566689491272,0.3434202969074249,0.29128547970912505,0.0,-0.48459696769714355,-0.27665314078330994
tracking_flow,kodak24,kodim03,20,pm_diff_val,0.0,2.0,1.0,1.0,0.36535608768463135,0.04878048780487805,0.004878048780487805,0.464537113904953,0.3006042242050171,0.10638048322777387,0.0,-0.18742065131664276,-0.18205195665359497
tracking_flow,kodak24,kodim03,20,pm_diff_val,1.0,2.0,1.0,1.0,0.42768293619155884,0.0825242718446602,0.0048543689320388345,0.5205659866333008,0.3405916094779968,0.17127023223082335,0.0,-0.16601750254631042,-0.06960311532020569
tracking_flow,kodak24,kodim03,20,pm_diff_val,2.0,2.0,1.0,1.0,0.41070833802223206,0.07655502392344497,0.009569377990430622,0.5808184742927551,0.34059494733810425,0.19809992962702322,0.0,-0.17064836621284485,-0.10670819878578186
tracking_flow,kodak24,kodim03,20,pm_diff_val,3.0,2.0,1.0,1.0,0.4564272165298462,0.0990990990990991,0.0,0.4901732802391052,0.30436426401138306,0.13760849167253109,0.00029322073657049027,-0.20174939930438995,-0.05392990633845329
tracking_flow,kodak24,kodim03,20,pm_diff_val,4.0,2.0,1.0,1.0,0.3829367160797119,0.0502283105022831,0.0045662100456621,0.5126023292541504,0.3375210165977478,0.15655055125498477,0.0,-0.21122074127197266,-0.09723866730928421
tracking_flow,kodak24,kodim03,20,pm_diff_val,5.0,2.0,1.0,1.0,0.4543309509754181,0.08558558558558559,0.018018018018018018,0.5078828930854797,0.30543601512908936,0.13526272577996715,0.008796622097114707,-0.16334961354732513,-0.02123970165848732
tracking_flow,kodak24,kodim03,20,pm_diff_val,6.0,2.0,1.0,1.0,0.38739728927612305,0.0684931506849315,0.0091324200913242,0.4838559031486511,0.301979124546051,0.1373152709359606,0.0,-0.18877261877059937,-0.08965427428483963
tracking_flow,kodak24,kodim03,20,wavelet_bayes,0.0,2.0,1.0,1.0,0.4943179190158844,0.08780487804878048,0.004878048780487805,0.5309166312217712,0.3937203288078308,0.15420478536242083,0.0,-0.26335519552230835,-0.28307121992111206
tracking_flow,kodak24,kodim03,20,wavelet_bayes,1.0,2.0,1.0,1.0,0.5875520706176758,0.11650485436893204,0.019417475728155338,0.5350126028060913,0.3853146433830261,0.15766479005395262,0.0,-0.20208655297756195,-0.21879376471042633
tracking_flow,kodak24,kodim03,20,wavelet_bayes,2.0,2.0,1.0,1.0,0.5939218401908875,0.11961722488038277,0.019138755980861243,0.5513725280761719,0.38208311796188354,0.16182852451325358,0.0,-0.2674430310726166,-0.2094542533159256
tracking_flow,kodak24,kodim03,20,wavelet_bayes,3.0,2.0,1.0,1.0,0.561233401298523,0.13513513513513514,0.0,0.5161410570144653,0.38420167565345764,0.1343244194229416,0.0,-0.23386156558990479,-0.20713438093662262
tracking_flow,kodak24,kodim03,20,wavelet_bayes,4.0,2.0,1.0,1.0,0.5560052394866943,0.1095890410958904,0.0136986301369863,0.5527293682098389,0.3680940270423889,0.18100516068496364,0.0,-0.29133811593055725,-0.229730024933815
tracking_flow,kodak24,kodim03,20,wavelet_bayes,5.0,2.0,1.0,1.0,0.6489430069923401,0.16666666666666666,0.02252252252252252,0.5412997603416443,0.36579203605651855,0.15397020877316445,0.0017593244194229415,-0.23766131699085236,-0.08470140397548676
tracking_flow,kodak24,kodim03,20,wavelet_bayes,6.0,2.0,1.0,1.0,0.5306320190429688,0.1050228310502283,0.0091324200913242,0.5112473964691162,0.3707433044910431,0.12382711705371804,0.0,-0.22929725050926208,-0.2006438672542572
tracking_flow,kodak24,kodim03,20,nlm,0.0,2.0,1.0,1.0,0.3543018698692322,0.04878048780487805,0.004878048780487805,0.7433831691741943,0.3178078532218933,0.27383884588318086,0.0,-0.5506312251091003,-0.26480960845947266
tracking_flow,kodak24,kodim03,20,nlm,1.0,2.0,1.0,1.0,0.4329582750797272,0.07281553398058252,0.024271844660194174,0.7526953220367432,0.33278292417526245,0.29002463054187194,0.0,-0.5098807215690613,-0.29834699630737305
tracking_flow,kodak24,kodim03,20,nlm,2.0,2.0,1.0,1.0,0.5404098629951477,0.11004784688995216,0.023923444976076555,0.7745085954666138,0.3432731330394745,0.30386464930799906,0.0,-0.490935355424881,-0.1998186707496643
tracking_flow,kodak24,kodim03,20,nlm,3.0,2.0,1.0,1.0,0.3861686885356903,0.06306306306306306,0.013513513513513514,0.7402877807617188,0.32306477427482605,0.2779732582688248,0.0,-0.5005582571029663,-0.2565632164478302
tracking_flow,kodak24,kodim03,20,nlm,4.0,2.0,1.0,1.0,0.2684386372566223,0.0182648401826484,0.0045662100456621,0.7291061878204346,0.32971253991127014,0.2582981468449449,0.0,-0.5294167995452881,-0.28400298953056335
tracking_flow,kodak24,kodim03,20,nlm,5.0,2.0,1.0,0.9954954954954955,0.42515912652015686,0.09049773755656108,0.01809954751131222,0.7616729140281677,0.3650341033935547,0.2811986863711002,0.0,-0.4460231065750122,-0.14730873703956604
tracking_flow,kodak24,kodim03,20,nlm,6.0,2.0,1.0,1.0,0.37245938181877136,0.0684931506849315,0.0045662100456621,0.7835415005683899,0.36484432220458984,0.2895847994370162,0.0,-0.5407870411872864,-0.3368600606918335
tracking_flow,kodak24,kodim03,20,bm3d,0.0,2.0,1.0,1.0,0.37272539734840393,0.03902439024390244,0.014634146341463415,0.6713373064994812,0.29550498723983765,0.2466572836030964,0.0,-0.4774554371833801,-0.23410053551197052
tracking_flow,kodak24,kodim03,20,bm3d,1.0,2.0,1.0,0.9951456310679612,0.3030882179737091,0.05365853658536585,0.004878048780487805,0.613274872303009,0.2767663598060608,0.22120572366877786,0.0,-0.3722730875015259,-0.23338636755943298
tracking_flow,kodak24,kodim03,20,bm3d,2.0,2.0,1.0,1.0,0.388570100069046,0.05263157894736842,0.014354066985645933,0.6372830867767334,0.28847649693489075,0.22155758855266244,0.0,-0.38748931884765625,-0.18353326618671417
tracking_flow,kodak24,kodim03,20,bm3d,3.0,2.0,1.0,0.9954954954954955,0.3938504755496979,0.058823529411764705,0.013574660633484163,0.6409109830856323,0.27798521518707275,0.23352099460473844,0.0,-0.42419183254241943,-0.2015915960073471
tracking_flow,kodak24,kodim03,20,bm3d,4.0,2.0,1.0,1.0,0.37200865149497986,0.0319634703196347,0.0136986301369863,0.6593809723854065,0.2823691666126251,0.24202439596528266,0.0,-0.4298168420791626,-0.21181927621364594
tracking_flow,kodak24,kodim03,20,bm3d,5.0,2.0,1.0,1.0,0.6213468313217163,0.04954954954954955,0.02252252252252252,0.6391719579696655,0.28336381912231445,0.22648369692704667,0.0,-0.36034783720970154,-0.1415996104478836
tracking_flow,kodak24,kodim03,20,bm3d,6.0,2.0,1.0,1.0,0.3384523391723633,0.0410958904109589,0.0136986301369863,0.6323384642601013,0.27376168966293335,0.23466455547736337,0.0,-0.4035039246082306,-0.22413334250450134
tracking_flow,kodak24,kodim03,20,fdncnn_color,0.0,2.0,1.0,0.9951219512195122,0.35468626022338867,0.049019607843137254,0.014705882352941176,0.6775358319282532,0.26302510499954224,0.24636406286652593,0.0,-0.5016427636146545,-0.24206393957138062
tracking_flow,kodak24,kodim03,20,fdncnn_color,1.0,2.0,1.0,1.0,0.3584716320037842,0.038834951456310676,0.009708737864077669,0.6223100423812866,0.23224705457687378,0.23592540464461648,0.0,-0.40893128514289856,-0.2191081941127777
tracking_flow,kodak24,kodim03,20,fdncnn_color,2.0,2.0,1.0,1.0,0.3043816089630127,0.03827751196172249,0.009569377990430622,0.6376444697380066,0.25333040952682495,0.23580811634998827,0.0,-0.42347970604896545,-0.2127165049314499
tracking_flow,kodak24,kodim03,20,fdncnn_color,3.0,2.0,1.0,0.9954954954954955,0.2823343873023987,0.04072398190045249,0.00904977375565611,0.6555312871932983,0.26409196853637695,0.23489913206661975,0.0,-0.4277215003967285,-0.20871999859809875
tracking_flow,kodak24,kodim03,20,fdncnn_color,4.0,2.0,1.0,0.9954337899543378,0.3127264976501465,0.027522935779816515,0.0045871559633027525,0.6658056378364563,0.26386767625808716,0.24381304245836266,0.0,-0.4461635649204254,-0.2458944469690323
tracking_flow,kodak24,kodim03,20,fdncnn_color,5.0,2.0,1.0,1.0,0.6494191884994507,0.05405405405405406,0.02252252252252252,0.667499303817749,0.2831408977508545,0.24448745015247478,0.0,-0.392924040555954,-0.14175689220428467
tracking_flow,kodak24,kodim03,20,fdncnn_color,6.0,2.0,1.0,1.0,0.28402167558670044,0.0365296803652968,0.0091324200913242,0.6561224460601807,0.25194597244262695,0.2453964344358433,0.0,-0.4220467209815979,-0.24599215388298035
tracking_flow,kodak24,kodim03,20,ectv_fdncnn,0.0,2.0,1.0,0.9951219512195122,0.35468626022338867,0.049019607843137254,0.014705882352941176,0.6775358319282532,0.26302510499954224,0.24636406286652593,0.0,-0.5016427636146545,-0.24206393957138062
tracking_flow,kodak24,kodim03,20,ectv_fdncnn,1.0,2.0,1.0,1.0,0.3584716320037842,0.038834951456310676,0.009708737864077669,0.6223100423812866,0.23224705457687378,0.23592540464461648,0.0,-0.40893128514289856,-0.2191081941127777
tracking_flow,kodak24,kodim03,20,ectv_fdncnn,2.0,2.0,1.0,1.0,0.3043816089630127,0.03827751196172249,0.009569377990430622,0.6376444697380066,0.25333040952682495,0.23580811634998827,0.0,-0.42347970604896545,-0.2127165049314499
tracking_flow,kodak24,kodim03,20,ectv_fdncnn,3.0,2.0,1.0,0.9954954954954955,0.2823343873023987,0.04072398190045249,0.00904977375565611,0.6555312871932983,0.26409196853637695,0.23489913206661975,0.0,-0.4277215003967285,-0.20871999859809875
tracking_flow,kodak24,kodim03,20,ectv_fdncnn,4.0,2.0,1.0,0.9954337899543378,0.3127264976501465,0.027522935779816515,0.0045871559633027525,0.6658056378364563,0.26386767625808716,0.24381304245836266,0.0,-0.4461635649204254,-0.2458944469690323
tracking_flow,kodak24,kodim03,20,ectv_fdncnn,5.0,2.0,1.0,1.0,0.6494191884994507,0.05405405405405406,0.02252252252252252,0.667499303817749,0.2831408977508545,0.24448745015247478,0.0,-0.392924040555954,-0.14175689220428467
tracking_flow,kodak24,kodim03,20,ectv_fdncnn,6.0,2.0,1.0,1.0,0.28402167558670044,0.0365296803652968,0.0091324200913242,0.6561224460601807,0.25194597244262695,0.2453964344358433,0.0,-0.4220467209815979,-0.24599215388298035
tracking_flow,kodak24,kodim03,50,noisy,0.0,2.0,1.0,1.0,0.9633165597915649,0.33170731707317075,0.024390243902439025,0.6903834939002991,0.6002623438835144,0.23830049261083744,0.0,0.03480961173772812,-0.15125633776187897
tracking_flow,kodak24,kodim03,50,noisy,1.0,2.0,1.0,1.0,0.9221764206886292,0.24757281553398058,0.043689320388349516,0.5773802995681763,0.4993668794631958,0.13112831339432324,0.0,-0.03336417302489281,0.11151108890771866
tracking_flow,kodak24,kodim03,50,noisy,2.0,2.0,1.0,1.0,0.8663603663444519,0.3157894736842105,0.019138755980861243,0.6617770195007324,0.5300759077072144,0.1761963406052076,0.0,-0.14049853384494781,-0.21494358777999878
tracking_flow,kodak24,kodim03,50,noisy,3.0,2.0,1.0,1.0,0.8180177211761475,0.2702702702702703,0.018018018018018018,0.6471924781799316,0.5476369857788086,0.19628196106028617,0.0,0.17585588991641998,-0.05097092688083649
tracking_flow,kodak24,kodim03,50,noisy,4.0,2.0,1.0,1.0,0.947369396686554,0.2876712328767123,0.0547945205479452,0.6694644093513489,0.5367487668991089,0.20921299554304482,0.0,0.1204395443201065,0.29022249579429626
tracking_flow,kodak24,kodim03,50,noisy,5.0,2.0,1.0,1.0,0.8758648633956909,0.2702702702702703,0.04954954954954955,0.7535573244094849,0.5517139434814453,0.26445578231292516,0.0049261083743842365,0.08739055693149567,0.2603762149810791
tracking_flow,kodak24,kodim03,50,noisy,6.0,2.0,1.0,1.0,0.8897680640220642,0.319634703196347,0.0136986301369863,0.7244530320167542,0.6067542433738708,0.24668660567675346,0.0,-0.006874778773635626,-0.03046518750488758
tracking_flow,kodak24,kodim03,50,tv_maxiter,0.0,2.0,1.0,1.0,1.0109257698059082,0.37073170731707317,0.02926829268292683,0.7271835207939148,0.6253795623779297,0.25612831339432324,0.0,0.06521369516849518,-0.129153773188591
tracking_flow,kodak24,kodim03,50,tv_maxiter,1.0,2.0,1.0,1.0,0.9627135396003723,0.30097087378640774,0.04854368932038835,0.639967143535614,0.525958776473999,0.19434670419892094,0.0,0.01310061290860176,0.18336962163448334
tracking_flow,kodak24,kodim03,50,tv_maxiter,2.0,2.0,1.0,1.0,0.9265522360801697,0.33014354066985646,0.03827751196172249,0.7029564380645752,0.5691695213317871,0.20349519117992024,8.796622097114708e-05,-0.15312857925891876,-0.21348397433757782
tracking_flow,kodak24,kodim03,50,tv_maxiter,3.0,2.0,1.0,1.0,0.8713784217834473,0.2882882882882883,0.02252252252252252,0.6744580864906311,0.5652683973312378,0.21305418719211822,0.0,0.181476891040802,-0.08618776500225067
tracking_flow,kodak24,kodim03,50,tv_maxiter,4.0,2.0,1.0,1.0,0.9353342056274414,0.2876712328767123,0.0593607305936073,0.7020363211631775,0.5501057505607605,0.23058878723903353,0.0,0.158199280500412,0.2612970173358917
tracking_flow,kodak24,kodim03,50,tv_maxiter,5.0,2.0,1.0,1.0,0.9246580004692078,0.26576576576576577,0.05855855855855856,0.8220742344856262,0.5810070037841797,0.29794159042927515,0.012725779967159278,0.10187329351902008,0.26259246468544006
tracking_flow,kodak24,kodim03,50,tv_maxiter,6.0,2.0,1.0,1.0,0.8661320805549622,0.2876712328767123,0.0182648401826484,0.7691866159439087,0.6452933549880981,0.28407224958949095,0.0,-0.06251144409179688,-0.02524930238723755
tracking_flow,kodak24,kodim03,50,tv_fixedk_val,0.0,2.0,1.0,1.0,1.0136423110961914,0.36585365853658536,0.03414634146341464,0.7286527752876282,0.6260198354721069,0.257183908045977,0.0,0.0651417225599289,-0.13107335567474365
tracking_flow,kodak24,kodim03,50,tv_fixedk_val,1.0,2.0,1.0,1.0,0.9675167202949524,0.3058252427184466,0.04854368932038835,0.6390103697776794,0.5253428816795349,0.19364297443115178,0.0,0.013354700990021229,0.18204265832901
tracking_flow,kodak24,kodim03,50,tv_fixedk_val,2.0,2.0,1.0,1.0,0.9275141358375549,0.3253588516746411,0.03349282296650718,0.7029485106468201,0.568681538105011,0.20337790288529206,8.796622097114708e-05,-0.15300315618515015,-0.21481342613697052
tracking_flow,kodak24,kodim03,50,tv_fixedk_val,3.0,2.0,1.0,1.0,0.8719257116317749,0.2882882882882883,0.02252252252252252,0.6741587519645691,0.5638506412506104,0.21331808585503167,0.0,0.18190431594848633,-0.08407863974571228
tracking_flow,kodak24,kodim03,50,tv_fixedk_val,4.0,2.0,1.0,1.0,0.9221339821815491,0.2831050228310502,0.0547945205479452,0.7012119889259338,0.549040675163269,0.22997302369223552,0.0,0.15867255628108978,0.26115882396698
tracking_flow,kodak24,kodim03,50,tv_fixedk_val,5.0,2.0,1.0,1.0,0.9242879748344421,0.26576576576576577,0.06306306306306306,0.8223099708557129,0.5824134349822998,0.29782430213464695,0.012755102040816327,0.10183961689472198,0.26212310791015625
tracking_flow,kodak24,kodim03,50,tv_fixedk_val,6.0,2.0,1.0,1.0,0.8672101497650146,0.2876712328767123,0.0182648401826484,0.768158495426178,0.6454917788505554,0.2838669950738916,0.0,-0.0626223236322403,-0.02778756618499756
tracking_flow,kodak24,kodim03,50,tv_discrepancy,0.0,2.0,1.0,1.0,1.0109257698059082,0.37073170731707317,0.02926829268292683,0.7271835207939148,0.6253795623779297,0.25612831339432324,0.0,0.06521369516849518,-0.129153773188591
tracking_flow,kodak24,kodim03,50,tv_discrepancy,1.0,2.0,1.0,1.0,0.9627135396003723,0.30097087378640774,0.04854368932038835,0.639967143535614,0.525958776473999,0.19434670419892094,0.0,0.01310061290860176,0.18336962163448334
tracking_flow,kodak24,kodim03,50,tv_discrepancy,2.0,2.0,1.0,1.0,0.9265522360801697,0.33014354066985646,0.03827751196172249,0.7029564380645752,0.5691695213317871,0.20349519117992024,8.796622097114708e-05,-0.15312857925891876,-0.21348397433757782
tracking_flow,kodak24,kodim03,50,tv_discrepancy,3.0,2.0,1.0,1.0,0.8713784217834473,0.2882882882882883,0.02252252252252252,0.6744580864906311,0.5652683973312378,0.21305418719211822,0.0,0.181476891040802,-0.08618776500225067
tracking_flow,kodak24,kodim03,50,tv_discrepancy,4.0,2.0,1.0,1.0,0.9353342056274414,0.2876712328767123,0.0593607305936073,0.7020363211631775,0.5501057505607605,0.23058878723903353,0.0,0.158199280500412,0.2612970173358917
tracking_flow,kodak24,kodim03,50,tv_discrepancy,5.0,2.0,1.0,1.0,0.9246580004692078,0.26576576576576577,0.05855855855855856,0.8220742344856262,0.5810070037841797,0.29794159042927515,0.012725779967159278,0.10187329351902008,0.26259246468544006
tracking_flow,kodak24,kodim03,50,tv_discrepancy,6.0,2.0,1.0,1.0,0.8661320805549622,0.2876712328767123,0.0182648401826484,0.7691866159439087,0.6452933549880981,0.28407224958949095,0.0,-0.06251144409179688,-0.02524930238723755
tracking_flow,kodak24,kodim03,50,tv_chambolle_val,0.0,2.0,1.0,0.9951219512195122,1.27504563331604,0.4166666666666667,0.09313725490196079,0.9030426740646362,0.6962059736251831,0.3434787708186723,0.0073011963406052075,0.004510033410042524,-0.24725548923015594
tracking_flow,kodak24,kodim03,50,tv_chambolle_val,1.0,2.0,1.0,1.0,1.4036091566085815,0.4029126213592233,0.1262135922330097,0.9081278443336487,0.6665694713592529,0.3335092657752756,0.0211118930330753,0.02792961522936821,0.2662373185157776
tracking_flow,kodak24,kodim03,50,tv_chambolle_val,2.0,2.0,1.0,1.0,1.2499079704284668,0.3492822966507177,0.10047846889952153,0.8727587461471558,0.6577860116958618,0.293074126202205,0.02040816326530612,-0.19975891709327698,-0.20463094115257263
tracking_flow,kodak24,kodim03,50,tv_chambolle_val,3.0,2.0,1.0,1.0,1.171257734298706,0.3918918918918919,0.07207207207207207,0.7824621200561523,0.632638692855835,0.29105090311986864,0.0,0.09904968738555908,-0.10130217671394348
tracking_flow,kodak24,kodim03,50,tv_chambolle_val,4.0,2.0,1.0,1.0,1.5870020389556885,0.410958904109589,0.1689497716894977,0.8296398520469666,0.587478756904602,0.31544686840253344,0.00422237860661506,0.15758918225765228,0.22076350450515747
tracking_flow,kodak24,kodim03,50,tv_chambolle_val,5.0,2.0,1.0,1.0,1.366163969039917,0.38288288288288286,0.14414414414414414,0.9992185235023499,0.7075096368789673,0.3853506920009383,0.03237156931738212,0.10533902049064636,0.2481972724199295
tracking_flow,kodak24,kodim03,50,tv_chambolle_val,6.0,2.0,1.0,1.0,1.2646355628967285,0.3835616438356164,0.1050228310502283,0.9575633406639099,0.7671732902526855,0.3800140745953554,0.00841543513957307,-0.19183458387851715,-0.052163831889629364
tracking_flow,kodak24,kodim03,50,ectv,0.0,2.0,1.0,1.0,1.0109257698059082,0.37073170731707317,0.02926829268292683,0.7271835207939148,0.6253795623779297,0.25612831339432324,0.0,0.06521369516849518,-0.129153773188591
tracking_flow,kodak24,kodim03,50,ectv,1.0,2.0,1.0,1.0,0.9627135396003723,0.30097087378640774,0.04854368932038835,0.639967143535614,0.525958776473999,0.19434670419892094,0.0,0.01310061290860176,0.18336962163448334
tracking_flow,kodak24,kodim03,50,ectv,2.0,2.0,1.0,1.0,0.9265522360801697,0.33014354066985646,0.03827751196172249,0.7029564380645752,0.5691695213317871,0.20349519117992024,8.796622097114708e-05,-0.15312857925891876,-0.21348397433757782
tracking_flow,kodak24,kodim03,50,ectv,3.0,2.0,1.0,1.0,0.8713784217834473,0.2882882882882883,0.02252252252252252,0.6744580864906311,0.5652683973312378,0.21305418719211822,0.0,0.181476891040802,-0.08618776500225067
tracking_flow,kodak24,kodim03,50,ectv,4.0,2.0,1.0,1.0,0.9353342056274414,0.2876712328767123,0.0593607305936073,0.7020363211631775,0.5501057505607605,0.23058878723903353,0.0,0.158199280500412,0.2612970173358917
tracking_flow,kodak24,kodim03,50,ectv,5.0,2.0,1.0,1.0,0.9246580004692078,0.26576576576576577,0.05855855855855856,0.8220742344856262,0.5810070037841797,0.29794159042927515,0.012725779967159278,0.10187329351902008,0.26259246468544006
tracking_flow,kodak24,kodim03,50,ectv,6.0,2.0,1.0,1.0,0.8661320805549622,0.2876712328767123,0.0182648401826484,0.7691866159439087,0.6452933549880981,0.28407224958949095,0.0,-0.06251144409179688,-0.02524930238723755
tracking_flow,kodak24,kodim03,50,ectv_fidelity,0.0,2.0,1.0,0.9902439024390244,1.3562575578689575,0.45320197044334976,0.09852216748768473,1.0782833099365234,0.8234077095985413,0.4466924700914849,0.014573070607553366,-0.5182889103889465,-0.4852873682975769
tracking_flow,kodak24,kodim03,50,ectv_fidelity,1.0,2.0,1.0,1.0,1.4560807943344116,0.3592233009708738,0.1262135922330097,1.0951164960861206,0.7909682989120483,0.4328524513253577,0.02914614121510673,-0.5104519724845886,-0.17067217826843262
tracking_flow,kodak24,kodim03,50,ectv_fidelity,2.0,2.0,1.0,1.0,1.4666715860366821,0.35406698564593303,0.11483253588516747,1.0328489542007446,0.669579029083252,0.3903061224489796,0.019411212760966457,-0.5428876280784607,-0.4344065189361572
tracking_flow,kodak24,kodim03,50,ectv_fidelity,3.0,2.0,1.0,1.0,1.430458426475525,0.38738738738738737,0.11261261261261261,0.9667128324508667,0.7236615419387817,0.39291578700445695,0.0,-0.542412281036377,-0.27633213996887207
tracking_flow,kodak24,kodim03,50,ectv_fidelity,4.0,2.0,1.0,0.9954337899543378,2.0277621746063232,0.42201834862385323,0.16972477064220184,1.012523889541626,0.6624248027801514,0.39408866995073893,0.0196164672765658,-0.43095189332962036,-0.22693173587322235
tracking_flow,kodak24,kodim03,50,ectv_fidelity,5.0,2.0,1.0,0.9954954954954955,2.0372726917266846,0.416289592760181,0.15384615384615385,1.0145766735076904,0.7146052122116089,0.4047325826882477,0.010262725779967159,-0.4887246787548065,-0.1293347328901291
tracking_flow,kodak24,kodim03,50,ectv_fidelity,6.0,2.0,1.0,0.9954337899543378,1.577479600906372,0.41284403669724773,0.16055045871559634,1.124505877494812,0.9172912836074829,0.4746070842129955,0.005483227773868168,-0.7187604904174805,-0.4424571990966797
tracking_flow,kodak24,kodim03,50,bilateral_val,0.0,2.0,1.0,1.0,1.2552891969680786,0.44390243902439025,0.07804878048780488,0.8535021543502808,0.754824161529541,0.36198099929627026,0.0,-0.33631306886672974,-0.326308012008667
tracking_flow,kodak24,kodim03,50,bilateral_val,1.0,2.0,1.0,1.0,0.9673137664794922,0.3106796116504854,0.04854368932038835,0.7280341386795044,0.6106116771697998,0.26671358198451794,0.0,-0.31152790784835815,-0.06674238294363022
tracking_flow,kodak24,kodim03,50,bilateral_val,2.0,2.0,1.0,0.9904306220095693,1.1670269966125488,0.3333333333333333,0.07729468599033816,0.8556899428367615,0.6293044686317444,0.31884822894675113,0.0007330518414262257,-0.460178017616272,-0.344877690076828
tracking_flow,kodak24,kodim03,50,bilateral_val,3.0,2.0,1.0,1.0,1.3228875398635864,0.42792792792792794,0.12612612612612611,0.8663076758384705,0.7522376775741577,0.3933556181093127,0.0,-0.22471150755882263,-0.28906816244125366
tracking_flow,kodak24,kodim03,50,bilateral_val,4.0,2.0,1.0,1.0,1.1098448038101196,0.3835616438356164,0.0639269406392694,0.8749526143074036,0.6531811952590942,0.33623621862538117,0.02040816326530612,-0.47893810272216797,-0.32934698462486267
tracking_flow,kodak24,kodim03,50,bilateral_val,5.0,2.0,1.0,1.0,0.9641966819763184,0.2882882882882883,0.04054054054054054,0.7258625030517578,0.6020845174789429,0.27017358667604974,0.0,-0.40868285298347473,-0.11577564477920532
tracking_flow,kodak24,kodim03,50,bilateral_val,6.0,2.0,1.0,1.0,1.1756987571716309,0.3698630136986301,0.0867579908675799,0.912320613861084,0.7790913581848145,0.3772284775979357,0.0,-0.47352272272109985,-0.22851860523223877
tracking_flow,kodak24,kodim03,50,pm_diff_val,0.0,2.0,1.0,0.9951219512195122,1.2293843030929565,0.4264705882352941,0.08823529411764706,0.890386700630188,0.7322659492492676,0.3620689655172414,0.004368988974900305,0.046844854950904846,-0.16875196993350983
tracking_flow,kodak24,kodim03,50,pm_diff_val,1.0,2.0,1.0,1.0,1.3720976114273071,0.3640776699029126,0.1262135922330097,0.8518652319908142,0.6266162395477295,0.31664907342247245,0.007594417077175698,0.07544337213039398,0.2718164324760437
tracking_flow,kodak24,kodim03,50,pm_diff_val,2.0,2.0,1.0,1.0,1.174871802330017,0.36363636363636365,0.08133971291866028,0.8222987055778503,0.6452140808105469,0.26815036359371336,0.009881538822425522,-0.17324817180633545,-0.19184134900569916
tracking_flow,kodak24,kodim03,50,pm_diff_val,3.0,2.0,1.0,1.0,1.1756864786148071,0.3783783783783784,0.08558558558558559,0.767817497253418,0.6250340938568115,0.27556884822894673,0.0,0.17501956224441528,-0.07645298540592194
tracking_flow,kodak24,kodim03,50,pm_diff_val,4.0,2.0,1.0,1.0,1.4966353178024292,0.4063926940639269,0.1506849315068493,0.8549452424049377,0.6403570175170898,0.33699859254046444,0.004251700680272109,0.19560693204402924,0.2263648808002472
tracking_flow,kodak24,kodim03,50,pm_diff_val,5.0,2.0,1.0,1.0,1.3495043516159058,0.3918918918918919,0.13513513513513514,1.0121073722839355,0.721772313117981,0.383386113065916,0.03395496129486277,0.15028521418571472,0.26273196935653687
tracking_flow,kodak24,kodim03,50,pm_diff_val,6.0,2.0,1.0,1.0,1.2761824131011963,0.4063926940639269,0.0958904109589041,0.9333429336547852,0.776301383972168,0.38382594417077176,0.008913910391742904,-0.16323420405387878,-0.04118334501981735
tracking_flow,kodak24,kodim03,50,wavelet_bayes,0.0,2.0,1.0,1.0,3.0053000450134277,0.8975609756097561,0.24878048780487805,1.626589059829712,1.606461524963379,0.8060931269059348,0.029087497067792633,-0.894014298915863,-0.9580267071723938
tracking_flow,kodak24,kodim03,50,wavelet_bayes,1.0,2.0,1.0,1.0,3.2825610637664795,0.8980582524271845,0.27184466019417475,1.4941105842590332,1.4775314331054688,0.7562749237626085,0.007682383298146845,-0.7991588115692139,-0.809964120388031
tracking_flow,kodak24,kodim03,50,wavelet_bayes,2.0,2.0,1.0,1.0,3.2414515018463135,0.8995215311004785,0.2822966507177033,1.7046935558319092,1.5519604682922363,0.7729885057471264,0.06790992258972554,-1.032649278640747,-0.6594322919845581
tracking_flow,kodak24,kodim03,50,wavelet_bayes,3.0,2.0,1.0,0.9954954954954955,3.1831657886505127,0.8868778280542986,0.27149321266968324,1.5244920253753662,1.517649531364441,0.7865939479239972,0.004691531785127844,-0.8104021549224854,-0.8229937553405762
tracking_flow,kodak24,kodim03,50,wavelet_bayes,4.0,2.0,1.0,1.0,2.8685948848724365,0.8767123287671232,0.2328767123287671,1.5222439765930176,1.4775614738464355,0.7972965048088201,0.014954257565095004,-0.87217777967453,-0.8110126852989197
tracking_flow,kodak24,kodim03,50,wavelet_bayes,5.0,2.0,1.0,1.0,3.2141976356506348,0.9054054054054054,0.24774774774774774,1.4868228435516357,1.4593799114227295,0.7546915317851278,0.007594417077175698,-0.7327347993850708,-0.7962726950645447
tracking_flow,kodak24,kodim03,50,wavelet_bayes,6.0,2.0,1.0,0.9954337899543378,3.1787731647491455,0.8899082568807339,0.24770642201834864,1.6374006271362305,1.6238030195236206,0.8383180858550316,0.017006802721088437,-0.9856472015380859,-0.9666317105293274
tracking_flow,kodak24,kodim03,50,nlm,0.0,2.0,1.0,1.0,1.3786591291427612,0.44878048780487806,0.13170731707317074,1.1486135721206665,0.961722731590271,0.489825240441004,0.020056298381421533,-0.6093066334724426,-0.5583689212799072
tracking_flow,kodak24,kodim03,50,nlm,1.0,2.0,1.0,1.0,1.3321946859359741,0.42718446601941745,0.12135922330097088,1.011075735092163,0.7325621843338013,0.39646375791695987,0.011230354210649777,-0.6153302788734436,-0.2887946367263794
tracking_flow,kodak24,kodim03,50,nlm,2.0,2.0,1.0,1.0,1.466235637664795,0.44019138755980863,0.1339712918660287,1.1427092552185059,0.8568894267082214,0.4622038470560638,0.024366643209007742,-0.6784998774528503,-0.471235454082489
tracking_flow,kodak24,kodim03,50,nlm,3.0,2.0,1.0,1.0,1.4976146221160889,0.3918918918918919,0.13963963963963963,1.041320562362671,0.8884703516960144,0.45930096176401597,0.0,-0.629592776298523,-0.3282930552959442
tracking_flow,kodak24,kodim03,50,nlm,4.0,2.0,1.0,1.0,1.520843505859375,0.4063926940639269,0.1461187214611872,1.0602775812149048,0.7399280667304993,0.42851278442411445,0.017417311752287123,-0.6058550477027893,-0.32516855001449585
tracking_flow,kodak24,kodim03,50,nlm,5.0,2.0,1.0,0.9954954954954955,1.611191987991333,0.3936651583710407,0.1493212669683258,0.9949119091033936,0.6911630630493164,0.3955840957072484,0.00967628430682618,-0.5675783753395081,-0.1881173551082611
tracking_flow,kodak24,kodim03,50,nlm,6.0,2.0,1.0,1.0,1.6393547058105469,0.3972602739726027,0.1461187214611872,1.178163766860962,1.0264735221862793,0.507770349519118,0.001084916725310814,-0.797349750995636,-0.5341061949729919
tracking_flow,kodak24,kodim03,50,bm3d,0.0,2.0,1.0,1.0,1.6134809255599976,0.43414634146341463,0.13658536585365855,1.085938572883606,0.863727331161499,0.45751231527093594,0.017534600046915316,-0.4905737042427063,-0.44052448868751526
tracking_flow,kodak24,kodim03,50,bm3d,1.0,2.0,1.0,1.0,1.6004410982131958,0.3932038834951456,0.1407766990291262,1.0728002786636353,0.8007345795631409,0.4283368519821722,0.013722730471498945,-0.5224059224128723,-0.2455175369977951
tracking_flow,kodak24,kodim03,50,bm3d,2.0,2.0,1.0,0.9952153110047847,1.705498218536377,0.40384615384615385,0.16826923076923078,1.0734292268753052,0.773450493812561,0.41027445460942996,0.02383884588318086,-0.5333719253540039,-0.3238464295864105
tracking_flow,kodak24,kodim03,50,bm3d,3.0,2.0,1.0,1.0,1.580908179283142,0.34234234234234234,0.13963963963963963,0.9833585619926453,0.7187333703041077,0.38494018296973964,0.004720853858784894,-0.43410414457321167,-0.2138277292251587
tracking_flow,kodak24,kodim03,50,bm3d,4.0,2.0,1.0,0.9954337899543378,2.6174445152282715,0.41284403669724773,0.16055045871559634,1.098423957824707,0.7053086757659912,0.41484869809992964,0.03935022284775979,-0.454946905374527,-0.33549660444259644
tracking_flow,kodak24,kodim03,50,bm3d,5.0,2.0,1.0,0.9954954954954955,2.106250286102295,0.4298642533936652,0.20361990950226244,1.0364158153533936,0.6719380617141724,0.40007037297677694,0.016977480647431386,-0.5421455502510071,-0.255009263753891
tracking_flow,kodak24,kodim03,50,bm3d,6.0,2.0,1.0,0.9908675799086758,2.058716297149658,0.3824884792626728,0.15668202764976957,1.08766770362854,0.7583519220352173,0.4273399014778325,0.016068496364062868,-0.6935145854949951,-0.3553590476512909
tracking_flow,kodak24,kodim03,50,fdncnn_color,0.0,2.0,1.0,0.975609756097561,1.5091650485992432,0.365,0.105,1.1181621551513672,0.7899691462516785,0.4432911095472672,0.020847994370161858,-0.5675193667411804,-0.5006594061851501
tracking_flow,kodak24,kodim03,50,fdncnn_color,1.0,2.0,1.0,0.9854368932038835,1.8239786624908447,0.3497536945812808,0.1330049261083744,1.076744794845581,0.7808610200881958,0.43126905934787707,0.012872390335444522,-0.6083114743232727,-0.24030748009681702
tracking_flow,kodak24,kodim03,50,fdncnn_color,2.0,2.0,1.0,0.9808612440191388,1.3734440803527832,0.32682926829268294,0.11219512195121951,1.1032220125198364,0.7178553342819214,0.3924759558996012,0.02946868402533427,-0.5658237338066101,-0.4046558141708374
tracking_flow,kodak24,kodim03,50,fdncnn_color,3.0,2.0,1.0,0.9819819819819819,1.7784281969070435,0.3256880733944954,0.13761467889908258,1.077384114265442,0.6606627702713013,0.3957307060755337,0.022108843537414966,-0.5581502318382263,-0.22650977969169617
tracking_flow,kodak24,kodim03,50,fdncnn_color,4.0,2.0,1.0,0.9817351598173516,1.88395357131958,0.39069767441860465,0.15813953488372093,1.1327753067016602,0.6657053232192993,0.4096000469153179,0.03914496833216045,-0.48713356256484985,-0.29098519682884216
tracking_flow,kodak24,kodim03,50,fdncnn_color,5.0,2.0,1.0,0.9864864864864865,1.6568535566329956,0.3698630136986301,0.1324200913242009,1.0427671670913696,0.6225472092628479,0.39256392212057234,0.020965282664790055,-0.5512644648551941,-0.22864653170108795
tracking_flow,kodak24,kodim03,50,fdncnn_color,6.0,2.0,1.0,0.9771689497716894,2.2140181064605713,0.38317757009345793,0.14953271028037382,1.108041524887085,0.816117525100708,0.43716279615294396,0.019323246539995308,-0.6542894840240479,-0.4945616126060486
tracking_flow,kodak24,kodim03,50,ectv_fdncnn,0.0,2.0,1.0,0.975609756097561,1.5091650485992432,0.365,0.105,1.1181621551513672,0.7899691462516785,0.4432911095472672,0.020847994370161858,-0.5675193667411804,-0.5006594061851501
tracking_flow,kodak24,kodim03,50,ectv_fdncnn,1.0,2.0,1.0,0.9854368932038835,1.8239786624908447,0.3497536945812808,0.1330049261083744,1.076744794845581,0.7808610200881958,0.43126905934787707,0.012872390335444522,-0.6083114743232727,-0.24030748009681702
tracking_flow,kodak24,kodim03,50,ectv_fdncnn,2.0,2.0,1.0,0.9808612440191388,1.3734440803527832,0.32682926829268294,0.11219512195121951,1.1032220125198364,0.7178553342819214,0.3924759558996012,0.02946868402533427,-0.5658237338066101,-0.4046558141708374
tracking_flow,kodak24,kodim03,50,ectv_fdncnn,3.0,2.0,1.0,0.9819819819819819,1.7784281969070435,0.3256880733944954,0.13761467889908258,1.077384114265442,0.6606627702713013,0.3957307060755337,0.022108843537414966,-0.5581502318382263,-0.22650977969169617
tracking_flow,kodak24,kodim03,50,ectv_fdncnn,4.0,2.0,1.0,0.9817351598173516,1.88395357131958,0.39069767441860465,0.15813953488372093,1.1327753067016602,0.6657053232192993,0.4096000469153179,0.03914496833216045,-0.48713356256484985,-0.29098519682884216
tracking_flow,kodak24,kodim03,50,ectv_fdncnn,5.0,2.0,1.0,0.9864864864864865,1.6568535566329956,0.3698630136986301,0.1324200913242009,1.0427671670913696,0.6225472092628479,0.39256392212057234,0.020965282664790055,-0.5512644648551941,-0.22864653170108795
tracking_flow,kodak24,kodim03,50,ectv_fdncnn,6.0,2.0,1.0,0.9771689497716894,2.2140181064605713,0.38317757009345793,0.14953271028037382,1.108041524887085,0.816117525100708,0.43716279615294396,0.019323246539995308,-0.6542894840240479,-0.4945616126060486
tracking_flow,kodak24,kodim04,20,noisy,0.0,2.0,1.0,1.0,0.34612250328063965,0.02100840336134454,0.008403361344537815,0.3259778618812561,0.2658558487892151,0.0196164672765658,0.0,-0.02975480817258358,-0.004632444120943546
tracking_flow,kodak24,kodim04,20,noisy,1.0,2.0,1.0,1.0,0.25865453481674194,0.029914529914529916,0.0,0.3311437964439392,0.2583269476890564,0.02287121745249824,0.0,0.008722013793885708,0.01175587810575962
tracking_flow,kodak24,kodim04,20,noisy,2.0,2.0,1.0,1.0,0.2454199194908142,0.012987012987012988,0.0,0.38855624198913574,0.2865369915962219,0.0618988974900305,0.0,-0.07198299467563629,0.0053309728391468525
tracking_flow,kodak24,kodim04,20,noisy,3.0,2.0,1.0,1.0,0.278751403093338,0.02608695652173913,0.0,0.35079723596572876,0.29919523000717163,0.011552897020877317,0.0,0.034878261387348175,-0.007015608716756105
tracking_flow,kodak24,kodim04,20,noisy,4.0,2.0,1.0,1.0,0.2502058148384094,0.008849557522123894,0.0,0.3430422246456146,0.2499336302280426,0.04547853624208304,0.0,-0.10304900258779526,-0.04474008083343506
tracking_flow,kodak24,kodim04,20,noisy,5.0,2.0,1.0,1.0,0.24736830592155457,0.01694915254237288,0.0,0.2938089966773987,0.24946245551109314,0.002961529439361952,0.0,0.03730463236570358,-0.008338856510818005
tracking_flow,kodak24,kodim04,20,noisy,6.0,2.0,1.0,1.0,0.24815963208675385,0.012987012987012988,0.0,0.3651956021785736,0.26292359828948975,0.04454022988505747,0.0,-0.007590578403323889,-0.10861707478761673
tracking_flow,kodak24,kodim04,20,tv_maxiter,0.0,2.0,1.0,0.9831932773109243,0.4121052622795105,0.05128205128205128,0.008547008547008548,0.4672149419784546,0.28958582878112793,0.1290171240910157,0.0,-0.24927885830402374,-0.08437635004520416
tracking_flow,kodak24,kodim04,20,tv_maxiter,1.0,2.0,1.0,1.0,0.42759498953819275,0.08547008547008547,0.01282051282051282,0.4576694071292877,0.27142447233200073,0.13083509265775276,0.0,-0.2029983401298523,-0.13244904577732086
tracking_flow,kodak24,kodim04,20,tv_maxiter,2.0,2.0,1.0,1.0,0.48320209980010986,0.09090909090909091,0.021645021645021644,0.4801791310310364,0.28985437750816345,0.13837086558761436,0.0,-0.2696954607963562,-0.09895768761634827
tracking_flow,kodak24,kodim04,20,tv_maxiter,3.0,2.0,1.0,1.0,0.46070796251296997,0.10869565217391304,0.013043478260869565,0.4593639671802521,0.302152156829834,0.12385643912737508,0.0,-0.19964349269866943,-0.1281953901052475
tracking_flow,kodak24,kodim04,20,tv_maxiter,4.0,2.0,1.0,1.0,0.4223562479019165,0.0752212389380531,0.01327433628318584,0.5171912908554077,0.3077424168586731,0.1683087027914614,0.0,-0.2646775245666504,-0.17607808113098145
tracking_flow,kodak24,kodim04,20,tv_maxiter,5.0,2.0,1.0,1.0,0.3968498706817627,0.046610169491525424,0.0211864406779661,0.45065099000930786,0.29252463579177856,0.11957541637344593,0.0,-0.18912823498249054,-0.0969153642654419
tracking_flow,kodak24,kodim04,20,tv_maxiter,6.0,2.0,1.0,1.0,0.4079376459121704,0.06926406926406926,0.012987012987012988,0.4768477976322174,0.2949453294277191,0.1446164672765658,0.0,-0.21565991640090942,-0.1597357988357544
tracking_flow,kodak24,kodim04,20,tv_fixedk_val,0.0,2.0,1.0,0.9831932773109243,0.4082700312137604,0.05128205128205128,0.008547008547008548,0.46396076679229736,0.2853424549102783,0.12485338963171476,0.0,-0.2505631446838379,-0.08661016076803207
tracking_flow,kodak24,kodim04,20,tv_fixedk_val,1.0,2.0,1.0,1.0,0.41444575786590576,0.07264957264957266,0.01282051282051282,0.4594775140285492,0.27144330739974976,0.12884119164907343,0.0,-0.2112695276737213,-0.13402059674263
tracking_flow,kodak24,kodim04,20,tv_fixedk_val,2.0,2.0,1.0,1.0,0.4515145719051361,0.08225108225108226,0.012987012987012988,0.4730308949947357,0.28403961658477783,0.13652357494722026,0.0,-0.2734106779098511,-0.10729802399873734
tracking_flow,kodak24,kodim04,20,tv_fixedk_val,3.0,2.0,1.0,1.0,0.44072139263153076,0.08695652173913043,0.013043478260869565,0.4610249996185303,0.29977747797966003,0.12247830166549378,0.0,-0.21376654505729675,-0.133302703499794
tracking_flow,kodak24,kodim04,20,tv_fixedk_val,4.0,2.0,1.0,1.0,0.40482279658317566,0.07079646017699115,0.01327433628318584,0.5051735639572144,0.30152708292007446,0.15652122918132771,0.0,-0.26399990916252136,-0.17079798877239227
tracking_flow,kodak24,kodim04,20,tv_fixedk_val,5.0,2.0,1.0,1.0,0.3725427985191345,0.046610169491525424,0.01694915254237288,0.44549256563186646,0.2865793704986572,0.11766948158573774,0.0,-0.19551028311252594,-0.10425781458616257
tracking_flow,kodak24,kodim04,20,tv_fixedk_val,6.0,2.0,1.0,1.0,0.39150235056877136,0.06493506493506493,0.012987012987012988,0.4720563590526581,0.28905999660491943,0.14364883884588317,0.0,-0.22254259884357452,-0.16056346893310547
tracking_flow,kodak24,kodim04,20,tv_discrepancy,0.0,2.0,1.0,0.9831932773109243,0.4121052622795105,0.05128205128205128,0.008547008547008548,0.4672149419784546,0.28958582878112793,0.1290171240910157,0.0,-0.24927885830402374,-0.08437635004520416
tracking_flow,kodak24,kodim04,20,tv_discrepancy,1.0,2.0,1.0,1.0,0.42759498953819275,0.08547008547008547,0.01282051282051282,0.4576694071292877,0.27142447233200073,0.13083509265775276,0.0,-0.2029983401298523,-0.13244904577732086
tracking_flow,kodak24,kodim04,20,tv_discrepancy,2.0,2.0,1.0,1.0,0.48320209980010986,0.09090909090909091,0.021645021645021644,0.4801791310310364,0.28985437750816345,0.13837086558761436,0.0,-0.2696954607963562,-0.09895768761634827
tracking_flow,kodak24,kodim04,20,tv_discrepancy,3.0,2.0,1.0,1.0,0.46070796251296997,0.10869565217391304,0.013043478260869565,0.4593639671802521,0.302152156829834,0.12385643912737508,0.0,-0.19964349269866943,-0.1281953901052475
tracking_flow,kodak24,kodim04,20,tv_discrepancy,4.0,2.0,1.0,1.0,0.4223562479019165,0.0752212389380531,0.01327433628318584,0.5171912908554077,0.3077424168586731,0.1683087027914614,0.0,-0.2646775245666504,-0.17607808113098145
tracking_flow,kodak24,kodim04,20,tv_discrepancy,5.0,2.0,1.0,1.0,0.3968498706817627,0.046610169491525424,0.0211864406779661,0.45065099000930786,0.29252463579177856,0.11957541637344593,0.0,-0.18912823498249054,-0.0969153642654419
tracking_flow,kodak24,kodim04,20,tv_discrepancy,6.0,2.0,1.0,1.0,0.4079376459121704,0.06926406926406926,0.012987012987012988,0.4768477976322174,0.2949453294277191,0.1446164672765658,0.0,-0.21565991640090942,-0.1597357988357544
tracking_flow,kodak24,kodim04,20,tv_chambolle_val,0.0,2.0,1.0,0.9789915966386554,0.46793830394744873,0.09871244635193133,0.017167381974248927,0.599022626876831,0.32670724391937256,0.21654351395730706,0.0,-0.40452805161476135,-0.17154520750045776
tracking_flow,kodak24,kodim04,20,tv_chambolle_val,1.0,2.0,1.0,1.0,0.5937617421150208,0.15384615384615385,0.03418803418803419,0.6014118194580078,0.31651169061660767,0.22381538822425523,0.0,-0.3947671353816986,-0.20234458148479462
tracking_flow,kodak24,kodim04,20,tv_chambolle_val,2.0,2.0,1.0,1.0,0.5801165103912354,0.12987012987012986,0.03463203463203463,0.6221326589584351,0.3232536017894745,0.2422882946281961,0.0,-0.44622477889060974,-0.19625349342823029
tracking_flow,kodak24,kodim04,20,tv_chambolle_val,3.0,2.0,1.0,1.0,0.6646075248718262,0.16521739130434782,0.030434782608695653,0.6090080142021179,0.35950419306755066,0.22102979122683555,0.0,-0.3858451545238495,-0.22508925199508667
tracking_flow,kodak24,kodim04,20,tv_chambolle_val,4.0,2.0,1.0,1.0,0.6032800674438477,0.14601769911504425,0.03982300884955752,0.649844229221344,0.35089433193206787,0.24416490734224724,0.00014661036828524514,-0.42691633105278015,-0.22822235524654388
tracking_flow,kodak24,kodim04,20,tv_chambolle_val,5.0,2.0,1.0,1.0,0.4947323501110077,0.1059322033898305,0.025423728813559324,0.5802324414253235,0.32578563690185547,0.20320197044334976,0.0,-0.38173919916152954,-0.17034485936164856
tracking_flow,kodak24,kodim04,20,tv_chambolle_val,6.0,2.0,1.0,1.0,0.6485579609870911,0.16017316017316016,0.05194805194805195,0.529341459274292,0.33132344484329224,0.18279380717804364,0.0,-0.27669307589530945,-0.18746410310268402
tracking_flow,kodak24,kodim04,20,ectv,0.0,2.0,1.0,1.0,0.3681933283805847,0.029411764705882353,0.008403361344537815,0.33705729246139526,0.27267831563949585,0.023076471968097582,0.0,-0.034222494810819626,-0.008783681318163872
tracking_flow,kodak24,kodim04,20,ectv,1.0,2.0,1.0,1.0,0.2525164484977722,0.02564102564102564,0.0,0.3386463522911072,0.2605035901069641,0.02653647665962937,0.0,0.007133826147764921,0.012545829638838768
tracking_flow,kodak24,kodim04,20,ectv,2.0,2.0,1.0,1.0,0.251058429479599,0.012987012987012988,0.0,0.39703184366226196,0.2909553647041321,0.06688365001172883,0.0,-0.07822185009717941,0.004829317331314087
tracking_flow,kodak24,kodim04,20,ectv,3.0,2.0,1.0,1.0,0.2759146988391876,0.021739130434782608,0.0,0.35769709944725037,0.3019576072692871,0.01413323950269763,0.0,0.03194950520992279,-0.012003185227513313
tracking_flow,kodak24,kodim04,20,ectv,4.0,2.0,1.0,1.0,0.2502076327800751,0.004424778761061947,0.0,0.35281693935394287,0.25530558824539185,0.050170068027210885,0.0,-0.10477998852729797,-0.04851954057812691
tracking_flow,kodak24,kodim04,20,ectv,5.0,2.0,1.0,1.0,0.24971775710582733,0.0211864406779661,0.0,0.30591094493865967,0.25482022762298584,0.008356790992258972,0.0,0.03425701707601547,-0.013287248089909554
tracking_flow,kodak24,kodim04,20,ectv,6.0,2.0,1.0,1.0,0.24367928504943848,0.008658008658008658,0.0,0.3730279505252838,0.26732873916625977,0.049524982406755805,0.0,-0.01099974475800991,-0.11015497893095016
tracking_flow,kodak24,kodim04,20,ectv_fidelity,0.0,2.0,1.0,0.9831932773109243,0.6927995085716248,0.11538461538461539,0.042735042735042736,0.6620646715164185,0.33020710945129395,0.2567733990147783,0.0,-0.47153720259666443,-0.18337784707546234
tracking_flow,kodak24,kodim04,20,ectv_fidelity,1.0,2.0,1.0,1.0,0.5500689744949341,0.1452991452991453,0.017094017094017096,0.6521040201187134,0.31617847084999084,0.24958949096880131,0.0,-0.446459025144577,-0.23687490820884705
tracking_flow,kodak24,kodim04,20,ectv_fidelity,2.0,2.0,1.0,1.0,0.5689826011657715,0.13852813852813853,0.025974025974025976,0.6726557612419128,0.30607694387435913,0.2641918836500117,0.0,-0.5054569840431213,-0.23024779558181763
tracking_flow,kodak24,kodim04,20,ectv_fidelity,3.0,2.0,1.0,1.0,0.6470730900764465,0.16956521739130434,0.04782608695652174,0.654361367225647,0.325264036655426,0.2465986394557823,0.0,-0.4518876075744629,-0.2471497505903244
tracking_flow,kodak24,kodim04,20,ectv_fidelity,4.0,2.0,1.0,1.0,0.6076645851135254,0.16371681415929204,0.035398230088495575,0.6538462042808533,0.31826552748680115,0.2527562749237626,0.0,-0.4538370668888092,-0.22432035207748413
tracking_flow,kodak24,kodim04,20,ectv_fidelity,5.0,2.0,1.0,1.0,0.48608195781707764,0.09322033898305085,0.029661016949152543,0.6265994906425476,0.3213220536708832,0.2222613183204316,0.0,-0.4330982565879822,-0.20694871246814728
tracking_flow,kodak24,kodim04,20,ectv_fidelity,6.0,2.0,1.0,1.0,0.6718888282775879,0.1471861471861472,0.047619047619047616,0.6532555222511292,0.3286818861961365,0.25439831104855737,0.0,-0.4508250653743744,-0.2301901876926422
tracking_flow,kodak24,kodim04,20,bilateral_val,0.0,2.0,1.0,1.0,0.7670180797576904,0.07983193277310924,0.05042016806722689,0.6211816668510437,0.3506171405315399,0.2354562514661037,0.0,-0.446725994348526,-0.19386067986488342
tracking_flow,kodak24,kodim04,20,bilateral_val,1.0,2.0,1.0,1.0,0.2525651454925537,0.02564102564102564,0.0,0.609915554523468,0.3247700333595276,0.22322894675111424,0.0,-0.4401341676712036,-0.21928082406520844
tracking_flow,kodak24,kodim04,20,bilateral_val,2.0,2.0,1.0,1.0,0.28438904881477356,0.03463203463203463,0.0,0.6223459243774414,0.3557097017765045,0.23484048791930565,0.0,-0.4503732919692993,-0.20108799636363983
tracking_flow,kodak24,kodim04,20,bilateral_val,3.0,2.0,1.0,1.0,0.2581178545951843,0.021739130434782608,0.0,0.610933780670166,0.33387914299964905,0.23396082570959417,0.0,-0.4326845109462738,-0.2223411500453949
tracking_flow,kodak24,kodim04,20,bilateral_val,4.0,2.0,1.0,1.0,0.2781983017921448,0.02654867256637168,0.004424778761061947,0.6146537661552429,0.35707980394363403,0.23891625615763548,0.0,-0.4357142746448517,-0.1890975385904312
tracking_flow,kodak24,kodim04,20,bilateral_val,5.0,2.0,1.0,1.0,0.2585737109184265,0.025423728813559324,0.0,0.5820677280426025,0.3161006271839142,0.21281961060286184,0.0,-0.37841740250587463,-0.19719521701335907
tracking_flow,kodak24,kodim04,20,bilateral_val,6.0,2.0,1.0,1.0,0.3128255009651184,0.021645021645021644,0.004329004329004329,0.6004384756088257,0.34093308448791504,0.22677691766361718,0.0,-0.4225062131881714,-0.2175397127866745
tracking_flow,kodak24,kodim04,20,pm_diff_val,0.0,2.0,1.0,0.9831932773109243,0.5049591660499573,0.07692307692307693,0.01282051282051282,0.433007150888443,0.3303220868110657,0.06984517945109078,0.0,-0.15204808115959167,-0.04951036721467972
tracking_flow,kodak24,kodim04,20,pm_diff_val,1.0,2.0,1.0,1.0,0.5386348366737366,0.11538461538461539,0.02564102564102564,0.41192004084587097,0.2982848286628723,0.06497771522402064,0.0,-0.1121460422873497,-0.06663462519645691
tracking_flow,kodak24,kodim04,20,pm_diff_val,2.0,2.0,1.0,1.0,0.5438542366027832,0.10822510822510822,0.030303030303030304,0.46597838401794434,0.3229583501815796,0.11288998357963875,0.0,-0.18828678131103516,-0.048885527998209
tracking_flow,kodak24,kodim04,20,pm_diff_val,3.0,2.0,1.0,1.0,0.5640522837638855,0.15217391304347827,0.017391304347826087,0.43273380398750305,0.332303524017334,0.07497654234107436,0.0,-0.10294575244188309,-0.09274107217788696
tracking_flow,kodak24,kodim04,20,pm_diff_val,4.0,2.0,1.0,1.0,0.5445473790168762,0.14601769911504425,0.030973451327433628,0.4765748679637909,0.3123714327812195,0.1342071311283134,0.0,-0.1888474076986313,-0.1268014758825302
tracking_flow,kodak24,kodim04,20,pm_diff_val,5.0,2.0,1.0,1.0,0.449607789516449,0.08898305084745763,0.012711864406779662,0.4123676121234894,0.3255671262741089,0.05808702791461412,0.0,-0.05983782187104225,-0.06431420147418976
tracking_flow,kodak24,kodim04,20,pm_diff_val,6.0,2.0,1.0,1.0,0.5634655356407166,0.12987012987012986,0.030303030303030304,0.4774661362171173,0.3182040750980377,0.12758034248182032,0.0,-0.13246499001979828,-0.1636398881673813
tracking_flow,kodak24,kodim04,20,wavelet_bayes,0.0,2.0,1.0,1.0,0.9038375020027161,0.14285714285714285,0.04201680672268908,0.45498573780059814,0.3574138283729553,0.08078231292517007,0.0,-0.17161259055137634,-0.10817121714353561
tracking_flow,kodak24,kodim04,20,wavelet_bayes,1.0,2.0,1.0,1.0,0.5964552164077759,0.1623931623931624,0.02564102564102564,0.42489755153656006,0.3289567232131958,0.06741144733755572,0.0,-0.13967163860797882,-0.1807958334684372
tracking_flow,kodak24,kodim04,20,wavelet_bayes,2.0,2.0,1.0,1.0,0.6912225484848022,0.19913419913419914,0.025974025974025976,0.5306649208068848,0.3921363949775696,0.13538001407459535,0.0,-0.21330024302005768,-0.08197212964296341
tracking_flow,kodak24,kodim04,20,wavelet_bayes,3.0,2.0,1.0,1.0,0.5818937420845032,0.1565217391304348,0.013043478260869565,0.4856014847755432,0.37207821011543274,0.1260849167253108,0.0,-0.13212038576602936,-0.138006329536438
tracking_flow,kodak24,kodim04,20,wavelet_bayes,4.0,2.0,1.0,1.0,0.5826462507247925,0.17256637168141592,0.017699115044247787,0.5435261726379395,0.3661317825317383,0.17461294862772694,0.0,-0.2588355541229248,-0.1824602633714676
tracking_flow,kodak24,kodim04,20,wavelet_bayes,5.0,2.0,1.0,1.0,0.542410135269165,0.11864406779661017,0.00847457627118644,0.43300050497055054,0.35992199182510376,0.0660333098756744,0.0,-0.07779940962791443,-0.07956528663635254
tracking_flow,kodak24,kodim04,20,wavelet_bayes,6.0,2.0,1.0,1.0,0.5678594708442688,0.12987012987012986,0.021645021645021644,0.4608559310436249,0.3452700972557068,0.09822894675111424,0.0,-0.1353219449520111,-0.2071194052696228
tracking_flow,kodak24,kodim04,20,nlm,0.0,2.0,1.0,0.9915966386554622,0.7653613090515137,0.1059322033898305,0.038135593220338986,0.719733715057373,0.3665354549884796,0.272724607084213,0.0,-0.49533000588417053,-0.23836557567119598
tracking_flow,kodak24,kodim04,20,nlm,1.0,2.0,1.0,1.0,0.40841978788375854,0.05555555555555555,0.01282051282051282,0.6902357339859009,0.327599436044693,0.27251935256861365,0.0,-0.49982768297195435,-0.24847547709941864
tracking_flow,kodak24,kodim04,20,nlm,2.0,2.0,1.0,1.0,0.502693235874176,0.10822510822510822,0.03896103896103896,0.7045074105262756,0.32306355237960815,0.2828407224958949,0.0,-0.5212015509605408,-0.2472689002752304
tracking_flow,kodak24,kodim04,20,nlm,3.0,2.0,1.0,1.0,0.5082745552062988,0.09565217391304348,0.043478260869565216,0.6799089908599854,0.3113628029823303,0.26694815857377435,0.0,-0.498149037361145,-0.2628794312477112
tracking_flow,kodak24,kodim04,20,nlm,4.0,2.0,1.0,1.0,0.43077874183654785,0.084070796460177,0.022123893805309734,0.6786700487136841,0.3101731538772583,0.26636171710063333,0.0,-0.4941848814487457,-0.23189525306224823
tracking_flow,kodak24,kodim04,20,nlm,5.0,2.0,1.0,1.0,0.34217849373817444,0.0423728813559322,0.00847457627118644,0.6675316095352173,0.30931663513183594,0.2487391508327469,0.0,-0.4742479920387268,-0.23078662157058716
tracking_flow,kodak24,kodim04,20,nlm,6.0,2.0,1.0,1.0,0.39731016755104065,0.06926406926406926,0.012987012987012988,0.6822813153266907,0.3332885205745697,0.26791578700445695,0.0,-0.45052745938301086,-0.24954763054847717
tracking_flow,kodak24,kodim04,20,bm3d,0.0,2.0,1.0,0.9873949579831933,0.45540693402290344,0.03829787234042553,0.02127659574468085,0.5091912746429443,0.2823346257209778,0.15306122448979592,0.0,-0.2829141616821289,-0.11722686141729355
tracking_flow,kodak24,kodim04,20,bm3d,1.0,2.0,1.0,1.0,0.2823917269706726,0.038461538461538464,0.004273504273504274,0.48507994413375854,0.2486201673746109,0.15051020408163265,0.0,-0.25378650426864624,-0.1628008633852005
tracking_flow,kodak24,kodim04,20,bm3d,2.0,2.0,1.0,1.0,0.26377978920936584,0.021645021645021644,0.0,0.4622606039047241,0.26495057344436646,0.13130424583626554,0.0,-0.25458455085754395,-0.11908211559057236
tracking_flow,kodak24,kodim04,20,bm3d,3.0,2.0,1.0,1.0,0.2712257504463196,0.008695652173913044,0.0,0.482727974653244,0.27507415413856506,0.14787121745249823,0.0,-0.2503771483898163,-0.13348065316677094
tracking_flow,kodak24,kodim04,20,bm3d,4.0,2.0,1.0,1.0,0.2667921483516693,0.030973451327433628,0.004424778761061947,0.47952717542648315,0.2636326551437378,0.14828172648369692,0.0,-0.2763335108757019,-0.1562591940164566
tracking_flow,kodak24,kodim04,20,bm3d,5.0,2.0,1.0,1.0,0.23984849452972412,0.01694915254237288,0.0,0.45470497012138367,0.24141061305999756,0.1365528970208773,0.0,-0.2418978363275528,-0.1270725131034851
tracking_flow,kodak24,kodim04,20,bm3d,6.0,2.0,1.0,1.0,0.2636083960533142,0.030303030303030304,0.0,0.4550964832305908,0.24075013399124146,0.13326882477128782,0.0,-0.22901614010334015,-0.12345965951681137
tracking_flow,kodak24,kodim04,20,fdncnn_color,0.0,2.0,1.0,0.9915966386554622,0.4663620889186859,0.029661016949152543,0.0211864406779661,0.48918572068214417,0.23944059014320374,0.15200562983814214,0.0,-0.2707143723964691,-0.1068897545337677
tracking_flow,kodak24,kodim04,20,fdncnn_color,1.0,2.0,1.0,1.0,0.22744111716747284,0.02564102564102564,0.0,0.4761941134929657,0.219228595495224,0.1515657987332864,0.0002345765892563922,-0.2772372364997864,-0.1522139012813568
tracking_flow,kodak24,kodim04,20,fdncnn_color,2.0,2.0,1.0,1.0,0.2406255602836609,0.021645021645021644,0.004329004329004329,0.469218909740448,0.23788027465343475,0.1428864649307999,0.0,-0.28156208992004395,-0.1322864592075348
tracking_flow,kodak24,kodim04,20,fdncnn_color,3.0,2.0,1.0,1.0,0.25607720017433167,0.013043478260869565,0.008695652173913044,0.47675856947898865,0.2472172975540161,0.1416256157635468,0.0,-0.27242594957351685,-0.14271794259548187
tracking_flow,kodak24,kodim04,20,fdncnn_color,4.0,2.0,1.0,1.0,0.2740838825702667,0.035398230088495575,0.008849557522123894,0.467866450548172,0.2288493812084198,0.1427691766361717,0.0,-0.29021307826042175,-0.1404668539762497
tracking_flow,kodak24,kodim04,20,fdncnn_color,5.0,2.0,1.0,1.0,0.19755639135837555,0.00847457627118644,0.0,0.4380446672439575,0.2122829556465149,0.12464813511611542,0.0,-0.2508673667907715,-0.14342328906059265
tracking_flow,kodak24,kodim04,20,fdncnn_color,6.0,2.0,1.0,1.0,0.23704004287719727,0.021645021645021644,0.0,0.45295414328575134,0.23118546605110168,0.13831222144030025,0.0,-0.24059133231639862,-0.129480242729187
tracking_flow,kodak24,kodim04,20,ectv_fdncnn,0.0,2.0,1.0,0.9915966386554622,0.4663620889186859,0.029661016949152543,0.0211864406779661,0.48918572068214417,0.23944059014320374,0.15200562983814214,0.0,-0.2707143723964691,-0.1068897545337677
tracking_flow,kodak24,kodim04,20,ectv_fdncnn,1.0,2.0,1.0,1.0,0.22744111716747284,0.02564102564102564,0.0,0.4761941134929657,0.219228595495224,0.1515657987332864,0.0002345765892563922,-0.2772372364997864,-0.1522139012813568
tracking_flow,kodak24,kodim04,20,ectv_fdncnn,2.0,2.0,1.0,1.0,0.2406255602836609,0.021645021645021644,0.004329004329004329,0.469218909740448,0.23788027465343475,0.1428864649307999,0.0,-0.28156208992004395,-0.1322864592075348
tracking_flow,kodak24,kodim04,20,ectv_fdncnn,3.0,2.0,1.0,1.0,0.25607720017433167,0.013043478260869565,0.008695652173913044,0.47675856947898865,0.2472172975540161,0.1416256157635468,0.0,-0.27242594957351685,-0.14271794259548187
tracking_flow,kodak24,kodim04,20,ectv_fdncnn,4.0,2.0,1.0,1.0,0.2740838825702667,0.035398230088495575,0.008849557522123894,0.467866450548172,0.2288493812084198,0.1427691766361717,0.0,-0.29021307826042175,-0.1404668539762497
tracking_flow,kodak24,kodim04,20,ectv_fdncnn,5.0,2.0,1.0,1.0,0.19755639135837555,0.00847457627118644,0.0,0.4380446672439575,0.2122829556465149,0.12464813511611542,0.0,-0.2508673667907715,-0.14342328906059265
tracking_flow,kodak24,kodim04,20,ectv_fdncnn,6.0,2.0,1.0,1.0,0.23704004287719727,0.021645021645021644,0.0,0.45295414328575134,0.23118546605110168,0.13831222144030025,0.0,-0.24059133231639862,-0.129480242729187
tracking_flow,kodak24,kodim04,50,noisy,0.0,2.0,1.0,1.0,0.8274231553077698,0.25630252100840334,0.02100840336134454,0.6076722145080566,0.5279363393783569,0.16396903589021816,0.0,0.02428237907588482,0.06240447983145714
tracking_flow,kodak24,kodim04,50,noisy,1.0,2.0,1.0,1.0,0.9565727114677429,0.33760683760683763,0.04700854700854701,0.6277027130126953,0.5099767446517944,0.17329345531315973,0.004368988974900305,-0.02678762562572956,0.07723963260650635
tracking_flow,kodak24,kodim04,50,noisy,2.0,2.0,1.0,1.0,0.77901291847229,0.22943722943722944,0.021645021645021644,0.5497137904167175,0.4789995551109314,0.11898897490030495,0.0,0.03471900895237923,-0.03866894915699959
tracking_flow,kodak24,kodim04,50,noisy,3.0,2.0,1.0,1.0,0.9021340608596802,0.30869565217391304,0.021739130434782608,0.635482907295227,0.5054162740707397,0.18088787239033544,0.0,0.15077140927314758,-0.11190375685691833
tracking_flow,kodak24,kodim04,50,noisy,4.0,2.0,1.0,1.0,0.7948562502861023,0.24778761061946902,0.03982300884955752,0.594711184501648,0.5244464874267578,0.14666901243255923,0.0,0.014391021803021431,-0.07374829053878784
tracking_flow,kodak24,kodim04,50,noisy,5.0,2.0,1.0,1.0,0.8258330821990967,0.2796610169491525,0.025423728813559324,0.576973021030426,0.5135085582733154,0.12708186722965048,0.0,-0.030736802145838737,0.02442307397723198
tracking_flow,kodak24,kodim04,50,noisy,6.0,2.0,1.0,1.0,0.6682295203208923,0.23376623376623376,0.004329004329004329,0.5938068628311157,0.5125148296356201,0.1613593713347408,0.0,-0.09553178399801254,-0.024811571463942528
tracking_flow,kodak24,kodim04,50,tv_maxiter,0.0,2.0,1.0,1.0,0.9189814925193787,0.31512605042016806,0.03361344537815126,0.6762661337852478,0.5861998796463013,0.22240792868871687,0.0,0.050749342888593674,0.08713703602552414
tracking_flow,kodak24,kodim04,50,tv_maxiter,1.0,2.0,1.0,1.0,1.0124887228012085,0.3333333333333333,0.07264957264957266,0.6433731913566589,0.5209789276123047,0.1868988974900305,0.004574243490499648,-0.016850149258971214,0.04926769435405731
tracking_flow,kodak24,kodim04,50,tv_maxiter,2.0,2.0,1.0,1.0,0.8162310719490051,0.23809523809523808,0.03463203463203463,0.5937244892120361,0.5046254396438599,0.1517417311752287,0.0,0.06597515195608139,-0.03716087341308594
tracking_flow,kodak24,kodim04,50,tv_maxiter,3.0,2.0,1.0,1.0,0.904810905456543,0.30434782608695654,0.021739130434782608,0.7015775442123413,0.5531635284423828,0.22275979357260145,0.0008210180623973727,0.19468528032302856,-0.13092923164367676
tracking_flow,kodak24,kodim04,50,tv_maxiter,4.0,2.0,1.0,1.0,0.868474006652832,0.2831858407079646,0.05309734513274336,0.6265574097633362,0.5364692211151123,0.17871803893971383,0.0,-0.015401002019643784,-0.05788472294807434
tracking_flow,kodak24,kodim04,50,tv_maxiter,5.0,2.0,1.0,1.0,0.9014801383018494,0.3093220338983051,0.029661016949152543,0.6309831738471985,0.541638970375061,0.1730295566502463,0.0,-0.04222261160612106,0.032373182475566864
tracking_flow,kodak24,kodim04,50,tv_maxiter,6.0,2.0,1.0,1.0,0.7347973585128784,0.23376623376623376,0.012987012987012988,0.635343611240387,0.5362138748168945,0.19757213230119633,0.0,-0.11161775141954422,-0.050426263362169266
tracking_flow,kodak24,kodim04,50,tv_fixedk_val,0.0,2.0,1.0,1.0,0.9187874794006348,0.31092436974789917,0.03361344537815126,0.6765446066856384,0.586512565612793,0.22252521698334507,0.0,0.052208028733730316,0.08774855732917786
tracking_flow,kodak24,kodim04,50,tv_fixedk_val,1.0,2.0,1.0,1.0,1.013527274131775,0.3333333333333333,0.07264957264957266,0.643333375453949,0.5212352871894836,0.18686957541637345,0.004574243490499648,-0.017753008753061295,0.048813167959451675
tracking_flow,kodak24,kodim04,50,tv_fixedk_val,2.0,2.0,1.0,1.0,0.7978240847587585,0.23376623376623376,0.030303030303030304,0.5936912298202515,0.5028594732284546,0.15185901946985692,0.0,0.0678822323679924,-0.03749938681721687
tracking_flow,kodak24,kodim04,50,tv_fixedk_val,3.0,2.0,1.0,1.0,0.9039269089698792,0.30869565217391304,0.017391304347826087,0.702124297618866,0.5534795522689819,0.22322894675111424,0.0008210180623973727,0.19475415349006653,-0.13169045746326447
tracking_flow,kodak24,kodim04,50,tv_fixedk_val,4.0,2.0,1.0,1.0,0.8580809235572815,0.2831858407079646,0.048672566371681415,0.6263794898986816,0.5356956720352173,0.17874736101337085,0.0,-0.01572795957326889,-0.056711748242378235
tracking_flow,kodak24,kodim04,50,tv_fixedk_val,5.0,2.0,1.0,1.0,0.9098395705223083,0.3093220338983051,0.03389830508474576,0.6311184167861938,0.5420056581497192,0.17294159042927515,0.0,-0.0427987314760685,0.03226150944828987
tracking_flow,kodak24,kodim04,50,tv_fixedk_val,6.0,2.0,1.0,1.0,0.7355572581291199,0.23809523809523808,0.012987012987012988,0.6364327073097229,0.5366051197052002,0.19795331925873796,0.0,-0.11248425394296646,-0.05139404162764549
tracking_flow,kodak24,kodim04,50,tv_discrepancy,0.0,2.0,1.0,1.0,0.9189814925193787,0.31512605042016806,0.03361344537815126,0.6762661337852478,0.5861998796463013,0.22240792868871687,0.0,0.050749342888593674,0.08713703602552414
tracking_flow,kodak24,kodim04,50,tv_discrepancy,1.0,2.0,1.0,1.0,1.0124887228012085,0.3333333333333333,0.07264957264957266,0.6433731913566589,0.5209789276123047,0.1868988974900305,0.004574243490499648,-0.016850149258971214,0.04926769435405731
tracking_flow,kodak24,kodim04,50,tv_discrepancy,2.0,2.0,1.0,1.0,0.8162310719490051,0.23809523809523808,0.03463203463203463,0.5937244892120361,0.5046254396438599,0.1517417311752287,0.0,0.06597515195608139,-0.03716087341308594
tracking_flow,kodak24,kodim04,50,tv_discrepancy,3.0,2.0,1.0,1.0,0.904810905456543,0.30434782608695654,0.021739130434782608,0.7015775442123413,0.5531635284423828,0.22275979357260145,0.0008210180623973727,0.19468528032302856,-0.13092923164367676
tracking_flow,kodak24,kodim04,50,tv_discrepancy,4.0,2.0,1.0,1.0,0.868474006652832,0.2831858407079646,0.05309734513274336,0.6265574097633362,0.5364692211151123,0.17871803893971383,0.0,-0.015401002019643784,-0.05788472294807434
tracking_flow,kodak24,kodim04,50,tv_discrepancy,5.0,2.0,1.0,1.0,0.9014801383018494,0.3093220338983051,0.029661016949152543,0.6309831738471985,0.541638970375061,0.1730295566502463,0.0,-0.04222261160612106,0.032373182475566864
tracking_flow,kodak24,kodim04,50,tv_discrepancy,6.0,2.0,1.0,1.0,0.7347973585128784,0.23376623376623376,0.012987012987012988,0.635343611240387,0.5362138748168945,0.19757213230119633,0.0,-0.11161775141954422,-0.050426263362169266
tracking_flow,kodak24,kodim04,50,tv_chambolle_val,0.0,2.0,1.0,0.9873949579831933,1.9513424634933472,0.4851063829787234,0.19148936170212766,0.7871717214584351,0.6299640536308289,0.30040464461646726,0.003430682617874736,-0.1640888899564743,0.07179007679224014
tracking_flow,kodak24,kodim04,50,tv_chambolle_val,1.0,2.0,1.0,1.0,1.8670767545700073,0.44871794871794873,0.18803418803418803,0.7587261199951172,0.6008498668670654,0.2848346235045742,0.005805770584095708,-0.1814860850572586,-0.06368809938430786
tracking_flow,kodak24,kodim04,50,tv_chambolle_val,2.0,2.0,1.0,1.0,1.6393908262252808,0.4458874458874459,0.18614718614718614,0.7619515061378479,0.6559618711471558,0.29811752287121746,0.0,-0.08463532477617264,-0.046718090772628784
tracking_flow,kodak24,kodim04,50,tv_chambolle_val,3.0,2.0,1.0,1.0,1.546692132949829,0.41304347826086957,0.16521739130434782,0.8237982392311096,0.6805897951126099,0.31436195167722264,0.0005571193994839315,-0.10124336928129196,-0.166995570063591
tracking_flow,kodak24,kodim04,50,tv_chambolle_val,4.0,2.0,1.0,1.0,1.7310981750488281,0.39823008849557523,0.17699115044247787,0.928765058517456,0.7611619830131531,0.3922120572366878,0.005512549847525217,-0.49504733085632324,-0.2219255417585373
tracking_flow,kodak24,kodim04,50,tv_chambolle_val,5.0,2.0,1.0,1.0,1.6837210655212402,0.4533898305084746,0.18220338983050846,0.8220856189727783,0.6920384168624878,0.32339315036359373,0.0,-0.4188096523284912,-0.16502851247787476
tracking_flow,kodak24,kodim04,50,tv_chambolle_val,6.0,2.0,1.0,1.0,1.666194200515747,0.4069264069264069,0.16017316017316016,0.8295027613639832,0.6294182538986206,0.3181151771053249,0.0009383063570255688,-0.31926268339157104,-0.25066787004470825
tracking_flow,kodak24,kodim04,50,ectv,0.0,2.0,1.0,1.0,0.9189814925193787,0.31512605042016806,0.03361344537815126,0.6762661337852478,0.5861998796463013,0.22240792868871687,0.0,0.050749342888593674,0.08713703602552414
tracking_flow,kodak24,kodim04,50,ectv,1.0,2.0,1.0,1.0,1.0124887228012085,0.3333333333333333,0.07264957264957266,0.6433731913566589,0.5209789276123047,0.1868988974900305,0.004574243490499648,-0.016850149258971214,0.04926769435405731
tracking_flow,kodak24,kodim04,50,ectv,2.0,2.0,1.0,1.0,0.8162310719490051,0.23809523809523808,0.03463203463203463,0.5937244892120361,0.5046254396438599,0.1517417311752287,0.0,0.06597515195608139,-0.03716087341308594
tracking_flow,kodak24,kodim04,50,ectv,3.0,2.0,1.0,1.0,0.904810905456543,0.30434782608695654,0.021739130434782608,0.7015775442123413,0.5531635284423828,0.22275979357260145,0.0008210180623973727,0.19468528032302856,-0.13092923164367676
tracking_flow,kodak24,kodim04,50,ectv,4.0,2.0,1.0,1.0,0.868474006652832,0.2831858407079646,0.05309734513274336,0.6265574097633362,0.5364692211151123,0.17871803893971383,0.0,-0.015401002019643784,-0.05788472294807434
tracking_flow,kodak24,kodim04,50,ectv,5.0,2.0,1.0,1.0,0.9014801383018494,0.3093220338983051,0.029661016949152543,0.6309831738471985,0.541638970375061,0.1730295566502463,0.0,-0.04222261160612106,0.032373182475566864
tracking_flow,kodak24,kodim04,50,ectv,6.0,2.0,1.0,1.0,0.7347973585128784,0.23376623376623376,0.012987012987012988,0.635343611240387,0.5362138748168945,0.19757213230119633,0.0,-0.11161775141954422,-0.050426263362169266
tracking_flow,kodak24,kodim04,50,ectv_fidelity,0.0,2.0,1.0,0.9789915966386554,1.612244725227356,0.41630901287553645,0.12875536480686695,0.9542220234870911,0.7397120594978333,0.3944991789819376,0.0,-0.531032919883728,-0.18427981436252594
tracking_flow,kodak24,kodim04,50,ectv_fidelity,1.0,2.0,1.0,0.9871794871794872,2.277397394180298,0.46320346320346323,0.19480519480519481,0.9718525409698486,0.7328516244888306,0.3993666432090077,0.006685432793807178,-0.6091946959495544,-0.3043803870677948
tracking_flow,kodak24,kodim04,50,ectv_fidelity,2.0,2.0,1.0,0.9913419913419913,1.6189988851547241,0.43231441048034935,0.1615720524017467,0.925539493560791,0.6990762948989868,0.3938540933614825,0.0,-0.5273205637931824,-0.31489166617393494
tracking_flow,kodak24,kodim04,50,ectv_fidelity,3.0,2.0,1.0,0.9956521739130435,1.5828646421432495,0.43231441048034935,0.14847161572052403,0.9597781300544739,0.6948721408843994,0.3771405113769646,0.0004984752521698335,-0.57500159740448,-0.2770191431045532
tracking_flow,kodak24,kodim04,50,ectv_fidelity,4.0,2.0,1.0,0.995575221238938,1.5584297180175781,0.37777777777777777,0.13333333333333333,0.9667568802833557,0.728046178817749,0.4028266479005395,0.0004398311048557354,-0.52891606092453,-0.2479984313249588
tracking_flow,kodak24,kodim04,50,ectv_fidelity,5.0,2.0,1.0,1.0,1.910879373550415,0.423728813559322,0.19491525423728814,0.935547947883606,0.7080692648887634,0.3629779498006099,0.0,-0.6119789481163025,-0.30318763852119446
tracking_flow,kodak24,kodim04,50,ectv_fidelity,6.0,2.0,1.0,0.9956709956709957,1.828015923500061,0.40869565217391307,0.16521739130434782,0.9372372627258301,0.6440527439117432,0.3747654234107436,0.0,-0.58487868309021,-0.3031904995441437
tracking_flow,kodak24,kodim04,50,bilateral_val,0.0,2.0,1.0,1.0,1.1148320436477661,0.36554621848739494,0.08403361344537816,0.8344876170158386,0.7193560600280762,0.34517945109078113,0.0,-0.5195353031158447,-0.06500858068466187
tracking_flow,kodak24,kodim04,50,bilateral_val,1.0,2.0,1.0,1.0,1.3477375507354736,0.4358974358974359,0.12393162393162394,0.8319805860519409,0.7274541854858398,0.3507213230119634,0.0,-0.5657460689544678,-0.2293524295091629
tracking_flow,kodak24,kodim04,50,bilateral_val,2.0,2.0,1.0,1.0,0.9393019676208496,0.30303030303030304,0.04329004329004329,0.7840257287025452,0.6739622354507446,0.29917311752287123,0.0,-0.426628053188324,-0.24047507345676422
tracking_flow,kodak24,kodim04,50,bilateral_val,3.0,2.0,1.0,1.0,0.900662362575531,0.3130434782608696,0.02608695652173913,0.7293561697006226,0.5723148584365845,0.2509383063570256,0.0,-0.2565474808216095,-0.21266265213489532
tracking_flow,kodak24,kodim04,50,bilateral_val,4.0,2.0,1.0,1.0,0.8361517786979675,0.2743362831858407,0.02654867256637168,0.8288313150405884,0.7218649387359619,0.3523340370631011,0.0,-0.6001879572868347,-0.23469331860542297
tracking_flow,kodak24,kodim04,50,bilateral_val,5.0,2.0,1.0,1.0,1.0769327878952026,0.3644067796610169,0.09322033898305085,0.7765255570411682,0.7146416902542114,0.3138048322777387,0.0001172882946281961,-0.4911794364452362,-0.22215425968170166
tracking_flow,kodak24,kodim04,50,bilateral_val,6.0,2.0,1.0,1.0,0.9499770402908325,0.2987012987012987,0.04329004329004329,0.7474626898765564,0.6222665309906006,0.2824595355383533,0.0,-0.3585008680820465,-0.1636173129081726
tracking_flow,kodak24,kodim04,50,pm_diff_val,0.0,2.0,1.0,1.0,1.4761550426483154,0.453781512605042,0.12605042016806722,0.848550021648407,0.7244526743888855,0.3529791226835562,0.005072718742669482,0.04974489286541939,0.12815366685390472
tracking_flow,kodak24,kodim04,50,pm_diff_val,1.0,2.0,1.0,1.0,1.4018094539642334,0.4230769230769231,0.14102564102564102,0.7521445751190186,0.5929204225540161,0.27363359136758153,0.005453905700211119,-0.047013670206069946,0.02569832280278206
tracking_flow,kodak24,kodim04,50,pm_diff_val,2.0,2.0,1.0,1.0,1.3353644609451294,0.38095238095238093,0.13852813852813853,0.7219796776771545,0.6190624237060547,0.2520232230823364,0.0,0.032628133893013,-0.04891877621412277
tracking_flow,kodak24,kodim04,50,pm_diff_val,3.0,2.0,1.0,1.0,1.4004201889038086,0.41739130434782606,0.1608695652173913,0.8707190155982971,0.683429479598999,0.32395026976307767,0.011230354210649777,0.23704905807971954,-0.16273821890354156
tracking_flow,kodak24,kodim04,50,pm_diff_val,4.0,2.0,1.0,1.0,1.39764404296875,0.39823008849557523,0.1504424778761062,0.7904416918754578,0.6480789184570312,0.30025803424818204,0.0025803424818203143,-0.11248151957988739,-0.10800108313560486
tracking_flow,kodak24,kodim04,50,pm_diff_val,5.0,2.0,1.0,1.0,1.4410091638565063,0.4576271186440678,0.13135593220338984,0.7669799327850342,0.6388153433799744,0.27486511846117756,0.0004691531785127844,-0.08537732064723969,0.03506521135568619
tracking_flow,kodak24,kodim04,50,pm_diff_val,6.0,2.0,1.0,1.0,1.2767709493637085,0.3722943722943723,0.09523809523809523,0.7713525295257568,0.6201901435852051,0.27474783016654936,0.00029322073657049027,-0.1466674655675888,-0.10771443694829941
tracking_flow,kodak24,kodim04,50,wavelet_bayes,0.0,2.0,1.0,0.9957983193277311,2.6691982746124268,0.9324894514767933,0.1940928270042194,1.4652037620544434,1.4990780353546143,0.7448393150363594,0.0034893267651888342,-0.9204298257827759,-0.6269415020942688
tracking_flow,kodak24,kodim04,50,wavelet_bayes,1.0,2.0,1.0,0.9871794871794872,2.8465888500213623,0.9696969696969697,0.22077922077922077,1.4412615299224854,1.4192135334014893,0.7774161388693408,0.008679333802486512,-0.8405104279518127,-0.7909309267997742
tracking_flow,kodak24,kodim04,50,wavelet_bayes,2.0,2.0,1.0,0.9956709956709957,2.330467462539673,0.9434782608695652,0.1565217391304348,1.4684979915618896,1.4925322532653809,0.7828114004222378,0.0,-0.9448710083961487,-0.7293893694877625
tracking_flow,kodak24,kodim04,50,wavelet_bayes,3.0,2.0,1.0,1.0,2.5637662410736084,0.9347826086956522,0.2,1.4386709928512573,1.398082971572876,0.7263664086324185,0.007007975604034718,-0.7255008220672607,-0.6290294528007507
tracking_flow,kodak24,kodim04,50,wavelet_bayes,4.0,2.0,1.0,1.0,2.6206436157226562,0.9336283185840708,0.23893805309734514,1.4509817361831665,1.452505111694336,0.7747478301665494,0.004017124091015717,-0.8401193022727966,-0.5825202465057373
tracking_flow,kodak24,kodim04,50,wavelet_bayes,5.0,2.0,1.0,1.0,2.9312522411346436,0.9788135593220338,0.2330508474576271,1.496423602104187,1.5612263679504395,0.805682617874736,2.9322073657049025e-05,-1.1513124704360962,-0.5455760955810547
tracking_flow,kodak24,kodim04,50,wavelet_bayes,6.0,2.0,1.0,1.0,2.7029271125793457,0.9090909090909091,0.20346320346320346,1.5163193941116333,1.588548183441162,0.8095824536711236,0.0007623739150832747,-1.0964921712875366,-0.7353513240814209
tracking_flow,kodak24,kodim04,50,nlm,0.0,2.0,1.0,1.0,1.5186669826507568,0.47058823529411764,0.13025210084033614,1.064572811126709,0.9015985131263733,0.47073657049026507,0.0007330518414262257,-0.7643685936927795,-0.3252371847629547
tracking_flow,kodak24,kodim04,50,nlm,1.0,2.0,1.0,0.9786324786324786,1.8490201234817505,0.45414847161572053,0.18777292576419213,1.0474987030029297,0.9360695481300354,0.4804128547970912,0.0,-0.7647629976272583,-0.4384230375289917
tracking_flow,kodak24,kodim04,50,nlm,2.0,2.0,1.0,1.0,1.7839614152908325,0.4458874458874459,0.18614718614718614,1.0838289260864258,0.9508692026138306,0.4871862538118696,0.0,-0.7763348817825317,-0.36362963914871216
tracking_flow,kodak24,kodim04,50,nlm,3.0,2.0,1.0,0.991304347826087,1.4545516967773438,0.40789473684210525,0.14473684210526316,1.0653506517410278,0.8651939630508423,0.4668074126202205,0.0,-0.7900862693786621,-0.3664437234401703
tracking_flow,kodak24,kodim04,50,nlm,4.0,2.0,1.0,1.0,1.3162058591842651,0.35398230088495575,0.11946902654867257,1.076414942741394,0.9084761738777161,0.4767475955899601,0.0019645789350222847,-0.7697886824607849,-0.36103248596191406
tracking_flow,kodak24,kodim04,50,nlm,5.0,2.0,1.0,1.0,1.6687395572662354,0.4279661016949153,0.16101694915254236,1.0984644889831543,0.9445756077766418,0.48651184611775744,0.004779498006098991,-0.8536286354064941,-0.3322429955005646
tracking_flow,kodak24,kodim04,50,nlm,6.0,2.0,1.0,0.9956709956709957,1.770591139793396,0.3826086956521739,0.19130434782608696,1.0591415166854858,0.8917415142059326,0.46443232465399953,0.0,-0.6906383037567139,-0.3426308333873749
tracking_flow,kodak24,kodim04,50,bm3d,0.0,2.0,1.0,0.9831932773109243,2.079155206680298,0.3888888888888889,0.16666666666666666,0.9130443334579468,0.6813583970069885,0.36157049026507154,0.008532723434201266,-0.49127525091171265,-0.08737978339195251
tracking_flow,kodak24,kodim04,50,bm3d,1.0,2.0,1.0,0.9871794871794872,2.284898281097412,0.42424242424242425,0.19047619047619047,0.9429932832717896,0.6880963444709778,0.391127140511377,0.0069786535303776685,-0.5084930062294006,-0.33304691314697266
tracking_flow,kodak24,kodim04,50,bm3d,2.0,2.0,1.0,0.987012987012987,2.0051233768463135,0.3815789473684211,0.15789473684210525,0.9224334359169006,0.7023133039474487,0.37054304480412853,0.002345765892563922,-0.45683711767196655,-0.28555750846862793
tracking_flow,kodak24,kodim04,50,bm3d,3.0,2.0,1.0,1.0,2.4410574436187744,0.4,0.17391304347826086,1.0410243272781372,0.7523844242095947,0.4127375087966221,0.016361717100633357,-0.5326857566833496,-0.1393468976020813
tracking_flow,kodak24,kodim04,50,bm3d,4.0,2.0,1.0,0.995575221238938,1.5709623098373413,0.37333333333333335,0.1288888888888889,0.961146891117096,0.7588709592819214,0.40669716162327,0.003401360544217687,-0.5723950266838074,-0.15229558944702148
tracking_flow,kodak24,kodim04,50,bm3d,5.0,2.0,1.0,0.9957627118644068,1.560367465019226,0.3659574468085106,0.14468085106382977,0.8723087310791016,0.6400113701820374,0.3279967159277504,0.0006744076941121276,-0.5203499794006348,-0.24413667619228363
tracking_flow,kodak24,kodim04,50,bm3d,6.0,2.0,1.0,0.9913419913419913,1.8453353643417358,0.3624454148471616,0.19213973799126638,0.9368233680725098,0.7042115926742554,0.3759383063570256,0.003284072249589491,-0.4875961244106293,-0.21871232986450195
tracking_flow,kodak24,kodim04,50,fdncnn_color,0.0,2.0,1.0,0.9789915966386554,1.7956733703613281,0.39914163090128757,0.15450643776824036,1.015822172164917,0.7117530703544617,0.3991027445460943,0.013781374618813043,-0.6107110977172852,-0.24086759984493256
tracking_flow,kodak24,kodim04,50,fdncnn_color,1.0,2.0,1.0,0.9529914529914529,1.6095725297927856,0.4170403587443946,0.13004484304932734,1.0620778799057007,0.7965915203094482,0.44358433028383765,0.01413323950269763,-0.5750939846038818,-0.39005351066589355
tracking_flow,kodak24,kodim04,50,fdncnn_color,2.0,2.0,1.0,0.9696969696969697,1.9376459121704102,0.38392857142857145,0.14285714285714285,1.0193589925765991,0.7178503274917603,0.41587497067792634,0.009734928454140276,-0.6385561227798462,-0.3049032688140869
tracking_flow,kodak24,kodim04,50,fdncnn_color,3.0,2.0,1.0,0.9652173913043478,2.0206589698791504,0.3738738738738739,0.13063063063063063,1.027432918548584,0.7407958507537842,0.4217100633356791,0.00542458362655407,-0.617571234703064,-0.29339247941970825
tracking_flow,kodak24,kodim04,50,fdncnn_color,4.0,2.0,1.0,0.9823008849557522,1.8150514364242554,0.32882882882882886,0.13513513513513514,1.0005568265914917,0.7149814963340759,0.4086910626319493,0.0003225428102275393,-0.5930776596069336,-0.20865710079669952
tracking_flow,kodak24,kodim04,50,fdncnn_color,5.0,2.0,1.0,0.9915254237288136,1.8043087720870972,0.33760683760683763,0.1581196581196581,0.9993891716003418,0.7105836868286133,0.4120337790288529,0.0007037297677691766,-0.6826689839363098,-0.3109130561351776
tracking_flow,kodak24,kodim04,50,fdncnn_color,6.0,2.0,1.0,0.9653679653679653,1.9313188791275024,0.3452914798206278,0.16143497757847533,0.9825441837310791,0.6985148191452026,0.4088376730002346,0.0014074595355383533,-0.5970973372459412,-0.320649653673172
tracking_flow,kodak24,kodim04,50,ectv_fdncnn,0.0,2.0,1.0,0.9789915966386554,1.7956733703613281,0.39914163090128757,0.15450643776824036,1.015822172164917,0.7117530703544617,0.3991027445460943,0.013781374618813043,-0.6107110977172852,-0.24086759984493256
tracking_flow,kodak24,kodim04,50,ectv_fdncnn,1.0,2.0,1.0,0.9529914529914529,1.6095725297927856,0.4170403587443946,0.13004484304932734,1.0620778799057007,0.7965915203094482,0.44358433028383765,0.01413323950269763,-0.5750939846038818,-0.39005351066589355
tracking_flow,kodak24,kodim04,50,ectv_fdncnn,2.0,2.0,1.0,0.9696969696969697,1.9376459121704102,0.38392857142857145,0.14285714285714285,1.0193589925765991,0.7178503274917603,0.41587497067792634,0.009734928454140276,-0.6385561227798462,-0.3049032688140869
tracking_flow,kodak24,kodim04,50,ectv_fdncnn,3.0,2.0,1.0,0.9652173913043478,2.0206589698791504,0.3738738738738739,0.13063063063063063,1.027432918548584,0.7407958507537842,0.4217100633356791,0.00542458362655407,-0.617571234703064,-0.29339247941970825
tracking_flow,kodak24,kodim04,50,ectv_fdncnn,4.0,2.0,1.0,0.9823008849557522,1.8150514364242554,0.32882882882882886,0.13513513513513514,1.0005568265914917,0.7149814963340759,0.4086910626319493,0.0003225428102275393,-0.5930776596069336,-0.20865710079669952
tracking_flow,kodak24,kodim04,50,ectv_fdncnn,5.0,2.0,1.0,0.9915254237288136,1.8043087720870972,0.33760683760683763,0.1581196581196581,0.9993891716003418,0.7105836868286133,0.4120337790288529,0.0007037297677691766,-0.6826689839363098,-0.3109130561351776
tracking_flow,kodak24,kodim04,50,ectv_fdncnn,6.0,2.0,1.0,0.9653679653679653,1.9313188791275024,0.3452914798206278,0.16143497757847533,0.9825441837310791,0.6985148191452026,0.4088376730002346,0.0014074595355383533,-0.5970973372459412,-0.320649653673172
tracking_flow,kodak24,kodim05,20,noisy,0.0,2.0,1.0,1.0,0.06988659501075745,0.0,0.0,0.10199517011642456,0.08508889377117157,0.0,0.0,0.01885424740612507,-0.01921815611422062
tracking_flow,kodak24,kodim05,20,noisy,1.0,2.0,1.0,1.0,0.06876542419195175,0.0,0.0,0.08588160574436188,0.07036256790161133,0.0,0.0,-0.016970152035355568,0.0033330100122839212
tracking_flow,kodak24,kodim05,20,noisy,2.0,2.0,1.0,1.0,0.06814725697040558,0.0,0.0,0.09832393378019333,0.08615749329328537,0.0,0.0,-0.004101152066141367,-0.009922996163368225
tracking_flow,kodak24,kodim05,20,noisy,3.0,2.0,1.0,1.0,0.07279323786497116,0.0,0.0,0.0953766480088234,0.08187677711248398,0.0,0.0,0.00498614925891161,0.018958713859319687
tracking_flow,kodak24,kodim05,20,noisy,4.0,2.0,1.0,1.0,0.07957442849874496,0.0,0.0,0.09301579743623734,0.08200743049383163,0.0,0.0,0.0024330602027475834,-0.00768485851585865
tracking_flow,kodak24,kodim05,20,noisy,5.0,2.0,1.0,1.0,0.06614923477172852,0.0,0.0,0.09191402047872543,0.07921591401100159,0.0,0.0,0.002611262258142233,0.0031356564722955227
tracking_flow,kodak24,kodim05,20,noisy,6.0,2.0,1.0,1.0,0.0669771358370781,0.0,0.0,0.09247490763664246,0.08250823616981506,0.0,0.0,-0.005155441351234913,-0.00941856112331152
tracking_flow,kodak24,kodim05,20,tv_maxiter,0.0,2.0,1.0,1.0,0.0729503482580185,0.0,0.0,0.10379116237163544,0.08421453833580017,0.0,0.0,0.01317748986184597,-0.01726914942264557
tracking_flow,kodak24,kodim05,20,tv_maxiter,1.0,2.0,1.0,1.0,0.06775521486997604,0.0,0.0,0.08819735795259476,0.07101523131132126,0.00020525451559934318,0.0,-0.013204241171479225,0.0024308771826326847
tracking_flow,kodak24,kodim05,20,tv_maxiter,2.0,2.0,1.0,1.0,0.07164113223552704,0.0,0.0,0.09757596254348755,0.08330729603767395,0.0,0.0,-0.0083211874589324,-0.011146760545670986
tracking_flow,kodak24,kodim05,20,tv_maxiter,3.0,2.0,1.0,1.0,0.07495579123497009,0.0,0.0,0.09796261787414551,0.08096195012331009,0.001026272577996716,0.0,0.004607744514942169,0.016888346523046494
tracking_flow,kodak24,kodim05,20,tv_maxiter,4.0,2.0,1.0,1.0,0.08051005750894547,0.0,0.0,0.0942431390285492,0.08279396593570709,0.0,0.0,0.001071733538992703,-0.0019511516438797116
tracking_flow,kodak24,kodim05,20,tv_maxiter,5.0,2.0,1.0,1.0,0.070875383913517,0.0,0.0,0.08999159932136536,0.07763738930225372,0.0,0.0,0.004465405363589525,0.004574900027364492
tracking_flow,kodak24,kodim05,20,tv_maxiter,6.0,2.0,1.0,1.0,0.07801398634910583,0.0,0.0,0.09629084914922714,0.0857536643743515,0.0,0.0,-0.009447970427572727,-0.010285556316375732
tracking_flow,kodak24,kodim05,20,tv_fixedk_val,0.0,2.0,1.0,1.0,0.07287129014730453,0.0,0.0,0.10344117134809494,0.08392973989248276,0.0,0.0,0.012614493258297443,-0.01719113625586033
tracking_flow,kodak24,kodim05,20,tv_fixedk_val,1.0,2.0,1.0,1.0,0.0677170380949974,0.0,0.0,0.08776433020830154,0.07074868679046631,0.00020525451559934318,0.0,-0.013246657326817513,0.0024385026190429926
tracking_flow,kodak24,kodim05,20,tv_fixedk_val,2.0,2.0,1.0,1.0,0.07132516801357269,0.0,0.0,0.09696339070796967,0.08314643055200577,0.0,0.0,-0.008395722135901451,-0.011249572038650513
tracking_flow,kodak24,kodim05,20,tv_fixedk_val,3.0,2.0,1.0,1.0,0.07475166767835617,0.0,0.0,0.0971568375825882,0.08037061989307404,0.0017300023457658925,0.0,0.004024864174425602,0.01684163697063923
tracking_flow,kodak24,kodim05,20,tv_fixedk_val,4.0,2.0,1.0,1.0,0.08060162514448166,0.0,0.0,0.09382377564907074,0.08255109190940857,0.0,0.0,0.0007944193203002214,-0.0016998444916680455
tracking_flow,kodak24,kodim05,20,tv_fixedk_val,5.0,2.0,1.0,1.0,0.0709569975733757,0.0,0.0,0.08989563584327698,0.07765331864356995,0.0,0.0,0.004300572443753481,0.004741785116493702
tracking_flow,kodak24,kodim05,20,tv_fixedk_val,6.0,2.0,1.0,1.0,0.07794445753097534,0.0,0.0,0.09629259258508682,0.08559136092662811,2.9322073657049025e-05,0.0,-0.009413435123860836,-0.010511605069041252
tracking_flow,kodak24,kodim05,20,tv_discrepancy,0.0,2.0,1.0,1.0,0.0729503482580185,0.0,0.0,0.10379116237163544,0.08421453833580017,0.0,0.0,0.01317748986184597,-0.01726914942264557
tracking_flow,kodak24,kodim05,20,tv_discrepancy,1.0,2.0,1.0,1.0,0.06775521486997604,0.0,0.0,0.08819735795259476,0.07101523131132126,0.00020525451559934318,0.0,-0.013204241171479225,0.0024308771826326847
tracking_flow,kodak24,kodim05,20,tv_discrepancy,2.0,2.0,1.0,1.0,0.07164113223552704,0.0,0.0,0.09757596254348755,0.08330729603767395,0.0,0.0,-0.0083211874589324,-0.011146760545670986
tracking_flow,kodak24,kodim05,20,tv_discrepancy,3.0,2.0,1.0,1.0,0.07495579123497009,0.0,0.0,0.09796261787414551,0.08096195012331009,0.001026272577996716,0.0,0.004607744514942169,0.016888346523046494
tracking_flow,kodak24,kodim05,20,tv_discrepancy,4.0,2.0,1.0,1.0,0.08051005750894547,0.0,0.0,0.0942431390285492,0.08279396593570709,0.0,0.0,0.001071733538992703,-0.0019511516438797116
tracking_flow,kodak24,kodim05,20,tv_discrepancy,5.0,2.0,1.0,1.0,0.070875383913517,0.0,0.0,0.08999159932136536,0.07763738930225372,0.0,0.0,0.004465405363589525,0.004574900027364492
tracking_flow,kodak24,kodim05,20,tv_discrepancy,6.0,2.0,1.0,1.0,0.07801398634910583,0.0,0.0,0.09629084914922714,0.0857536643743515,0.0,0.0,-0.009447970427572727,-0.010285556316375732
tracking_flow,kodak24,kodim05,20,tv_chambolle_val,0.0,2.0,1.0,1.0,0.08523042500019073,0.0,0.0,0.11409437656402588,0.08683843165636063,0.0018179685667370396,0.0,0.004922918975353241,-0.01926334947347641
tracking_flow,kodak24,kodim05,20,tv_chambolle_val,1.0,2.0,1.0,1.0,0.07898569107055664,0.0,0.0,0.09888184070587158,0.07679685950279236,0.0012901712409101572,0.0,-0.014021478593349457,0.004107887856662273
tracking_flow,kodak24,kodim05,20,tv_chambolle_val,2.0,2.0,1.0,1.0,0.08476590365171432,0.0,0.0,0.11010487377643585,0.09125839173793793,0.0026389866291344124,0.0,-0.01179483812302351,-0.011637885123491287
tracking_flow,kodak24,kodim05,20,tv_chambolle_val,3.0,2.0,1.0,1.0,0.08576928824186325,0.0,0.0,0.10507392883300781,0.08489618450403214,0.002609664555477363,0.0,0.0002778239140752703,0.01616031304001808
tracking_flow,kodak24,kodim05,20,tv_chambolle_val,4.0,2.0,1.0,1.0,0.09435764700174332,0.0,0.0,0.10527346283197403,0.09009847044944763,0.0008503401360544217,0.0,-0.003951593302190304,-0.005014360882341862
tracking_flow,kodak24,kodim05,20,tv_chambolle_val,5.0,2.0,1.0,1.0,0.08270546048879623,0.0,0.0,0.09898336231708527,0.08317119628190994,0.0016420361247947454,0.0,0.0019677390810102224,0.003443989437073469
tracking_flow,kodak24,kodim05,20,tv_chambolle_val,6.0,2.0,1.0,1.0,0.09224121272563934,0.0,0.0,0.10801276564598083,0.09263116121292114,0.0018179685667370396,0.0,-0.012924515642225742,-0.012967932969331741
tracking_flow,kodak24,kodim05,20,ectv,0.0,2.0,1.0,1.0,0.06924480199813843,0.0,0.0,0.10327009856700897,0.08561590313911438,0.0,0.0,0.01884564943611622,-0.019904380664229393
tracking_flow,kodak24,kodim05,20,ectv,1.0,2.0,1.0,1.0,0.06692374497652054,0.0,0.0,0.08708202838897705,0.07103459537029266,0.0,0.0,-0.017247352749109268,0.003728439100086689
tracking_flow,kodak24,kodim05,20,ectv,2.0,2.0,1.0,1.0,0.0676829144358635,0.0,0.0,0.09917117655277252,0.08708149194717407,0.0,0.0,-0.004272832535207272,-0.010556553490459919
tracking_flow,kodak24,kodim05,20,ectv,3.0,2.0,1.0,1.0,0.07247311621904373,0.0,0.0,0.09627118706703186,0.08262182772159576,0.0,0.0,0.005257805343717337,0.019342800602316856
tracking_flow,kodak24,kodim05,20,ectv,4.0,2.0,1.0,1.0,0.07915151864290237,0.0,0.0,0.09392253309488297,0.08281774818897247,0.0,0.0,0.002380050253123045,-0.006642912048846483
tracking_flow,kodak24,kodim05,20,ectv,5.0,2.0,1.0,1.0,0.06605669111013412,0.0,0.0,0.09262342005968094,0.07995709776878357,0.0,0.0,0.002990554552525282,0.00292566348798573
tracking_flow,kodak24,kodim05,20,ectv,6.0,2.0,1.0,1.0,0.06820149719715118,0.0,0.0,0.0937117412686348,0.08390237390995026,0.0,0.0,-0.004983147606253624,-0.009803667664527893
tracking_flow,kodak24,kodim05,20,ectv_fidelity,0.0,2.0,1.0,1.0,0.07855496555566788,0.0,0.0,0.10916993767023087,0.08213551342487335,0.003401360544217687,0.0,0.0038443789817392826,-0.017789024859666824
tracking_flow,kodak24,kodim05,20,ectv_fidelity,1.0,2.0,1.0,1.0,0.0738338902592659,0.0,0.0,0.09424793720245361,0.0726807564496994,0.002492376260849167,0.0,-0.014454768970608711,0.00018168639508076012
tracking_flow,kodak24,kodim05,20,ectv_fidelity,2.0,2.0,1.0,1.0,0.07776089012622833,0.0,0.0,0.10244891047477722,0.08277346193790436,0.003254750175932442,0.0,-0.014028169214725494,-0.009440484456717968
tracking_flow,kodak24,kodim05,20,ectv_fidelity,3.0,2.0,1.0,1.0,0.07762333005666733,0.0,0.0,0.09723038971424103,0.07764841616153717,0.002492376260849167,0.0,0.002477042842656374,0.011660902760922909
tracking_flow,kodak24,kodim05,20,ectv_fidelity,4.0,2.0,1.0,1.0,0.08552699536085129,0.0,0.0,0.09842095524072647,0.08346860110759735,0.0018766127140511376,0.0,-0.007439152803272009,-0.001998915569856763
tracking_flow,kodak24,kodim05,20,ectv_fidelity,5.0,2.0,1.0,1.0,0.07836183160543442,0.0,0.0,0.09371621161699295,0.07776138186454773,0.002140511376964579,0.0,0.001597313559614122,0.0027881332207471132
tracking_flow,kodak24,kodim05,20,ectv_fidelity,6.0,2.0,1.0,1.0,0.08681187778711319,0.0,0.0,0.10211410373449326,0.08663152158260345,0.002052545155993432,0.0,-0.014265995472669601,-0.012970300391316414
tracking_flow,kodak24,kodim05,20,bilateral_val,0.0,2.0,1.0,1.0,0.06689807027578354,0.0,0.0,0.09424258768558502,0.07632869482040405,0.002902885292047854,0.0,0.006823654752224684,-0.019877532497048378
tracking_flow,kodak24,kodim05,20,bilateral_val,1.0,2.0,1.0,1.0,0.06741336733102798,0.0,0.0,0.0897243469953537,0.07369224727153778,0.002140511376964579,0.0,-0.026993446052074432,-0.0010068584233522415
tracking_flow,kodak24,kodim05,20,bilateral_val,2.0,2.0,1.0,1.0,0.06405825912952423,0.0,0.0,0.09324094653129578,0.07831645011901855,0.0029322073657049026,0.0,-0.006379983853548765,-0.011996136046946049
tracking_flow,kodak24,kodim05,20,bilateral_val,3.0,2.0,1.0,1.0,0.06790020316839218,0.0,0.0,0.09133443981409073,0.07408599555492401,0.0027562749237626085,0.0,-0.0006585431401617825,0.01441388763487339
tracking_flow,kodak24,kodim05,20,bilateral_val,4.0,2.0,1.0,1.0,0.0707060694694519,0.0,0.0,0.08670854568481445,0.07172708213329315,0.002287121745249824,0.0,-0.003808196634054184,-0.00793399941176176
tracking_flow,kodak24,kodim05,20,bilateral_val,5.0,2.0,1.0,1.0,0.07175616174936295,0.0,0.0,0.09270648658275604,0.07743047177791595,0.002287121745249824,0.0,-0.006699609104543924,0.0005379351787269115
tracking_flow,kodak24,kodim05,20,bilateral_val,6.0,2.0,1.0,1.0,0.0714220479130745,0.0,0.0,0.09380762279033661,0.07881639897823334,0.0020818672296504808,0.0,-0.006713441107422113,-0.007398003246635199
tracking_flow,kodak24,kodim05,20,pm_diff_val,0.0,2.0,1.0,1.0,0.09235741198062897,0.0,0.0,0.11565188318490982,0.09032037854194641,0.0,0.0,0.01878996193408966,-0.020720120519399643
tracking_flow,kodak24,kodim05,20,pm_diff_val,1.0,2.0,1.0,1.0,0.08467087894678116,0.0,0.0,0.10107264667749405,0.07990066707134247,5.864414731409805e-05,0.0,-0.015375864692032337,0.004571590106934309
tracking_flow,kodak24,kodim05,20,pm_diff_val,2.0,2.0,1.0,1.0,0.09249937534332275,0.0,0.0,0.1109590083360672,0.09548255801200867,0.0,0.0,-0.011018107645213604,-0.012814001180231571
tracking_flow,kodak24,kodim05,20,pm_diff_val,3.0,2.0,1.0,1.0,0.09358468651771545,0.0,0.0,0.11081035435199738,0.09134934842586517,0.0006450856204550786,0.0,0.006295270752161741,0.021978240460157394
tracking_flow,kodak24,kodim05,20,pm_diff_val,4.0,2.0,1.0,1.0,0.10382897406816483,0.0,0.0,0.10967151075601578,0.09456402063369751,0.0,0.0,0.002627989510074258,-0.0027398806996643543
tracking_flow,kodak24,kodim05,20,pm_diff_val,5.0,2.0,1.0,1.0,0.08762993663549423,0.0,0.0,0.10184979438781738,0.08745919167995453,0.0,0.0,0.002629461931064725,0.00019741819414775819
tracking_flow,kodak24,kodim05,20,pm_diff_val,6.0,2.0,1.0,1.0,0.10023621469736099,0.0,0.0,0.10861825197935104,0.09713419526815414,0.0,0.0,-0.005491418298333883,-0.008275353349745274
tracking_flow,kodak24,kodim05,20,wavelet_bayes,0.0,2.0,1.0,1.0,0.09004510194063187,0.0,0.0,0.10940521210432053,0.08934463560581207,0.0,0.0,0.016882406547665596,-0.030678939074277878
tracking_flow,kodak24,kodim05,20,wavelet_bayes,1.0,2.0,1.0,1.0,0.08386772871017456,0.0,0.0,0.09865780919790268,0.08285950124263763,0.0,0.0,-0.018947869539260864,0.002208489226177335
tracking_flow,kodak24,kodim05,20,wavelet_bayes,2.0,2.0,1.0,1.0,0.08598554879426956,0.0,0.0,0.11051938682794571,0.0990489199757576,0.0,0.0,-0.008629185147583485,-0.01600438915193081
tracking_flow,kodak24,kodim05,20,wavelet_bayes,3.0,2.0,1.0,1.0,0.09308230876922607,0.0,0.0,0.11506171524524689,0.09600216895341873,0.002609664555477363,0.0,-0.0003417308325879276,0.018720699474215508
tracking_flow,kodak24,kodim05,20,wavelet_bayes,4.0,2.0,1.0,1.0,0.09708037972450256,0.0,0.0,0.1059701144695282,0.09410232305526733,0.0,0.0,0.005860793404281139,-0.009539404883980751
tracking_flow,kodak24,kodim05,20,wavelet_bayes,5.0,2.0,1.0,1.0,0.0878591537475586,0.0,0.0,0.10559030622243881,0.09260508418083191,0.0,0.0,-0.0017015199409797788,-0.0014160546706989408
tracking_flow,kodak24,kodim05,20,wavelet_bayes,6.0,2.0,1.0,1.0,0.09251012653112411,0.0,0.0,0.10768899321556091,0.09606601297855377,0.0,0.0,-0.0018033257219940424,-0.00593389431014657
tracking_flow,kodak24,kodim05,20,nlm,0.0,2.0,1.0,1.0,0.07586684077978134,0.0,0.0,0.11335643380880356,0.08834317326545715,0.004193056532958011,0.0,0.006861809175461531,-0.013663901947438717
tracking_flow,kodak24,kodim05,20,nlm,1.0,2.0,1.0,1.0,0.07296396791934967,0.0,0.0,0.09803853183984756,0.07385749369859695,0.003430682617874736,0.0,-0.01708575338125229,-0.00743246590718627
tracking_flow,kodak24,kodim05,20,nlm,2.0,2.0,1.0,1.0,0.0784338191151619,0.0,0.0,0.10807764530181885,0.08673436939716339,0.003987802017358668,0.0,-0.01627356745302677,-0.015192586928606033
tracking_flow,kodak24,kodim05,20,nlm,3.0,2.0,1.0,1.0,0.07974565029144287,0.0,0.0,0.0996173545718193,0.07982723414897919,0.003753225428102275,0.0,-0.006658363156020641,0.012427563779056072
tracking_flow,kodak24,kodim05,20,nlm,4.0,2.0,1.0,1.0,0.07921990752220154,0.0,0.0,0.10108208656311035,0.08275002986192703,0.003635937133474079,0.0,-0.0032528897281736135,-0.0025334323290735483
tracking_flow,kodak24,kodim05,20,nlm,5.0,2.0,1.0,1.0,0.07437610626220703,0.0,0.0,0.0981779471039772,0.08055020868778229,0.004310344827586207,0.0,-0.007432711776345968,0.00122309650760144
tracking_flow,kodak24,kodim05,20,nlm,6.0,2.0,1.0,1.0,0.07834693789482117,0.0,0.0,0.10364867746829987,0.08490391075611115,0.004750175932441942,0.0,-0.005398398730903864,-0.014760465361177921
tracking_flow,kodak24,kodim05,20,bm3d,0.0,2.0,1.0,1.0,0.06335528194904327,0.0,0.0,0.09475430846214294,0.07445758581161499,0.0007916959887403237,0.0,0.015143544413149357,-0.017383331432938576
tracking_flow,kodak24,kodim05,20,bm3d,1.0,2.0,1.0,1.0,0.06235343962907791,0.0,0.0,0.08519165217876434,0.07102211564779282,5.864414731409805e-05,0.0,-0.017480473965406418,0.0003937451110687107
tracking_flow,kodak24,kodim05,20,bm3d,2.0,2.0,1.0,1.0,0.05960109829902649,0.0,0.0,0.08384730666875839,0.07388314604759216,2.9322073657049025e-05,0.0,-0.007192868739366531,-0.006305891554802656
tracking_flow,kodak24,kodim05,20,bm3d,3.0,2.0,1.0,1.0,0.06528624892234802,0.0,0.0,0.08929460495710373,0.07399367541074753,8.796622097114708e-05,0.0,0.01302206888794899,0.015351454727351665
tracking_flow,kodak24,kodim05,20,bm3d,4.0,2.0,1.0,1.0,0.06242689862847328,0.0,0.0,0.08031313866376877,0.06754501163959503,0.0,0.0,-0.004788876511156559,-0.003170690033584833
tracking_flow,kodak24,kodim05,20,bm3d,5.0,2.0,1.0,1.0,0.06094403192400932,0.0,0.0,0.0819290429353714,0.07331403344869614,0.0,0.0,0.007095690816640854,0.004283204209059477
tracking_flow,kodak24,kodim05,20,bm3d,6.0,2.0,1.0,1.0,0.06388379633426666,0.0,0.0,0.08424028754234314,0.07545910775661469,0.0,0.0,-0.0016068882541731,-0.0043195984326303005
tracking_flow,kodak24,kodim05,20,fdncnn_color,0.0,2.0,1.0,1.0,0.05965021252632141,0.0,0.0,0.08921697735786438,0.0702861025929451,0.0003518648838845883,0.0,0.012168294750154018,-0.016057221218943596
tracking_flow,kodak24,kodim05,20,fdncnn_color,1.0,2.0,1.0,1.0,0.05852784588932991,0.0,0.0,0.07862471044063568,0.0662480816245079,0.0,0.0,-0.014649598859250546,-0.0007948348065838218
tracking_flow,kodak24,kodim05,20,fdncnn_color,2.0,2.0,1.0,1.0,0.05602443218231201,0.0,0.0,0.0789126604795456,0.07021641731262207,0.0,0.0,-0.006986342836171389,-0.0031181490048766136
tracking_flow,kodak24,kodim05,20,fdncnn_color,3.0,2.0,1.0,1.0,0.061436332762241364,0.0,0.0,0.08242379128932953,0.06856103241443634,0.0,0.0,0.009905869141221046,0.0120269525796175
tracking_flow,kodak24,kodim05,20,fdncnn_color,4.0,2.0,1.0,1.0,0.0612221360206604,0.0,0.0,0.07523048669099808,0.06335793435573578,0.0,0.0,-0.0021659398917108774,0.00039714170270599425
tracking_flow,kodak24,kodim05,20,fdncnn_color,5.0,2.0,1.0,1.0,0.05893859639763832,0.0,0.0,0.08015793561935425,0.07041631639003754,0.0,0.0,0.003939982503652573,0.0012067909119650722
tracking_flow,kodak24,kodim05,20,fdncnn_color,6.0,2.0,1.0,1.0,0.06103578209877014,0.0,0.0,0.08068821579217911,0.07186727225780487,0.0,0.0,-0.003633036045357585,-0.004834404215216637
tracking_flow,kodak24,kodim05,20,ectv_fdncnn,0.0,2.0,1.0,1.0,0.05965021252632141,0.0,0.0,0.08921697735786438,0.0702861025929451,0.0003518648838845883,0.0,0.012168294750154018,-0.016057221218943596
tracking_flow,kodak24,kodim05,20,ectv_fdncnn,1.0,2.0,1.0,1.0,0.05852784588932991,0.0,0.0,0.07862471044063568,0.0662480816245079,0.0,0.0,-0.014649598859250546,-0.0007948348065838218
tracking_flow,kodak24,kodim05,20,ectv_fdncnn,2.0,2.0,1.0,1.0,0.05602443218231201,0.0,0.0,0.0789126604795456,0.07021641731262207,0.0,0.0,-0.006986342836171389,-0.0031181490048766136
tracking_flow,kodak24,kodim05,20,ectv_fdncnn,3.0,2.0,1.0,1.0,0.061436332762241364,0.0,0.0,0.08242379128932953,0.06856103241443634,0.0,0.0,0.009905869141221046,0.0120269525796175
tracking_flow,kodak24,kodim05,20,ectv_fdncnn,4.0,2.0,1.0,1.0,0.0612221360206604,0.0,0.0,0.07523048669099808,0.06335793435573578,0.0,0.0,-0.0021659398917108774,0.00039714170270599425
tracking_flow,kodak24,kodim05,20,ectv_fdncnn,5.0,2.0,1.0,1.0,0.05893859639763832,0.0,0.0,0.08015793561935425,0.07041631639003754,0.0,0.0,0.003939982503652573,0.0012067909119650722
tracking_flow,kodak24,kodim05,20,ectv_fdncnn,6.0,2.0,1.0,1.0,0.06103578209877014,0.0,0.0,0.08068821579217911,0.07186727225780487,0.0,0.0,-0.003633036045357585,-0.004834404215216637
tracking_flow,kodak24,kodim05,50,noisy,0.0,2.0,1.0,1.0,0.2186574786901474,0.0,0.0,0.24671447277069092,0.21591272950172424,0.0006157635467980296,0.0,0.017793945968151093,0.000586469192057848
tracking_flow,kodak24,kodim05,50,noisy,1.0,2.0,1.0,1.0,0.22212013602256775,0.0036363636363636364,0.0,0.22985297441482544,0.19626550376415253,0.0003518648838845883,0.0,-0.02029205858707428,0.010798877105116844
tracking_flow,kodak24,kodim05,50,noisy,2.0,2.0,1.0,1.0,0.2069525569677353,0.0,0.0,0.2336806207895279,0.20873945951461792,0.001084916725310814,0.0,0.017152316868305206,0.004654555581510067
tracking_flow,kodak24,kodim05,50,noisy,3.0,2.0,1.0,1.0,0.21588002145290375,0.0,0.0,0.24838505685329437,0.2143033742904663,0.0041637344593009615,0.0,0.0077753677032887936,-0.03927082195878029
tracking_flow,kodak24,kodim05,50,noisy,4.0,2.0,1.0,1.0,0.2030220627784729,0.0,0.0,0.239836648106575,0.21198228001594543,0.0013488153882242552,0.0,0.03213239461183548,0.006252721883356571
tracking_flow,kodak24,kodim05,50,noisy,5.0,2.0,1.0,1.0,0.21987122297286987,0.0035211267605633804,0.0,0.23961900174617767,0.20784339308738708,0.003284072249589491,0.0,-0.011232292279601097,-0.006009209901094437
tracking_flow,kodak24,kodim05,50,noisy,6.0,2.0,1.0,1.0,0.21331432461738586,0.0035335689045936395,0.0,0.22551271319389343,0.19616344571113586,0.0,0.0,-0.0035245874896645546,0.01743433251976967
tracking_flow,kodak24,kodim05,50,tv_maxiter,0.0,2.0,1.0,1.0,0.21835291385650635,0.0,0.0,0.25287285447120667,0.22094199061393738,0.0007623739150832747,0.0,0.02526276186108589,0.003374431747943163
tracking_flow,kodak24,kodim05,50,tv_maxiter,1.0,2.0,1.0,1.0,0.2196841984987259,0.0036363636363636364,0.0,0.24433816969394684,0.20728102326393127,0.001172882946281961,0.0,-0.02572667971253395,0.008304874412715435
tracking_flow,kodak24,kodim05,50,tv_maxiter,2.0,2.0,1.0,1.0,0.21020396053791046,0.0,0.0,0.2436031550168991,0.2141406238079071,0.003635937133474079,0.0,0.025072230026125908,0.0070274206809699535
tracking_flow,kodak24,kodim05,50,tv_maxiter,3.0,2.0,1.0,1.0,0.21036112308502197,0.0,0.0,0.25071167945861816,0.21296387910842896,0.0038411916490734225,0.0,0.007370880339294672,-0.038694728165864944
tracking_flow,kodak24,kodim05,50,tv_maxiter,4.0,2.0,1.0,1.0,0.20983196794986725,0.0,0.0,0.2486782968044281,0.2159596085548401,0.00240441003987802,0.0,0.03896062448620796,0.007091051433235407
tracking_flow,kodak24,kodim05,50,tv_maxiter,5.0,2.0,1.0,1.0,0.2178037464618683,0.0,0.0,0.23849423229694366,0.20646172761917114,0.004046446164672765,0.0,-0.019193803891539574,-0.011749847792088985
tracking_flow,kodak24,kodim05,50,tv_maxiter,6.0,2.0,1.0,1.0,0.19701239466667175,0.0035335689045936395,0.0,0.23484785854816437,0.20416398346424103,0.0,0.0,-0.00044728376087732613,0.026223214343190193
tracking_flow,kodak24,kodim05,50,tv_fixedk_val,0.0,2.0,1.0,1.0,0.2185242474079132,0.0,0.0,0.25275519490242004,0.22080935537815094,0.0007623739150832747,0.0,0.025303378701210022,0.0038109375163912773
tracking_flow,kodak24,kodim05,50,tv_fixedk_val,1.0,2.0,1.0,1.0,0.21978074312210083,0.0036363636363636364,0.0,0.24451139569282532,0.20749497413635254,0.001172882946281961,0.0,-0.025928568094968796,0.008243885822594166
tracking_flow,kodak24,kodim05,50,tv_fixedk_val,2.0,2.0,1.0,1.0,0.21034498512744904,0.0,0.0,0.2436010241508484,0.21413660049438477,0.0035479709125029323,0.0,0.02485952153801918,0.006770628970116377
tracking_flow,kodak24,kodim05,50,tv_fixedk_val,3.0,2.0,1.0,1.0,0.21062883734703064,0.0,0.0,0.2508964538574219,0.21290424466133118,0.003958479943701619,0.0,0.007586205843836069,-0.0386849120259285
tracking_flow,kodak24,kodim05,50,tv_fixedk_val,4.0,2.0,1.0,1.0,0.2099124938249588,0.0,0.0,0.24868826568126678,0.21596315503120422,0.00240441003987802,0.0,0.039030760526657104,0.006907505448907614
tracking_flow,kodak24,kodim05,50,tv_fixedk_val,5.0,2.0,1.0,1.0,0.21773074567317963,0.0,0.0,0.2386932522058487,0.2068471908569336,0.004075768238329815,0.0,-0.019394859671592712,-0.011744257062673569
tracking_flow,kodak24,kodim05,50,tv_fixedk_val,6.0,2.0,1.0,1.0,0.197038471698761,0.0035335689045936395,0.0,0.2348233163356781,0.2041432410478592,0.0,0.0,-0.0005390028236433864,0.026287104934453964
tracking_flow,kodak24,kodim05,50,tv_discrepancy,0.0,2.0,1.0,1.0,0.21835291385650635,0.0,0.0,0.25287285447120667,0.22094199061393738,0.0007623739150832747,0.0,0.02526276186108589,0.003374431747943163
tracking_flow,kodak24,kodim05,50,tv_discrepancy,1.0,2.0,1.0,1.0,0.2196841984987259,0.0036363636363636364,0.0,0.24433816969394684,0.20728102326393127,0.001172882946281961,0.0,-0.02572667971253395,0.008304874412715435
tracking_flow,kodak24,kodim05,50,tv_discrepancy,2.0,2.0,1.0,1.0,0.21020396053791046,0.0,0.0,0.2436031550168991,0.2141406238079071,0.003635937133474079,0.0,0.025072230026125908,0.0070274206809699535
tracking_flow,kodak24,kodim05,50,tv_discrepancy,3.0,2.0,1.0,1.0,0.21036112308502197,0.0,0.0,0.25071167945861816,0.21296387910842896,0.0038411916490734225,0.0,0.007370880339294672,-0.038694728165864944
tracking_flow,kodak24,kodim05,50,tv_discrepancy,4.0,2.0,1.0,1.0,0.20983196794986725,0.0,0.0,0.2486782968044281,0.2159596085548401,0.00240441003987802,0.0,0.03896062448620796,0.007091051433235407
tracking_flow,kodak24,kodim05,50,tv_discrepancy,5.0,2.0,1.0,1.0,0.2178037464618683,0.0,0.0,0.23849423229694366,0.20646172761917114,0.004046446164672765,0.0,-0.019193803891539574,-0.011749847792088985
tracking_flow,kodak24,kodim05,50,tv_discrepancy,6.0,2.0,1.0,1.0,0.19701239466667175,0.0035335689045936395,0.0,0.23484785854816437,0.20416398346424103,0.0,0.0,-0.00044728376087732613,0.026223214343190193
tracking_flow,kodak24,kodim05,50,tv_chambolle_val,0.0,2.0,1.0,1.0,0.31968697905540466,0.021739130434782608,0.0,0.2911403775215149,0.24403789639472961,0.007770349519117992,0.0,0.02066626399755478,-0.014314617961645126
tracking_flow,kodak24,kodim05,50,tv_chambolle_val,1.0,2.0,1.0,1.0,0.3263011574745178,0.02181818181818182,0.0,0.31903836131095886,0.2634592056274414,0.014602392681210415,0.0,-0.0831323117017746,0.006638046819716692
tracking_flow,kodak24,kodim05,50,tv_chambolle_val,2.0,2.0,1.0,1.0,0.32025283575057983,0.025362318840579712,0.0,0.29189369082450867,0.2506622076034546,0.005805770584095708,0.0,0.03432118520140648,0.0025723681319504976
tracking_flow,kodak24,kodim05,50,tv_chambolle_val,3.0,2.0,1.0,1.0,0.3085179924964905,0.02120141342756184,0.0,0.2905399203300476,0.23832376301288605,0.013077644851043865,0.0,-0.014133562333881855,-0.04260765388607979
tracking_flow,kodak24,kodim05,50,tv_chambolle_val,4.0,2.0,1.0,1.0,0.3444523811340332,0.017543859649122806,0.0,0.31359773874282837,0.2555874288082123,0.019645789350222848,0.0,0.026027070358395576,0.00534673361107707
tracking_flow,kodak24,kodim05,50,tv_chambolle_val,5.0,2.0,1.0,1.0,0.3396313190460205,0.035211267605633804,0.0,0.27902692556381226,0.22863838076591492,0.012755102040816327,0.0,-0.018024073913693428,-0.04320157691836357
tracking_flow,kodak24,kodim05,50,tv_chambolle_val,6.0,2.0,1.0,1.0,0.3161943256855011,0.02120141342756184,0.0,0.29777300357818604,0.25176841020584106,0.01023340370631011,0.0,-0.03935328125953674,0.05382836237549782
tracking_flow,kodak24,kodim05,50,ectv,0.0,2.0,1.0,1.0,0.21835291385650635,0.0,0.0,0.25287285447120667,0.22094199061393738,0.0007623739150832747,0.0,0.02526276186108589,0.003374431747943163
tracking_flow,kodak24,kodim05,50,ectv,1.0,2.0,1.0,1.0,0.2196841984987259,0.0036363636363636364,0.0,0.24433816969394684,0.20728102326393127,0.001172882946281961,0.0,-0.02572667971253395,0.008304874412715435
tracking_flow,kodak24,kodim05,50,ectv,2.0,2.0,1.0,1.0,0.21020396053791046,0.0,0.0,0.2436031550168991,0.2141406238079071,0.003635937133474079,0.0,0.025072230026125908,0.0070274206809699535
tracking_flow,kodak24,kodim05,50,ectv,3.0,2.0,1.0,1.0,0.21036112308502197,0.0,0.0,0.25071167945861816,0.21296387910842896,0.0038411916490734225,0.0,0.007370880339294672,-0.038694728165864944
tracking_flow,kodak24,kodim05,50,ectv,4.0,2.0,1.0,1.0,0.20983196794986725,0.0,0.0,0.2486782968044281,0.2159596085548401,0.00240441003987802,0.0,0.03896062448620796,0.007091051433235407
tracking_flow,kodak24,kodim05,50,ectv,5.0,2.0,1.0,1.0,0.2178037464618683,0.0,0.0,0.23849423229694366,0.20646172761917114,0.004046446164672765,0.0,-0.019193803891539574,-0.011749847792088985
tracking_flow,kodak24,kodim05,50,ectv,6.0,2.0,1.0,1.0,0.19701239466667175,0.0035335689045936395,0.0,0.23484785854816437,0.20416398346424103,0.0,0.0,-0.00044728376087732613,0.026223214343190193
tracking_flow,kodak24,kodim05,50,ectv_fidelity,0.0,2.0,1.0,1.0,0.2760162353515625,0.021739130434782608,0.0,0.27113592624664307,0.21932880580425262,0.009558996012197982,0.0,0.020260829478502274,-0.03444039076566696
tracking_flow,kodak24,kodim05,50,ectv_fidelity,1.0,2.0,1.0,1.0,0.2883450984954834,0.014545454545454545,0.0,0.2947518825531006,0.24432602524757385,0.017915787004456955,0.0,-0.07892381399869919,0.017330052331089973
tracking_flow,kodak24,kodim05,50,ectv_fidelity,2.0,2.0,1.0,1.0,0.281305193901062,0.021739130434782608,0.0,0.26791152358055115,0.228743314743042,0.004574243490499648,0.0,0.030335210263729095,-0.0007584688137285411
tracking_flow,kodak24,kodim05,50,ectv_fidelity,3.0,2.0,1.0,1.0,0.27421697974205017,0.024734982332155476,0.0,0.2731268107891083,0.2213056981563568,0.01087848932676519,0.0,-0.031319331377744675,-0.05095476657152176
tracking_flow,kodak24,kodim05,50,ectv_fidelity,4.0,2.0,1.0,1.0,0.30477654933929443,0.017543859649122806,0.0,0.2917216718196869,0.23405402898788452,0.0180037532254281,0.0,0.022260542958974838,-0.0005224233609624207
tracking_flow,kodak24,kodim05,50,ectv_fidelity,5.0,2.0,1.0,1.0,0.30186811089515686,0.028169014084507043,0.0,0.2540479600429535,0.20487409830093384,0.009998827117053717,0.0,-0.027427267283201218,-0.03573426604270935
tracking_flow,kodak24,kodim05,50,ectv_fidelity,6.0,2.0,1.0,1.0,0.274258017539978,0.014134275618374558,0.0,0.2746161222457886,0.22637680172920227,0.01023340370631011,0.0,-0.03580056130886078,0.040865883231163025
tracking_flow,kodak24,kodim05,50,bilateral_val,0.0,2.0,1.0,1.0,0.25783684849739075,0.018115942028985508,0.0,0.2824970483779907,0.22490078210830688,0.009734928454140276,0.0,-0.02143000438809395,-0.0013273701770231128
tracking_flow,kodak24,kodim05,50,bilateral_val,1.0,2.0,1.0,1.0,0.2598995268344879,0.0036363636363636364,0.0,0.2801770567893982,0.22746264934539795,0.00630424583626554,0.0,-0.04639492556452751,-0.004130219575017691
tracking_flow,kodak24,kodim05,50,bilateral_val,2.0,2.0,1.0,1.0,0.23125046491622925,0.0,0.0,0.2715383470058441,0.219764843583107,0.0073011963406052075,0.0,-0.03982599824666977,-0.023520901799201965
tracking_flow,kodak24,kodim05,50,bilateral_val,3.0,2.0,1.0,1.0,0.25576654076576233,0.01060070671378092,0.0,0.27537354826927185,0.23497256636619568,0.013752052545155994,0.0,-0.03125978261232376,-0.0486401729285717
tracking_flow,kodak24,kodim05,50,bilateral_val,4.0,2.0,1.0,1.0,0.24808847904205322,0.0035087719298245615,0.0,0.2600919306278229,0.22195404767990112,0.006069669247009148,0.0,0.012560318224132061,-0.010305475443601608
tracking_flow,kodak24,kodim05,50,bilateral_val,5.0,2.0,1.0,1.0,0.245956152677536,0.0035211267605633804,0.0,0.26005324721336365,0.22003330290317535,0.0009676284306826178,0.0,-0.06876076012849808,-0.05242134630680084
tracking_flow,kodak24,kodim05,50,bilateral_val,6.0,2.0,1.0,1.0,0.24331249296665192,0.014134275618374558,0.0,0.2744976580142975,0.21384704113006592,0.009295097349284541,0.0,-0.06942224502563477,0.03320919722318649
tracking_flow,kodak24,kodim05,50,pm_diff_val,0.0,2.0,1.0,1.0,0.28838929533958435,0.0036231884057971015,0.0,0.2874912917613983,0.24776560068130493,0.0013194933145672062,0.0,0.032108813524246216,0.013093039393424988
tracking_flow,kodak24,kodim05,50,pm_diff_val,1.0,2.0,1.0,1.0,0.2841046154499054,0.01090909090909091,0.0,0.2930075228214264,0.24737310409545898,0.0060403471733521,0.0,-0.03671157360076904,0.010305564850568771
tracking_flow,kodak24,kodim05,50,pm_diff_val,2.0,2.0,1.0,1.0,0.28300249576568604,0.007246376811594203,0.0,0.2831428647041321,0.24436160922050476,0.007770349519117992,0.0,0.03642101585865021,0.010957061313092709
tracking_flow,kodak24,kodim05,50,pm_diff_val,3.0,2.0,1.0,1.0,0.2691801190376282,0.0035335689045936395,0.0,0.28021013736724854,0.23584018647670746,0.0105266244428806,0.0,0.005893879570066929,-0.04342646524310112
tracking_flow,kodak24,kodim05,50,pm_diff_val,4.0,2.0,1.0,1.0,0.29554131627082825,0.0035087719298245615,0.0,0.28592395782470703,0.24346885085105896,0.00873797794980061,0.0,0.045022349804639816,0.012378090061247349
tracking_flow,kodak24,kodim05,50,pm_diff_val,5.0,2.0,1.0,1.0,0.2929805815219879,0.007042253521126761,0.0,0.266487717628479,0.2262401133775711,0.007330518414262257,0.0,-0.01838858053088188,-0.015488669276237488
tracking_flow,kodak24,kodim05,50,pm_diff_val,6.0,2.0,1.0,1.0,0.2657673954963684,0.0035335689045936395,0.0,0.2792333662509918,0.24338902533054352,0.0014074595355383533,0.0,-0.007729966193437576,0.0481882207095623
tracking_flow,kodak24,kodim05,50,wavelet_bayes,0.0,2.0,1.0,1.0,0.7243572473526001,0.2463768115942029,0.0036231884057971015,0.506301999092102,0.4483913779258728,0.08365587614356088,0.0,-0.0655648484826088,-0.12162695825099945
tracking_flow,kodak24,kodim05,50,wavelet_bayes,1.0,2.0,1.0,1.0,0.7360270619392395,0.2509090909090909,0.0036363636363636364,0.5379465222358704,0.48771360516548157,0.07755688482289468,0.0,-0.184011310338974,-0.1541445404291153
tracking_flow,kodak24,kodim05,50,wavelet_bayes,2.0,2.0,1.0,1.0,0.7139378786087036,0.23550724637681159,0.0036231884057971015,0.49879732728004456,0.45687079429626465,0.056708890452732814,0.0,-0.08840473741292953,-0.16265420615673065
tracking_flow,kodak24,kodim05,50,wavelet_bayes,3.0,2.0,1.0,1.0,0.6621376276016235,0.18374558303886926,0.0,0.48924046754837036,0.4326653480529785,0.062338728594886234,0.0,-0.14546357095241547,-0.22196955978870392
tracking_flow,kodak24,kodim05,50,wavelet_bayes,4.0,2.0,1.0,1.0,0.6998229026794434,0.23508771929824562,0.0,0.4665370583534241,0.3896002769470215,0.06670771756978654,0.0,-0.0568104088306427,-0.16573001444339752
tracking_flow,kodak24,kodim05,50,wavelet_bayes,5.0,2.0,1.0,1.0,0.7179866433143616,0.22887323943661972,0.0,0.49374523758888245,0.4340590238571167,0.06928806005160686,0.0,-0.11578630656003952,-0.16206753253936768
tracking_flow,kodak24,kodim05,50,wavelet_bayes,6.0,2.0,1.0,1.0,0.6482117176055908,0.18021201413427562,0.0035335689045936395,0.47427821159362793,0.4193156957626343,0.051460239268121044,0.0,-0.09931617230176926,-0.0663827434182167
tracking_flow,kodak24,kodim05,50,nlm,0.0,2.0,1.0,1.0,0.32088783383369446,0.021739130434782608,0.0036231884057971015,0.2817346155643463,0.2183939516544342,0.014250527797325828,0.0,-0.009296203032135963,-0.05713425949215889
tracking_flow,kodak24,kodim05,50,nlm,1.0,2.0,1.0,1.0,0.3071936368942261,0.01818181818181818,0.0,0.30041056871414185,0.23016709089279175,0.018912737508796622,0.0,-0.11109553277492523,-0.010182877071201801
tracking_flow,kodak24,kodim05,50,nlm,2.0,2.0,1.0,1.0,0.3167920410633087,0.03985507246376811,0.0,0.3045255243778229,0.2415696680545807,0.019733755571193994,0.0,-0.01216251403093338,-0.03218451142311096
tracking_flow,kodak24,kodim05,50,nlm,3.0,2.0,1.0,1.0,0.31748101115226746,0.03180212014134275,0.0035335689045936395,0.2906044125556946,0.23427526652812958,0.021522402064273985,0.0,-0.05648897960782051,-0.08099481463432312
tracking_flow,kodak24,kodim05,50,nlm,4.0,2.0,1.0,1.0,0.33605068922042847,0.042105263157894736,0.0,0.31070929765701294,0.23258459568023682,0.03310462115880835,0.0,0.0036199321039021015,0.028021173551678658
tracking_flow,kodak24,kodim05,50,nlm,5.0,2.0,1.0,1.0,0.32606270909309387,0.035211267605633804,0.0,0.2747042775154114,0.21640606224536896,0.02137579169598874,0.0,-0.07561790943145752,-0.08183992654085159
tracking_flow,kodak24,kodim05,50,nlm,6.0,2.0,1.0,1.0,0.2949599027633667,0.02120141342756184,0.007067137809187279,0.2737925946712494,0.22420009970664978,0.010966455547736335,0.0,-0.062475379556417465,0.017152119427919388
tracking_flow,kodak24,kodim05,50,bm3d,0.0,2.0,1.0,1.0,0.19687804579734802,0.0,0.0,0.22413252294063568,0.18260107934474945,0.007359840487919306,0.0,0.017496243119239807,-0.022119766101241112
tracking_flow,kodak24,kodim05,50,bm3d,1.0,2.0,1.0,1.0,0.2215116173028946,0.0,0.0,0.2331990748643875,0.1880379617214203,0.005043396669012433,0.0,-0.029395053163170815,-0.00018116732826456428
tracking_flow,kodak24,kodim05,50,bm3d,2.0,2.0,1.0,1.0,0.21818047761917114,0.0036231884057971015,0.0,0.2395031750202179,0.20417127013206482,0.003753225428102275,0.0,0.018452830612659454,0.0071493894793093204
tracking_flow,kodak24,kodim05,50,bm3d,3.0,2.0,1.0,1.0,0.2179402858018875,0.0035335689045936395,0.0,0.23359335958957672,0.19132453203201294,0.00542458362655407,0.0,-0.0220269113779068,-0.05205158889293671
tracking_flow,kodak24,kodim05,50,bm3d,4.0,2.0,1.0,1.0,0.2314484715461731,0.0035087719298245615,0.0,0.2569020390510559,0.1996549814939499,0.012491203377902885,0.0,0.023964669555425644,0.004595302511006594
tracking_flow,kodak24,kodim05,50,bm3d,5.0,2.0,1.0,1.0,0.22012607753276825,0.0,0.0,0.22142614424228668,0.17876999080181122,0.003460004691531785,0.0,-0.022597311064600945,-0.017806800082325935
tracking_flow,kodak24,kodim05,50,bm3d,6.0,2.0,1.0,1.0,0.198271244764328,0.0,0.0,0.22834379971027374,0.1934327781200409,0.0028442411447337558,0.0,-0.02740120142698288,0.027394184842705727
tracking_flow,kodak24,kodim05,50,fdncnn_color,0.0,2.0,1.0,1.0,0.18349812924861908,0.0036231884057971015,0.0,0.21754327416419983,0.17692598700523376,0.007447806708890453,0.0,0.02577946148812771,-0.013536929152905941
tracking_flow,kodak24,kodim05,50,fdncnn_color,1.0,2.0,1.0,1.0,0.20433568954467773,0.0,0.0,0.224984809756279,0.17115232348442078,0.009383063570255689,0.0,-0.03811201453208923,-0.009356845170259476
tracking_flow,kodak24,kodim05,50,fdncnn_color,2.0,2.0,1.0,1.0,0.20571327209472656,0.007246376811594203,0.0,0.23307359218597412,0.1979895532131195,0.003430682617874736,0.0,0.023066971451044083,0.017390457913279533
tracking_flow,kodak24,kodim05,50,fdncnn_color,3.0,2.0,1.0,1.0,0.2020823061466217,0.007067137809187279,0.0,0.22235962748527527,0.1804518699645996,0.004955430448041286,0.0,-0.017229076474905014,-0.05423329025506973
tracking_flow,kodak24,kodim05,50,fdncnn_color,4.0,2.0,1.0,1.0,0.20079927146434784,0.0035087719298245615,0.0,0.22009454667568207,0.17406561970710754,0.00724255219329111,0.0,0.01581096462905407,0.006413312163203955
tracking_flow,kodak24,kodim05,50,fdncnn_color,5.0,2.0,1.0,1.0,0.1997232586145401,0.0,0.0,0.2048768550157547,0.16924282908439636,0.002433732113535069,0.0,-0.018613018095493317,-0.005585697013884783
tracking_flow,kodak24,kodim05,50,fdncnn_color,6.0,2.0,1.0,1.0,0.1935468167066574,0.0,0.0,0.2214837670326233,0.18270570039749146,0.004574243490499648,0.0,-0.018360977992415428,0.011945447884500027
tracking_flow,kodak24,kodim05,50,ectv_fdncnn,0.0,2.0,1.0,1.0,0.18349812924861908,0.0036231884057971015,0.0,0.21754327416419983,0.17692598700523376,0.007447806708890453,0.0,0.02577946148812771,-0.013536929152905941
tracking_flow,kodak24,kodim05,50,ectv_fdncnn,1.0,2.0,1.0,1.0,0.20433568954467773,0.0,0.0,0.224984809756279,0.17115232348442078,0.009383063570255689,0.0,-0.03811201453208923,-0.009356845170259476
tracking_flow,kodak24,kodim05,50,ectv_fdncnn,2.0,2.0,1.0,1.0,0.20571327209472656,0.007246376811594203,0.0,0.23307359218597412,0.1979895532131195,0.003430682617874736,0.0,0.023066971451044083,0.017390457913279533
tracking_flow,kodak24,kodim05,50,ectv_fdncnn,3.0,2.0,1.0,1.0,0.2020823061466217,0.007067137809187279,0.0,0.22235962748527527,0.1804518699645996,0.004955430448041286,0.0,-0.017229076474905014,-0.05423329025506973
tracking_flow,kodak24,kodim05,50,ectv_fdncnn,4.0,2.0,1.0,1.0,0.20079927146434784,0.0035087719298245615,0.0,0.22009454667568207,0.17406561970710754,0.00724255219329111,0.0,0.01581096462905407,0.006413312163203955
tracking_flow,kodak24,kodim05,50,ectv_fdncnn,5.0,2.0,1.0,1.0,0.1997232586145401,0.0,0.0,0.2048768550157547,0.16924282908439636,0.002433732113535069,0.0,-0.018613018095493317,-0.005585697013884783
tracking_flow,kodak24,kodim05,50,ectv_fdncnn,6.0,2.0,1.0,1.0,0.1935468167066574,0.0,0.0,0.2214837670326233,0.18270570039749146,0.004574243490499648,0.0,-0.018360977992415428,0.011945447884500027
