task,dataset,image,sigma255,seed,method,psnr,ssim,grad_corr,grad_mae,tv_input,tv_output,iterations,runtime,budget,removed,p,gamma,lambda,alpha,eta,accepted
synthetic_image,kodak24,kodim01,25.0,0,noisy,20.23713313567132,0.4939862787723541,0.9113965630531312,0.0378751195967197,0.3574408888816833,0.3574408888816833,0,0.0,0.0,0.0,0.0,,,,,
synthetic_image,kodak24,kodim01,25.0,0,fdncnn_color,29.98426532598494,0.8668355345726013,0.9678882360458374,0.0175042748451232,0.3574408888816833,0.0999395474791526,0,1.1472281999995175,,,0.0,,,,,
synthetic_image,kodak24,kodim01,25.0,0,ectv_fdncnn,29.98426532598494,0.8668355345726013,0.9678882360458374,0.0175042748451232,0.3574408888816833,0.0999395474791526,0,1.149445499999274,0.333308650746332,0.2575013414025306,0.6839397205857212,0.32,,0.3333333333333333,1.0,1.0
synthetic_image,kodak24,kodim02,25.0,0,noisy,20.54486705473801,0.2433896213769912,0.7176505923271179,0.0445957891643047,0.3187473118305206,0.3187473118305206,0,0.0,0.0,0.0,0.0,,,,,
synthetic_image,kodak24,kodim02,25.0,0,fdncnn_color,32.90700791075966,0.8499262928962708,0.9405280947685242,0.0089980959892272,0.3187473118305206,0.0324414744973182,0,1.1612638999995395,,,0.0,,,,,
synthetic_image,kodak24,kodim02,25.0,0,ectv_fdncnn,32.90700791075966,0.8499262928962708,0.9405280947685242,0.0089980959892272,0.3187473118305206,0.0324414744973182,0,1.1632831999995688,0.333308650746332,0.2863058373332023,0.6839397205857212,0.32,,0.3333333333333333,1.0,1.0
synthetic_image,kodak24,kodim03,25.0,0,noisy,20.34299691502423,0.2831827402114868,0.785407304763794,0.0441401861608028,0.3265019357204437,0.3265019357204437,0,0.0,0.0,0.0,0.0,,,,,
synthetic_image,kodak24,kodim03,25.0,0,fdncnn_color,33.74246241070513,0.9090848565101624,0.9670681357383728,0.0094848256558179,0.3265019357204437,0.0365758128464221,0,1.1583699000002523,,,0.0,,,,,
synthetic_image,kodak24,kodim03,25.0,0,ectv_fdncnn,33.74246241070513,0.9090848565101624,0.9670681357383728,0.0094848256558179,0.3265019357204437,0.0365758128464221,0,1.160326999999597,0.333308650746332,0.2899261228740215,0.6839397205857212,0.32,,0.3333333333333333,1.0,1.0
synthetic_image,kodak24,kodim04,25.0,0,noisy,20.31404746302467,0.3271660804748535,0.8350663781166077,0.0401672162115573,0.3333169519901275,0.3333169519901275,0,0.0,0.0,0.0,0.0,,,,,
synthetic_image,kodak24,kodim04,25.0,0,fdncnn_color,32.25404182579637,0.8648397326469421,0.9629262089729308,0.0115960370749235,0.3333169519901275,0.048906322568655,0,1.166472099999737,,,0.0,,,,,
synthetic_image,kodak24,kodim04,25.0,0,ectv_fdncnn,32.25404182579637,0.8648397326469421,0.9629262089729308,0.0115960370749235,0.3333169519901275,0.048906322568655,0,1.168532599998798,0.333308650746332,0.2844106294214725,0.6839397205857212,0.32,,0.3333333333333333,1.0,1.0
synthetic_image,kodak24,kodim05,25.0,0,noisy,20.406272624175745,0.627474844455719,0.9456291198730468,0.0351944677531719,0.3711698949337005,0.3711698949337005,0,0.0,0.0,0.0,0.0,,,,,
synthetic_image,kodak24,kodim05,25.0,0,fdncnn_color,28.31034769269645,0.8880875110626221,0.976771593093872,0.0206744857132434,0.3711698949337005,0.1336337924003601,0,1.1660140000003594,,,0.0,,,,,
synthetic_image,kodak24,kodim05,25.0,0,ectv_fdncnn,28.31034769269645,0.8880875110626221,0.976771593093872,0.0206744857132434,0.3711698949337005,0.1336337924003601,0,1.168128200000865,0.333308650746332,0.2375361025333404,0.6839397205857212,0.32,,0.3333333333333333,1.0,1.0
synthetic_image,kodak24,kodim06,25.0,0,noisy,20.379520556179337,0.3423655927181244,0.8727362155914307,0.0385643988847732,0.3347497880458832,0.3347497880458832,0,0.0,0.0,0.0,0.0,,,,,
synthetic_image,kodak24,kodim06,25.0,0,fdncnn_color,30.78690827443935,0.842510461807251,0.9650829434394836,0.0142357209697365,0.3347497880458832,0.0616419427096843,0,1.1839734999994107,,,0.0,,,,,
synthetic_image,kodak24,kodim06,25.0,0,ectv_fdncnn,30.78690827443935,0.842510461807251,0.9650829434394836,0.0142357209697365,0.3347497880458832,0.0616419427096843,0,1.1859190999985003,0.333308650746332,0.2731078453361988,0.6839397205857212,0.32,,0.3333333333333333,1.0,1.0
synthetic_image,kodak24,kodim07,25.0,0,noisy,20.26888598129389,0.4495124816894531,0.877988874912262,0.041043572127819,0.3469018936157226,0.3469018936157226,0,0.0,0.0,0.0,0.0,,,,,
synthetic_image,kodak24,kodim07,25.0,0,fdncnn_color,31.118399057201827,0.9216473698616028,0.9699862003326416,0.0136610446497797,0.3469018936157226,0.0843571797013282,0,1.1809092000003147,,,0.0,,,,,
synthetic_image,kodak24,kodim07,25.0,0,ectv_fdncnn,31.118399057201827,0.9216473698616028,0.9699862003326416,0.0136610446497797,0.3469018936157226,0.0843571797013282,0,1.1829835000007731,0.333308650746332,0.2625447139143944,0.6839397205857212,0.32,,0.3333333333333333,1.0,1.0
synthetic_image,kodak24,kodim08,25.0,0,noisy,20.340010462457023,0.6444599628448486,0.9581725001335144,0.0363700091838836,0.3905345499515533,0.3905345499515533,0,0.0,0.0,0.0,0.0,,,,,
synthetic_image,kodak24,kodim08,25.0,0,fdncnn_color,29.177748897883223,0.9238758087158204,0.9862439036369324,0.0187795832753181,0.3905345499515533,0.1635815054178238,0,1.3897114999999758,,,0.0,,,,,
synthetic_image,kodak24,kodim08,25.0,0,ectv_fdncnn,29.177748897883223,0.9238758087158204,0.9862439036369324,0.0187795832753181,0.3905345499515533,0.1635815054178238,0,1.392194300000483,0.333308650746332,0.2269530445337295,0.6839397205857212,0.32,,0.3333333333333333,1.0,1.0
synthetic_image,kodak24,kodim09,25.0,0,noisy,20.19217616596625,0.3144519329071045,0.836405336856842,0.0442250370979309,0.341338962316513,0.341338962316513,0,0.0,0.0,0.0,0.0,,,,,
synthetic_image,kodak24,kodim09,25.0,0,fdncnn_color,33.10515221509068,0.9275217056274414,0.9755696654319764,0.0100424196571111,0.341338962316513,0.0546866953372955,0,1.2018038999995042,,,0.0,,,,,
synthetic_image,kodak24,kodim09,25.0,0,ectv_fdncnn,33.10515221509068,0.9275217056274414,0.9755696654319764,0.0100424196571111,0.341338962316513,0.0546866953372955,0,1.2049398999988623,0.333308650746332,0.2866522669792175,0.6839397205857212,0.32,,0.3333333333333333,1.0,1.0
synthetic_image,kodak24,kodim10,25.0,0,noisy,20.21060717021069,0.3276374638080597,0.8382998108863831,0.0420861095190048,0.3377695679664612,0.3377695679664612,0,0.0,0.0,0.0,0.0,,,,,
synthetic_image,kodak24,kodim10,25.0,0,fdncnn_color,32.30162886562684,0.8987066149711609,0.9654423594474792,0.0124033978208899,0.3377695679664612,0.0518216863274574,0,1.175218500000483,,,0.0,,,,,
synthetic_image,kodak24,kodim10,25.0,0,ectv_fdncnn,32.30162886562684,0.8987066149711609,0.9654423594474792,0.0124033978208899,0.3377695679664612,0.0518216863274574,0,1.1773722000016278,0.333308650746332,0.2859478816390037,0.6839397205857212,0.32,,0.3333333333333333,1.0,1.0
synthetic_image,kodak24,kodim11,25.0,0,noisy,20.38691477138262,0.3850190937519073,0.8680717349052429,0.0397998392581939,0.3348336815834045,0.3348336815834045,0,0.0,0.0,0.0,0.0,,,,,
synthetic_image,kodak24,kodim11,25.0,0,fdncnn_color,31.287145656191196,0.8666837811470032,0.9675964117050172,0.0137048056349158,0.3348336815834045,0.0608394257724285,0,1.1959595999996964,,,0.0,,,,,
synthetic_image,kodak24,kodim11,25.0,0,ectv_fdncnn,31.287145656191196,0.8666837811470032,0.9675964117050172,0.0137048056349158,0.3348336815834045,0.0608394257724285,0,1.1979991999996855,0.333308650746332,0.273994255810976,0.6839397205857212,0.32,,0.3333333333333333,1.0,1.0
synthetic_image,kodak24,kodim12,25.0,0,noisy,20.287299931849287,0.2542066276073456,0.8381350040435791,0.0428186170756816,0.3317552208900451,0.3317552208900451,0,0.0,0.0,0.0,0.0,,,,,
synthetic_image,kodak24,kodim12,25.0,0,fdncnn_color,33.34158243216539,0.8789424896240234,0.9758835434913636,0.0104558207094669,0.3317552208900451,0.0398917943239212,0,1.1886326999992889,,,0.0,,,,,
synthetic_image,kodak24,kodim12,25.0,0,ectv_fdncnn,33.34158243216539,0.8789424896240234,0.9758835434913636,0.0104558207094669,0.3317552208900451,0.0398917943239212,0,1.1907691999986127,0.333308650746332,0.2918634265661239,0.6839397205857212,0.32,,0.3333333333333333,1.0,1.0
synthetic_image,kodak24,kodim13,25.0,0,noisy,20.30455495890902,0.5144762992858887,0.9253571629524232,0.0354437232017517,0.3623003959655761,0.3623003959655761,0,0.0,0.0,0.0,0.0,,,,,
synthetic_image,kodak24,kodim13,25.0,0,fdncnn_color,28.45131093298268,0.836804211139679,0.9623399376869202,0.0209932271391153,0.3623003959655761,0.1100309416651725,0,1.191300800001045,,,0.0,,,,,
synthetic_image,kodak24,kodim13,25.0,0,ectv_fdncnn,28.45131093298268,0.836804211139679,0.9623399376869202,0.0209932271391153,0.3623003959655761,0.1100309416651725,0,1.1935730000004696,0.333308650746332,0.2522694543004036,0.6839397205857212,0.32,,0.3333333333333333,1.0,1.0
synthetic_image,kodak24,kodim14,25.0,0,noisy,20.38068130159033,0.4776504933834076,0.9032535552978516,0.0365088135004043,0.3466903269290924,0.3466903269290924,0,0.0,0.0,0.0,0.0,,,,,
synthetic_image,kodak24,kodim14,25.0,0,fdncnn_color,29.448233605693417,0.8590006232261658,0.9616870284080504,0.0175636727362871,0.3466903269290924,0.088402472436428,0,1.2332755000006728,,,0.0,,,,,
synthetic_image,kodak24,kodim14,25.0,0,ectv_fdncnn,29.448233605693417,0.8590006232261658,0.9616870284080504,0.0175636727362871,0.3466903269290924,0.088402472436428,0,1.2356101000004855,0.333308650746332,0.2582878544926643,0.6839397205857212,0.32,,0.3333333333333333,1.0,1.0
synthetic_image,kodak24,kodim15,25.0,0,noisy,20.78336904271712,0.3274954855442047,0.8978620767593384,0.0374905616044998,0.3170394599437713,0.3170394599437713,0,0.0,0.0,0.0,0.0,,,,,
synthetic_image,kodak24,kodim15,25.0,0,fdncnn_color,31.82249234892922,0.9000816941261292,0.9839295148849488,0.010284325107932,0.3170394599437713,0.050084576010704,0,1.199814999999944,,,0.0,,,,,
synthetic_image,kodak24,kodim15,25.0,0,ectv_fdncnn,31.82249234892922,0.9000816941261292,0.9839295148849488,0.010284325107932,0.3170394599437713,0.050084576010704,0,1.2019433000004938,0.333308650746332,0.2669548839330673,0.6839397205857212,0.32,,0.3333333333333333,1.0,1.0
synthetic_image,kodak24,kodim16,25.0,0,noisy,20.243520668414167,0.2719143331050873,0.7926938533782959,0.041103258728981,0.3292142152786255,0.3292142152786255,0,0.0,0.0,0.0,0.0,,,,,
synthetic_image,kodak24,kodim16,25.0,0,fdncnn_color,32.956187581774586,0.8581705093383789,0.936306893825531,0.0120923863723874,0.3292142152786255,0.036106776446104,0,1.2292801999992662,,,0.0,,,,,
synthetic_image,kodak24,kodim16,25.0,0,ectv_fdncnn,32.956187581774586,0.8581705093383789,0.936306893825531,0.0120923863723874,0.3292142152786255,0.036106776446104,0,1.231267499999376,0.333308650746332,0.2931074388325214,0.6839397205857212,0.32,,0.3333333333333333,1.0,1.0
synthetic_image,kodak24,kodim17,25.0,0,noisy,20.590681523853632,0.3991856276988983,0.8787004947662354,0.0366809889674186,0.3247833549976349,0.3247833549976349,0,0.0,0.0,0.0,0.0,,,,,
synthetic_image,kodak24,kodim17,25.0,0,fdncnn_color,31.385544432987565,0.8813161253929138,0.963969886302948,0.0144251827150583,0.3247833549976349,0.0614210814237594,0,1.2085659999993368,,,0.0,,,,,
synthetic_image,kodak24,kodim17,25.0,0,ectv_fdncnn,31.385544432987565,0.8813161253929138,0.963969886302948,0.0144251827150583,0.3247833549976349,0.0614210814237594,0,1.210833499999353,0.333308650746332,0.2633622735738754,0.6839397205857212,0.32,,0.3333333333333333,1.0,1.0
synthetic_image,kodak24,kodim18,25.0,0,noisy,20.4561094079742,0.4210644662380218,0.8845986723899841,0.0376406423747539,0.3397057652473449,0.3397057652473449,0,0.0,0.0,0.0,0.0,,,,,
synthetic_image,kodak24,kodim18,25.0,0,fdncnn_color,29.44378799371688,0.8360360264778137,0.948712170124054,0.0180782377719879,0.3397057652473449,0.0717029273509979,0,1.3670854000010877,,,0.0,,,,,
synthetic_image,kodak24,kodim18,25.0,0,ectv_fdncnn,29.44378799371688,0.8360360264778137,0.948712170124054,0.0180782377719879,0.3397057652473449,0.0717029273509979,0,1.3691474000006565,0.333308650746332,0.268002837896347,0.6839397205857212,0.32,,0.3333333333333333,1.0,1.0
synthetic_image,kodak24,kodim19,25.0,0,noisy,20.26793138335912,0.3540754318237304,0.8786724805831909,0.0405574813485145,0.3461789488792419,0.3461789488792419,0,0.0,0.0,0.0,0.0,,,,,
synthetic_image,kodak24,kodim19,25.0,0,fdncnn_color,31.955956511436785,0.8698620796203613,0.9757922887802124,0.0129169803112745,0.3461789488792419,0.06907369941473,0,1.2394332999992912,,,0.0,,,,,
synthetic_image,kodak24,kodim19,25.0,0,ectv_fdncnn,31.955956511436785,0.8698620796203613,0.9757922887802124,0.0129169803112745,0.3461789488792419,0.06907369941473,0,1.242196999999578,0.333308650746332,0.2771052494645118,0.6839397205857212,0.32,,0.3333333333333333,1.0,1.0
synthetic_image,kodak24,kodim20,25.0,0,noisy,21.389242213722248,0.3517024219036102,0.8895676732063293,0.0350971557199955,0.279439240694046,0.279439240694046,0,0.0,0.0,0.0,0.0,,,,,
synthetic_image,kodak24,kodim20,25.0,0,fdncnn_color,29.914492334948257,0.9308895468711852,0.9812850952148438,0.00858043320477,0.279439240694046,0.0460244007408618,0,1.271242999999231,,,0.0,,,,,
synthetic_image,kodak24,kodim20,25.0,0,ectv_fdncnn,29.914492334948257,0.9308895468711852,0.9812850952148438,0.00858043320477,0.279439240694046,0.0460244007408618,0,1.2738112999995792,0.333308650746332,0.2334148399531841,0.6839397205857212,0.32,,0.3333333333333333,1.0,1.0
synthetic_image,kodak24,kodim21,25.0,0,noisy,20.240751262418527,0.3866927623748779,0.8721193075180054,0.0424216501414775,0.3459122776985168,0.3459122776985168,0,0.0,0.0,0.0,0.0,,,,,
synthetic_image,kodak24,kodim21,25.0,0,fdncnn_color,31.0582180750937,0.9099003672599792,0.9725511074066162,0.0127410180866718,0.3459122776985168,0.070104070007801,0,1.207439699999668,,,0.0,,,,,
synthetic_image,kodak24,kodim21,25.0,0,ectv_fdncnn,31.0582180750937,0.9099003672599792,0.9725511074066162,0.0127410180866718,0.3459122776985168,0.070104070007801,0,1.2099870000001829,0.333308650746332,0.2758082076907158,0.6839397205857212,0.32,,0.3333333333333333,1.0,1.0
synthetic_image,kodak24,kodim22,25.0,0,noisy,20.244717248635588,0.3452346324920654,0.8291034698486328,0.0401342213153839,0.3359944224357605,0.3359944224357605,0,0.0,0.0,0.0,0.0,,,,,
synthetic_image,kodak24,kodim22,25.0,0,fdncnn_color,30.81855996819556,0.8316112160682678,0.9413231611251832,0.0140721257776021,0.3359944224357605,0.0521354079246521,0,1.2023804000000382,,,0.0,,,,,
synthetic_image,kodak24,kodim22,25.0,0,ectv_fdncnn,30.81855996819556,0.8316112160682678,0.9413231611251832,0.0140721257776021,0.3359944224357605,0.0521354079246521,0,1.2048875000000407,0.333308650746332,0.2838590145111084,0.6839397205857212,0.32,,0.3333333333333333,1.0,1.0
synthetic_image,kodak24,kodim23,25.0,0,noisy,20.36068275245688,0.3317787647247314,0.8055645823478699,0.0422110967338085,0.3287602663040161,0.3287602663040161,0,0.0,0.0,0.0,0.0,,,,,
synthetic_image,kodak24,kodim23,25.0,0,fdncnn_color,32.717157201891595,0.9091816544532776,0.9681881070137024,0.0093144904822111,0.3287602663040161,0.0491313934326171,0,1.1827711000005363,,,0.0,,,,,
synthetic_image,kodak24,kodim23,25.0,0,ectv_fdncnn,32.717157201891595,0.9091816544532776,0.9681881070137024,0.0093144904822111,0.3287602663040161,0.0491313934326171,0,1.1855213999988337,0.333308650746332,0.2796288728713989,0.6839397205857212,0.32,,0.3333333333333333,1.0,1.0
synthetic_image,kodak24,kodim24,25.0,0,noisy,20.333764988745155,0.4602055847644806,0.8953266143798828,0.0378256626427173,0.3455153405666351,0.3455153405666351,0,0.0,0.0,0.0,0.0,,,,,
synthetic_image,kodak24,kodim24,25.0,0,fdncnn_color,29.672570968306697,0.8713772296905518,0.9646835327148438,0.01655506901443,0.3455153405666351,0.0821043625473976,0,1.2044580999991013,,,0.0,,,,,
synthetic_image,kodak24,kodim24,25.0,0,ectv_fdncnn,29.672570968306697,0.8713772296905518,0.9646835327148438,0.01655506901443,0.3455153405666351,0.0821043625473976,0,1.2072923999985503,0.333308650746332,0.2634109780192375,0.6839397205857212,0.32,,0.3333333333333333,1.0,1.0
real_camera,polyu_full,Canon5D2_5_160_3200_chair_11,0.5989805267676853,-1,noisy,42.304330647157215,0.9714956283569336,0.979721188545227,0.0032606762833893,0.0179708525538444,0.0179708525538444,0,0.0,0.0,0.0,0.0,,,,,
real_camera,polyu_full,Canon5D2_5_160_3200_chair_11,0.5989805267676853,-1,fdncnn_color,42.65834719860941,0.9753114581108092,0.9815853238105774,0.0030751249287277,0.0179708525538444,0.0166219249367713,0,1.893670999999813,,,0.0,,,,,
real_camera,polyu_full,Canon5D2_5_160_3200_chair_11,0.5989805267676853,-1,ectv_fdncnn,42.30467999455634,0.9714996218681335,0.979723870754242,0.0032604993321001,0.0179708525538444,0.0179695654660463,0,1.9400416999997103,1.2876992819864971e-06,1.287087798118591e-06,0.9997130602287884,0.32,,0.3333333333333333,0.0008801221847534,0.0
real_camera,polyu_full,Canon5D2_5_160_3200_chair_14,0.8959564429045653,-1,noisy,39.73977462887659,0.9549716114997864,0.9734769463539124,0.0038547941949218,0.0283702239394187,0.0283702239394187,0,0.0,0.0,0.0,0.0,,,,,
real_camera,polyu_full,Canon5D2_5_160_3200_chair_14,0.8959564429045653,-1,fdncnn_color,40.211938321260746,0.9629823565483092,0.9768233299255372,0.0035031281877309,0.0283702239394187,0.0256793946027755,0,1.9448566999999457,,,0.0,,,,,
real_camera,polyu_full,Canon5D2_5_160_3200_chair_14,0.8959564429045653,-1,ectv_fdncnn,39.74086001177278,0.954991340637207,0.9734861850738524,0.0038539965171366,0.0283702239394187,0.0283643435686826,0,1.988736699999208,5.881539819740759e-06,5.880370736122131e-06,0.9993582218738836,0.32,,0.3333333333333333,0.0019724369049072,0.0
real_camera,polyu_full,Canon5D2_5_160_3200_chair_5,0.6215902645318175,-1,noisy,40.43297842580376,0.9720208048820496,0.9877169728279114,0.0035334378480911,0.0241646207869052,0.0241646207869052,0,0.0,0.0,0.0,0.0,,,,,
real_camera,polyu_full,Canon5D2_5_160_3200_chair_5,0.6215902645318175,-1,fdncnn_color,40.65900253642831,0.9755049347877502,0.9884445667266846,0.0033569179940968,0.0241646207869052,0.022846695035696,0,1.9239023000009183,,,0.0,,,,,
real_camera,polyu_full,Canon5D2_5_160_3200_chair_5,0.6215902645318175,-1,ectv_fdncnn,40.433248385805,0.9720250964164734,0.9877180457115172,0.0035332380793988,0.0241646207869052,0.0241631399840116,0,1.962194300000192,1.4813625062222026e-06,1.4808028936386108e-06,0.9996909959572876,0.32,,0.3333333333333333,0.0010231137275695,0.0
real_camera,polyu_full,Canon5D2_5_160_3200_plug_11,0.3066605861858378,-1,noisy,37.9782017280087,0.9780409932136536,0.9925147294998168,0.0039971768856048,0.0364046543836593,0.0364046543836593,0,0.0,0.0,0.0,0.0,,,,,
real_camera,polyu_full,Canon5D2_5_160_3200_plug_11,0.3066605861858378,-1,fdncnn_color,38.00464234685244,0.9787734150886536,0.992539882659912,0.0039701233617961,0.0364046543836593,0.0361927710473537,0,1.938172600001053,,,0.0,,,,,
real_camera,polyu_full,Canon5D2_5_160_3200_plug_11,0.3066605861858378,-1,ectv_fdncnn,37.97821620784593,0.978043496608734,0.9925147891044616,0.0039971661753952,0.0364046543836593,0.0364045538008213,0,1.981229100001656,1.0138510385422013e-07,1.0058283805847169e-07,0.9999247730875602,0.32,,0.3333333333333333,0.0003029704093933,0.0
real_camera,polyu_full,Canon5D2_5_160_3200_plug_12,0.4980408352311741,-1,noisy,36.64798752515614,0.9716770052909852,0.9906569123268129,0.0045188516378402,0.0395545698702335,0.0395545698702335,0,0.0,0.0,0.0,0.0,,,,,
real_camera,polyu_full,Canon5D2_5_160_3200_plug_12,0.4980408352311741,-1,fdncnn_color,36.72482175452736,0.973336398601532,0.9907426834106444,0.0044530588202178,0.0395545698702335,0.0389135628938674,0,1.9461511000008611,,,0.0,,,,,
real_camera,polyu_full,Canon5D2_5_160_3200_plug_12,0.4980408352311741,-1,ectv_fdncnn,36.64806635574816,0.9716815948486328,0.9906570911407472,0.0045187850482761,0.0395545698702335,0.0395539328455925,0,1.9876199000009365,6.402450899075927e-07,6.370246410369873e-07,0.9998016036326876,0.32,,0.3333333333333333,0.0008149743080139,0.0
real_camera,polyu_full,Canon5D2_5_160_6400_bicycle_10,1.3529927079793445,-1,noisy,34.351560360634,0.9414634108543396,0.9893587827682496,0.0056569576263427,0.0516742393374443,0.0516742393374443,0,0.0,0.0,0.0,0.0,,,,,
real_camera,polyu_full,Canon5D2_5_160_6400_bicycle_10,1.3529927079793445,-1,fdncnn_color,34.70612701578849,0.953618049621582,0.989977478981018,0.0053612133488059,0.0516742393374443,0.0482540652155876,0,1.934642599999279,,,0.0,,,,,
real_camera,polyu_full,Canon5D2_5_160_6400_bicycle_10,1.3529927079793445,-1,ectv_fdncnn,34.35447055483885,0.941565215587616,0.9893649816513062,0.0056542810052633,0.0516742393374443,0.0516466498374938,0,1.975414399998044,2.7591088378323005e-05,2.7589499950408936e-05,0.998537671169901,0.32,,0.3333333333333333,0.0068556666374206,0.0
real_camera,polyu_full,Canon5D2_5_160_6400_bicycle_6,1.621517679095469,-1,noisy,35.56189008361869,0.9334268569946288,0.985794961452484,0.0070731351152062,0.0554698631167411,0.0554698631167411,0,0.0,0.0,0.0,0.0,,,,,
real_camera,polyu_full,Canon5D2_5_160_6400_bicycle_6,1.621517679095469,-1,fdncnn_color,36.22576008685829,0.9524180293083192,0.986551821231842,0.0065777245908975,0.0554698631167411,0.0504399016499519,0,1.937533700000131,,,0.0,,,,,
real_camera,polyu_full,Canon5D2_5_160_6400_bicycle_6,1.621517679095469,-1,ectv_fdncnn,35.56923846227589,0.9336466789245604,0.9858047366142272,0.0070672477595508,0.0554698631167411,0.0554156452417373,0,1.9774894999991373,5.4220117465155135e-05,5.42178750038147e-05,0.9979009626608382,0.32,,0.3333333333333333,0.0094055533409118,0.0
real_camera,polyu_full,Canon5D2_5_160_6400_bicycle_8,1.5476232208020306,-1,noisy,33.71173082771315,0.921445608139038,0.9887181520462036,0.0067104115150868,0.0531108789145946,0.0531108789145946,0,0.0,0.0,0.0,0.0,,,,,
real_camera,polyu_full,Canon5D2_5_160_6400_bicycle_8,1.5476232208020306,-1,fdncnn_color,34.07573661457892,0.9408783912658693,0.9895829558372498,0.0061855101957917,0.0531108789145946,0.0486502200365066,0,1.9400046000009752,,,0.0,,,,,
real_camera,polyu_full,Canon5D2_5_160_6400_bicycle_8,1.5476232208020306,-1,ectv_fdncnn,33.71572793971617,0.9216518998146056,0.9887285828590392,0.0067047569900751,0.0531108789145946,0.0530653111636638,0,1.9799116000012875,4.5568529567141015e-05,4.556775093078613e-05,0.9980875566856082,0.32,,0.3333333333333333,0.0088269114494323,0.0
real_camera,polyu_full,Canon5D2_5_160_6400_circuit_11,1.409741845680151,-1,noisy,33.45478319188677,0.9513673782348632,0.9929209351539612,0.0071816369891166,0.0875104591250419,0.0875104591250419,0,0.0,0.0,0.0,0.0,,,,,
real_camera,polyu_full,Canon5D2_5_160_6400_circuit_11,1.409741845680151,-1,fdncnn_color,33.72893060649689,0.9596233367919922,0.9932358860969543,0.0068957200273871,0.0875104591250419,0.0844768732786178,0,1.959017799999856,,,0.0,,,,,
real_camera,polyu_full,Canon5D2_5_160_6400_circuit_11,1.409741845680151,-1,ectv_fdncnn,33.45786251445317,0.95146244764328,0.9929251074790956,0.007178115658462,0.0875104591250419,0.087478294968605,0,1.995690800000375,3.216889940745096e-05,3.2164156436920166e-05,0.9984126274402508,0.32,,0.3333333333333333,0.0088948011398315,0.0
real_camera,polyu_full,Canon5D2_5_160_6400_circuit_3,1.0606715277151315,-1,noisy,34.236927880311505,0.9487506747245787,0.9905423521995544,0.0065304124727845,0.0655352398753166,0.0655352398753166,0,0.0,0.0,0.0,0.0,,,,,
real_camera,polyu_full,Canon5D2_5_160_6400_circuit_3,1.0606715277151315,-1,fdncnn_color,34.48283233928932,0.9555251002311708,0.9908386468887328,0.0063321553170681,0.0655352398753166,0.0632387399673461,0,1.929095799998322,,,0.0,,,,,
real_camera,polyu_full,Canon5D2_5_160_6400_circuit_3,1.0606715277151315,-1,ectv_fdncnn,34.23813630198806,0.94878488779068,0.9905440211296082,0.0065293246880173,0.0655352398753166,0.0655241534113884,0,1.9694583999989843,1.1088381124322214e-05,1.1086463928222656e-05,0.9991007902771124,0.32,,0.3333333333333333,0.0040950179100036,0.0
real_camera,polyu_full,Canon5D2_5_160_6400_circuit_8,1.027566697727948,-1,noisy,34.52478021777015,0.9433439373970032,0.991088569164276,0.0059395949356257,0.0583775974810123,0.0583775974810123,0,0.0,0.0,0.0,0.0,,,,,
real_camera,polyu_full,Canon5D2_5_160_6400_circuit_8,1.027566697727948,-1,fdncnn_color,34.769310870576994,0.9505090117454528,0.9914173483848572,0.0057272305712103,0.0583775974810123,0.0560421049594879,0,1.9638126000008924,,,0.0,,,,,
real_camera,polyu_full,Canon5D2_5_160_6400_circuit_8,1.027566697727948,-1,ectv_fdncnn,34.52582683389941,0.9433755874633788,0.9910902976989746,0.0059386068023741,0.0583775974810123,0.0583677552640438,0,2.0003245000007155,9.84424511459894e-06,9.842216968536375e-06,0.999155998486567,0.32,,0.3333333333333333,0.003578245639801,0.0
real_camera,polyu_full,Canon5D2_5_160_6400_desk_10,0.9552962086625044,-1,noisy,34.8461143686836,0.9415810108184814,0.9918408393859864,0.0040130978450179,0.0374416261911392,0.0374416261911392,0,0.0,0.0,0.0,0.0,,,,,
real_camera,polyu_full,Canon5D2_5_160_6400_desk_10,0.9552962086625044,-1,fdncnn_color,35.058696316484564,0.951954185962677,0.992740273475647,0.0037206613924354,0.0374416261911392,0.0345689728856086,0,1.9683786000005057,,,0.0,,,,,
real_camera,polyu_full,Canon5D2_5_160_6400_desk_10,0.9552962086625044,-1,ectv_fdncnn,34.84668817819337,0.9416082501411438,0.9918434023857116,0.004012294113636,0.0374416261911392,0.0374341458082199,0,2.01083650000146,7.485387206091721e-06,7.4803829193115234e-06,0.9992704600697584,0.32,,0.3333333333333333,0.0022841095924377,0.0
real_camera,polyu_full,Canon5D2_5_160_6400_desk_4,0.822283953773137,-1,noisy,35.100643250994615,0.9447731375694276,0.994350254535675,0.0045273243449628,0.0475637465715408,0.0475637465715408,0,0.0,0.0,0.0,0.0,,,,,
real_camera,polyu_full,Canon5D2_5_160_6400_desk_4,0.822283953773137,-1,fdncnn_color,35.26791704204867,0.9507570266723632,0.9946680068969728,0.0043444745242595,0.0475637465715408,0.0458805374801158,0,1.956099000000904,,,0.0,,,,,
real_camera,polyu_full,Canon5D2_5_160_6400_desk_4,0.822283953773137,-1,ectv_fdncnn,35.101067312818365,0.9447881579399108,0.9943511486053468,0.0045268447138369,0.0475637465715408,0.0475594922900199,0,1.9958449999994627,4.258124954729347e-06,4.254281520843506e-06,0.9994593717692344,0.32,,0.3333333333333333,0.0021514892578125,0.0
real_camera,polyu_full,Canon5D2_5_160_6400_desk_5,1.505212880184764,-1,noisy,33.83339330116331,0.9145293831825256,0.974075436592102,0.0061127804219722,0.0365523695945739,0.0365523695945739,0,0.0,0.0,0.0,0.0,,,,,
real_camera,polyu_full,Canon5D2_5_160_6400_desk_5,1.505212880184764,-1,fdncnn_color,34.30284888340486,0.9408339858055116,0.9792001843452454,0.0053826249204576,0.0365523695945739,0.0313201695680618,0,1.941549599998325,,,0.0,,,,,
real_camera,polyu_full,Canon5D2_5_160_6400_desk_5,1.505212880184764,-1,ectv_fdncnn,33.83723008176253,0.9147469401359558,0.9741194844245912,0.0061068292707204,0.0365523695945739,0.0365112870931625,0,1.9813147999975629,4.1082792601859725e-05,4.108250141143799e-05,0.998190748656691,0.32,,0.3333333333333333,0.0069293975830078,0.0
real_camera,polyu_full,Canon5D2_5_160_6400_desk_7,1.3501833089939963,-1,noisy,36.29601812283741,0.9251970648765564,0.9904260635375975,0.0057696532458066,0.0441022515296936,0.0441022515296936,0,0.0,0.0,0.0,0.0,,,,,
real_camera,polyu_full,Canon5D2_5_160_6400_desk_7,1.3501833089939963,-1,fdncnn_color,36.900185408994325,0.9446207880973816,0.991204559803009,0.0053492691367864,0.0441022515296936,0.0395812578499317,0,1.9734686000010695,,,0.0,,,,,
real_camera,polyu_full,Canon5D2_5_160_6400_desk_7,1.3501833089939963,-1,ectv_fdncnn,36.29977492242156,0.9253223538398744,0.9904316067695618,0.0057667940855026,0.0441022515296936,0.0440748743712902,0,2.0149640000017826,2.737757163648188e-05,2.7377158403396606e-05,0.9985437288780896,0.32,,0.3333333333333333,0.005364716053009,0.0
real_camera,polyu_full,Canon5D2_5_160_6400_reciever_13,1.718614883447661,-1,noisy,36.04360122230907,0.9315180778503418,0.9883923530578612,0.007323570549488,0.0599773414433002,0.0599773414433002,0,0.0,0.0,0.0,0.0,,,,,
real_camera,polyu_full,Canon5D2_5_160_6400_reciever_13,1.718614883447661,-1,fdncnn_color,36.88820357328232,0.9539100527763368,0.9891127347946168,0.0067381742410361,0.0599773414433002,0.0541543513536453,0,1.9415525999993408,,,0.0,,,,,
real_camera,polyu_full,Canon5D2_5_160_6400_reciever_13,1.718614883447661,-1,ectv_fdncnn,36.05371629781848,0.9318025708198548,0.9884031414985656,0.0073160189203917,0.0599773414433002,0.0599100142717361,0,1.9824688999997304,6.732887872875738e-05,6.732717156410217e-05,0.9976426648632286,0.32,,0.3333333333333333,0.0101926922798156,0.0
real_camera,polyu_full,Canon5D2_5_160_6400_reciever_1,1.63563444833381,-1,noisy,36.03571954013762,0.930690348148346,0.9887620806694032,0.0071600633673369,0.0593440383672714,0.0593440383672714,0,0.0,0.0,0.0,0.0,,,,,
real_camera,polyu_full,Canon5D2_5_160_6400_reciever_1,1.63563444833381,-1,fdncnn_color,36.80761637860324,0.9509825110435486,0.9892983436584472,0.0067120636813342,0.0593440383672714,0.0543301366269588,0,1.962563400000363,,,0.0,,,,,
real_camera,polyu_full,Canon5D2_5_160_6400_reciever_1,1.63563444833381,-1,ectv_fdncnn,36.04451802980562,0.9309332966804504,0.9887694716453552,0.0071543827652931,0.0593440383672714,0.0592880398035049,0,2.004884800000582,5.599945337368955e-05,5.599856376647949e-05,0.9978643340597896,0.32,,0.3333333333333333,0.0097888112068176,0.0
real_camera,polyu_full,Canon5D2_5_160_6400_reciever_2,1.5195488898168317,-1,noisy,37.00449357780237,0.917532742023468,0.9825809597969056,0.0059666377492249,0.0397869274020195,0.0397869274020195,0,0.0,0.0,0.0,0.0,,,,,
real_camera,polyu_full,Canon5D2_5_160_6400_reciever_2,1.5195488898168317,-1,fdncnn_color,38.02197847940025,0.9443467259407043,0.985454261302948,0.0052734557539224,0.0397869274020195,0.0339995101094245,0,2.10227710000072,,,0.0,,,,,
real_camera,polyu_full,Canon5D2_5_160_6400_reciever_2,1.5195488898168317,-1,ectv_fdncnn,37.01198075625552,0.9177454113960266,0.9826049208641052,0.0059611997567117,0.0397869274020195,0.0397443696856498,0,2.1445669999993697,4.25614014362757e-05,4.2557716369628906e-05,0.9981561849719836,0.32,,0.3333333333333333,0.0065919756889343,0.0
real_camera,polyu_full,Canon5D2_5_160_6400_reciever_4,1.669548812911854,-1,noisy,37.27568991863387,0.916251003742218,0.9859748482704164,0.0061278901994228,0.0454620048403739,0.0454620048403739,0,0.0,0.0,0.0,0.0,,,,,
real_camera,polyu_full,Canon5D2_5_160_6400_reciever_4,1.669548812911854,-1,fdncnn_color,38.54375513541368,0.9433667063713074,0.9880903363227844,0.0054624741896986,0.0454620048403739,0.0395293310284614,0,2.0719733000005363,,,0.0,,,,,
real_camera,polyu_full,Canon5D2_5_160_6400_reciever_4,1.669548812911854,-1,ectv_fdncnn,37.28829692399153,0.9165475964546204,0.9859996438026428,0.0061205364763736,0.0454620048403739,0.0454015582799911,0,2.1113562999998976,6.044718478141856e-05,6.044656038284302e-05,0.997775050544166,0.32,,0.3333333333333333,0.0090894103050231,0.0
real_camera,polyu_full,Canon5D2_5_160_6400_reciever_6,1.6154608698028317,-1,noisy,36.70820284182899,0.9218034744262696,0.985121726989746,0.006495889276266,0.0485307686030864,0.0485307686030864,0,0.0,0.0,0.0,0.0,,,,,
real_camera,polyu_full,Canon5D2_5_160_6400_reciever_6,1.6154608698028317,-1,fdncnn_color,37.71108216307879,0.946610152721405,0.9864270687103271,0.0059224162250757,0.0485307686030864,0.042850524187088,0,2.0085818999996263,,,0.0,,,,,
real_camera,polyu_full,Canon5D2_5_160_6400_reciever_6,1.6154608698028317,-1,ectv_fdncnn,36.71767296080955,0.9220552444458008,0.985136091709137,0.0064899181015789,0.0485307686030864,0.0484772995114326,0,2.0532960000000458,5.3469432363533904e-05,5.346909165382385e-05,0.9979165816700571,0.32,,0.3333333333333333,0.0083306431770324,0.0
real_camera,polyu_full,Canon5D2_5_160_6400_reciever_8,1.399247325618192,-1,noisy,36.69346285538185,0.929734230041504,0.9886078834533693,0.0060130469501018,0.0456089042127132,0.0456089042127132,0,0.0,0.0,0.0,0.0,,,,,
real_camera,polyu_full,Canon5D2_5_160_6400_reciever_8,1.399247325618192,-1,fdncnn_color,37.39381394130807,0.9493515491485596,0.9894689321517944,0.0055095679126679,0.0456089042127132,0.0409100726246833,0,2.180590200001461,,,0.0,,,,,
real_camera,polyu_full,Canon5D2_5_160_6400_reciever_8,1.399247325618192,-1,ectv_fdncnn,36.6982849060596,0.9298775792121888,0.9886147379875184,0.0060092932544648,0.0456089042127132,0.045577622950077,0,2.2256738000014598,3.1283527541543576e-05,3.128126263618469e-05,0.9984361363185988,0.32,,0.3333333333333333,0.0059748291969299,0.0
real_camera,polyu_full,Canon5D2_5_200_3200_fruit_11,0.7164733228252577,-1,noisy,39.421787982912406,0.9676079750061036,0.9962984323501588,0.0034187345299869,0.0502691380679607,0.0502691380679607,0,0.0,0.0,0.0,0.0,,,,,
real_camera,polyu_full,Canon5D2_5_200_3200_fruit_11,0.7164733228252577,-1,fdncnn_color,39.66579610637111,0.9712531566619872,0.9965439438819884,0.0032551882322877,0.0502691380679607,0.0487987473607063,0,1.9769873000004736,,,0.0,,,,,
real_camera,polyu_full,Canon5D2_5_200_3200_fruit_11,0.7164733228252577,-1,ectv_fdncnn,39.422269800983074,0.9676175713539124,0.9962989091873168,0.0034184325486421,0.0502691380679607,0.0502666048705577,0,2.016698700001143,2.5333070189425484e-06,2.5331974029541016e-06,0.9995895013835452,0.32,,0.3333333333333333,0.0014575123786926,0.0
real_camera,polyu_full,Canon5D2_5_200_3200_fruit_12,0.5107511004687824,-1,noisy,40.97722591083729,0.9670767784118652,0.9944791793823242,0.0030244910158216,0.025585439056158,0.025585439056158,0,0.0,0.0,0.0,0.0,,,,,
real_camera,polyu_full,Canon5D2_5_200_3200_fruit_12,0.5107511004687824,-1,fdncnn_color,41.24794084782862,0.970386266708374,0.9948601126670836,0.0029102941043674,0.025585439056158,0.0245698858052492,0,1.9495208000007551,,,0.0,,,,,
real_camera,polyu_full,Canon5D2_5_200_3200_fruit_12,0.5107511004687824,-1,ectv_fdncnn,40.9774106900698,0.9670791625976562,0.9944796562194824,0.0030244120862334,0.025585439056158,0.0255847349762916,0,1.992303200000606,7.044080113857402e-07,7.040798664093018e-07,0.9997913501975512,0.32,,0.3333333333333333,0.0006110072135925,0.0
real_camera,polyu_full,Canon5D2_5_200_3200_fruit_14,0.4158731476127764,-1,noisy,41.56369776836741,0.9757654070854188,0.9922308921813964,0.0025912038981914,0.0204005613923072,0.0204005613923072,0,0.0,0.0,0.0,0.0,,,,,
real_camera,polyu_full,Canon5D2_5_200_3200_fruit_14,0.4158731476127764,-1,fdncnn_color,41.76554278060016,0.977638065814972,0.9926416277885436,0.0025182510726153,0.0204005613923072,0.019764931872487,0,1.9629531999999017,,,0.0,,,,,
real_camera,polyu_full,Canon5D2_5_200_3200_fruit_14,0.4158731476127764,-1,ectv_fdncnn,41.56379652512477,0.9757673144340516,0.9922314286231996,0.002591167576611,0.0204005613923072,0.0204002391546964,0,2.009985799999413,3.230282556303555e-07,3.222376108169556e-07,0.9998616587619048,0.32,,0.3333333333333333,0.0004275441169738,0.0
real_camera,polyu_full,Canon5D2_5_200_3200_toy_12,2.271938847625365,-1,noisy,37.76701460473315,0.9555627703666688,0.9943228363990784,0.0045183906331658,0.0629081204533577,0.0629081204533577,0,0.0,0.0,0.0,0.0,,,,,
real_camera,polyu_full,Canon5D2_5_200_3200_toy_12,2.271938847625365,-1,fdncnn_color,38.60298594620219,0.9658994674682616,0.9943528771400452,0.0044419229961931,0.0629081204533577,0.0570005103945732,0,1.983469500000865,,,0.0,,,,,
real_camera,polyu_full,Canon5D2_5_200_3200_toy_12,2.271938847625365,-1,ectv_fdncnn,37.79991702300204,0.9560101628303528,0.99434232711792,0.0045075397938489,0.0629081204533577,0.0627184212207794,0,2.024827200002619,0.0001897025207902,0.0001896992325782,0.995887639907704,0.32,,0.3333333333333333,0.0279369950294494,0.0
real_camera,polyu_full,Canon5D2_5_200_3200_toy_1,1.3507787966533484,-1,noisy,38.569645315036055,0.955726146697998,0.992639422416687,0.0042136437259614,0.0488173775374889,0.0488173775374889,0,0.0,0.0,0.0,0.0,,,,,
real_camera,polyu_full,Canon5D2_5_200_3200_toy_1,1.3507787966533484,-1,fdncnn_color,39.1404104592112,0.9644824862480164,0.9933524131774902,0.0039417287334799,0.0488173775374889,0.0457167029380798,0,1.960053700000572,,,0.0,,,,,
real_camera,polyu_full,Canon5D2_5_200_3200_toy_1,1.3507787966533484,-1,ectv_fdncnn,38.57507407390969,0.9558146595954896,0.99264794588089,0.0042106467299163,0.0488173775374889,0.0487899556756019,0,2.0016743000014685,2.742272841411112e-05,2.742186188697815e-05,0.9985424459156608,0.32,,0.3333333333333333,0.0077043175697326,0.0
real_camera,polyu_full,Canon5D2_5_200_3200_toy_2,0.7865272891627995,-1,noisy,39.47473290697024,0.9656669497489928,0.9960808753967284,0.0037781617138534,0.0449870117008686,0.0449870117008686,0,0.0,0.0,0.0,0.0,,,,,
real_camera,polyu_full,Canon5D2_5_200_3200_toy_2,0.7865272891627995,-1,fdncnn_color,39.79886132792085,0.9709402918815612,0.996419072151184,0.0035496023483574,0.0449870117008686,0.0431390851736068,0,1.96501680000074,,,0.0,,,,,
real_camera,polyu_full,Canon5D2_5_200_3200_toy_2,0.7865272891627995,-1,ectv_fdncnn,39.47540319902664,0.9656786918640136,0.9960817694664,0.0037776813842356,0.0449870117008686,0.0449834130704402,0,2.006688200001008,3.601411512372443e-06,3.598630428314209e-06,0.9995053447040824,0.32,,0.3333333333333333,0.0017185807228088,0.0
real_camera,polyu_full,Canon5D2_5_200_3200_toy_3,1.0645130759684285,-1,noisy,39.40522384139528,0.9630319476127625,0.9946662783622742,0.0039410544559359,0.0446833297610282,0.0446833297610282,0,0.0,0.0,0.0,0.0,,,,,
real_camera,polyu_full,Canon5D2_5_200_3200_toy_3,1.0645130759684285,-1,fdncnn_color,39.85656470736878,0.9692800641059875,0.9949423670768738,0.0037589927669614,0.0446833297610282,0.042030032724142,0,1.964998999999807,,,0.0,,,,,
real_camera,polyu_full,Canon5D2_5_200_3200_toy_3,1.0645130759684285,-1,ectv_fdncnn,39.407273306245166,0.9630632400512696,0.9946678876876832,0.0039400663226842,0.0446833297610282,0.0446720905601978,0,2.005993099999614,1.1239823332928616e-05,1.1239200830459596e-05,0.9990942708661664,0.32,,0.3333333333333333,0.003594160079956,0.0
real_camera,polyu_full,Canon5D2_5_200_3200_toy_6,1.1527370007183724,-1,noisy,39.42741145422615,0.9565632343292236,0.9927939772605896,0.0041696699336171,0.0441866815090179,0.0441866815090179,0,0.0,0.0,0.0,0.0,,,,,
real_camera,polyu_full,Canon5D2_5_200_3200_toy_6,1.1527370007183724,-1,fdncnn_color,40.05561603212709,0.965810775756836,0.9935048818588256,0.0038885083049535,0.0441866815090179,0.0412905290722847,0,1.9597131999998965,,,0.0,,,,,
real_camera,polyu_full,Canon5D2_5_200_3200_toy_6,1.1527370007183724,-1,ectv_fdncnn,39.43086280054026,0.9566171169281006,0.9927988648414612,0.0041679302230477,0.0441866815090179,0.0441715344786644,0,2.000549000000319,1.5150388796908269e-05,1.5147030353546144e-05,0.9989380871837504,0.32,,0.3333333333333333,0.0046045184135437,0.0
real_camera,polyu_full,Canon600D_3-5_125_1600_waterhouse_10,1.0396835438886132,-1,noisy,38.84673010159676,0.9356410503387452,0.9800376892089844,0.0053074383176863,0.0313511155545711,0.0313511155545711,0,0.0,0.0,0.0,0.0,,,,,
real_camera,polyu_full,Canon600D_3-5_125_1600_waterhouse_10,1.0396835438886132,-1,fdncnn_color,39.43452089452008,0.9461814761161804,0.9817616939544678,0.00499714538455,0.0313511155545711,0.0284993927925825,0,1.959522000001016,,,0.0,,,,,
real_camera,polyu_full,Canon600D_3-5_125_1600_waterhouse_10,1.0396835438886132,-1,ectv_fdncnn,38.84880935274725,0.935680329799652,0.9800440073013306,0.0053063165396451,0.0313511155545711,0.0313408300280571,0,2.0034335000000283,1.0287119248807436e-05,1.0285526514053345e-05,0.9991359938705432,0.32,,0.3333333333333333,0.0031872391700744,0.0
real_camera,polyu_full,Canon600D_3-5_125_1600_waterhouse_11,0.9119954680200744,-1,noisy,39.49550378748689,0.9410862922668456,0.9722469449043274,0.0048430943861603,0.0265597105026245,0.0265597105026245,0,0.0,0.0,0.0,0.0,,,,,
real_camera,polyu_full,Canon600D_3-5_125_1600_waterhouse_11,0.9119954680200744,-1,fdncnn_color,40.01743583007001,0.9502739906311036,0.9752901792526244,0.004472320433706,0.0265597105026245,0.02388297021389,0,1.941320199999609,,,0.0,,,,,
real_camera,polyu_full,Canon600D_3-5_125_1600_waterhouse_11,0.9119954680200744,-1,ectv_fdncnn,39.49673000263441,0.9411094188690186,0.972254991531372,0.0048422324471175,0.0265597105026245,0.026553425937891,0,1.9863461999993888,6.287463071604361e-06,6.284564733505249e-06,0.9993350539586888,0.32,,0.3333333333333333,0.0021095871925354,0.0
real_camera,polyu_full,Canon600D_3-5_125_1600_waterhouse_12,1.099537345039713,-1,noisy,38.16979087628994,0.9310644268989564,0.9835667610168456,0.005619091913104,0.0361336804926395,0.0361336804926395,0,0.0,0.0,0.0,0.0,,,,,
real_camera,polyu_full,Canon600D_3-5_125_1600_waterhouse_12,1.099537345039713,-1,fdncnn_color,38.74749232923658,0.9417667984962464,0.9849171042442322,0.0053190495818853,0.0361336804926395,0.0332424528896808,0,1.9626742000000377,,,0.0,,,,,
real_camera,polyu_full,Canon600D_3-5_125_1600_waterhouse_12,1.099537345039713,-1,ectv_fdncnn,38.17226651797958,0.9311134219169616,0.9835726022720336,0.0056177638471126,0.0361336804926395,0.0361209921538829,0,2.002827600001183,1.2691039767609637e-05,1.268833875656128e-05,0.999033748947176,0.32,,0.3333333333333333,0.0038630366325378,0.0
real_camera,polyu_full,Canon600D_4-5_125_1600_book_11,0.6464223933427418,-1,noisy,39.820942219644536,0.9565423130989076,0.9820039868354796,0.0039349505677819,0.0269458591938018,0.0269458591938018,0,0.0,0.0,0.0,0.0,,,,,
real_camera,polyu_full,Canon600D_4-5_125_1600_book_11,0.6464223933427418,-1,fdncnn_color,40.07592638258154,0.9608407020568848,0.9828110933303832,0.0037649411242455,0.0269458591938018,0.0254280250519514,0,1.9532758000004835,,,0.0,,,,,
real_camera,polyu_full,Canon600D_4-5_125_1600_book_11,0.6464223933427418,-1,ectv_fdncnn,39.8212374762094,0.9565467834472656,0.9820050001144408,0.0039347615092992,0.0269458591938018,0.0269441436976194,0,1.9948681000005308,1.7177464247294147e-06,1.7154961824417114e-06,0.9996658221960966,0.32,,0.3333333333333333,0.0009741187095642,0.0
real_camera,polyu_full,Canon600D_4-5_125_1600_book_13,0.3397647486517473,-1,noisy,40.84976799904184,0.9770793914794922,0.9874742031097412,0.0029844869859516,0.0204684138298034,0.0204684138298034,0,0.0,0.0,0.0,0.0,,,,,
real_camera,polyu_full,Canon600D_4-5_125_1600_book_13,0.3397647486517473,-1,fdncnn_color,40.93038508649347,0.9784045815467834,0.9877737760543824,0.0029175679665058,0.0204684138298034,0.0200118348002433,0,1.9362989999990528,,,0.0,,,,,
real_camera,polyu_full,Canon600D_4-5_125_1600_book_13,0.3397647486517473,-1,ectv_fdncnn,40.84979651794109,0.9770801663398744,0.9874746799468994,0.0029844667296856,0.0204684138298034,0.0204682648181915,0,1.970864699998856,1.4979429380008625e-07,1.4901161193847656e-07,0.9999076564608382,0.32,,0.3333333333333333,0.0002674460411071,0.0
real_camera,polyu_full,Canon600D_4-5_125_1600_toy_11,0.7451460756292538,-1,noisy,38.30746962955222,0.9625750184059144,0.9935196042060852,0.0046819900162518,0.0377489253878593,0.0377489253878593,0,0.0,0.0,0.0,0.0,,,,,
real_camera,polyu_full,Canon600D_4-5_125_1600_toy_11,0.7451460756292538,-1,fdncnn_color,38.541039701920376,0.967559814453125,0.9938248991966248,0.0044657764956355,0.0377489253878593,0.0358910225331783,0,1.9570389000000432,,,0.0,,,,,
real_camera,polyu_full,Canon600D_4-5_125_1600_toy_11,0.7451460756292538,-1,ectv_fdncnn,38.30785936765121,0.9625835418701172,0.9935200214385986,0.0046816454268991,0.0377489253878593,0.0377459898591041,0,1.9978975000012724,2.937497279221622e-06,2.9355287551879883e-06,0.9995560031107968,0.32,,0.3333333333333333,0.0013973116874694,0.0
real_camera,polyu_full,Canon600D_4-5_125_1600_toy_13,1.0622942352545652,-1,noisy,39.0389882952762,0.9308040738105774,0.91127210855484,0.0054190978407859,0.0237412229180336,0.0237412229180336,0,0.0,0.0,0.0,0.0,,,,,
real_camera,polyu_full,Canon600D_4-5_125_1600_toy_13,1.0622942352545652,-1,fdncnn_color,39.63988990066139,0.9423561096191406,0.9191025495529176,0.0050229555927217,0.0237412229180336,0.0208867620676755,0,1.9409768999994408,,,0.0,,,,,
real_camera,polyu_full,Canon600D_4-5_125_1600_toy_13,1.0622942352545652,-1,ectv_fdncnn,39.04130167568633,0.930851399898529,0.9113028049468994,0.0054175574332475,0.0237412229180336,0.0237300712615251,0,1.9848380999992516,1.1152169042609411e-05,1.115165650844574e-05,0.9990980392790304,0.32,,0.3333333333333333,0.0035656690597534,0.0
real_camera,polyu_full,Canon600D_4-5_125_1600_toy_16,1.2542691870716016,-1,noisy,37.20494260301421,0.9327192306518556,0.9888726472854614,0.0058821160346269,0.046523742377758,0.046523742377758,0,0.0,0.0,0.0,0.0,,,,,
real_camera,polyu_full,Canon600D_4-5_125_1600_toy_16,1.2542691870716016,-1,fdncnn_color,37.57069167388615,0.9412688612937928,0.9896678924560548,0.0055429963394999,0.046523742377758,0.0438333563506603,0,1.9508187000010369,,,0.0,,,,,
real_camera,polyu_full,Canon600D_4-5_125_1600_toy_16,1.2542691870716016,-1,ectv_fdncnn,37.20793966386016,0.9327885508537292,0.988879382610321,0.0058794533833861,0.046523742377758,0.0465029627084732,0,1.9870551000003616,2.078312441592536e-05,2.077966928482056e-05,0.9987430296724716,0.32,,0.3333333333333333,0.0066012740135192,0.0
real_camera,polyu_full,Canon600D_4-5_125_1600_toy_1,0.8129762425234699,-1,noisy,38.27072089204766,0.9474051594734192,0.9935882091522216,0.0048985606990754,0.0380005910992622,0.0380005910992622,0,0.0,0.0,0.0,0.0,,,,,
real_camera,polyu_full,Canon600D_4-5_125_1600_toy_1,0.8129762425234699,-1,fdncnn_color,38.47787700779388,0.9522239565849304,0.9938436150550842,0.0046961670741438,0.0380005910992622,0.0362369418144226,0,1.980133600000045,,,0.0,,,,,
real_camera,polyu_full,Canon600D_4-5_125_1600_toy_1,0.8129762425234699,-1,ectv_fdncnn,38.271242655338206,0.9474180340766908,0.993588924407959,0.0048980819992721,0.0380005910992622,0.0379965119063854,0,2.01483189999999,4.079393701916137e-06,4.079192876815796e-06,0.9994715351752838,0.32,,0.3333333333333333,0.0020033121109008,0.0
real_camera,polyu_full,Canon600D_4-5_125_1600_toy_2,1.0546123124117488,-1,noisy,38.91571599856779,0.9340793490409852,0.8952438831329346,0.0051947133615612,0.0228595938533544,0.0228595938533544,0,0.0,0.0,0.0,0.0,,,,,
real_camera,polyu_full,Canon600D_4-5_125_1600_toy_2,1.0546123124117488,-1,fdncnn_color,39.476205657414575,0.945373833179474,0.9041287899017334,0.0047889202833175,0.0228595938533544,0.0199775956571102,0,1.927521900001011,,,0.0,,,,,
real_camera,polyu_full,Canon600D_4-5_125_1600_toy_2,1.0546123124117488,-1,ectv_fdncnn,38.91780926200786,0.934123992919922,0.8952773213386536,0.0051932050846517,0.0228595938533544,0.022848742082715,0,1.960052200000064,1.0852546031809542e-05,1.0851770639419556e-05,0.9991110255100156,0.32,,0.3333333333333333,0.0034306049346923,0.0
real_camera,polyu_full,Canon600D_4-5_125_1600_toy_3,0.759479591225793,-1,noisy,38.97271092598799,0.9522273540496826,0.9903315901756288,0.0047168671153485,0.0335161983966827,0.0335161983966827,0,0.0,0.0,0.0,0.0,,,,,
real_camera,polyu_full,Canon600D_4-5_125_1600_toy_3,0.759479591225793,-1,fdncnn_color,39.2031187473195,0.9569318890571594,0.9907799363136292,0.0045132096856832,0.0335161983966827,0.0318423248827457,0,1.9605627000000825,,,0.0,,,,,
real_camera,polyu_full,Canon600D_4-5_125_1600_toy_3,0.759479591225793,-1,ectv_fdncnn,38.97318925282134,0.9522369503974916,0.9903324842453004,0.0047164815478026,0.0335161983966827,0.0335130430757999,0,1.9910884000000808,3.156327228993946e-06,3.155320882797241e-06,0.9995387654686216,0.32,,0.3333333333333333,0.0016253590583801,0.0
real_camera,polyu_full,Canon80D_8_8_12800_printer_11,1.1549571324623913,-1,noisy,38.76942327479139,0.9428577423095704,0.9823599457740784,0.0065383538603782,0.034293282777071,0.034293282777071,0,0.0,0.0,0.0,0.0,,,,,
real_camera,polyu_full,Canon80D_8_8_12800_printer_11,1.1549571324623913,-1,fdncnn_color,39.37382537436627,0.9564740657806396,0.9843483567237854,0.0058791069313883,0.034293282777071,0.0307440757751464,0,1.93395640000017,,,0.0,,,,,
real_camera,polyu_full,Canon80D_8_8_12800_printer_11,1.1549571324623913,-1,ectv_fdncnn,38.77209522033518,0.9429203867912292,0.9823694229125975,0.0065355408005416,0.034293282777071,0.0342780239880085,0,1.960083799998756,1.5260022451417125e-05,1.52587890625e-05,0.9989339971974548,0.32,,0.3333333333333333,0.0040006041526794,0.0
real_camera,polyu_full,Canon80D_8_8_12800_printer_14,1.3705684991041445,-1,noisy,39.39580180108419,0.9278395175933838,0.9430439472198486,0.0059653231874108,0.0244251117110252,0.0244251117110252,0,0.0,0.0,0.0,0.0,,,,,
real_camera,polyu_full,Canon80D_8_8_12800_printer_14,1.3705684991041445,-1,fdncnn_color,40.43191328279537,0.9492921829223632,0.9575289487838744,0.0049500609748065,0.0244251117110252,0.0192653816193342,0,1.9812277999990329,,,0.0,,,,,
real_camera,polyu_full,Canon80D_8_8_12800_printer_14,1.3705684991041445,-1,ectv_fdncnn,39.40166078719051,0.9279718399047852,0.9431321620941162,0.005959611851722,0.0244251117110252,0.0243961587548255,0,2.014233099998819,2.8954484064094063e-05,2.8952956199646e-05,0.9984994896375168,0.32,,0.3333333333333333,0.0053074359893798,0.0
real_camera,polyu_full,Canon80D_8_8_12800_printer_15,0.8995788094473247,-1,noisy,39.74418956292447,0.957862377166748,0.9902384877204896,0.0051997825503349,0.0338727086782455,0.0338727086782455,0,0.0,0.0,0.0,0.0,,,,,
real_camera,polyu_full,Canon80D_8_8_12800_printer_15,0.8995788094473247,-1,fdncnn_color,40.21981756457068,0.9659294486045836,0.9912173748016356,0.0047927629202604,0.0338727086782455,0.0313544906675815,0,1.946289400000751,,,0.0,,,,,
real_camera,polyu_full,Canon80D_8_8_12800_printer_15,0.8995788094473247,-1,ectv_fdncnn,39.7453526906393,0.9578834176063538,0.9902413487434388,0.005198803730309,0.0338727086782455,0.0338667407631874,0,1.9728978000002824,5.971491874542142e-06,5.967915058135986e-06,0.9993530253101524,0.32,,0.3333333333333333,0.0021690726280212,0.0
real_camera,polyu_full,Canon80D_8_8_12800_printer_16,0.9773149627020328,-1,noisy,40.02327919182187,0.9479854702949524,0.982246458530426,0.0051755541935563,0.0280433446168899,0.0280433446168899,0,0.0,0.0,0.0,0.0,,,,,
real_camera,polyu_full,Canon80D_8_8_12800_printer_16,0.9773149627020328,-1,fdncnn_color,40.60210327532041,0.9583598971366882,0.9845386147499084,0.0046509755775332,0.0280433446168899,0.0250278748571872,0,1.9401620999997249,,,0.0,,,,,
real_camera,polyu_full,Canon80D_8_8_12800_printer_16,0.9773149627020328,-1,ectv_fdncnn,40.02490848491124,0.9480161666870116,0.9822537899017334,0.0051741153001785,0.0280433446168899,0.0280351936817169,0,1.9793447999982163,8.154590396450899e-06,8.150935173034668e-06,0.9992364679463204,0.32,,0.3333333333333333,0.0025195479393005,0.0
real_camera,polyu_full,Canon80D_8_8_3200_ball_16,0.9266273876321648,-1,noisy,39.06822453459762,0.9676206707954408,0.9936284422874452,0.0046407575719058,0.0512043312191963,0.0512043312191963,0,0.0,0.0,0.0,0.0,,,,,
real_camera,polyu_full,Canon80D_8_8_3200_ball_16,0.9266273876321648,-1,fdncnn_color,39.38221928858993,0.9725308418273926,0.993915557861328,0.0044294334948062,0.0512043312191963,0.0491308830678463,0,1.9770963999999367,,,0.0,,,,,
real_camera,polyu_full,Canon80D_8_8_3200_ball_16,0.9266273876321648,-1,ectv_fdncnn,39.06936819147269,0.9676384329795836,0.9936294555664062,0.00464001391083,0.0512043312191963,0.051197662949562,0,2.0099501999993663,6.675279193801539e-06,6.668269634246826e-06,0.9993135609778332,0.32,,0.3333333333333333,0.0028185248374938,0.0
real_camera,polyu_full,Canon80D_8_8_3200_ball_1,1.4406258103834535,-1,noisy,36.42427971231019,0.9722890853881836,0.9962154030799866,0.0062314881943166,0.1020239666104316,0.1020239666104316,0,0.0,0.0,0.0,0.0,,,,,
real_camera,polyu_full,Canon80D_8_8_3200_ball_1,1.4406258103834535,-1,fdncnn_color,36.78476902311299,0.9779461026191713,0.996309757232666,0.0059647560119628,0.1020239666104316,0.0990597829222679,0,1.9552001000010928,,,0.0,,,,,
real_camera,polyu_full,Canon80D_8_8_3200_ball_1,1.4406258103834535,-1,ectv_fdncnn,36.42911452549838,0.9723677039146424,0.9962174892425536,0.0062275812961161,0.1020239666104316,0.1019890904426574,0,1.988878800000748,3.488025165566196e-05,3.487616777420044e-05,0.9983424314405333,0.32,,0.3333333333333333,0.009758174419403,0.0
real_camera,polyu_full,Canon80D_8_8_3200_ball_2,0.8703148528567665,-1,noisy,39.54611932494774,0.9640529751777648,0.9968108534812928,0.0040281172841787,0.0461212545633316,0.0461212545633316,0,0.0,0.0,0.0,0.0,,,,,
real_camera,polyu_full,Canon80D_8_8_3200_ball_2,0.8703148528567665,-1,fdncnn_color,39.86230864393643,0.969257354736328,0.9969286918640136,0.0038576610386371,0.0461212545633316,0.0439068078994751,0,1.9519985000006272,,,0.0,,,,,
real_camera,polyu_full,Canon80D_8_8_3200_ball_2,0.8703148528567665,-1,ectv_fdncnn,39.54701542724089,0.964067280292511,0.9968112707138062,0.0040276409126818,0.0461212545633316,0.0461159832775592,0,1.987251700000343,5.272808901039041e-06,5.271285772323608e-06,0.9993944086827572,0.32,,0.3333333333333333,0.0020958185195922,0.0
real_camera,polyu_full,Canon80D_8_8_3200_ball_6,1.0744087634292685,-1,noisy,37.31301080709781,0.9685956835746764,0.9963340163230896,0.0055546076036989,0.0794142410159111,0.0794142410159111,0,0.0,0.0,0.0,0.0,,,,,
real_camera,polyu_full,Canon80D_8_8_3200_ball_6,1.0744087634292685,-1,fdncnn_color,37.611792722213565,0.9733492732048036,0.9964643716812134,0.0053449440747499,0.0794142410159111,0.0771784335374832,0,1.9579969000005804,,,0.0,,,,,
real_camera,polyu_full,Canon80D_8_8_3200_ball_6,1.0744087634292685,-1,ectv_fdncnn,37.31474336933624,0.9686235785484314,0.9963345527648926,0.0055533461272716,0.0794142410159111,0.0794026106595993,0,1.990631900001972,1.1636877758046213e-05,1.1630356311798096e-05,0.999077368943954,0.32,,0.3333333333333333,0.0043897032737731,0.0
real_camera,polyu_full,Canon80D_8_8_3200_ball_7,1.3297907248020469,-1,noisy,36.958365125719006,0.9707465171813964,0.9957972764968872,0.0056151188910007,0.0891349762678146,0.0891349762678146,0,0.0,0.0,0.0,0.0,,,,,
real_camera,polyu_full,Canon80D_8_8_3200_ball_7,1.3297907248020469,-1,fdncnn_color,37.27989125026939,0.9767473340034484,0.9958897829055786,0.005391476675868,0.0891349762678146,0.0861109420657157,0,1.9599999999991269,,,0.0,,,,,
real_camera,polyu_full,Canon80D_8_8_3200_ball_7,1.3297907248020469,-1,ectv_fdncnn,36.96170443003142,0.9708066582679749,0.9957984685897828,0.0056125838309526,0.0891349762678146,0.0891091153025627,0,1.9921063000001595,2.586357655857531e-05,2.5860965251922607e-05,0.9985873247209548,0.32,,0.3333333333333333,0.0072643756866455,0.0
real_camera,polyu_full,Canon80D_8_8_6400_comproom_11,1.4147696159138512,-1,noisy,39.384112897050585,0.9419798254966736,0.9819161891937256,0.0056866421364247,0.0361098833382129,0.0361098833382129,0,0.0,0.0,0.0,0.0,,,,,
real_camera,polyu_full,Canon80D_8_8_6400_comproom_11,1.4147696159138512,-1,fdncnn_color,40.33825076257998,0.95804625749588,0.9854289889335632,0.0049437596462666,0.0361098833382129,0.0316003262996673,0,1.969344099999944,,,0.0,,,,,
real_camera,polyu_full,Canon80D_8_8_6400_comproom_11,1.4147696159138512,-1,ectv_fdncnn,39.391116328716144,0.9421072006225586,0.981944739818573,0.0056812022812664,0.0361098833382129,0.0360772870481014,0,2.001857100000052,3.259946406072842e-05,3.259629011154175e-05,0.9984013028408176,0.32,,0.3333333333333333,0.0067079067230224,0.0
real_camera,polyu_full,Canon80D_8_8_6400_comproom_12,1.1619052807112151,-1,noisy,40.13517000135884,0.9530014991760254,0.9864004850387572,0.0050560124218463,0.0339476279914379,0.0339476279914379,0,0.0,0.0,0.0,0.0,,,,,
real_camera,polyu_full,Canon80D_8_8_6400_comproom_12,1.1619052807112151,-1,fdncnn_color,40.98410339460487,0.9643664956092834,0.9886112213134766,0.004511471837759,0.0339476279914379,0.030280016362667,0,1.9658832999994047,,,0.0,,,,,
real_camera,polyu_full,Canon80D_8_8_6400_comproom_12,1.1619052807112151,-1,ectv_fdncnn,40.13883319335189,0.9530547261238098,0.986411154270172,0.005053665023297,0.0339476279914379,0.0339320227503776,0,1.9995916999996552,1.5606870999029556e-05,1.5605241060256958e-05,0.9989211464967924,0.32,,0.3333333333333333,0.0038920640945434,0.0
real_camera,polyu_full,Canon80D_8_8_6400_comproom_13,1.06228998072337,-1,noisy,40.63235524782072,0.9533488154411316,0.9932821989059448,0.0048016547225415,0.0380513928830623,0.0380513928830623,0,0.0,0.0,0.0,0.0,,,,,
real_camera,polyu_full,Canon80D_8_8_6400_comproom_13,1.06228998072337,-1,fdncnn_color,41.34859841999757,0.9634844660758972,0.9943370223045348,0.0042986627668142,0.0380513928830623,0.0347643308341503,0,2.1431150999997044,,,0.0,,,,,
real_camera,polyu_full,Canon80D_8_8_6400_comproom_13,1.06228998072337,-1,ectv_fdncnn,40.63488812977475,0.95338636636734,0.9932861328125,0.0047998833470046,0.0380513928830623,0.038040243089199,0,2.1816032999995514,1.1152001449782574e-05,1.1149793863296509e-05,0.9990980464972736,0.32,,0.3333333333333333,0.0031322836875915,0.0
real_camera,polyu_full,Canon80D_8_8_6400_comproom_14,1.057857551441049,-1,noisy,40.47432875019118,0.9551189541816713,0.9862712621688844,0.0049369945190846,0.0322574414312839,0.0322574414312839,0,0.0,0.0,0.0,0.0,,,,,
real_camera,polyu_full,Canon80D_8_8_6400_comproom_14,1.057857551441049,-1,fdncnn_color,41.25149622162111,0.9651753306388856,0.988312840461731,0.0044337688013911,0.0322574414312839,0.02893628180027,0,1.991913800000475,,,0.0,,,,,
real_camera,polyu_full,Canon80D_8_8_6400_comproom_14,1.057857551441049,-1,ectv_fdncnn,40.47694718019024,0.9551555514335632,0.98627907037735,0.0049353074282407,0.0322574414312839,0.0322464667260646,0,2.034504299999753,1.0978396376286784e-05,1.09747052192688e-05,0.9991055509152602,0.32,,0.3333333333333333,0.0030341744422912,0.0
real_camera,polyu_full,Canon80D_8_8_6400_comproom_16,1.2980098168980183,-1,noisy,39.16585800183407,0.9552307724952698,0.9893268942832948,0.0057156910188496,0.0443569533526897,0.0443569533526897,0,0.0,0.0,0.0,0.0,,,,,
real_camera,polyu_full,Canon80D_8_8_6400_comproom_16,1.2980098168980183,-1,fdncnn_color,39.86305284858888,0.9661681056022644,0.9906760454177856,0.0051701851189136,0.0443569533526897,0.0406494662165641,0,1.98443049999878,,,0.0,,,,,
real_camera,polyu_full,Canon80D_8_8_6400_comproom_16,1.2980098168980183,-1,ectv_fdncnn,39.17049577466305,0.9553075432777404,0.98933607339859,0.0057121543213725,0.0443569533526897,0.0443333275616169,0,2.017325399998299,2.362686291225035e-05,2.362579107284546e-05,0.9986539515170648,0.32,,0.3333333333333333,0.0057743787765502,0.0
real_camera,polyu_full,Canon80D_8_8_800_GO_11,1.1400275717162056,-1,noisy,40.1107425598654,0.9843823313713074,0.9985520839691162,0.0036134356632828,0.0857387036085128,0.0857387036085128,0,0.0,0.0,0.0,0.0,,,,,
real_camera,polyu_full,Canon80D_8_8_800_GO_11,1.1400275717162056,-1,fdncnn_color,40.49972357090255,0.9889337420463562,0.9986916184425354,0.0032820347696542,0.0857387036085128,0.0835278108716011,0,1.947729499999696,,,0.0,,,,,
real_camera,polyu_full,Canon80D_8_8_800_GO_11,1.1400275717162056,-1,ectv_fdncnn,40.11393349535064,0.9844207167625428,0.99855375289917,0.0036107506603002,0.0857387036085128,0.0857241749763488,0,1.9962914000007004,1.453379110460391e-05,1.4528632164001465e-05,0.9989613499987238,0.32,,0.3333333333333333,0.0058005452156066,0.0
real_camera,polyu_full,NikonD800_10_100_6400_planandsofa_2,0.9425841389168376,-1,noisy,34.08483336285477,0.9628151059150696,0.9853454828262328,0.0084200436249375,0.0660865008831024,0.0660865008831024,0,0.0,0.0,0.0,0.0,,,,,
real_camera,polyu_full,NikonD800_10_100_6400_planandsofa_2,0.9425841389168376,-1,fdncnn_color,34.21981297708794,0.9684533476829528,0.9854492545127868,0.0081293508410453,0.0660865008831024,0.0636678412556648,0,1.9314480000011829,,,0.0,,,,,
real_camera,polyu_full,NikonD800_10_100_6400_planandsofa_2,0.9425841389168376,-1,ectv_fdncnn,34.08527475747046,0.9628341794013976,0.9853457808494568,0.0084190936759114,0.0660865008831024,0.0660793855786323,0,1.9736938000005464,7.117810914278245e-06,7.115304470062256e-06,0.9992897330702242,0.32,,0.3333333333333333,0.0025493502616882,0.0
real_camera,polyu_full,NikonD800_10_100_6400_planandsofa_7,0.7744044866584613,-1,noisy,39.94873140866208,0.955377757549286,0.9741727113723756,0.005200948100537,0.028235089033842,0.028235089033842,0,0.0,0.0,0.0,0.0,,,,,
real_camera,polyu_full,NikonD800_10_100_6400_planandsofa_7,0.7744044866584613,-1,fdncnn_color,40.28543165089109,0.961086928844452,0.9757585525512696,0.0048595946282148,0.028235089033842,0.0262990184128284,0,1.9186817999998311,,,0.0,,,,,
real_camera,polyu_full,NikonD800_10_100_6400_planandsofa_7,0.7744044866584613,-1,ectv_fdncnn,39.94935767988511,0.955388844013214,0.9741775393486024,0.005200351588428,0.028235089033842,0.028231693431735,0,1.960024499998326,3.3966122697138173e-06,3.3956021070480347e-06,0.999520468250664,0.32,,0.3333333333333333,0.0015937685966491,0.0
real_camera,polyu_full,NikonD800_11_160_3200_classroom_15,0.7081966165213563,-1,noisy,40.148465002667,0.9567963480949402,0.98382967710495,0.0044410447590053,0.0262948665767908,0.0262948665767908,0,0.0,0.0,0.0,0.0,,,,,
real_camera,polyu_full,NikonD800_11_160_3200_classroom_15,0.7081966165213563,-1,fdncnn_color,40.52108986072452,0.9623003005981444,0.9849178194999696,0.0042341146618127,0.0262948665767908,0.0246041622012853,0,1.927104200000031,,,0.0,,,,,
real_camera,polyu_full,NikonD800_11_160_3200_classroom_15,0.7081966165213563,-1,ectv_fdncnn,40.14900318896862,0.9568047523498536,0.9838314652442932,0.0044407555833458,0.0262948665767908,0.0262924432754516,0,1.9701633999993649,2.42462401423593e-06,2.423301339149475e-06,0.9995989269875132,0.32,,0.3333333333333333,0.0012934207916259,0.0
real_camera,polyu_full,NikonD800_11_160_3200_classroom_4,0.5929221623705418,-1,noisy,39.57998079368166,0.958678424358368,0.9887314438819884,0.0040736263617873,0.0278398059308528,0.0278398059308528,0,0.0,0.0,0.0,0.0,,,,,
real_camera,polyu_full,NikonD800_11_160_3200_classroom_4,0.5929221623705418,-1,fdncnn_color,39.82036876126664,0.9627441763877868,0.9890558123588562,0.0039558121934533,0.0278398059308528,0.0265362989157438,0,1.9342569999989792,,,0.0,,,,,
real_camera,polyu_full,NikonD800_11_160_3200_classroom_4,0.5929221623705418,-1,ectv_fdncnn,39.58021155569903,0.9586822986602784,0.9887320399284364,0.0040735146030783,0.0278398059308528,0.0278385672718286,0,1.9808252999991964,1.2391247978378212e-06,1.2386590242385864e-06,0.9997188337316154,0.32,,0.3333333333333333,0.0008348226547241,0.0
real_camera,polyu_full,NikonD800_11_160_3200_classroom_6,0.8190338733807524,-1,noisy,40.42120224616676,0.9514119029045104,0.9660611152648926,0.004857123363763,0.0229109302163124,0.0229109302163124,0,0.0,0.0,0.0,0.0,,,,,
real_camera,polyu_full,NikonD800_11_160_3200_classroom_6,0.8190338733807524,-1,fdncnn_color,40.98002649737793,0.9597857594490052,0.969717025756836,0.0045008799061179,0.0229109302163124,0.0204116329550743,0,1.9102302999999663,,,0.0,,,,,
real_camera,polyu_full,NikonD800_11_160_3200_classroom_6,0.8190338733807524,-1,ectv_fdncnn,40.42214460022437,0.9514265060424804,0.9660675525665284,0.0048565347678959,0.0229109302163124,0.0229067355394363,0,1.9516415999987655,4.195078276704207e-06,4.194676876068115e-06,0.9994636347050402,0.32,,0.3333333333333333,0.0015277862548828,0.0
real_camera,polyu_full,NikonD800_4-5_160_1800_classroom_15,0.4853259780340345,-1,noisy,41.37187770127768,0.9775207042694092,0.9965118169784546,0.002645461121574,0.0357270687818527,0.0357270687818527,0,0.0,0.0,0.0,0.0,,,,,
real_camera,polyu_full,NikonD800_4-5_160_1800_classroom_15,0.4853259780340345,-1,fdncnn_color,41.54721814935933,0.9795486330986024,0.9966819882392884,0.0025699730031192,0.0357270687818527,0.0349736437201499,0,1.908117900000434,,,0.0,,,,,
real_camera,polyu_full,NikonD800_4-5_160_1800_classroom_15,0.4853259780340345,-1,ectv_fdncnn,41.37202177572519,0.9775217175483704,0.996512234210968,0.002645400352776,0.0357270687818527,0.0357264913618564,0,1.9482664999995905,5.804541404529788e-07,5.774199962615967e-07,0.9998116024585882,0.32,,0.3333333333333333,0.0006555318832397,0.0
real_camera,polyu_full,NikonD800_4-5_160_1800_classroom_5,0.4541440347683002,-1,noisy,40.456469519520766,0.9758089184761048,0.9956940412521362,0.0026956405490636,0.0368634983897209,0.0368634983897209,0,0.0,0.0,0.0,0.0,,,,,
real_camera,polyu_full,NikonD800_4-5_160_1800_classroom_5,0.4541440347683002,-1,fdncnn_color,40.55231712745058,0.9774238467216492,0.9958487749099731,0.0026441763620823,0.0368634983897209,0.0363570004701614,0,2.085638900000049,,,0.0,,,,,
real_camera,polyu_full,NikonD800_4-5_160_1800_classroom_5,0.4541440347683002,-1,ectv_fdncnn,40.45656622920288,0.9758092761039734,0.9956942200660706,0.002695592585951,0.0368634983897209,0.0368630476295948,0,2.1263686000002053,4.512102577325973e-07,4.507601261138916e-07,0.9998350297777094,0.32,,0.3333333333333333,0.0007442235946655,0.0
real_camera,polyu_full,NikonD800_4-5_160_1800_classroom_9,0.7677534220534384,-1,noisy,40.22833627855263,0.9732444882392884,0.9974315166473388,0.0031047617085278,0.060524933040142,0.060524933040142,0,0.0,0.0,0.0,0.0,,,,,
real_camera,polyu_full,NikonD800_4-5_160_1800_classroom_9,0.7677534220534384,-1,fdncnn_color,40.41450393092856,0.9764476418495178,0.9975840449333192,0.0029779048636555,0.060524933040142,0.0591251775622367,0,1.888388399998803,,,0.0,,,,,
real_camera,polyu_full,NikonD800_4-5_160_1800_classroom_9,0.7677534220534384,-1,ectv_fdncnn,40.22888369598305,0.9732525944709778,0.9974319934844972,0.0031044243369251,0.060524933040142,0.0605216510593891,0,1.930729199999405,3.2879397076219526e-06,3.2819807529449463e-06,0.999528666041752,0.32,,0.3333333333333333,0.002012550830841,0.0
real_camera,polyu_full,NikonD800_5-6_160_6400_wall_15,1.735464880892159,-1,noisy,37.20028127920376,0.9433992505073548,0.9937245845794678,0.0059611834585666,0.0667018666863441,0.0667018666863441,0,0.0,0.0,0.0,0.0,,,,,
real_camera,polyu_full,NikonD800_5-6_160_6400_wall_15,1.735464880892159,-1,fdncnn_color,38.062617247946505,0.9600785374641418,0.9948949813842772,0.0052816811949014,0.0667018666863441,0.0618383809924125,0,1.885787799999889,,,0.0,,,,,
real_camera,polyu_full,NikonD800_5-6_160_6400_wall_15,1.735464880892159,-1,ectv_fdncnn,37.21301749462889,0.9436646103858948,0.9937440156936646,0.0059509957209229,0.0667018666863441,0.0666320547461509,0,1.927405500000532,6.981814054989488e-05,6.981194019317627e-05,0.9975963255524112,0.32,,0.3333333333333333,0.0128272175788879,0.0
real_camera,polyu_full,NikonD800_5-6_160_6400_wall_2,1.6033390942542989,-1,noisy,37.84026918582266,0.9251503944396972,0.99067360162735,0.0060680513270199,0.0509789735078811,0.0509789735078811,0,0.0,0.0,0.0,0.0,,,,,
real_camera,polyu_full,NikonD800_5-6_160_6400_wall_2,1.6033390942542989,-1,fdncnn_color,38.87293404274664,0.946018934249878,0.992652177810669,0.0052997968159615,0.0509789735078811,0.0458683967590332,0,1.91960139999901,,,0.0,,,,,
real_camera,polyu_full,NikonD800_5-6_160_6400_wall_2,1.6033390942542989,-1,ectv_fdncnn,37.85081153054823,0.9253804683685304,0.990696132183075,0.0060597825795412,0.0509789735078811,0.0509269870817661,0,1.9609913999993296,5.1989772032313634e-05,5.198642611503601e-05,0.9979476666330198,0.32,,0.3333333333333333,0.0092660784721374,0.0
real_camera,polyu_full,NikonD800_5-6_160_6400_wall_6,2.472627842211573,-1,noisy,35.787734722094456,0.9633889198303224,0.9963645935058594,0.0058638714253902,0.1038973927497863,0.1038973927497863,0,0.0,0.0,0.0,0.0,,,,,
real_camera,polyu_full,NikonD800_5-6_160_6400_wall_6,2.472627842211573,-1,fdncnn_color,36.64856793632027,0.9715306758880616,0.9966074824333192,0.0056085279211401,0.1038973927497863,0.0985471606254577,0,1.92270119999921,,,0.0,,,,,
real_camera,polyu_full,NikonD800_5-6_160_6400_wall_6,2.472627842211573,-1,ectv_fdncnn,35.8331509343713,0.9638907313346864,0.996385931968689,0.005843011662364,0.1038973927497863,0.1036379784345626,0,1.964298199998666,0.0002594208598127,0.0002594143152236,0.9951327343913896,0.32,,0.3333333333333333,0.0413587689399719,0.0
real_camera,polyu_full,NikonD800_5-6_160_6400_wall_9,1.231067526651843,-1,noisy,39.19668155978143,0.9230286478996276,0.9728591442108154,0.0068388110958039,0.0300342515110969,0.0300342515110969,0,0.0,0.0,0.0,0.0,,,,,
real_camera,polyu_full,NikonD800_5-6_160_6400_wall_9,1.231067526651843,-1,fdncnn_color,40.06920753138098,0.9398384690284728,0.977168619632721,0.0061933253891766,0.0300342515110969,0.0262793358415365,0,1.91305629999988,,,0.0,,,,,
real_camera,polyu_full,NikonD800_5-6_160_6400_wall_9,1.231067526651843,-1,ectv_fdncnn,39.20112119895017,0.9231207370758056,0.97288316488266,0.0068354634568095,0.0300342515110969,0.0300148725509643,0,1.9557243999988716,1.9380320406364662e-05,1.937896013259888e-05,0.9987890469750632,0.32,,0.3333333333333333,0.0047521591186523,0.0
real_camera,polyu_full,NikonD800_5_100_4000_flower_12,0.6028234834175161,-1,noisy,40.163363197857336,0.9651456475257874,0.986532747745514,0.0038929628208279,0.0309576094150543,0.0309576094150543,0,0.0,0.0,0.0,0.0,,,,,
real_camera,polyu_full,NikonD800_5_100_4000_flower_12,0.6028234834175161,-1,fdncnn_color,40.405849887621805,0.9685685634613036,0.9871838688850404,0.0037697039078921,0.0309576094150543,0.0297572258859872,0,1.946041299999706,,,0.0,,,,,
real_camera,polyu_full,NikonD800_5_100_4000_flower_12,0.6028234834175161,-1,ectv_fdncnn,40.16363107016304,0.965148627758026,0.9865337014198304,0.0038928305730223,0.0309576094150543,0.0309562906622886,0,1.9861526000004237,1.3192249822990731e-06,1.3187527656555176e-06,0.999709367578223,0.32,,0.3333333333333333,0.0009476542472839,0.0
real_camera,polyu_full,NikonD800_5_100_4000_flower_13,1.5409721855386018,-1,noisy,35.838336996772725,0.9499568939208984,0.9840372800827026,0.007465539034456,0.0664597898721695,0.0664597898721695,0,0.0,0.0,0.0,0.0,,,,,
real_camera,polyu_full,NikonD800_5_100_4000_flower_13,1.5409721855386018,-1,fdncnn_color,36.309954632819135,0.9614176154136658,0.9848418831825256,0.0070225419476628,0.0664597898721695,0.0627335757017135,0,1.905525199999829,,,0.0,,,,,
real_camera,polyu_full,NikonD800_5_100_4000_flower_13,1.5409721855386018,-1,ectv_fdncnn,35.84429097793543,0.9501101970672609,0.9840485453605652,0.0074597843922674,0.0664597898721695,0.0664149522781372,0,1.9470191999989763,4.484259037137736e-05,4.48375940322876e-05,0.9981039279824712,0.32,,0.3333333333333333,0.0103365182876586,0.0
real_camera,polyu_full,NikonD800_5_100_4000_flower_14,1.1979600559211594,-1,noisy,37.138711713853056,0.96461683511734,0.989842653274536,0.0066408673301339,0.062316607683897,0.062316607683897,0,0.0,0.0,0.0,0.0,,,,,
real_camera,polyu_full,NikonD800_5_100_4000_flower_14,1.1979600559211594,-1,fdncnn_color,37.54349507893966,0.9714354872703552,0.9903415441513062,0.0063305920921266,0.062316607683897,0.059789091348648,0,1.9298577000008663,,,0.0,,,,,
real_camera,polyu_full,NikonD800_5_100_4000_flower_14,1.1979600559211594,-1,ectv_fdncnn,37.14160849355765,0.9646664261817932,0.9898463487625122,0.0066387131810188,0.062316607683897,0.0622991099953651,0,1.971530100001473,1.7499721769412737e-05,1.749768853187561e-05,0.9988532304581734,0.32,,0.3333333333333333,0.0058763027191162,0.0
real_camera,polyu_full,NikonD800_5_100_4000_flower_15,1.4494979163219237,-1,noisy,36.19745771212913,0.9498414993286132,0.9826564192771912,0.0070128487423062,0.0617997646331787,0.0617997646331787,0,0.0,0.0,0.0,0.0,,,,,
real_camera,polyu_full,NikonD800_5_100_4000_flower_15,1.4494979163219237,-1,fdncnn_color,36.66297123605917,0.9609591364860536,0.9835742115974426,0.0065820054151117,0.0617997646331787,0.0582051128149032,0,1.908563400000276,,,0.0,,,,,
real_camera,polyu_full,NikonD800_5_100_4000_flower_15,1.4494979163219237,-1,ectv_fdncnn,36.20230950569415,0.9499640464782716,0.9826676845550536,0.0070081534795463,0.0617997646331787,0.0617640763521194,0,1.9505101000013385,3.5688941542860884e-05,3.568828105926514e-05,0.9983219866768483,0.32,,0.3333333333333333,0.0086007118225097,0.0
real_camera,polyu_full,NikonD800_5_100_4000_flower_1,1.4941258653060867,-1,noisy,35.88959511915257,0.9505752921104432,0.9848920106887816,0.0072776610031723,0.0658336654305458,0.0658336654305458,0,0.0,0.0,0.0,0.0,,,,,
real_camera,polyu_full,NikonD800_5_100_4000_flower_1,1.4941258653060867,-1,fdncnn_color,36.35357240174806,0.961219072341919,0.9855502247810364,0.0068812407553195,0.0658336654305458,0.0621780455112457,0,1.904038999999102,,,0.0,,,,,
real_camera,polyu_full,NikonD800_5_100_4000_flower_1,1.4941258653060867,-1,ectv_fdncnn,35.89488474838366,0.9507040977478028,0.9849008321762084,0.007272851653397,0.0658336654305458,0.0657937005162239,0,1.944481899998209,3.996517371332998e-05,3.996491432189941e-05,0.998217256069578,0.32,,0.3333333333333333,0.0093284249305725,0.0
real_camera,polyu_full,NikonD800_5_100_4000_flower_2,1.2530852243939712,-1,noisy,36.45228013374538,0.9670804142951964,0.9902485013008118,0.006973079405725,0.0683029145002365,0.0683029145002365,0,0.0,0.0,0.0,0.0,,,,,
real_camera,polyu_full,NikonD800_5_100_4000_flower_2,1.2530852243939712,-1,fdncnn_color,36.82664790254032,0.9728463292121888,0.9905715584754944,0.0067304000258445,0.0683029145002365,0.0657905861735344,0,1.970300099999804,,,0.0,,,,,
real_camera,polyu_full,NikonD800_5_100_4000_flower_2,1.2530852243939712,-1,ectv_fdncnn,36.45542875155967,0.9671311378479004,0.9902513027191162,0.0069709899835288,0.0683029145002365,0.0682822093367576,0,2.0097963999996864,2.070980343858365e-05,2.070516347885132e-05,0.9987453985989962,0.32,,0.3333333333333333,0.0067542791366577,0.0
real_camera,polyu_full,NikonD800_5_125_6400_stair_10,1.4800896974276982,-1,noisy,36.67890486560145,0.9188928604125975,0.9606695771217346,0.007324447389692,0.0452161952853202,0.0452161952853202,0,0.0,0.0,0.0,0.0,,,,,
real_camera,polyu_full,NikonD800_5_125_6400_stair_10,1.4800896974276982,-1,fdncnn_color,37.44023149455555,0.9342775344848632,0.9632338285446168,0.006890857592225,0.0452161952853202,0.0411571636795997,0,1.8972283999992212,,,0.0,,,,,
real_camera,polyu_full,NikonD800_5_125_6400_stair_10,1.4800896974276982,-1,ectv_fdncnn,36.68603888629729,0.9190486073493958,0.9606962203979492,0.0073201498016715,0.0452161952853202,0.0451776161789894,0,1.939626399998815,3.8582182672936975e-05,3.857910633087158e-05,0.9982505353745948,0.32,,0.3333333333333333,0.0084121227264404,0.0
real_camera,polyu_full,NikonD800_5_125_6400_stair_1,1.5112692786950797,-1,noisy,36.30323378316851,0.9291686415672302,0.9662467241287231,0.0084238117560744,0.0521774142980575,0.0521774142980575,0,0.0,0.0,0.0,0.0,,,,,
real_camera,polyu_full,NikonD800_5_125_6400_stair_1,1.5112692786950797,-1,fdncnn_color,37.01647365569438,0.9430715441703796,0.9684441685676576,0.007971434853971,0.0521774142980575,0.0480703823268413,0,1.9244447000000944,,,0.0,,,,,
real_camera,polyu_full,NikonD800_5_125_6400_stair_1,1.5112692786950797,-1,ectv_fdncnn,36.31045676855796,0.9293195605278016,0.966271162033081,0.0084190610796213,0.0521774142980575,0.0521357133984565,0,1.968840400000772,4.1702811093297264e-05,4.1700899600982666e-05,0.9981761865402704,0.32,,0.3333333333333333,0.0089988112449646,0.0
real_camera,polyu_full,NikonD800_5_125_6400_stair_3,1.4489030154944609,-1,noisy,36.91613281629619,0.9129765629768372,0.9526662826538086,0.0065014753490686,0.0406778194010257,0.0406778194010257,0,0.0,0.0,0.0,0.0,,,,,
real_camera,polyu_full,NikonD800_5_125_6400_stair_3,1.4489030154944609,-1,fdncnn_color,37.64847537365991,0.9287886619567872,0.9557968974113464,0.0061035682447254,0.0406778194010257,0.0368491858243942,0,1.925004300001092,,,0.0,,,,,
real_camera,polyu_full,NikonD800_5_125_6400_stair_3,1.4489030154944609,-1,ectv_fdncnn,36.92278296497955,0.913131296634674,0.9526984095573424,0.0064976233989,0.0406778194010257,0.0406421869993209,0,1.963402400000632,3.563429416282922e-05,3.563240170478821e-05,0.998323361458302,0.32,,0.3333333333333333,0.008169949054718,0.0
real_camera,polyu_full,NikonD800_5_125_6400_stair_6,1.57748298780948,-1,noisy,36.13303489009284,0.9246943593025208,0.9656397700309752,0.008179323747754,0.0524830520153045,0.0524830520153045,0,0.0,0.0,0.0,0.0,,,,,
real_camera,polyu_full,NikonD800_5_125_6400_stair_6,1.57748298780948,-1,fdncnn_color,36.86748464226514,0.9394853711128236,0.967945158481598,0.0077441711910068,0.0524830520153045,0.0484820194542408,0,1.933759100000316,,,0.0,,,,,
real_camera,polyu_full,NikonD800_5_125_6400_stair_6,1.57748298780948,-1,ectv_fdncnn,36.14187627406589,0.9248859882354736,0.9656704664230348,0.0081738177686929,0.0524830520153045,0.0524341203272342,0,1.9741510999992895,4.893332051455563e-05,4.893168807029724e-05,0.9980131958175832,0.32,,0.3333333333333333,0.0106829404830932,0.0
real_camera,polyu_full,NikonD800_5_125_6400_stair_7,1.5024020141196934,-1,noisy,36.76937444626193,0.9053666591644288,0.9406347274780272,0.0066143875010311,0.038626167923212,0.038626167923212,0,0.0,0.0,0.0,0.0,,,,,
real_camera,polyu_full,NikonD800_5_125_6400_stair_7,1.5024020141196934,-1,fdncnn_color,37.56884917801936,0.9230538010597228,0.9443942904472352,0.0061481916345655,0.038626167923212,0.0344223305583,0,1.9586643000002368,,,0.0,,,,,
real_camera,polyu_full,NikonD800_5_125_6400_stair_7,1.5024020141196934,-1,ectv_fdncnn,36.776939232717645,0.905548095703125,0.9406753182411194,0.0066096656955778,0.038626167923212,0.0385853722691535,0,2.001303100001678,4.0797322049465305e-05,4.079565405845642e-05,0.9981974874317162,0.32,,0.3333333333333333,0.0086182951927185,0.0
real_camera,polyu_full,NikonD800_6-3_125_5000_plant_10,1.1361863755620425,-1,noisy,38.01562195359702,0.9309160709381104,0.9792755842208862,0.0054141907021403,0.035639327019453,0.035639327019453,0,0.0,0.0,0.0,0.0,,,,,
real_camera,polyu_full,NikonD800_6-3_125_5000_plant_10,1.1361863755620425,-1,fdncnn_color,38.53372192663199,0.942517101764679,0.9807119369506836,0.0049988701939582,0.035639327019453,0.0319269001483917,0,1.93961759999911,,,0.0,,,,,
real_camera,polyu_full,NikonD800_6-3_125_5000_plant_10,1.1361863755620425,-1,ectv_fdncnn,38.01771056484103,0.9309656620025636,0.979282021522522,0.0054125101305544,0.035639327019453,0.0356249772012233,0,1.979981199998292,1.4351091620729457e-05,1.4349818229675291e-05,0.9989683302248508,0.32,,0.3333333333333333,0.0033928751945495,0.0
real_camera,polyu_full,NikonD800_6-3_125_5000_plant_1,1.1678866234229293,-1,noisy,37.695158799650656,0.9262948036193848,0.9786968231201172,0.0055059688165783,0.0360508039593696,0.0360508039593696,0,0.0,0.0,0.0,0.0,,,,,
real_camera,polyu_full,NikonD800_6-3_125_5000_plant_1,1.1678866234229293,-1,fdncnn_color,38.20418325951918,0.9378809928894044,0.9801995158195496,0.0051108784973621,0.0360508039593696,0.0323660597205162,0,1.902710800000932,,,0.0,,,,,
real_camera,polyu_full,NikonD800_6-3_125_5000_plant_1,1.1678866234229293,-1,ectv_fdncnn,37.69742314832482,0.926349401473999,0.9787041544914246,0.0055041909217834,0.0360508039593696,0.0360348969697952,0,1.945075600000564,1.591002873459715e-05,1.5906989574432373e-05,0.9989100224483534,0.32,,0.3333333333333333,0.0037717223167419,0.0
real_camera,polyu_full,NikonD800_6-3_125_5000_plant_3,0.7594769798238868,-1,noisy,39.386288840607726,0.9498865008354188,0.9796318411827089,0.0042063784785568,0.0251809079200029,0.0251809079200029,0,0.0,0.0,0.0,0.0,,,,,
real_camera,polyu_full,NikonD800_6-3_125_5000_plant_3,0.7594769798238868,-1,fdncnn_color,39.76197533707084,0.95689457654953,0.9809402227401732,0.0039781723171472,0.0251809079200029,0.0230226293206214,0,1.9211749999994936,,,0.0,,,,,
real_camera,polyu_full,NikonD800_6-3_125_5000_plant_3,0.7594769798238868,-1,ectv_fdncnn,39.38684259802234,0.9498971104621888,0.9796345829963684,0.0042060362175107,0.0251809079200029,0.0251777525991201,0,1.961447399999088,3.156286307841204e-06,3.155320882797241e-06,0.9995387686389794,0.32,,0.3333333333333333,0.0013083815574645,0.0
real_camera,polyu_full,NikonD800_6-3_125_5000_plant_6,1.1582036918634422,-1,noisy,37.7333804511887,0.9345691800117492,0.9818002581596376,0.005447335075587,0.0389066413044929,0.0389066413044929,0,0.0,0.0,0.0,0.0,,,,,
real_camera,polyu_full,NikonD800_6-3_125_5000_plant_6,1.1582036918634422,-1,fdncnn_color,38.25283948320483,0.9462592005729676,0.9834957718849182,0.0049807969480752,0.0389066413044929,0.0352699235081672,0,1.928104900000108,,,0.0,,,,,
real_camera,polyu_full,NikonD800_6-3_125_5000_plant_6,1.1582036918634422,-1,ectv_fdncnn,37.73565097033042,0.934622585773468,0.9818081855773926,0.0054452987387776,0.0389066413044929,0.0388912260532379,0,1.968686299998808,1.5421382244963953e-05,1.54152512550354e-05,0.9989280021910284,0.32,,0.3333333333333333,0.0037611126899719,0.0
real_camera,polyu_full,NikonD800_6-3_125_5000_plant__4,1.1692950199565035,-1,noisy,37.76422989370848,0.929177463054657,0.9688631296157836,0.0051785521209239,0.025739774107933,0.025739774107933,0,0.0,0.0,0.0,0.0,,,,,
real_camera,polyu_full,NikonD800_6-3_125_5000_plant__4,1.1692950199565035,-1,fdncnn_color,38.38566171367307,0.9455906748771667,0.973628044128418,0.0045561594888567,0.025739774107933,0.0216226447373628,0,1.90442019999864,,,0.0,,,,,
real_camera,polyu_full,NikonD800_6-3_125_5000_plant__4,1.1692950199565035,-1,ectv_fdncnn,37.76666924304659,0.9292461276054382,0.9688829183578492,0.0051761111244559,0.025739774107933,0.0257237926125526,0,1.9463524999991928,1.598203132821299e-05,1.598149538040161e-05,0.998907394853022,0.32,,0.3333333333333333,0.0035299062728881,0.0
real_camera,polyu_full,NikonD800_8_100_6400_bulletin_3,0.8378048650138574,-1,noisy,36.95153239667226,0.9592700004577636,0.9950688481330872,0.0054022478871047,0.0599435232579708,0.0599435232579708,0,0.0,0.0,0.0,0.0,,,,,
real_camera,polyu_full,NikonD800_8_100_6400_bulletin_3,0.8378048650138574,-1,fdncnn_color,37.20181900335901,0.9653889536857604,0.9952715039253236,0.0050687845796346,0.0599435232579708,0.0576711781322956,0,1.8992078000010224,,,0.0,,,,,
real_camera,polyu_full,NikonD800_8_100_6400_bulletin_3,0.8378048650138574,-1,ectv_fdncnn,36.95208436239321,0.9592836499214172,0.9950695037841796,0.0054015559144318,0.0599435232579708,0.0599389560520648,0,1.9396809999998368,4.568800073990086e-06,4.567205905914307e-06,0.9994387816084952,0.32,,0.3333333333333333,0.0017628073692321,0.0
real_camera,polyu_full,NikonD800_8_100_6400_bulletin_5,0.8785906202296454,-1,noisy,35.80403663536136,0.9742417335510254,0.996125876903534,0.0071516530588269,0.1026992201805114,0.1026992201805114,0,0.0,0.0,0.0,0.0,,,,,
real_camera,polyu_full,NikonD800_8_100_6400_bulletin_5,0.8785906202296454,-1,fdncnn_color,35.98396073511867,0.9790822863578796,0.9961886405944824,0.0068215006031095,0.1026992201805114,0.1007193177938461,0,1.9374270000007527,,,0.0,,,,,
real_camera,polyu_full,NikonD800_8_100_6400_bulletin_5,0.8785906202296454,-1,ectv_fdncnn,35.80459113981368,0.9742568135261536,0.9961257576942444,0.0071506979875266,0.1026992201805114,0.1026937663555145,0,1.982559100000799,5.463983366068668e-06,5.453824996948242e-06,0.9993828440128564,0.32,,0.3333333333333333,0.0023794174194335,0.0
real_camera,polyu_full,NikonD800_8_100_6400_bulletin_7,0.7059779371862622,-1,noisy,37.84200714961398,0.9631875157356262,0.994844615459442,0.004789094440639,0.046485312283039,0.046485312283039,0,0.0,0.0,0.0,0.0,,,,,
real_camera,polyu_full,NikonD800_8_100_6400_bulletin_7,0.7059779371862622,-1,fdncnn_color,38.069707607408446,0.9678979516029358,0.9950895309448242,0.0045123356394469,0.046485312283039,0.0447144322097301,0,1.9151763999998368,,,0.0,,,,,
real_camera,polyu_full,NikonD800_8_100_6400_bulletin_7,0.7059779371862622,-1,ectv_fdncnn,37.84233879442187,0.9631943106651306,0.9948452711105348,0.0047887181863188,0.046485312283039,0.0464829169213771,0,1.9473424999996496,2.396079541444777e-06,2.3953616619110107e-06,0.9996014350602448,0.32,,0.3333333333333333,0.0012011528015136,0.0
real_camera,polyu_full,NikonD800_8_100_6400_bulletin_8,0.9448019526748954,-1,noisy,39.42511939853356,0.9446430802345276,0.9881330728530884,0.0045535517856478,0.0304596349596977,0.0304596349596977,0,0.0,0.0,0.0,0.0,,,,,
real_camera,polyu_full,NikonD800_8_100_6400_bulletin_8,0.9448019526748954,-1,fdncnn_color,39.971862949723146,0.9542355537414552,0.9894557595252992,0.0041999705135822,0.0304596349596977,0.02757746912539,0,1.922014499999932,,,0.0,,,,,
real_camera,polyu_full,NikonD800_8_100_6400_bulletin_8,0.9448019526748954,-1,ectv_fdncnn,39.42649956077346,0.9446685910224916,0.9881371259689332,0.004552649334073,0.0304596349596977,0.0304524544626474,0,1.9562729000008403,7.18096968283931e-06,7.180497050285339e-06,0.9992863891416864,0.32,,0.3333333333333333,0.0022339820861816,0.0
real_camera,polyu_full,NikonD800_8_125_6400_photo_19,0.84002429255961,-1,noisy,38.11488587067125,0.9576940536499025,0.9887965321540833,0.005681493319571,0.0403327494859695,0.0403327494859695,0,0.0,0.0,0.0,0.0,,,,,
real_camera,polyu_full,NikonD800_8_125_6400_photo_19,0.84002429255961,-1,fdncnn_color,38.41953554511061,0.9660460352897644,0.9892793893814088,0.0052893068641424,0.0403327494859695,0.0378129929304122,0,1.9401759000011225,,,0.0,,,,,
real_camera,polyu_full,NikonD800_8_125_6400_photo_19,0.84002429255961,-1,ectv_fdncnn,38.11547300482917,0.9577100872993468,0.9887973070144652,0.0056807659566402,0.0403327494859695,0.04032813757658,0,1.9833888000011937,4.614540820552915e-06,4.61190938949585e-06,0.9994358059049628,0.32,,0.3333333333333333,0.0016692280769348,0.0
real_camera,polyu_full,Sony_3-5_200_1600_classroom_10,0.7368655989304658,-1,noisy,40.070833889708325,0.9493391513824464,0.9934690594673156,0.0038182698190212,0.0397099629044532,0.0397099629044532,0,0.0,0.0,0.0,0.0,,,,,
real_camera,polyu_full,Sony_3-5_200_1600_classroom_10,0.7368655989304658,-1,fdncnn_color,40.39137593213194,0.9535136222839355,0.9939708113670348,0.0035611630883067,0.0397099629044532,0.0372605249285697,0,1.943878100000802,,,0.0,,,,,
real_camera,polyu_full,Sony_3-5_200_1600_classroom_10,0.7368655989304658,-1,ectv_fdncnn,40.07129314575899,0.9493465423583984,0.9934698939323424,0.0038179443217813,0.0397099629044532,0.0397071540355682,0,1.9831049000003984,2.816256213493628e-06,2.808868885040283e-06,0.9995658118998048,0.32,,0.3333333333333333,0.0009915828704833,0.0
real_camera,polyu_full,Sony_3-5_200_1600_classroom_13,0.8769660348281672,-1,noisy,41.03153788745152,0.9441709518432616,0.9914816617965698,0.0036935876123607,0.0310655068606138,0.0310655068606138,0,0.0,0.0,0.0,0.0,,,,,
real_camera,polyu_full,Sony_3-5_200_1600_classroom_13,0.8769660348281672,-1,fdncnn_color,41.64232956347574,0.9518648982048036,0.9924803376197816,0.0034185654949396,0.0310655068606138,0.0281247701495885,0,1.924452699999165,,,0.0,,,,,
real_camera,polyu_full,Sony_3-5_200_1600_classroom_13,0.8769660348281672,-1,ectv_fdncnn,41.0327424543548,0.9441866874694824,0.9914838671684264,0.0036930488422513,0.0310655068606138,0.0310600809752941,0,1.962720099998478,5.426061645282629e-06,5.425885319709778e-06,0.999385122843169,0.32,,0.3333333333333333,0.0015976428985595,0.0
real_camera,polyu_full,Sony_3-5_200_1600_classroom_14,0.5967620088113608,-1,noisy,40.77933832844999,0.9572811722755432,0.9958153963088988,0.0034799559507519,0.0364602878689765,0.0364602878689765,0,0.0,0.0,0.0,0.0,,,,,
real_camera,polyu_full,Sony_3-5_200_1600_classroom_14,0.5967620088113608,-1,fdncnn_color,41.0804868408637,0.9616066813468932,0.9961854815483092,0.0032654905226081,0.0364602878689765,0.0345705077052116,0,2.6798511000015424,,,0.0,,,,,
real_camera,polyu_full,Sony_3-5_200_1600_classroom_14,0.5967620088113608,-1,ectv_fdncnn,40.77958708869805,0.9572851657867432,0.9958155751228333,0.0034798046108335,0.0364602878689765,0.0364590212702751,0,2.7420554000018456,1.2697528827362498e-06,1.2665987014770508e-06,0.9997151812364194,0.32,,0.3333333333333333,0.000575304031372,0.0
real_camera,polyu_full,Sony_4-5_125_1600_toy_10,1.4091440987180262,-1,noisy,38.05845269277344,0.9248458743095398,0.9649851322174072,0.0048322016373276,0.0321138948202133,0.0321138948202133,0,0.0,0.0,0.0,0.0,,,,,
real_camera,polyu_full,Sony_4-5_125_1600_toy_10,1.4091440987180262,-1,fdncnn_color,39.09716496292554,0.9449436068534852,0.9702123999595642,0.0042940648272633,0.0321138948202133,0.0272194687277078,0,1.9486610000003568,,,0.0,,,,,
real_camera,polyu_full,Sony_4-5_125_1600_toy_10,1.4091440987180262,-1,ectv_fdncnn,38.06508911678944,0.9249865412712096,0.9650241136550904,0.0048283981159329,0.0321138948202133,0.0320817790925502,0,1.9940841999996337,3.2117986651727785e-05,3.211572766304016e-05,0.9984139711469632,0.32,,0.3333333333333333,0.0058145523071289,0.0
real_camera,polyu_full,Sony_4-5_125_1600_toy_11,1.641907798593485,-1,noisy,38.10991770680181,0.9063898921012878,0.9225183129310608,0.0050134980119764,0.0298671685159206,0.0298671685159206,0,0.0,0.0,0.0,0.0,,,,,
real_camera,polyu_full,Sony_4-5_125_1600_toy_11,1.641907798593485,-1,fdncnn_color,39.55486166068837,0.936401069164276,0.9378809332847596,0.0042235068976879,0.0298671685159206,0.0236380640417337,0,1.9617987999990876,,,0.0,,,,,
real_camera,polyu_full,Sony_4-5_125_1600_toy_11,1.641907798593485,-1,ectv_fdncnn,38.12250705617339,0.9066850543022156,0.9226732850074768,0.0050057219341397,0.0298671685159206,0.0298103652894496,0,2.003319699999338,5.6803631379247846e-05,5.680322647094727e-05,0.9978479556516602,0.32,,0.3333333333333333,0.0082930922508239,0.0
real_camera,polyu_full,Sony_4-5_125_3200_plant_10,2.529966892668786,-1,noisy,33.91555847026036,0.9435134530067444,0.9945849776268004,0.0077180983498692,0.1099381744861602,0.1099381744861602,0,0.0,0.0,0.0,0.0,,,,,
real_camera,polyu_full,Sony_4-5_125_3200_plant_10,2.529966892668786,-1,fdncnn_color,34.54978224139586,0.9608566164970398,0.9948490262031556,0.0072198244743049,0.1099381744861602,0.1027216613292694,0,1.940679100000125,,,0.0,,,,,
real_camera,polyu_full,Sony_4-5_125_3200_plant_10,2.529966892668786,-1,ectv_fdncnn,33.94384318575294,0.9443407654762268,0.9946025013923644,0.0076900925487279,0.1099381744861602,0.1096558421850204,0,1.9799762000002372,0.0002823429322176,0.0002823323011398,0.994905545137893,0.32,,0.3333333333333333,0.0324072241783142,0.0
real_camera,polyu_full,Sony_4-5_125_3200_plant_11,1.9227087940201628,-1,noisy,35.91292420666987,0.9268363118171692,0.9882534742355348,0.0053662909194827,0.0581326633691787,0.0581326633691787,0,0.0,0.0,0.0,0.0,,,,,
real_camera,polyu_full,Sony_4-5_125_3200_plant_11,1.9227087940201628,-1,fdncnn_color,36.70800622524766,0.9469857215881348,0.9896451234817504,0.0048376386985182,0.0581326633691787,0.0516138970851898,0,1.9414682000006,,,0.0,,,,,
real_camera,polyu_full,Sony_4-5_125_3200_plant_11,1.9227087940201628,-1,ectv_fdncnn,35.926246816801246,0.9271973967552184,0.9882832169532776,0.0053556286729872,0.0581326633691787,0.0580304898321628,0,1.983724900001107,0.0001021802941817,0.0001021735370159,0.9970512819897692,0.32,,0.3333333333333333,0.0137269496917724,0.0
real_camera,polyu_full,Sony_4-5_125_3200_plant_13,1.836401902343576,-1,noisy,33.701622612436296,0.957258403301239,0.9953789114952089,0.007485254202038,0.1154779866337776,0.1154779866337776,0,0.0,0.0,0.0,0.0,,,,,
real_camera,polyu_full,Sony_4-5_125_3200_plant_13,1.836401902343576,-1,fdncnn_color,34.098831236648905,0.9701821208000184,0.995502471923828,0.0070526879280805,0.1154779866337776,0.1108519732952117,0,1.93742839999868,,,0.0,,,,,
real_camera,polyu_full,Sony_4-5_125_3200_plant_13,1.836401902343576,-1,ectv_fdncnn,33.70995956658036,0.9575404524803162,0.9953836798667908,0.007475241087377,0.1154779866337776,0.1153918355703353,0,1.977629099998012,8.615264855194695e-05,8.615106344223022e-05,0.9973093680199564,0.32,,0.3333333333333333,0.0153248310089111,0.0
real_camera,polyu_full,Sony_4-5_125_3200_plant_14,1.183628594236232,-1,noisy,37.771174817416615,0.9423579573631288,0.9873510003089904,0.0043315193615853,0.0406662188470363,0.0406662188470363,0,0.0,0.0,0.0,0.0,,,,,
real_camera,polyu_full,Sony_4-5_125_3200_plant_14,1.183628594236232,-1,fdncnn_color,38.31591810590013,0.9545995593070984,0.9886556267738342,0.0039205523207783,0.0406662188470363,0.0366669297218322,0,1.9613281000001732,,,0.0,,,,,
real_camera,polyu_full,Sony_4-5_125_3200_plant_14,1.183628594236232,-1,ectv_fdncnn,37.77362512755871,0.9424179196357728,0.9873582720756532,0.0043295011855661,0.0406662188470363,0.0406494960188865,0,2.0029776000010315,1.6728393200698997e-05,1.6722828149795532e-05,0.9988804738934364,0.32,,0.3333333333333333,0.0037276744842529,0.0
real_camera,polyu_full,Sony_4-5_125_6400_waterhouse_10,1.4721093118861424,-1,noisy,36.803246626080906,0.9003608822822571,0.9851882457733154,0.0045932005159556,0.0378140322864055,0.0378140322864055,0,0.0,0.0,0.0,0.0,,,,,
real_camera,polyu_full,Sony_4-5_125_6400_waterhouse_10,1.4721093118861424,-1,fdncnn_color,37.78464722896064,0.9249119758605956,0.9882184863090516,0.003946934826672,0.0378140322864055,0.0323072746396064,0,1.9123786999989532,,,0.0,,,,,
real_camera,polyu_full,Sony_4-5_125_6400_waterhouse_10,1.4721093118861424,-1,ectv_fdncnn,36.80976156366185,0.9005413055419922,0.9852128028869628,0.0045882649719715,0.0378140322864055,0.0377762243151664,0,1.9538533999984795,3.781157522028916e-05,3.7807971239089966e-05,0.9982693175306852,0.32,,0.3333333333333333,0.0061126947402954,0.0
real_camera,polyu_full,Sony_4_200_3200_door_10,1.2988983097195426,-1,noisy,38.10326363541171,0.9336311221122742,0.9931416511535645,0.0043162433430552,0.0472593605518341,0.0472593605518341,0,0.0,0.0,0.0,0.0,,,,,
real_camera,polyu_full,Sony_4_200_3200_door_10,1.2988983097195426,-1,fdncnn_color,38.692852310837445,0.9461398124694824,0.9940831065177916,0.0038627677131444,0.0472593605518341,0.0429377034306526,0,1.9221532000010484,,,0.0,,,,,
real_camera,polyu_full,Sony_4_200_3200_door_10,1.2988983097195426,-1,ectv_fdncnn,38.10684102838903,0.9337132573127748,0.9931483268737792,0.004313435871154,0.0472593605518341,0.0472356788814067,0,1.9627030999999988,2.3687406165427123e-05,2.3681670427322388e-05,0.998652110622334,0.32,,0.3333333333333333,0.0048559308052062,0.0
real_camera,polyu_full,Sony_4_200_3200_door_11,1.319293563996587,-1,noisy,40.21459800725153,0.918982207775116,0.9456403255462646,0.0050005009397864,0.0253156088292598,0.0253156088292598,0,0.0,0.0,0.0,0.0,,,,,
real_camera,polyu_full,Sony_4_200_3200_door_11,1.319293563996587,-1,fdncnn_color,41.6212065473544,0.9420061111450196,0.9588067531585692,0.0041684787720441,0.0253156088292598,0.0192770063877105,0,1.9213691000004476,,,0.0,,,,,
real_camera,polyu_full,Sony_4_200_3200_door_11,1.319293563996587,-1,ectv_fdncnn,40.22036172055303,0.9190894961357116,0.945699155330658,0.0049969470128417,0.0253156088292598,0.0252905003726482,0,1.9619547000002056,2.510846941366797e-05,2.51084566116333e-05,0.998609508651904,0.32,,0.3333333333333333,0.0037634372711181,0.0
synthetic_image,kodak24,kodim01,25.0,0,drunet_color,30.70468489938689,0.8869403004646301,0.9724442528096304,0.01610706001520157,0.35744088888168335,0.09982819855213165,0,0.41792269999859855,,0.2576126903295517,0.0,,,,,
synthetic_image,kodak24,kodim01,25.0,0,ectv_drunet,30.70468489938689,0.8869403004646301,0.9724442528096304,0.01610706001520157,0.35744088888168335,0.09982819855213165,0,0.42534699999851,0.33330865074633204,0.2576126903295517,0.6839397205857212,0.32,,0.3333333333333333,1.0,1.0
synthetic_image,kodak24,kodim02,25.0,0,drunet_color,33.67824962470011,0.863166093826294,0.9451610252194405,0.0087550925090909,0.31874731183052063,0.03376166149973869,0,0.3931761000003462,,0.28498565033078194,0.0,,,,,
synthetic_image,kodak24,kodim02,25.0,0,ectv_drunet,33.67824962470011,0.863166093826294,0.9451610252194405,0.0087550925090909,0.31874731183052063,0.03376166149973869,0,0.3994160999991436,0.33330865074633204,0.28498565033078194,0.6839397205857212,0.32,,0.3333333333333333,1.0,1.0
synthetic_image,kodak24,kodim03,25.0,0,drunet_color,34.59390998248913,0.9226729273796082,0.973086184564993,0.008485838770866394,0.3265019357204437,0.03734865039587021,0,0.3966497999990679,,0.2891532853245735,0.0,,,,,
synthetic_image,kodak24,kodim03,25.0,0,ectv_drunet,34.59390998248913,0.9226729273796082,0.973086184564993,0.008485838770866394,0.3265019357204437,0.03734865039587021,0,0.4030384999987291,0.33330865074633204,0.2891532853245735,0.6839397205857212,0.32,,0.3333333333333333,1.0,1.0
synthetic_image,kodak24,kodim04,25.0,0,drunet_color,33.28745384787163,0.8871338963508606,0.9710091207741903,0.010163960047066212,0.33331695199012756,0.05147101357579231,0,0.41306340000119235,,0.28184593841433525,0.0,,,,,
synthetic_image,kodak24,kodim04,25.0,0,ectv_drunet,33.28745384787163,0.8871338963508606,0.9710091207741903,0.010163960047066212,0.33331695199012756,0.05147101357579231,0,0.4183314000001701,0.33330865074633204,0.28184593841433525,0.6839397205857212,0.32,,0.3333333333333333,1.0,1.0
synthetic_image,kodak24,kodim05,25.0,0,drunet_color,28.81716754365315,0.8973280787467957,0.9782820864171872,0.019812917336821556,0.37116989493370056,0.13414514064788818,0,0.38711630000034347,,0.23702475428581238,0.0,,,,,
synthetic_image,kodak24,kodim05,25.0,0,ectv_drunet,28.81716754365315,0.8973280787467957,0.9782820864171872,0.019812917336821556,0.37116989493370056,0.13414514064788818,0,0.39339920000020356,0.33330865074633204,0.23702475428581238,0.6839397205857212,0.32,,0.3333333333333333,1.0,1.0
synthetic_image,kodak24,kodim06,25.0,0,drunet_color,31.237508775337766,0.8582876324653625,0.9682613422853041,0.013425016775727272,0.3347497880458832,0.06337898969650269,0,0.39328179999938584,,0.2713707983493805,0.0,,,,,
synthetic_image,kodak24,kodim06,25.0,0,ectv_drunet,31.237508775337766,0.8582876324653625,0.9682613422853041,0.013425016775727272,0.3347497880458832,0.06337898969650269,0,0.3999733999989985,0.33330865074633204,0.2713707983493805,0.6839397205857212,0.32,,0.3333333333333333,1.0,1.0
synthetic_image,kodak24,kodim07,25.0,0,drunet_color,32.08126825860159,0.9404739737510681,0.9753364755403027,0.012053231708705425,0.34690189361572266,0.08375484496355057,0,0.39495000000169966,,0.2631470486521721,0.0,,,,,
synthetic_image,kodak24,kodim07,25.0,0,ectv_drunet,32.08126825860159,0.9404739737510681,0.9753364755403027,0.012053231708705425,0.34690189361572266,0.08375484496355057,0,0.4034811000001355,0.33330865074633204,0.2631470486521721,0.6839397205857212,0.32,,0.3333333333333333,1.0,1.0
synthetic_image,kodak24,kodim08,25.0,0,drunet_color,30.061372817820686,0.9336786270141602,0.9881594976537077,0.017266498878598213,0.39053454995155334,0.1635385900735855,0,0.39957330000106595,,0.22699595987796783,0.0,,,,,
synthetic_image,kodak24,kodim08,25.0,0,ectv_drunet,30.061372817820686,0.9336786270141602,0.9881594976537077,0.017266498878598213,0.39053454995155334,0.1635385900735855,0,0.4058552000024065,0.33330865074633204,0.22699595987796783,0.6839397205857212,0.32,,0.3333333333333333,1.0,1.0
synthetic_image,kodak24,kodim09,25.0,0,drunet_color,33.88398612888658,0.9375837445259094,0.9791061503836591,0.009068173356354237,0.34133896231651306,0.0542331263422966,0,0.38849839999966207,,0.28710583597421646,0.0,,,,,
synthetic_image,kodak24,kodim09,25.0,0,ectv_drunet,33.88398612888658,0.9375837445259094,0.9791061503836591,0.009068173356354237,0.34133896231651306,0.0542331263422966,0,0.3937640999993164,0.33330865074633204,0.28710583597421646,0.6839397205857212,0.32,,0.3333333333333333,1.0,1.0
synthetic_image,kodak24,kodim10,25.0,0,drunet_color,33.22255754659723,0.9203984141349792,0.97258755974878,0.010739393532276154,0.3377695679664612,0.05234900861978531,0,0.3921431999988272,,0.2854205593466759,0.0,,,,,
synthetic_image,kodak24,kodim10,25.0,0,ectv_drunet,33.22255754659723,0.9203984141349792,0.97258755974878,0.010739393532276154,0.3377695679664612,0.05234900861978531,0,0.39743129999806115,0.33330865074633204,0.2854205593466759,0.6839397205857212,0.32,,0.3333333333333333,1.0,1.0
synthetic_image,kodak24,kodim11,25.0,0,drunet_color,31.82950796282888,0.8809397220611572,0.9707953103261594,0.012735461816191673,0.33483368158340454,0.06218094751238823,0,0.3937177000007068,,0.2726527340710163,0.0,,,,,
synthetic_image,kodak24,kodim11,25.0,0,ectv_drunet,31.82950796282888,0.8809397220611572,0.9707953103261594,0.012735461816191673,0.33483368158340454,0.06218094751238823,0,0.4001327999994828,0.33330865074633204,0.2726527340710163,0.6839397205857212,0.32,,0.3333333333333333,1.0,1.0
synthetic_image,kodak24,kodim12,25.0,0,drunet_color,34.09726438701069,0.8916274905204773,0.9791442217482131,0.009713984094560146,0.33175522089004517,0.039778776466846466,0,0.3888492000005499,,0.2919764444231987,0.0,,,,,
synthetic_image,kodak24,kodim12,25.0,0,ectv_drunet,34.09726438701069,0.8916274905204773,0.9791442217482131,0.009713984094560146,0.33175522089004517,0.039778776466846466,0,0.39508720000048925,0.33330865074633204,0.2919764444231987,0.6839397205857212,0.32,,0.3333333333333333,1.0,1.0
synthetic_image,kodak24,kodim13,25.0,0,drunet_color,28.775130553204868,0.8460330963134766,0.964590453123851,0.02025149017572403,0.36230039596557617,0.10940324515104294,0,0.39771850000033737,,0.25289715081453323,0.0,,,,,
synthetic_image,kodak24,kodim13,25.0,0,ectv_drunet,28.775130553204868,0.8460330963134766,0.964590453123851,0.02025149017572403,0.36230039596557617,0.10940324515104294,0,0.4059624999990774,0.33330865074633204,0.25289715081453323,0.6839397205857212,0.32,,0.3333333333333333,1.0,1.0
synthetic_image,kodak24,kodim14,25.0,0,drunet_color,29.895224409291842,0.8680219650268555,0.9643869070091805,0.016953838989138603,0.3466903269290924,0.08851934969425201,0,0.3977370000011433,,0.2581709772348404,0.0,,,,,
synthetic_image,kodak24,kodim14,25.0,0,ectv_drunet,29.895224409291842,0.8680219650268555,0.9643869070091805,0.016953838989138603,0.3466903269290924,0.08851934969425201,0,0.40407020000202465,0.33330865074633204,0.2581709772348404,0.6839397205857212,0.32,,0.3333333333333333,1.0,1.0
synthetic_image,kodak24,kodim15,25.0,0,drunet_color,32.438546933514374,0.9122188687324524,0.9857677285688632,0.009607687592506409,0.31703945994377136,0.0509304478764534,0,0.39440839999952004,,0.26610901206731796,0.0,,,,,
synthetic_image,kodak24,kodim15,25.0,0,ectv_drunet,32.438546933514374,0.9122188687324524,0.9857677285688632,0.009607687592506409,0.31703945994377136,0.0509304478764534,0,0.40077820000078646,0.33330865074633204,0.26610901206731796,0.6839397205857212,0.32,,0.3333333333333333,1.0,1.0
synthetic_image,kodak24,kodim16,25.0,0,drunet_color,33.60867596705536,0.8755711913108826,0.9427217331259522,0.011363946832716465,0.3292142152786255,0.03795637562870979,0,0.39348190000055183,,0.2912578396499157,0.0,,,,,
synthetic_image,kodak24,kodim16,25.0,0,ectv_drunet,33.60867596705536,0.8755711913108826,0.9427217331259522,0.011363946832716465,0.3292142152786255,0.03795637562870979,0,0.40017680000164546,0.33330865074633204,0.2912578396499157,0.6839397205857212,0.32,,0.3333333333333333,1.0,1.0
synthetic_image,kodak24,kodim17,25.0,0,drunet_color,31.77711009401071,0.8881791234016418,0.9660144548617601,0.01396630797535181,0.3247833549976349,0.061267390847206116,0,0.4000032000003557,,0.26351596415042877,0.0,,,,,
synthetic_image,kodak24,kodim17,25.0,0,ectv_drunet,31.77711009401071,0.8881791234016418,0.9660144548617601,0.01396630797535181,0.3247833549976349,0.061267390847206116,0,0.4056750000017928,0.33330865074633204,0.26351596415042877,0.6839397205857212,0.32,,0.3333333333333333,1.0,1.0
synthetic_image,kodak24,kodim18,25.0,0,drunet_color,29.7938838873452,0.8465049862861633,0.9514414700941046,0.017532069236040115,0.33970576524734497,0.07131197303533554,0,0.40301630000067235,,0.26839379221200943,0.0,,,,,
synthetic_image,kodak24,kodim18,25.0,0,ectv_drunet,29.7938838873452,0.8465049862861633,0.9514414700941046,0.017532069236040115,0.33970576524734497,0.07131197303533554,0,0.4083394000008411,0.33330865074633204,0.26839379221200943,0.6839397205857212,0.32,,0.3333333333333333,1.0,1.0
synthetic_image,kodak24,kodim19,25.0,0,drunet_color,32.75644855019304,0.8858512043952942,0.9786355193560194,0.012120004743337631,0.34617894887924194,0.07003203779459,0,0.4005624000001262,,0.27614691108465195,0.0,,,,,
synthetic_image,kodak24,kodim19,25.0,0,ectv_drunet,32.75644855019304,0.8858512043952942,0.9786355193560194,0.012120004743337631,0.34617894887924194,0.07003203779459,0,0.4077885000006063,0.33330865074633204,0.27614691108465195,0.6839397205857212,0.32,,0.3333333333333333,1.0,1.0
synthetic_image,kodak24,kodim20,25.0,0,drunet_color,30.190998346794636,0.9368436336517334,0.983551917472185,0.00792860146611929,0.279439240694046,0.046117912977933884,0,0.411496900000202,,0.23332132771611214,0.0,,,,,
synthetic_image,kodak24,kodim20,25.0,0,ectv_drunet,30.190998346794636,0.9368436336517334,0.983551917472185,0.00792860146611929,0.279439240694046,0.046117912977933884,0,0.4178083999995579,0.33330865074633204,0.23332132771611214,0.6839397205857212,0.32,,0.3333333333333333,1.0,1.0
synthetic_image,kodak24,kodim21,25.0,0,drunet_color,31.39266115289617,0.9152341485023499,0.9733032181222652,0.012521828524768353,0.34591227769851685,0.0693000853061676,0,0.396450599999298,,0.27661219239234924,0.0,,,,,
synthetic_image,kodak24,kodim21,25.0,0,ectv_drunet,31.39266115289617,0.9152341485023499,0.9733032181222652,0.012521828524768353,0.34591227769851685,0.0693000853061676,0,0.40458879999823694,0.33330865074633204,0.27661219239234924,0.6839397205857212,0.32,,0.3333333333333333,1.0,1.0
synthetic_image,kodak24,kodim22,25.0,0,drunet_color,31.357076492439795,0.8477895259857178,0.9485410560987104,0.013179360888898373,0.3359944224357605,0.05318211019039154,0,0.39666639999995823,,0.28281231224536896,0.0,,,,,
synthetic_image,kodak24,kodim22,25.0,0,ectv_drunet,31.357076492439795,0.8477895259857178,0.9485410560987104,0.013179360888898373,0.3359944224357605,0.05318211019039154,0,0.4033597000016016,0.33330865074633204,0.28281231224536896,0.6839397205857212,0.32,,0.3333333333333333,1.0,1.0
synthetic_image,kodak24,kodim23,25.0,0,drunet_color,33.33580377519023,0.9218270182609558,0.9716496298272183,0.008606464602053165,0.3287602663040161,0.049997478723526,0,0.40269360000093,,0.2787627875804901,0.0,,,,,
synthetic_image,kodak24,kodim23,25.0,0,ectv_drunet,33.33580377519023,0.9218270182609558,0.9716496298272183,0.008606464602053165,0.3287602663040161,0.049997478723526,0,0.4092289000018354,0.33330865074633204,0.2787627875804901,0.6839397205857212,0.32,,0.3333333333333333,1.0,1.0
synthetic_image,kodak24,kodim24,25.0,0,drunet_color,30.271748161980064,0.8854431509971619,0.9678787982304781,0.015616826713085175,0.34551534056663513,0.0831998959183693,0,0.3985397999986162,,0.26231544464826584,0.0,,,,,
synthetic_image,kodak24,kodim24,25.0,0,ectv_drunet,30.271748161980064,0.8854431509971619,0.9678787982304781,0.015616826713085175,0.34551534056663513,0.0831998959183693,0,0.40516739999839047,0.33330865074633204,0.26231544464826584,0.6839397205857212,0.32,,0.3333333333333333,1.0,1.0
real_camera,polyu_full,Canon5D2_5_160_3200_chair_11,0.5989805267676853,-1,drunet_color,42.61420120853504,0.9748260974884033,0.9813047988430509,0.0031011735554784536,0.017970852553844452,0.016698097810149193,0,0.6048754999992525,,0.001272754743695259,0.0,,,,,
real_camera,polyu_full,Canon5D2_5_160_3200_chair_11,0.5989805267676853,-1,ectv_drunet,42.30465271498826,0.9714992046356201,0.9797228725329055,0.0032605216838419437,0.017970852553844452,0.017969565466046333,0,0.6401851999999053,1.2876992819864971e-06,1.2870877981185913e-06,0.9997130602287884,0.32,,0.3333333333333333,0.0008890032768249512,0.0
real_camera,polyu_full,Canon5D2_5_160_3200_chair_14,0.8959564429045653,-1,drunet_color,40.09780123310066,0.9611239433288574,0.9758846741427686,0.0036103492602705956,0.028370223939418793,0.026268120855093002,0,0.585571900001014,,0.0021021030843257904,0.0,,,,,
real_camera,polyu_full,Canon5D2_5_160_3200_chair_14,0.8959564429045653,-1,ectv_drunet,39.74082397866326,0.954990565776825,0.9734819351260348,0.0038541166577488184,0.028370223939418793,0.02836434356868267,0,0.6196540000000823,5.881539819740759e-06,5.880370736122131e-06,0.9993582218738837,0.32,,0.3333333333333333,0.0024123787879943848,0.0
real_camera,polyu_full,Canon5D2_5_160_3200_chair_5,0.6215902645318175,-1,drunet_color,40.64201170221083,0.9750844836235046,0.9883579139463095,0.003381140995770693,0.02416462078690529,0.022891389206051826,0,0.601969100000133,,0.0012732315808534622,0.0,,,,,
real_camera,polyu_full,Canon5D2_5_160_3200_chair_5,0.6215902645318175,-1,ectv_drunet,40.43323323430417,0.97202467918396,0.9877184049746343,0.003533264622092247,0.02416462078690529,0.02416313998401165,0,0.6396332000003895,1.4813625062222026e-06,1.4808028936386108e-06,0.9996909959572877,0.32,,0.3333333333333333,0.0010155439376831055,0.0
real_camera,polyu_full,Canon5D2_5_160_3200_plug_11,0.3066605861858378,-1,drunet_color,38.02947852400273,0.9791807532310486,0.9925590011912561,0.0039482321590185165,0.03640465438365936,0.035911258310079575,0,0.5851354999995237,,0.0004933960735797882,0.0,,,,,
real_camera,polyu_full,Canon5D2_5_160_3200_plug_11,0.3066605861858378,-1,ectv_drunet,37.97821245101694,0.9780430197715759,0.9925112615600324,0.003997167106717825,0.03640465438365936,0.036404553800821304,0,0.6206824999990204,1.0138510385422013e-07,1.0058283805847168e-07,0.9999247730875602,0.32,,0.3333333333333333,0.00017970800399780273,0.0
real_camera,polyu_full,Canon5D2_5_160_3200_plug_12,0.4980408352311741,-1,drunet_color,36.73246203386774,0.973717987537384,0.9907685733445449,0.004420562647283077,0.039554569870233536,0.03867341950535774,0,0.6002317999991647,,0.0008811503648757935,0.0,,,,,
real_camera,polyu_full,Canon5D2_5_160_3200_plug_12,0.4980408352311741,-1,ectv_drunet,36.64804978245427,0.9716808795928955,0.9906576256116388,0.004518774803727865,0.039554569870233536,0.0395539328455925,0,0.6345449999989796,6.402450899075927e-07,6.370246410369873e-07,0.9998016036326876,0.32,,0.3333333333333333,0.0006034374237060547,0.0
real_camera,polyu_full,Canon5D2_5_160_6400_bicycle_10,1.3529927079793445,-1,drunet_color,34.63180418364551,0.9502133727073669,0.9900165394961693,0.00537307932972908,0.051674239337444305,0.04880683124065399,0,0.6010853000007046,,0.0028674080967903137,0.0,,,,,
real_camera,polyu_full,Canon5D2_5_160_6400_bicycle_10,1.3529927079793445,-1,ectv_drunet,34.35427142925149,0.9415503144264221,0.9893658346777999,0.005654166452586651,0.051674239337444305,0.051646649837493896,0,0.6346840999995038,2.7591088378323005e-05,2.7589499950408936e-05,0.998537671169901,0.32,,0.3333333333333333,0.008016645908355713,0.0
real_camera,polyu_full,Canon5D2_5_160_6400_bicycle_6,1.621517679095469,-1,drunet_color,36.07405200026289,0.947743833065033,0.9865090150907077,0.006628350354731083,0.05546986311674118,0.05118783563375473,0,0.596745999999257,,0.00428202748298645,0.0,,,,,
real_camera,polyu_full,Canon5D2_5_160_6400_bicycle_6,1.621517679095469,-1,ectv_drunet,35.568481190242736,0.9336183667182922,0.9858039663705572,0.007067380007356405,0.05546986311674118,0.055415645241737366,0,0.6307078999980149,5.4220117465155135e-05,5.42178750038147e-05,0.9979009626608382,0.32,,0.3333333333333333,0.010826170444488525,0.0
real_camera,polyu_full,Canon5D2_5_160_6400_bicycle_8,1.5476232208020306,-1,drunet_color,34.036977799646124,0.9371130466461182,0.9897428192118329,0.006185439415276051,0.05311087891459465,0.04902356117963791,0,0.5992755999996007,,0.004087317734956741,0.0,,,,,
real_camera,polyu_full,Canon5D2_5_160_6400_bicycle_8,1.5476232208020306,-1,ectv_drunet,33.71547632785539,0.9216263890266418,0.9887310142087172,0.00670463964343071,0.05311087891459465,0.053065311163663864,0,0.6369975999987219,4.5568529567141015e-05,4.556775093078613e-05,0.9980875566856082,0.32,,0.3333333333333333,0.009544551372528076,0.0
real_camera,polyu_full,Canon5D2_5_160_6400_circuit_11,1.409741845680151,-1,drunet_color,33.69852728994185,0.9579129815101624,0.9932143864288727,0.006896429695188999,0.08751045912504196,0.0847858265042305,0,0.575071499999467,,0.0027246326208114624,0.0,,,,,
real_camera,polyu_full,Canon5D2_5_160_6400_circuit_11,1.409741845680151,-1,ectv_drunet,33.4577172846311,0.9514503479003906,0.9929245350573771,0.007178068161010742,0.08751045912504196,0.08747829496860504,0,0.6095900000000256,3.216889940745096e-05,3.2164156436920166e-05,0.9984126274402509,0.32,,0.3333333333333333,0.009818673133850098,0.0
real_camera,polyu_full,Canon5D2_5_160_6400_circuit_3,1.0606715277151315,-1,drunet_color,34.423589417611055,0.9541003704071045,0.9908313338812549,0.006333683617413044,0.06553523987531662,0.06344175338745117,0,0.5851576999993995,,0.002093486487865448,0.0,,,,,
real_camera,polyu_full,Canon5D2_5_160_6400_circuit_3,1.0606715277151315,-1,ectv_drunet,34.23790966629367,0.9487805962562561,0.9905416926629899,0.006529312580823898,0.06553523987531662,0.0655241534113884,0,0.6208856999983254,1.1088381124322214e-05,1.1086463928222656e-05,0.9991007902771125,0.32,,0.3333333333333333,0.004367470741271973,0.0
real_camera,polyu_full,Canon5D2_5_160_6400_circuit_8,1.027566697727948,-1,drunet_color,34.70909902903204,0.9490049481391907,0.9914133039315718,0.005728198681026697,0.058377597481012344,0.056213460862636566,0,0.5821947999993426,,0.002164136618375778,0.0,,,,,
real_camera,polyu_full,Canon5D2_5_160_6400_circuit_8,1.027566697727948,-1,ectv_drunet,34.52561491629298,0.9433713555335999,0.9910887633888122,0.005938579328358173,0.058377597481012344,0.05836775526404381,0,0.6167963999996573,9.84424511459894e-06,9.842216968536377e-06,0.999155998486567,0.32,,0.3333333333333333,0.003750026226043701,0.0
real_camera,polyu_full,Canon5D2_5_160_6400_desk_10,0.9552962086625044,-1,drunet_color,35.032346620300686,0.9492521286010742,0.9926819695053511,0.003738715313374996,0.03744162619113922,0.034990984946489334,0,0.5937611000008474,,0.002450641244649887,0.0,,,,,
real_camera,polyu_full,Canon5D2_5_160_6400_desk_10,0.9552962086625044,-1,ectv_drunet,34.84668533534936,0.9416046142578125,0.9918455856951512,0.0040122405625879765,0.03744162619113922,0.03743414208292961,0,0.6283818000010797,7.485387206091721e-06,7.484108209609985e-06,0.9992704600697584,0.32,,0.3333333333333333,0.0025551319122314453,0.0
real_camera,polyu_full,Canon5D2_5_160_6400_desk_4,0.822283953773137,-1,drunet_color,35.2513465244899,0.9499115943908691,0.9946066522873573,0.004340046085417271,0.04756374657154083,0.045850638300180435,0,0.594074599999658,,0.0017131082713603973,0.0,,,,,
real_camera,polyu_full,Canon5D2_5_160_6400_desk_4,0.822283953773137,-1,ectv_drunet,35.10101648816935,0.9447858929634094,0.994351071133648,0.00452684611082077,0.04756374657154083,0.04755948856472969,0,0.6288984999991953,4.258124954729347e-06,4.258006811141968e-06,0.9994593717692343,0.32,,0.3333333333333333,0.0020246505737304688,0.0
real_camera,polyu_full,Canon5D2_5_160_6400_desk_5,1.505212880184764,-1,drunet_color,34.14368399010763,0.9333259463310242,0.9783907867293212,0.005498007871210575,0.036552369594573975,0.03225463256239891,0,0.598756699999285,,0.004297737032175064,0.0,,,,,
real_camera,polyu_full,Canon5D2_5_160_6400_desk_5,1.505212880184764,-1,ectv_drunet,33.8364579944253,0.9147153496742249,0.9741179771503973,0.006107016932219267,0.036552369594573975,0.03651128709316254,0,0.6356359999990673,4.1082792601859725e-05,4.108250141143799e-05,0.998190748656691,0.32,,0.3333333333333333,0.008321404457092285,0.0
real_camera,polyu_full,Canon5D2_5_160_6400_desk_7,1.3501833089939963,-1,drunet_color,36.74089833313686,0.939780056476593,0.9911603670838756,0.00537309842184186,0.044102251529693604,0.040173862129449844,0,0.5945553000001382,,0.003928389400243759,0.0,,,,,
real_camera,polyu_full,Canon5D2_5_160_6400_desk_7,1.3501833089939963,-1,ectv_drunet,36.29918387199727,0.9253035187721252,0.9904318094169721,0.005766797810792923,0.044102251529693604,0.04407487437129021,0,0.6284507000000303,2.737757163648188e-05,2.7377158403396606e-05,0.9985437288780896,0.32,,0.3333333333333333,0.0059677958488464355,0.0
real_camera,polyu_full,Canon5D2_5_160_6400_reciever_13,1.718614883447661,-1,drunet_color,36.66856606554908,0.9485349655151367,0.9890740846251194,0.006814718246459961,0.05997734144330025,0.055084746330976486,0,0.5910217000000557,,0.004892595112323761,0.0,,,,,
real_camera,polyu_full,Canon5D2_5_160_6400_reciever_13,1.718614883447661,-1,ectv_drunet,36.052457695505325,0.931769609451294,0.9884009570823991,0.007316300645470619,0.05997734144330025,0.059910014271736145,0,0.626290300000619,6.732887872875738e-05,6.732717156410217e-05,0.9976426648632286,0.32,,0.3333333333333333,0.012027919292449951,0.0
real_camera,polyu_full,Canon5D2_5_160_6400_reciever_1,1.63563444833381,-1,drunet_color,36.59731256059231,0.9456568360328674,0.9892928567981717,0.006756853312253952,0.05934403836727142,0.05506928637623787,0,0.5910593999997218,,0.004274751991033554,0.0,,,,,
real_camera,polyu_full,Canon5D2_5_160_6400_reciever_1,1.63563444833381,-1,ectv_drunet,36.04321049524903,0.9308974742889404,0.9887641722848213,0.007154498714953661,0.05934403836727142,0.05928804352879524,0,0.6278841999992437,5.599945337368955e-05,5.599483847618103e-05,0.9978643340597895,0.32,,0.3333333333333333,0.011333465576171875,0.0
real_camera,polyu_full,Canon5D2_5_160_6400_reciever_2,1.5195488898168317,-1,drunet_color,37.70450071140616,0.9367545247077942,0.9849370319812047,0.005414731800556183,0.0397869274020195,0.035125866532325745,0,0.6095055000005232,,0.004661060869693756,0.0,,,,,
real_camera,polyu_full,Canon5D2_5_160_6400_reciever_2,1.5195488898168317,-1,ectv_drunet,37.01089642178212,0.9177177548408508,0.9826045086184015,0.005961538292467594,0.0397869274020195,0.03974436968564987,0,0.6451198000013392,4.25614014362757e-05,4.2557716369628906e-05,0.9981561849719836,0.32,,0.3333333333333333,0.007971644401550293,0.0
real_camera,polyu_full,Canon5D2_5_160_6400_reciever_4,1.669548812911854,-1,drunet_color,38.16259495484936,0.9364551901817322,0.9878480762823124,0.005549225956201553,0.04546200484037399,0.04045538976788521,0,0.6039713999998639,,0.005006615072488785,0.0,,,,,
real_camera,polyu_full,Canon5D2_5_160_6400_reciever_4,1.669548812911854,-1,ectv_drunet,37.286249557751255,0.9165080189704895,0.986000824629926,0.006120805628597736,0.04546200484037399,0.04540155827999115,0,0.6409993999986909,6.044718478141856e-05,6.044656038284302e-05,0.997775050544166,0.32,,0.3333333333333333,0.01060795783996582,0.0
real_camera,polyu_full,Canon5D2_5_160_6400_reciever_6,1.6154608698028317,-1,drunet_color,37.41906805696603,0.9401893019676208,0.9862928956609739,0.005998928099870682,0.04853076860308647,0.04375859349966049,0,0.6011156999993545,,0.00477217510342598,0.0,,,,,
real_camera,polyu_full,Canon5D2_5_160_6400_reciever_6,1.6154608698028317,-1,ectv_drunet,36.71622083954075,0.9220218062400818,0.9851392076502091,0.006490129977464676,0.04853076860308647,0.04847729951143265,0,0.6352650999997422,5.3469432363533904e-05,5.346909165382385e-05,0.9979165816700573,0.32,,0.3333333333333333,0.009781062602996826,0.0
real_camera,polyu_full,Canon5D2_5_160_6400_reciever_8,1.399247325618192,-1,drunet_color,37.1914479767434,0.9444456696510315,0.9893931735921596,0.005583945661783218,0.04560890421271324,0.04156406968832016,0,0.5946119000000181,,0.004044834524393082,0.0,,,,,
real_camera,polyu_full,Canon5D2_5_160_6400_reciever_8,1.399247325618192,-1,ectv_drunet,36.69743200776382,0.9298564791679382,0.9886157816098543,0.006009604316204786,0.04560890421271324,0.04557762295007706,0,0.630471899999975,3.1283527541543576e-05,3.128126263618469e-05,0.9984361363185987,0.32,,0.3333333333333333,0.0067563652992248535,0.0
real_camera,polyu_full,Canon5D2_5_200_3200_fruit_11,0.7164733228252577,-1,drunet_color,39.68547921775953,0.9715054631233215,0.9966352139894172,0.0031579181086272,0.05026913806796074,0.0485629066824913,0,0.5956702000003133,,0.0017062313854694366,0.0,,,,,
real_camera,polyu_full,Canon5D2_5_200_3200_fruit_11,0.7164733228252577,-1,ectv_drunet,39.42220580731296,0.9676172137260437,0.996299330590161,0.003418338717892766,0.05026913806796074,0.050266604870557785,0,0.6310364000000845,2.5333070189425484e-06,2.5331974029541016e-06,0.9995895013835451,0.32,,0.3333333333333333,0.0012624263763427734,0.0
real_camera,polyu_full,Canon5D2_5_200_3200_fruit_12,0.5107511004687824,-1,drunet_color,41.24162595294158,0.970367431640625,0.9949041310073954,0.0028716910164803267,0.025585439056158066,0.024382565170526505,0,0.5982851999997365,,0.0012028738856315613,0.0,,,,,
real_camera,polyu_full,Canon5D2_5_200_3200_fruit_12,0.5107511004687824,-1,ectv_drunet,40.977380889144015,0.967078685760498,0.9944824211626584,0.0030244002118706703,0.025585439056158066,0.025584734976291656,0,0.6325035999998363,7.044080113857402e-07,7.040798664093018e-07,0.9997913501975512,0.32,,0.3333333333333333,0.0004993677139282227,0.0
real_camera,polyu_full,Canon5D2_5_200_3200_fruit_14,0.4158731476127764,-1,drunet_color,41.78035164863605,0.9780169129371643,0.9927319209818032,0.0024946783669292927,0.02040056139230728,0.019537534564733505,0,0.5910606999987067,,0.0008630268275737762,0.0,,,,,
real_camera,polyu_full,Canon5D2_5_200_3200_fruit_14,0.4158731476127764,-1,ectv_drunet,41.56377707059603,0.9757671356201172,0.992232158561541,0.0025911678094416857,0.02040056139230728,0.020400239154696465,0,0.6264237999985198,3.230282556303555e-07,3.2223761081695557e-07,0.9998616587619047,0.32,,0.3333333333333333,0.00031453371047973633,0.0
real_camera,polyu_full,Canon5D2_5_200_3200_toy_12,2.271938847625365,-1,drunet_color,38.624645817665744,0.9659240245819092,0.9944915789527231,0.004389969166368246,0.0629081204533577,0.05777730047702789,0,0.5942799000004015,,0.0051308199763298035,0.0,,,,,
real_camera,polyu_full,Canon5D2_5_200_3200_toy_12,2.271938847625365,-1,ectv_drunet,37.80323192355904,0.9560487866401672,0.9943424845651211,0.004507899284362793,0.0629081204533577,0.06271842122077942,0,0.6290777000012895,0.00018970252079029452,0.0001896992325782776,0.9958876399077041,0.32,,0.3333333333333333,0.03019869327545166,0.0
real_camera,polyu_full,Canon5D2_5_200_3200_toy_1,1.3507787966533484,-1,drunet_color,39.17504886203752,0.9640478491783142,0.9933077061976984,0.003966835327446461,0.04881737753748894,0.0457126647233963,0,0.5978064999999333,,0.003104712814092636,0.0,,,,,
real_camera,polyu_full,Canon5D2_5_200_3200_toy_1,1.3507787966533484,-1,ectv_drunet,38.57524230695832,0.9558076858520508,0.9926479393183165,0.004211103077977896,0.04881737753748894,0.04878995567560196,0,0.6334900999991078,2.7422728414111122e-05,2.742186188697815e-05,0.9985424459156607,0.32,,0.3333333333333333,0.007248044013977051,0.0
real_camera,polyu_full,Canon5D2_5_200_3200_toy_2,0.7865272891627995,-1,drunet_color,39.80308251459197,0.9703376889228821,0.9963880452448216,0.003571874462068081,0.04498701170086861,0.04319019988179207,0,0.5949781999988772,,0.001796811819076538,0.0,,,,,
real_camera,polyu_full,Canon5D2_5_200_3200_toy_2,0.7865272891627995,-1,ectv_drunet,39.47541456091906,0.9656777381896973,0.9960818657907949,0.0037777149118483067,0.04498701170086861,0.04498341679573059,0,0.6300640999979805,3.601411512372443e-06,3.594905138015747e-06,0.9995053447040823,0.32,,0.3333333333333333,0.0016936063766479492,0.0
real_camera,polyu_full,Canon5D2_5_200_3200_toy_3,1.0645130759684285,-1,drunet_color,39.826562238015384,0.9683911800384521,0.9948957676223216,0.0037982428912073374,0.04468332976102829,0.042357802391052246,0,0.6012891999998828,,0.0023255273699760437,0.0,,,,,
real_camera,polyu_full,Canon5D2_5_200_3200_toy_3,1.0645130759684285,-1,ectv_drunet,39.407338420727065,0.9630618095397949,0.9946684841579088,0.003940232563763857,0.04468332976102829,0.04467209056019783,0,0.6350572999999713,1.1239823332928616e-05,1.1239200830459595e-05,0.9990942708661663,0.32,,0.3333333333333333,0.0039157867431640625,0.0
real_camera,polyu_full,Canon5D2_5_200_3200_toy_6,1.1527370007183724,-1,drunet_color,39.91967789250949,0.9636328816413879,0.993399806446256,0.0039362600073218346,0.044186681509017944,0.04169902205467224,0,0.6075161999997363,,0.002487659454345703,0.0,,,,,
real_camera,polyu_full,Canon5D2_5_200_3200_toy_6,1.1527370007183724,-1,ectv_drunet,39.43055481415533,0.9566105008125305,0.9927990790534921,0.0041681015864014626,0.044186681509017944,0.0441715344786644,0,0.6424705000008544,1.5150388796908267e-05,1.5147030353546143e-05,0.9989380871837505,0.32,,0.3333333333333333,0.005147993564605713,0.0
real_camera,polyu_full,Canon600D_3-5_125_1600_waterhouse_10,1.0396835438886132,-1,drunet_color,39.296601453283216,0.9437181353569031,0.9812208048623623,0.005111554637551308,0.03135111555457115,0.02914784848690033,0,0.5947328000002017,,0.002203267067670822,0.0,,,,,
real_camera,polyu_full,Canon600D_3-5_125_1600_waterhouse_10,1.0396835438886132,-1,ectv_drunet,38.84876888774049,0.9356793761253357,0.9800430288926082,0.005306567065417767,0.03135111555457115,0.0313408300280571,0,0.6304949000004854,1.0287119248807435e-05,1.0285526514053345e-05,0.9991359938705433,0.32,,0.3333333333333333,0.0039014816284179688,0.0
real_camera,polyu_full,Canon600D_3-5_125_1600_waterhouse_11,0.9119954680200744,-1,drunet_color,39.914326274800544,0.9482114911079407,0.9742094304384389,0.0046086385846138,0.02655971050262451,0.024472840130329132,0,0.5939629000004061,,0.0020868703722953796,0.0,,,,,
real_camera,polyu_full,Canon600D_3-5_125_1600_waterhouse_11,0.9119954680200744,-1,ectv_drunet,39.496750705129394,0.9411090016365051,0.9722541666133141,0.004842419642955065,0.02655971050262451,0.026553425937891006,0,0.6287298000006558,6.287463071604361e-06,6.284564733505249e-06,0.9993350539586887,0.32,,0.3333333333333333,0.0025720596313476562,0.0
real_camera,polyu_full,Canon600D_3-5_125_1600_waterhouse_12,1.099537345039713,-1,drunet_color,38.60664398266221,0.9393483996391296,0.9846157673594431,0.0053956881165504456,0.03613368049263954,0.033863771706819534,0,0.5777340999993612,,0.0022699087858200073,0.0,,,,,
real_camera,polyu_full,Canon600D_3-5_125_1600_waterhouse_12,1.099537345039713,-1,ectv_drunet,38.172161349104485,0.9311122894287109,0.98357266069672,0.005617896560579538,0.03613368049263954,0.03612099215388298,0,0.6125530000008439,1.2691039767609635e-05,1.268833875656128e-05,0.9990337489471759,0.32,,0.3333333333333333,0.004702925682067871,0.0
real_camera,polyu_full,Canon600D_4-5_125_1600_book_11,0.6464223933427418,-1,drunet_color,40.086743589893494,0.9606354832649231,0.9825997313030412,0.0038087291177362204,0.02694585919380188,0.02544987201690674,0,0.6017037999990862,,0.0014959871768951416,0.0,,,,,
real_camera,polyu_full,Canon600D_4-5_125_1600_book_11,0.6464223933427418,-1,ectv_drunet,39.821246378503126,0.9565466046333313,0.9820048266511316,0.00393481133505702,0.02694585919380188,0.02694414183497429,0,0.6364584999992076,1.7177464247294147e-06,1.7173588275909424e-06,0.9996658221960966,0.32,,0.3333333333333333,0.0009385347366333008,0.0
real_camera,polyu_full,Canon600D_4-5_125_1600_book_13,0.3397647486517473,-1,drunet_color,40.97531515178267,0.9788044095039368,0.9878946851294277,0.0028891891706734896,0.020468413829803467,0.019774485379457474,0,0.5891763999989053,,0.000693928450345993,0.0,,,,,
real_camera,polyu_full,Canon600D_4-5_125_1600_book_13,0.3397647486517473,-1,ectv_drunet,40.84979527780259,0.9770806431770325,0.9874769547767325,0.002984466729685664,0.020468413829803467,0.02046826481819153,0,0.6245493999977043,1.4979429380008623e-07,1.4901161193847656e-07,0.9999076564608382,0.32,,0.3333333333333333,0.00018584728240966797,0.0
real_camera,polyu_full,Canon600D_4-5_125_1600_toy_11,0.7451460756292538,-1,drunet_color,38.5134691953182,0.9669361114501953,0.9937463953523313,0.004505464341491461,0.037748925387859344,0.036052606999874115,0,0.5885395000004792,,0.0016963183879852295,0.0,,,,,
real_camera,polyu_full,Canon600D_4-5_125_1600_toy_11,0.7451460756292538,-1,ectv_drunet,38.307840477405584,0.962583065032959,0.9935214255145601,0.004681687336415052,0.037748925387859344,0.037745989859104156,0,0.6232070999994903,2.937497279221622e-06,2.9355287551879883e-06,0.9995560031107968,0.32,,0.3333333333333333,0.0015004873275756836,0.0
real_camera,polyu_full,Canon600D_4-5_125_1600_toy_13,1.0622942352545652,-1,drunet_color,39.5054497025744,0.940161406993866,0.9175109835342345,0.005119473207741976,0.0237412229180336,0.0212884321808815,0,0.6042366999990918,,0.0024527907371520996,0.0,,,,,
real_camera,polyu_full,Canon600D_4-5_125_1600_toy_13,1.0622942352545652,-1,ectv_drunet,39.041080868692916,0.9308481812477112,0.9112979503982874,0.0054177939891815186,0.0237412229180336,0.023730071261525154,0,0.6386821999985841,1.1152169042609411e-05,1.115165650844574e-05,0.9990980392790303,0.32,,0.3333333333333333,0.0039746761322021484,0.0
real_camera,polyu_full,Canon600D_4-5_125_1600_toy_16,1.2542691870716016,-1,drunet_color,37.667422584477166,0.9430747032165527,0.9896122761012768,0.005583258345723152,0.046523742377758026,0.043566565960645676,0,0.6052601000010327,,0.0029571764171123505,0.0,,,,,
real_camera,polyu_full,Canon600D_4-5_125_1600_toy_16,1.2542691870716016,-1,ectv_drunet,37.20817728218745,0.9327952265739441,0.9888795117793433,0.0058800834231078625,0.046523742377758026,0.046502962708473206,0,0.6400101000017457,2.0783124415925358e-05,2.0779669284820557e-05,0.9987430296724717,0.32,,0.3333333333333333,0.005804002285003662,0.0
real_camera,polyu_full,Canon600D_4-5_125_1600_toy_1,0.8129762425234699,-1,drunet_color,38.5077224876242,0.9528271555900574,0.9937949580688995,0.004736009053885937,0.03800059109926224,0.03611953929066658,0,0.6074478999998973,,0.0018810518085956573,0.0,,,,,
real_camera,polyu_full,Canon600D_4-5_125_1600_toy_1,0.8129762425234699,-1,ectv_drunet,38.27124945141526,0.9474185109138489,0.993589810537088,0.00489819934591651,0.03800059109926224,0.03799651190638542,0,0.6425877000001492,4.079393701916137e-06,4.079192876815796e-06,0.9994715351752838,0.32,,0.3333333333333333,0.0018476247787475586,0.0
real_camera,polyu_full,Canon600D_4-5_125_1600_toy_2,1.0546123124117488,-1,drunet_color,39.358132677946315,0.9432005882263184,0.9016426317121891,0.004913300275802612,0.022859593853354454,0.020404253154993057,0,0.595403700001043,,0.002455340698361397,0.0,,,,,
real_camera,polyu_full,Canon600D_4-5_125_1600_toy_2,1.0546123124117488,-1,ectv_drunet,38.917649764005766,0.934121310710907,0.8952697617027253,0.0051935282535851,0.022859593853354454,0.022848742082715034,0,0.6312603000023955,1.0852546031809542e-05,1.0851770639419556e-05,0.9991110255100155,0.32,,0.3333333333333333,0.0038543343544006348,0.0
real_camera,polyu_full,Canon600D_4-5_125_1600_toy_3,0.759479591225793,-1,drunet_color,39.23066839496397,0.9569804668426514,0.9907077388939545,0.00454582367092371,0.03351619839668274,0.031830623745918274,0,0.6034460999999283,,0.0016855746507644653,0.0,,,,,
real_camera,polyu_full,Canon600D_4-5_125_1600_toy_3,0.759479591225793,-1,ectv_drunet,38.97319820157893,0.9522367119789124,0.9903343682204991,0.00471655884757638,0.03351619839668274,0.03351304680109024,0,0.6384727000004204,3.156327228993946e-06,3.1515955924987793e-06,0.9995387654686217,0.32,,0.3333333333333333,0.0015643835067749023,0.0
real_camera,polyu_full,Canon80D_8_8_12800_printer_11,1.1549571324623913,-1,drunet_color,39.24501650885156,0.953102171421051,0.9837932738125531,0.0060780709609389305,0.034293282777071,0.031666699796915054,0,0.6045926999995572,,0.002626582980155945,0.0,,,,,
real_camera,polyu_full,Canon80D_8_8_12800_printer_11,1.1549571324623913,-1,ectv_drunet,38.77222018932504,0.9429197907447815,0.9823695740414423,0.006535759195685387,0.034293282777071,0.0342780239880085,0,0.6396572999983619,1.5260022451417125e-05,1.52587890625e-05,0.9989339971974549,0.32,,0.3333333333333333,0.005301177501678467,0.0
real_camera,polyu_full,Canon80D_8_8_12800_printer_14,1.3705684991041445,-1,drunet_color,40.17934152288799,0.9444852471351624,0.9540612390753782,0.005204344168305397,0.024425111711025238,0.020484693348407745,0,0.604591999999684,,0.003940418362617493,0.0,,,,,
real_camera,polyu_full,Canon80D_8_8_12800_printer_14,1.3705684991041445,-1,ectv_drunet,39.401570301112685,0.9279702305793762,0.94311679010458,0.005959831643849611,0.024425111711025238,0.024396158754825592,0,0.6388007999994443,2.8954484064094063e-05,2.8952956199645996e-05,0.9984994896375167,0.32,,0.3333333333333333,0.006895244121551514,0.0
real_camera,polyu_full,Canon80D_8_8_12800_printer_15,0.8995788094473247,-1,drunet_color,40.12709968534768,0.9637812972068787,0.9910147084127338,0.0048845261335372925,0.033872708678245544,0.031971629709005356,0,0.5996857000009186,,0.0019010789692401886,0.0,,,,,
real_camera,polyu_full,Canon80D_8_8_12800_printer_15,0.8995788094473247,-1,ectv_drunet,39.74540789806404,0.9578821659088135,0.9902445483143151,0.005198808386921883,0.033872708678245544,0.03386674076318741,0,0.6335980000021664,5.971491874542142e-06,5.967915058135986e-06,0.9993530253101524,0.32,,0.3333333333333333,0.0028047561645507812,0.0
real_camera,polyu_full,Canon80D_8_8_12800_printer_16,0.9773149627020328,-1,drunet_color,40.479981169800425,0.9554744362831116,0.9839332079784578,0.0048070261254906654,0.028043344616889954,0.02571580931544304,0,0.6045266000000993,,0.0023275353014469147,0.0,,,,,
real_camera,polyu_full,Canon80D_8_8_12800_printer_16,0.9773149627020328,-1,ectv_drunet,40.024922562620304,0.9480135440826416,0.9822549621011298,0.005174276418983936,0.028043344616889954,0.02803519181907177,0,0.6384302000005846,8.154590396450899e-06,8.152797818183899e-06,0.9992364679463204,0.32,,0.3333333333333333,0.003191828727722168,0.0
real_camera,polyu_full,Canon80D_8_8_3200_ball_16,0.9266273876321648,-1,drunet_color,39.38758243304035,0.9717702865600586,0.9939295422684108,0.004454351495951414,0.05120433121919632,0.049388378858566284,0,0.58602830000018,,0.0018159523606300354,0.0,,,,,
real_camera,polyu_full,Canon80D_8_8_3200_ball_16,0.9266273876321648,-1,ectv_drunet,39.069444643486364,0.9676373600959778,0.9936310546812117,0.004640066064894199,0.05120433121919632,0.051197659224271774,0,0.6203136000003724,6.675279193801539e-06,6.671994924545288e-06,0.9993135609778331,0.32,,0.3333333333333333,0.003156304359436035,0.0
real_camera,polyu_full,Canon80D_8_8_3200_ball_1,1.4406258103834535,-1,drunet_color,36.85008271014846,0.9776196479797363,0.9963676472379235,0.005929068196564913,0.10202396661043167,0.09916317462921143,0,0.5960687000006146,,0.0028607919812202454,0.0,,,,,
real_camera,polyu_full,Canon80D_8_8_3200_ball_1,1.4406258103834535,-1,ectv_drunet,36.42968385459276,0.9723625779151917,0.9962182334691926,0.006227513309568167,0.10202396661043167,0.10198909044265747,0,0.629914799999824,3.488025165566196e-05,3.487616777420044e-05,0.9983424314405333,0.32,,0.3333333333333333,0.009980499744415283,0.0
real_camera,polyu_full,Canon80D_8_8_3200_ball_2,0.8703148528567665,-1,drunet_color,39.86208008663216,0.9683728218078613,0.9969520031897481,0.0038678888231515884,0.046121254563331604,0.044310957193374634,0,0.5941044999999576,,0.0018102973699569702,0.0,,,,,
real_camera,polyu_full,Canon80D_8_8_3200_ball_2,0.8703148528567665,-1,ectv_drunet,39.54708289243699,0.9640672206878662,0.9968104647686361,0.004027616698294878,0.046121254563331604,0.04611598700284958,0,0.6290597999995953,5.272808901039041e-06,5.2675604820251465e-06,0.9993944086827571,0.32,,0.3333333333333333,0.002542555332183838,0.0
real_camera,polyu_full,Canon80D_8_8_3200_ball_6,1.0744087634292685,-1,drunet_color,37.647056368088464,0.9731600880622864,0.9964605610274893,0.005335602909326553,0.0794142410159111,0.07723286747932434,0,0.586213399999906,,0.0021813735365867615,0.0,,,,,
real_camera,polyu_full,Canon80D_8_8_3200_ball_6,1.0744087634292685,-1,ectv_drunet,37.3148281724282,0.9686222076416016,0.9963325371739038,0.0055534024722874165,0.0794142410159111,0.0794026106595993,0,0.6214469999995345,1.1636877758046211e-05,1.1630356311798096e-05,0.9990773689439539,0.32,,0.3333333333333333,0.0044043660163879395,0.0
real_camera,polyu_full,Canon80D_8_8_3200_ball_7,1.3297907248020469,-1,drunet_color,37.34465095829077,0.9762179851531982,0.9959685103655577,0.005360017064958811,0.08913497626781464,0.08629824966192245,0,0.5934783000011521,,0.0028367266058921814,0.0,,,,,
real_camera,polyu_full,Canon80D_8_8_3200_ball_7,1.3297907248020469,-1,ectv_drunet,36.96211261448965,0.9708029627799988,0.9957963001466806,0.005612576380372047,0.08913497626781464,0.08910912275314331,0,0.6279850000009901,2.586357655857531e-05,2.5853514671325684e-05,0.9985873247209549,0.32,,0.3333333333333333,0.0077165961265563965,0.0
real_camera,polyu_full,Canon80D_8_8_6400_comproom_11,1.4147696159138512,-1,drunet_color,40.161745749096475,0.9548246264457703,0.9845950730342798,0.005148323718458414,0.03610988333821297,0.032464005053043365,0,0.6023037000013574,,0.0036458782851696014,0.0,,,,,
real_camera,polyu_full,Canon80D_8_8_6400_comproom_11,1.4147696159138512,-1,ectv_drunet,39.39111097432776,0.9421026110649109,0.9819413520614502,0.005681898910552263,0.03610988333821297,0.036077290773391724,0,0.6364310000008118,3.259946406072842e-05,3.2592564821243286e-05,0.9984013028408175,0.32,,0.3333333333333333,0.008166491985321045,0.0
real_camera,polyu_full,Canon80D_8_8_6400_comproom_12,1.1619052807112151,-1,drunet_color,40.790149447565504,0.9619211554527283,0.9880714732230168,0.0046617984771728516,0.03394762799143791,0.03113427385687828,0,0.5938430999995035,,0.0028133541345596313,0.0,,,,,
real_camera,polyu_full,Canon80D_8_8_6400_comproom_12,1.1619052807112151,-1,ectv_drunet,40.13884409223891,0.9530544877052307,0.9864146805645101,0.005053861066699028,0.03394762799143791,0.033932022750377655,0,0.6305751999989297,1.5606870999029556e-05,1.5605241060256958e-05,0.9989211464967924,0.32,,0.3333333333333333,0.005014181137084961,0.0
real_camera,polyu_full,Canon80D_8_8_6400_comproom_13,1.06228998072337,-1,drunet_color,41.20747422720963,0.9610884189605713,0.994080047611052,0.0044359429739415646,0.03805139288306236,0.03556540608406067,0,0.6048653000016202,,0.0024859867990016937,0.0,,,,,
real_camera,polyu_full,Canon80D_8_8_6400_comproom_13,1.06228998072337,-1,ectv_drunet,40.63498589758831,0.9533853530883789,0.9932877606275522,0.004800019785761833,0.03805139288306236,0.038040243089199066,0,0.6401989000023605,1.1152001449782574e-05,1.1149793863296509e-05,0.9990980464972735,0.32,,0.3333333333333333,0.004074811935424805,0.0
real_camera,polyu_full,Canon80D_8_8_6400_comproom_14,1.057857551441049,-1,drunet_color,41.048738487508594,0.9627274870872498,0.9877594166098851,0.004586761351674795,0.03225744143128395,0.029760725796222687,0,0.6144715000009455,,0.002496715635061264,0.0,,,,,
real_camera,polyu_full,Canon80D_8_8_6400_comproom_14,1.057857551441049,-1,ectv_drunet,40.47690417950698,0.9551548957824707,0.9862838126085367,0.004935478325933218,0.03225744143128395,0.03224646672606468,0,0.6495390000018233,1.0978396376286783e-05,1.0974705219268799e-05,0.9991055509152602,0.32,,0.3333333333333333,0.003967940807342529,0.0
real_camera,polyu_full,Canon80D_8_8_6400_comproom_16,1.2980098168980183,-1,drunet_color,39.77124462036207,0.9642165303230286,0.9904231286042918,0.00530061312019825,0.04435695335268974,0.041343145072460175,0,0.6033745999993698,,0.0030138082802295685,0.0,,,,,
real_camera,polyu_full,Canon80D_8_8_6400_comproom_16,1.2980098168980183,-1,ectv_drunet,39.17073364206634,0.955306351184845,0.9893375945191136,0.005712489131838083,0.04435695335268974,0.0443333275616169,0,0.6373239000004105,2.362686291225035e-05,2.362579107284546e-05,0.9986539515170649,0.32,,0.3333333333333333,0.007023870944976807,0.0
real_camera,polyu_full,Canon80D_8_8_800_GO_11,1.1400275717162056,-1,drunet_color,40.59341853478392,0.9881607890129089,0.9986940024964276,0.003344183787703514,0.08573870360851288,0.08363143354654312,0,0.5983936000011454,,0.002107270061969757,0.0,,,,,
real_camera,polyu_full,Canon80D_8_8_800_GO_11,1.1400275717162056,-1,ectv_drunet,40.11441276957082,0.9844135642051697,0.9985541034058137,0.0036113352980464697,0.08573870360851288,0.08572417497634888,0,0.6315335000017512,1.453379110460391e-05,1.4528632164001465e-05,0.9989613499987238,0.32,,0.3333333333333333,0.005708873271942139,0.0
real_camera,polyu_full,NikonD800_10_100_6400_planandsofa_2,0.9425841389168376,-1,drunet_color,34.21523655909679,0.9672473073005676,0.9854755177930826,0.008181004785001278,0.06608650088310242,0.06390335410833359,0,0.6086949999989884,,0.0021831467747688293,0.0,,,,,
real_camera,polyu_full,NikonD800_10_100_6400_planandsofa_2,0.9425841389168376,-1,ectv_drunet,34.085279248728426,0.9628315567970276,0.9853451992496307,0.008419221267104149,0.06608650088310242,0.06607938557863235,0,0.6439286999975593,7.117810914278245e-06,7.115304470062256e-06,0.9992897330702242,0.32,,0.3333333333333333,0.002739846706390381,0.0
real_camera,polyu_full,NikonD800_10_100_6400_planandsofa_7,0.7744044866584613,-1,drunet_color,40.2265399918383,0.9599528312683105,0.9752949582212136,0.004955017939209938,0.028235089033842087,0.02663101814687252,0,0.6014592000010452,,0.0016040708869695663,0.0,,,,,
real_camera,polyu_full,NikonD800_10_100_6400_planandsofa_7,0.7744044866584613,-1,ectv_drunet,39.94934020981406,0.9553882479667664,0.9741812626987706,0.005200442858040333,0.028235089033842087,0.02823169343173504,0,0.6353202999998757,3.3966122697138173e-06,3.3956021070480347e-06,0.999520468250664,0.32,,0.3333333333333333,0.0018565654754638672,0.0
real_camera,polyu_full,NikonD800_11_160_3200_classroom_15,0.7081966165213563,-1,drunet_color,40.42768304574693,0.9608044624328613,0.9846967670021892,0.004280285909771919,0.02629486657679081,0.024955784901976585,0,0.5997564000008424,,0.0013390816748142242,0.0,,,,,
real_camera,polyu_full,NikonD800_11_160_3200_classroom_15,0.7081966165213563,-1,ectv_drunet,40.14896997046422,0.9568039774894714,0.9838347775945805,0.004440768621861935,0.02629486657679081,0.02629244327545166,0,0.6354512000016257,2.42462401423593e-06,2.423301339149475e-06,0.9995989269875132,0.32,,0.3333333333333333,0.0015571117401123047,0.0
real_camera,polyu_full,NikonD800_11_160_3200_classroom_4,0.5929221623705418,-1,drunet_color,39.777486735976844,0.961865246295929,0.9890672037012692,0.003958790563046932,0.02783980593085289,0.026669373735785484,0,0.5812268000008771,,0.0011704321950674057,0.0,,,,,
real_camera,polyu_full,NikonD800_11_160_3200_classroom_4,0.5929221623705418,-1,ectv_drunet,39.58018897242812,0.9586818218231201,0.988735918329716,0.004073509946465492,0.02783980593085289,0.0278385691344738,0,0.6139120000007097,1.2391247978378212e-06,1.2367963790893555e-06,0.9997188337316154,0.32,,0.3333333333333333,0.0008869171142578125,0.0
real_camera,polyu_full,NikonD800_11_160_3200_classroom_6,0.8190338733807524,-1,drunet_color,40.82600640338812,0.9576373100280762,0.9687565688432379,0.004604952875524759,0.02291093021631241,0.020999806001782417,0,0.6144414999998844,,0.0019111242145299911,0.0,,,,,
real_camera,polyu_full,NikonD800_11_160_3200_classroom_6,0.8190338733807524,-1,ectv_drunet,40.42209161962873,0.9514257907867432,0.9660664802987954,0.004856595769524574,0.02291093021631241,0.02290673553943634,0,0.6491776000002574,4.195078276704207e-06,4.194676876068115e-06,0.9994636347050402,0.32,,0.3333333333333333,0.001910388469696045,0.0
real_camera,polyu_full,NikonD800_4-5_160_1800_classroom_15,0.4853259780340345,-1,drunet_color,41.56941588693396,0.979701817035675,0.9967399522110508,0.00254486664198339,0.03572706878185272,0.03477497026324272,0,0.5920925999998872,,0.0009520985186100006,0.0,,,,,
real_camera,polyu_full,NikonD800_4-5_160_1800_classroom_15,0.4853259780340345,-1,ectv_drunet,41.372000124686664,0.9775215983390808,0.9965130239715783,0.0026454003527760506,0.03572706878185272,0.03572649136185646,0,0.6275956000008591,5.804541404529788e-07,5.774199962615967e-07,0.9998116024585882,0.32,,0.3333333333333333,0.000506281852722168,0.0
real_camera,polyu_full,NikonD800_4-5_160_1800_classroom_5,0.4541440347683002,-1,drunet_color,40.590266791361465,0.9775784015655518,0.9959033630562819,0.0026217380072921515,0.03686349838972092,0.03620396554470062,0,0.6003977000000305,,0.0006595328450202942,0.0,,,,,
real_camera,polyu_full,NikonD800_4-5_160_1800_classroom_5,0.4541440347683002,-1,ectv_drunet,40.456561337272056,0.9758091568946838,0.9956981342090812,0.0026955895591527224,0.03686349838972092,0.0368630476295948,0,0.6351809000007052,4.5121025773259727e-07,4.507601261138916e-07,0.9998350297777094,0.32,,0.3333333333333333,0.0005606412887573242,0.0
real_camera,polyu_full,NikonD800_4-5_160_1800_classroom_9,0.7677534220534384,-1,drunet_color,40.48244233156464,0.976353645324707,0.9976096920589648,0.0029659527353942394,0.06052493304014206,0.05917481705546379,0,0.5923110999992787,,0.0013501159846782684,0.0,,,,,
real_camera,polyu_full,NikonD800_4-5_160_1800_classroom_9,0.7677534220534384,-1,ectv_drunet,40.228996024125856,0.9732525944709778,0.9974324909906284,0.0031044017523527145,0.06052493304014206,0.060521647334098816,0,0.6263741000002483,3.2879397076219526e-06,3.285706043243408e-06,0.999528666041752,0.32,,0.3333333333333333,0.001994609832763672,0.0
real_camera,polyu_full,NikonD800_5-6_160_6400_wall_15,1.735464880892159,-1,drunet_color,37.9075523064657,0.9569640159606934,0.9946853781036131,0.005405271891504526,0.06670186668634415,0.06249912455677986,0,0.6014353000009578,,0.004202742129564285,0.0,,,,,
real_camera,polyu_full,NikonD800_5-6_160_6400_wall_15,1.735464880892159,-1,ectv_drunet,37.212323849677915,0.9436423182487488,0.9937411347574385,0.005951947998255491,0.06670186668634415,0.06663205474615097,0,0.6345719000000827,6.981814054989488e-05,6.981194019317627e-05,0.9975963255524112,0.32,,0.3333333333333333,0.014320850372314453,0.0
real_camera,polyu_full,NikonD800_5-6_160_6400_wall_2,1.6033390942542989,-1,drunet_color,38.62091824847012,0.9413099884986877,0.9922674320908023,0.00544505100697279,0.050978973507881165,0.04663649946451187,0,0.5933778999988135,,0.004342474043369293,0.0,,,,,
real_camera,polyu_full,NikonD800_5-6_160_6400_wall_2,1.6033390942542989,-1,ectv_drunet,37.84967991604889,0.9253547787666321,0.9906949500826863,0.006060448475182056,0.050978973507881165,0.05092698708176613,0,0.6287012999982835,5.1989772032313634e-05,5.198642611503601e-05,0.9979476666330198,0.32,,0.3333333333333333,0.010587513446807861,0.0
real_camera,polyu_full,NikonD800_5-6_160_6400_wall_6,2.472627842211573,-1,drunet_color,36.48569056927297,0.9699296951293945,0.9966088389726419,0.0055890935473144054,0.10389739274978638,0.09967634826898575,0,0.5920334000002185,,0.004221044480800629,0.0,,,,,
real_camera,polyu_full,NikonD800_5-6_160_6400_wall_6,2.472627842211573,-1,ectv_drunet,35.833416878240925,0.963870108127594,0.9963879725306715,0.005839628167450428,0.10389739274978638,0.10363797843456268,0,0.6273075999997673,0.0002594208598127613,0.00025941431522369385,0.9951327343913896,0.32,,0.3333333333333333,0.05134004354476929,0.0
real_camera,polyu_full,NikonD800_5-6_160_6400_wall_9,1.231067526651843,-1,drunet_color,39.86532193520927,0.9368111491203308,0.9764665790178,0.006306720431894064,0.030034251511096954,0.02673395350575447,0,0.6095077999998466,,0.0033002980053424835,0.0,,,,,
real_camera,polyu_full,NikonD800_5-6_160_6400_wall_9,1.231067526651843,-1,ectv_drunet,39.20055739338573,0.9231131672859192,0.972883878698659,0.006835807114839554,0.030034251511096954,0.030014872550964355,0,0.6454730999994354,1.9380320406364666e-05,1.9378960132598877e-05,0.9987890469750633,0.32,,0.3333333333333333,0.0052149295806884766,0.0
real_camera,polyu_full,NikonD800_5_100_4000_flower_12,0.6028234834175161,-1,drunet_color,40.449196881128515,0.968900740146637,0.9872433328407023,0.0037402648013085127,0.03095760941505432,0.02954506315290928,0,0.5996876999997767,,0.0014125462621450424,0.0,,,,,
real_camera,polyu_full,NikonD800_5_100_4000_flower_12,0.6028234834175161,-1,ectv_drunet,40.16362555451832,0.9651484489440918,0.9865348937701316,0.003892826847732067,0.03095760941505432,0.030956290662288666,0,0.6348921999997401,1.3192249822990731e-06,1.3187527656555176e-06,0.999709367578223,0.32,,0.3333333333333333,0.0007739663124084473,0.0
real_camera,polyu_full,NikonD800_5_100_4000_flower_13,1.5409721855386018,-1,drunet_color,36.2903881386544,0.9595096707344055,0.9847743688462242,0.007081503514200449,0.0664597898721695,0.06304699927568436,0,0.6007163000012952,,0.003412790596485138,0.0,,,,,
real_camera,polyu_full,NikonD800_5_100_4000_flower_13,1.5409721855386018,-1,ectv_drunet,35.84441501544595,0.9500930905342102,0.9840488281330941,0.007460522465407848,0.0664597898721695,0.06641495227813721,0,0.6356305000026623,4.4842590371377356e-05,4.48375940322876e-05,0.9981039279824713,0.32,,0.3333333333333333,0.010774493217468262,0.0
real_camera,polyu_full,NikonD800_5_100_4000_flower_14,1.1979600559211594,-1,drunet_color,37.54534141246049,0.9700587391853333,0.9903443004125441,0.006363349966704845,0.06231660768389702,0.060134947299957275,0,0.6065447000000859,,0.002181660383939743,0.0,,,,,
real_camera,polyu_full,NikonD800_5_100_4000_flower_14,1.1979600559211594,-1,ectv_drunet,37.14193839085493,0.9646614193916321,0.989846675536129,0.006638774648308754,0.06231660768389702,0.06229910999536514,0,0.6415557000000263,1.7499721769412737e-05,1.749768853187561e-05,0.9988532304581734,0.32,,0.3333333333333333,0.006580233573913574,0.0
real_camera,polyu_full,NikonD800_5_100_4000_flower_15,1.4494979163219237,-1,drunet_color,36.643067952642234,0.9591186046600342,0.9834849527042059,0.006641090847551823,0.06179976463317871,0.058529194444417953,0,0.6022978000000876,,0.0032705701887607574,0.0,,,,,
real_camera,polyu_full,NikonD800_5_100_4000_flower_15,1.4494979163219237,-1,ectv_drunet,36.202435671825015,0.9499507546424866,0.9826670725092254,0.007008756976574659,0.06179976463317871,0.061764076352119446,0,0.638848999999027,3.5688941542860884e-05,3.568828105926514e-05,0.9983219866768485,0.32,,0.3333333333333333,0.009041547775268555,0.0
real_camera,polyu_full,NikonD800_5_100_4000_flower_1,1.4941258653060867,-1,drunet_color,36.32947096615851,0.9593284726142883,0.9855479286688171,0.006924845278263092,0.0658336654305458,0.0625201091170311,0,0.6019188999998732,,0.0033135563135147095,0.0,,,,,
real_camera,polyu_full,NikonD800_5_100_4000_flower_1,1.4941258653060867,-1,ectv_drunet,35.8950095664476,0.9506897926330566,0.9849007856856962,0.0072732833214104176,0.0658336654305458,0.06579370051622391,0,0.6370572999985598,3.996517371332998e-05,3.9964914321899414e-05,0.9982172560695779,0.32,,0.3333333333333333,0.009885072708129883,0.0
real_camera,polyu_full,NikonD800_5_100_4000_flower_2,1.2530852243939712,-1,drunet_color,36.83304591407725,0.9718666076660156,0.9906244702900279,0.0067171077243983746,0.06830291450023651,0.06609369814395905,0,0.5875575000009121,,0.002209216356277466,0.0,,,,,
real_camera,polyu_full,NikonD800_5_100_4000_flower_2,1.2530852243939712,-1,ectv_drunet,36.45578077890556,0.9671270251274109,0.9902518701291897,0.006970778573304415,0.06830291450023651,0.06828220933675766,0,0.6220253000010416,2.070980343858365e-05,2.070516347885132e-05,0.9987453985989962,0.32,,0.3333333333333333,0.007517218589782715,0.0
real_camera,polyu_full,NikonD800_5_125_6400_stair_10,1.4800896974276982,-1,drunet_color,37.22153950180852,0.9309174418449402,0.962976733192848,0.006928609684109688,0.04521619528532028,0.041794050484895706,0,0.6144285999998829,,0.003422144800424576,0.0,,,,,
real_camera,polyu_full,NikonD800_5_125_6400_stair_10,1.4800896974276982,-1,ectv_drunet,36.68496638473948,0.919034481048584,0.9606967088145703,0.007320094853639603,0.04521619528532028,0.04517761617898941,0,0.6472281000005751,3.8582182672936975e-05,3.857910633087158e-05,0.9982505353745947,0.32,,0.3333333333333333,0.009626924991607666,0.0
real_camera,polyu_full,NikonD800_5_125_6400_stair_1,1.5112692786950797,-1,drunet_color,36.81985996129006,0.9397144317626953,0.9680990109334782,0.008015783503651619,0.052177414298057556,0.04887895658612251,0,0.6153682000003755,,0.0032984577119350433,0.0,,,,,
real_camera,polyu_full,NikonD800_5_125_6400_stair_1,1.5112692786950797,-1,ectv_drunet,36.309752941083524,0.9293079376220703,0.9662720996244933,0.008418804034590721,0.052177414298057556,0.052135713398456573,0,0.6517975000006118,4.1702811093297264e-05,4.1700899600982666e-05,0.9981761865402705,0.32,,0.3333333333333333,0.01091223955154419,0.0
real_camera,polyu_full,NikonD800_5_125_6400_stair_3,1.4489030154944609,-1,drunet_color,37.471011459722035,0.9261872172355652,0.9557188168852615,0.006122223101556301,0.04067781940102577,0.03720870241522789,0,0.6054594999986875,,0.003469116985797882,0.0,,,,,
real_camera,polyu_full,NikonD800_5_125_6400_stair_3,1.4489030154944609,-1,ectv_drunet,36.921778841009505,0.9131179451942444,0.9526986256518872,0.006497685797512531,0.04067781940102577,0.040642186999320984,0,0.6416767999980948,3.563429416282922e-05,3.563240170478821e-05,0.998323361458302,0.32,,0.3333333333333333,0.008680224418640137,0.0
real_camera,polyu_full,NikonD800_5_125_6400_stair_6,1.57748298780948,-1,drunet_color,36.684737939927686,0.9365255236625671,0.9674982442552693,0.007779303006827831,0.052483052015304565,0.04904847592115402,0,0.5960144999990007,,0.003434576094150543,0.0,,,,,
real_camera,polyu_full,NikonD800_5_125_6400_stair_6,1.57748298780948,-1,ectv_drunet,36.140786513822995,0.9248694777488708,0.9656668299147825,0.00817378330975771,0.052483052015304565,0.05243412032723427,0,0.6299699999999575,4.893332051455563e-05,4.893168807029724e-05,0.9980131958175833,0.32,,0.3333333333333333,0.012087225914001465,0.0
real_camera,polyu_full,NikonD800_5_125_6400_stair_7,1.5024020141196934,-1,drunet_color,37.35238058773806,0.9199017882347107,0.9439388350039803,0.006222167052328587,0.03862616792321205,0.034853219985961914,0,0.5990006000010908,,0.0037729479372501373,0.0,,,,,
real_camera,polyu_full,NikonD800_5_125_6400_stair_7,1.5024020141196934,-1,ectv_drunet,36.77558816949645,0.9055301547050476,0.9406711389615974,0.006610225886106491,0.03862616792321205,0.038585372269153595,0,0.6339786000007734,4.0797322049465305e-05,4.079565405845642e-05,0.9981974874317162,0.32,,0.3333333333333333,0.009153246879577637,0.0
real_camera,polyu_full,NikonD800_6-3_125_5000_plant_10,1.1361863755620425,-1,drunet_color,38.452658952933575,0.9398764967918396,0.9805415651512481,0.005082762334495783,0.03563932701945305,0.03256344050168991,0,0.6156011999992188,,0.003075886517763138,0.0,,,,,
real_camera,polyu_full,NikonD800_6-3_125_5000_plant_10,1.1361863755620425,-1,ectv_drunet,38.01770594215487,0.9309609532356262,0.9792824569190182,0.005412670783698559,0.03563932701945305,0.03562497720122337,0,0.6499152999986109,1.4351091620729455e-05,1.4349818229675293e-05,0.9989683302248508,0.32,,0.3333333333333333,0.0039021968841552734,0.0
real_camera,polyu_full,NikonD800_6-3_125_5000_plant_1,1.1678866234229293,-1,drunet_color,38.14348412484794,0.9355749487876892,0.9800637953718796,0.00518173398450017,0.03605080395936966,0.0328897163271904,0,0.6027926999995543,,0.0031610876321792603,0.0,,,,,
real_camera,polyu_full,NikonD800_6-3_125_5000_plant_1,1.1678866234229293,-1,ectv_drunet,37.697445253398264,0.9263448119163513,0.9787046014021656,0.00550435297191143,0.03605080395936966,0.03603489696979523,0,0.6386276999983238,1.591002873459715e-05,1.5906989574432373e-05,0.9989100224483534,0.32,,0.3333333333333333,0.004203140735626221,0.0
real_camera,polyu_full,NikonD800_6-3_125_5000_plant_3,0.7594769798238868,-1,drunet_color,39.67407432901796,0.9551970362663269,0.9806682818737041,0.004022104665637016,0.025180907920002937,0.02338339015841484,0,0.610936800001582,,0.0017975177615880966,0.0,,,,,
real_camera,polyu_full,NikonD800_6-3_125_5000_plant_3,0.7594769798238868,-1,ectv_drunet,39.38680034044889,0.9498961567878723,0.9796405795588333,0.00420604832470417,0.025180907920002937,0.02517775259912014,0,0.6455739000030007,3.156286307841204e-06,3.155320882797241e-06,0.9995387686389794,0.32,,0.3333333333333333,0.0014968514442443848,0.0
real_camera,polyu_full,NikonD800_6-3_125_5000_plant_6,1.1582036918634422,-1,drunet_color,38.18514068091463,0.9438298344612122,0.9832197886806711,0.005096022970974445,0.03890664130449295,0.03582010418176651,0,0.6115137000015238,,0.0030865371227264404,0.0,,,,,
real_camera,polyu_full,NikonD800_6-3_125_5000_plant_6,1.1582036918634422,-1,ectv_drunet,37.73566917167939,0.9346180558204651,0.981809080999478,0.005445600021630526,0.03890664130449295,0.03889122232794762,0,0.6452194000012241,1.5421382244963953e-05,1.5418976545333862e-05,0.9989280021910283,0.32,,0.3333333333333333,0.004243969917297363,0.0
real_camera,polyu_full,NikonD800_6-3_125_5000_plant__4,1.1692950199565035,-1,drunet_color,38.191969338962394,0.9414671063423157,0.9722955811433606,0.004709748085588217,0.025739774107933044,0.02241755649447441,0,0.6058843999999226,,0.0033222176134586334,0.0,,,,,
real_camera,polyu_full,NikonD800_6-3_125_5000_plant__4,1.1692950199565035,-1,ectv_drunet,37.766327705289264,0.9292399883270264,0.9688799254092004,0.00517637375742197,0.025739774107933044,0.025723792612552643,0,0.6404981000014232,1.598203132821299e-05,1.598149538040161e-05,0.998907394853022,0.32,,0.3333333333333333,0.004214227199554443,0.0
real_camera,polyu_full,NikonD800_8_100_6400_bulletin_3,0.8378048650138574,-1,drunet_color,37.16495474119632,0.9641306400299072,0.9953001893572141,0.005077332258224487,0.05994352325797081,0.057891614735126495,0,0.6011938999999984,,0.0020519085228443146,0.0,,,,,
real_camera,polyu_full,NikonD800_8_100_6400_bulletin_3,0.8378048650138574,-1,ectv_drunet,36.952021988465404,0.9592819809913635,0.9950678445483346,0.005401532165706158,0.05994352325797081,0.059938959777355194,0,0.6371445000004314,4.568800073990086e-06,4.563480615615845e-06,0.9994387816084952,0.32,,0.3333333333333333,0.0018972158432006836,0.0
real_camera,polyu_full,NikonD800_8_100_6400_bulletin_5,0.8785906202296454,-1,drunet_color,35.99186378972558,0.9784338474273682,0.996231058272077,0.0067397006787359715,0.10269922018051147,0.10040056705474854,0,0.6078867000014725,,0.0022986531257629395,0.0,,,,,
real_camera,polyu_full,NikonD800_8_100_6400_bulletin_5,0.8785906202296454,-1,ectv_drunet,35.804508333212915,0.9742534756660461,0.9961259783437127,0.0071506742388010025,0.10269922018051147,0.10269376635551453,0,0.6425655000020924,5.463983366068668e-06,5.453824996948242e-06,0.9993828440128563,0.32,,0.3333333333333333,0.0020524263381958008,0.0
real_camera,polyu_full,NikonD800_8_100_6400_bulletin_7,0.7059779371862622,-1,drunet_color,38.04927874066121,0.9674881100654602,0.9951634353801124,0.00445784255862236,0.04648531228303909,0.044728297740221024,0,0.5981363999999303,,0.0017570145428180695,0.0,,,,,
real_camera,polyu_full,NikonD800_8_100_6400_bulletin_7,0.7059779371862622,-1,ectv_drunet,37.84229780962279,0.963193953037262,0.994845250767547,0.004788657650351524,0.04648531228303909,0.04648291692137718,0,0.6344410000001517,2.396079541444777e-06,2.3953616619110107e-06,0.9996014350602449,0.32,,0.3333333333333333,0.0011862516403198242,0.0
real_camera,polyu_full,NikonD800_8_100_6400_bulletin_8,0.9448019526748954,-1,drunet_color,39.84402864105296,0.9519841074943542,0.9891001799233219,0.0043013859540224075,0.030459634959697723,0.028135240077972412,0,0.5912219000001642,,0.0023243948817253113,0.0,,,,,
real_camera,polyu_full,NikonD800_8_100_6400_bulletin_8,0.9448019526748954,-1,ectv_drunet,39.426420371409755,0.944666862487793,0.9881401682880632,0.004552795551717281,0.030459634959697723,0.030452456325292587,0,0.6264335000014398,7.18096968283931e-06,7.178634405136108e-06,0.9992863891416863,0.32,,0.3333333333333333,0.002637028694152832,0.0
real_camera,polyu_full,NikonD800_8_125_6400_photo_19,0.84002429255961,-1,drunet_color,38.36643476177553,0.963719367980957,0.9891824901743781,0.005378951784223318,0.04033274948596954,0.038206860423088074,0,0.5997645999996166,,0.0021258890628814697,0.0,,,,,
real_camera,polyu_full,NikonD800_8_125_6400_photo_19,0.84002429255961,-1,ectv_drunet,38.11544739074799,0.9577075839042664,0.9888002544029507,0.005680854432284832,0.04033274948596954,0.04032813757658005,0,0.6355888999987656,4.614540820552915e-06,4.61190938949585e-06,0.9994358059049627,0.32,,0.3333333333333333,0.001896500587463379,0.0
real_camera,polyu_full,Sony_3-5_200_1600_classroom_10,0.7368655989304658,-1,drunet_color,40.387167869837654,0.9536513686180115,0.9939705031678637,0.003607555292546749,0.03970996290445328,0.03796815499663353,0,0.6018383000009635,,0.001741807907819748,0.0,,,,,
real_camera,polyu_full,Sony_3-5_200_1600_classroom_10,0.7368655989304658,-1,ectv_drunet,40.07135379391977,0.9493466019630432,0.993469527322465,0.0038179317489266396,0.03970996290445328,0.03970715031027794,0,0.6384307000007539,2.816256213493628e-06,2.812594175338745e-06,0.9995658118998049,0.32,,0.3333333333333333,0.0013600587844848633,0.0
real_camera,polyu_full,Sony_3-5_200_1600_classroom_13,0.8769660348281672,-1,drunet_color,41.586678056807344,0.9507549405097961,0.9925651876134549,0.003419656539335847,0.031065506860613823,0.028816543519496918,0,0.5954500000007101,,0.002248963341116905,0.0,,,,,
real_camera,polyu_full,Sony_3-5_200_1600_classroom_13,0.8769660348281672,-1,ectv_drunet,41.03287460274362,0.944187581539154,0.9914866484418177,0.0036929436028003693,0.031065506860613823,0.031060080975294113,0,0.6303251000008459,5.426061645282629e-06,5.425885319709778e-06,0.999385122843169,0.32,,0.3333333333333333,0.0020740628242492676,0.0
real_camera,polyu_full,Sony_3-5_200_1600_classroom_14,0.5967620088113608,-1,drunet_color,41.04298879218043,0.960377037525177,0.9960689992001971,0.0033231060951948166,0.03646028786897659,0.03502155467867851,0,0.6148054999994201,,0.0014387331902980804,0.0,,,,,
real_camera,polyu_full,Sony_3-5_200_1600_classroom_14,0.5967620088113608,-1,ectv_drunet,40.77957502456197,0.9572842717170715,0.9958167062541412,0.0034798209089785814,0.03646028786897659,0.036459021270275116,0,0.6481008000009751,1.2697528827362498e-06,1.2665987014770508e-06,0.9997151812364194,0.32,,0.3333333333333333,0.0007406473159790039,0.0
real_camera,polyu_full,Sony_4-5_125_1600_toy_10,1.4091440987180262,-1,drunet_color,38.756560461071246,0.9391729235649109,0.9701780019662793,0.0043089608661830425,0.03211389482021332,0.028146089985966682,0,0.6048368000010669,,0.0039678048342466354,0.0,,,,,
real_camera,polyu_full,Sony_4-5_125_1600_toy_10,1.4091440987180262,-1,ectv_drunet,38.06404197708048,0.9249680638313293,0.9650292955106984,0.004827943164855242,0.03211389482021332,0.03208177909255028,0,0.6391385000024457,3.2117986651727785e-05,3.211572766304016e-05,0.9984139711469631,0.32,,0.3333333333333333,0.007073521614074707,0.0
real_camera,polyu_full,Sony_4-5_125_1600_toy_11,1.641907798593485,-1,drunet_color,39.08877014895902,0.9283273816108704,0.9371755974261486,0.004266495816409588,0.02986716851592064,0.02461111545562744,0,0.5962823000008939,,0.005256053060293198,0.0,,,,,
real_camera,polyu_full,Sony_4-5_125_1600_toy_11,1.641907798593485,-1,ectv_drunet,38.12028031225574,0.9066423773765564,0.9226793484771004,0.005005359649658203,0.02986716851592064,0.02981036715209484,0,0.630293400001392,5.6803631379247846e-05,5.6801363825798035e-05,0.9978479556516602,0.32,,0.3333333333333333,0.009668350219726562,0.0
real_camera,polyu_full,Sony_4-5_125_3200_plant_10,2.529966892668786,-1,drunet_color,34.565351866216176,0.9594004154205322,0.9949400150471057,0.0071047218516469,0.10993817448616028,0.10294517874717712,0,0.6009899000000587,,0.006992995738983154,0.0,,,,,
real_camera,polyu_full,Sony_4-5_125_3200_plant_10,2.529966892668786,-1,ectv_drunet,33.94403851711145,0.9442793726921082,0.9946057888980318,0.007686881348490715,0.10993817448616028,0.10965584218502045,0,0.6347697999990487,0.0002823429322176284,0.00028233230113983154,0.994905545137893,0.32,,0.3333333333333333,0.03338623046875,0.0
real_camera,polyu_full,Sony_4-5_125_3200_plant_11,1.9227087940201628,-1,drunet_color,36.64028535500479,0.9441883563995361,0.9897760017358682,0.004804156720638275,0.05813266336917877,0.05223799869418144,0,0.6160929999987275,,0.00589466467499733,0.0,,,,,
real_camera,polyu_full,Sony_4-5_125_3200_plant_11,1.9227087940201628,-1,ectv_drunet,35.92609200698158,0.9271737933158875,0.9882862066560849,0.005355022847652435,0.05813266336917877,0.05803048610687256,0,0.6516496999993251,0.00010218029418176832,0.00010217726230621338,0.9970512819897693,0.32,,0.3333333333333333,0.014958679676055908,0.0
real_camera,polyu_full,Sony_4-5_125_3200_plant_13,1.836401902343576,-1,drunet_color,34.05425708713881,0.9676532745361328,0.9955552308399145,0.007007482927292585,0.11547798663377762,0.11113928258419037,0,0.5983630000009725,,0.00433870404958725,0.0,,,,,
real_camera,polyu_full,Sony_4-5_125_3200_plant_13,1.836401902343576,-1,ectv_drunet,33.70901358404096,0.9575011134147644,0.9953892328388811,0.007474749349057674,0.11547798663377762,0.11539183557033539,0,0.6345709000015631,8.615264855194695e-05,8.615106344223022e-05,0.9973093680199564,0.32,,0.3333333333333333,0.01657336950302124,0.0
real_camera,polyu_full,Sony_4-5_125_3200_plant_14,1.183628594236232,-1,drunet_color,38.221339278394005,0.9517831802368164,0.9887262196652532,0.003947478719055653,0.04066621884703636,0.03733450546860695,0,0.6112312999994174,,0.003331713378429413,0.0,,,,,
real_camera,polyu_full,Sony_4-5_125_3200_plant_14,1.183628594236232,-1,ectv_drunet,37.773521720546206,0.9424120783805847,0.9873600704772735,0.00432946952059865,0.04066621884703636,0.04064949229359627,0,0.6462324999993143,1.6728393200698997e-05,1.6726553440093994e-05,0.9988804738934363,0.32,,0.3333333333333333,0.004334449768066406,0.0
real_camera,polyu_full,Sony_4-5_125_6400_waterhouse_10,1.4721093118861424,-1,drunet_color,37.35538888258284,0.9160025119781494,0.9877689729586726,0.0040417867712676525,0.03781403228640556,0.033433813601732254,0,0.5961475999993127,,0.004380218684673309,0.0,,,,,
real_camera,polyu_full,Sony_4-5_125_6400_waterhouse_10,1.4721093118861424,-1,ectv_drunet,36.808095774419364,0.9005060195922852,0.9852122570879029,0.004588320851325989,0.03781403228640556,0.03777622431516647,0,0.6311620999986189,3.781157522028916e-05,3.7807971239089966e-05,0.9982693175306853,0.32,,0.3333333333333333,0.00750046968460083,0.0
real_camera,polyu_full,Sony_4_200_3200_door_10,1.2988983097195426,-1,drunet_color,38.72625375861293,0.9454386830329895,0.9942957156027639,0.003800460835918784,0.047259360551834106,0.04357212781906128,0,0.590540900000633,,0.003687232732772827,0.0,,,,,
real_camera,polyu_full,Sony_4_200_3200_door_10,1.2988983097195426,-1,ectv_drunet,38.1073677383192,0.9337145686149597,0.9931518745657767,0.004312763921916485,0.047259360551834106,0.047235675156116486,0,0.6254345000015746,2.3687406165427123e-05,2.368539571762085e-05,0.998652110622334,0.32,,0.3333333333333333,0.005552470684051514,0.0
real_camera,polyu_full,Sony_4_200_3200_door_11,1.319293563996587,-1,drunet_color,41.30444272900819,0.9373326897621155,0.959894443882814,0.004152978304773569,0.025315608829259872,0.020842043682932854,0,0.6132670999995753,,0.004473565146327019,0.0,,,,,
real_camera,polyu_full,Sony_4_200_3200_door_11,1.319293563996587,-1,ectv_drunet,40.22053963724794,0.9190924763679504,0.9457214164648563,0.004995891824364662,0.025315608829259872,0.02529050037264824,0,0.6492354000001797,2.5108469413667975e-05,2.51084566116333e-05,0.9986095086519041,0.32,,0.3333333333333333,0.005006968975067139,0.0
