task,dataset,image,sigma255,seed,method,psnr,ssim,grad_corr,grad_mae,tv_input,tv_output,iterations,runtime,budget,removed,p,gamma,lambda,alpha,eta,accepted
real_camera,polyu_full,Canon5D2_5_160_3200_chair_11,0.5989805267676853,-1,noisy,42.304330647157215,0.9714956283569336,0.979721188545227,0.00326067628338933,0.017970852553844452,0.017970852553844452,0,0.0,0.0,0.0,0.0,,,,,
real_camera,polyu_full,Canon5D2_5_160_3200_chair_11,0.5989805267676853,-1,ectv,42.3043715719359,0.9714961051940918,0.9797214865684509,0.003260650672018528,0.017970852553844452,0.017970692366361618,1,0.04694579999886628,1.6096241024910036e-07,1.601874828338623e-07,0.9997130602287884,0.04,,,,
real_camera,polyu_full,Canon5D2_5_160_3200_chair_11,0.5989805267676853,-1,ectv_fidelity,42.30466365410243,0.9714992642402649,0.9797241687774658,0.0032604660373181105,0.017970852553844452,0.017969565466046333,1,0.03996289999849978,1.2876992819864971e-06,1.2870877981185913e-06,0.9997130602287884,0.32,0.08,0.3333333333333333,,
real_camera,polyu_full,Canon5D2_5_160_3200_chair_11,0.5989805267676853,-1,tv_maxiter,40.46145441403459,0.9714142680168152,0.9574844837188721,0.003514557844027877,0.017970852553844452,0.007904140278697014,14,0.07864020000124583,inf,0.010066712275147438,0.9997130602287884,,,,,
real_camera,polyu_full,Canon5D2_5_160_3200_chair_11,0.5989805267676853,-1,tv_fixedk_val,40.07015692569173,0.969452440738678,0.9576655626296997,0.0034642755053937435,0.017970852553844452,0.007043609395623207,40,0.21827459999985876,,0.010927243158221245,0.9997130602287884,,,,,
real_camera,polyu_full,Canon5D2_5_160_3200_chair_11,0.5989805267676853,-1,tv_discrepancy,43.2430759150858,0.9834449291229248,0.9856756329536438,0.0025522010400891304,0.017970852553844452,0.012151757255196571,3,0.019460499999695458,,0.0058190952986478806,0.9997130602287884,,,,,
real_camera,polyu_full,Canon5D2_5_160_3200_chair_11,0.5989805267676853,-1,tv_chambolle_val,43.46110498604968,0.9842975735664368,0.9884470105171204,0.0022208259906619787,0.017970852553844452,0.012117495760321617,0,0.015785400000822847,,,0.0,,,,,
real_camera,polyu_full,Canon5D2_5_160_3200_chair_11,0.5989805267676853,-1,gaussian_val,42.142333192993405,0.9835909008979797,0.97716224193573,0.002809940604493022,0.017970852553844452,0.010246639139950275,0,0.0003326999994897051,,,0.0,,,,,
real_camera,polyu_full,Canon5D2_5_160_3200_chair_11,0.5989805267676853,-1,median_val,42.12354371218111,0.9823057055473328,0.9769601821899414,0.002563475165516138,0.017970852553844452,0.010085324756801128,0,0.0009592999995220453,,,0.0,,,,,
real_camera,polyu_full,Canon5D2_5_160_3200_chair_11,0.5989805267676853,-1,bilateral_val,42.9775150398514,0.9787185192108154,0.9846332669258118,0.0027062990702688694,0.017970852553844452,0.016004517674446106,0,0.24529749999965134,,,0.0,,,,,
real_camera,polyu_full,Canon5D2_5_160_3200_chair_11,0.5989805267676853,-1,pm_diff_val,43.37455325906667,0.9841320514678955,0.9882678389549255,0.00222102552652359,0.017970852553844452,0.01202060841023922,5,0.013648899999679998,,,0.0,,,,,
real_camera,polyu_full,Canon5D2_5_160_3200_chair_11,0.5989805267676853,-1,wavelet_bayes,42.512877264918465,0.9739269614219666,0.9813487529754639,0.0031035426072776318,0.017970852553844452,0.01708937995135784,0,0.005038300001615426,,,0.0,,,,,
real_camera,polyu_full,Canon5D2_5_160_3200_chair_11,0.5989805267676853,-1,nlm,42.61803819976157,0.9758646488189697,0.9831608533859253,0.0028107515536248684,0.017970852553844452,0.01624717377126217,0,0.04905689999941387,,,0.0,,,,,
real_camera,polyu_full,Canon5D2_5_160_3200_chair_11,0.5989805267676853,-1,bm3d,42.503276284249964,0.9737744331359863,0.9807804822921753,0.003160649910569191,0.017970852553844452,0.01719663105905056,0,1.713655600000493,,,0.0,,,,,
real_camera,polyu_full,Canon5D2_5_160_3200_chair_11,0.5989805267676853,-1,fdncnn_color,42.65834719860941,0.9753114581108093,0.9815853238105774,0.003075124928727746,0.017970852553844452,0.016621924936771393,0,1.893670999999813,,,0.0,,,,,
real_camera,polyu_full,Canon5D2_5_160_3200_chair_11,0.5989805267676853,-1,ectv_fdncnn,42.30467999455634,0.9714996218681335,0.9797238707542419,0.003260499332100153,0.017970852553844452,0.017969565466046333,0,1.9400416999997105,1.2876992819864971e-06,1.2870877981185913e-06,0.9997130602287884,0.32,,0.3333333333333333,0.000880122184753418,0.0
real_camera,polyu_full,Canon5D2_5_160_3200_chair_14,0.8959564429045653,-1,noisy,39.73977462887659,0.9549716114997864,0.9734769463539124,0.003854794194921851,0.028370223939418793,0.028370223939418793,0,0.0,0.0,0.0,0.0,,,,,
real_camera,polyu_full,Canon5D2_5_160_3200_chair_14,0.8959564429045653,-1,ectv,39.739876694749874,0.9549732208251953,0.9734779596328735,0.0038547213189303875,0.028370223939418793,0.028369490057229996,1,0.049017800000001444,7.351924775426994e-07,7.338821887969971e-07,0.9993582218738837,0.04,,,,
real_camera,polyu_full,Canon5D2_5_160_3200_chair_14,0.8959564429045653,-1,ectv_fidelity,39.74059057446325,0.9549837112426758,0.9734833836555481,0.0038542135152965784,0.028370223939418793,0.02836434356868267,1,0.0410316999987117,5.881539819740759e-06,5.880370736122131e-06,0.9993582218738837,0.32,0.08,0.3333333333333333,,
real_camera,polyu_full,Canon5D2_5_160_3200_chair_14,0.8959564429045653,-1,tv_maxiter,38.057120727195304,0.9328136444091797,0.9348713159561157,0.005150692071765661,0.028370223939418793,0.009323189966380596,15,0.08266879999973753,inf,0.019047033973038197,0.9993582218738837,,,,,
real_camera,polyu_full,Canon5D2_5_160_3200_chair_14,0.8959564429045653,-1,tv_fixedk_val,38.13184571665417,0.9350080490112305,0.9349939227104187,0.004994995892047882,0.028370223939418793,0.008521049283444881,40,0.20176680000076885,,0.01984917465597391,0.9993582218738837,,,,,
real_camera,polyu_full,Canon5D2_5_160_3200_chair_14,0.8959564429045653,-1,tv_discrepancy,40.26438551716372,0.9635059833526611,0.9769351482391357,0.0034850160591304302,0.028370223939418793,0.01958290860056877,2,0.01502009999967413,,0.008787315338850021,0.9993582218738837,,,,,
real_camera,polyu_full,Canon5D2_5_160_3200_chair_14,0.8959564429045653,-1,tv_chambolle_val,40.686348147687966,0.9705579876899719,0.9825208187103271,0.002861246233806014,0.028370223939418793,0.01808970235288143,0,0.015031299999463954,,,0.0,,,,,
real_camera,polyu_full,Canon5D2_5_160_3200_chair_14,0.8959564429045653,-1,gaussian_val,38.69494490759165,0.9468045234680176,0.942497968673706,0.004603883251547813,0.028370223939418793,0.012260369025170803,0,0.00032189999910769984,,,0.0,,,,,
real_camera,polyu_full,Canon5D2_5_160_3200_chair_14,0.8959564429045653,-1,median_val,38.79523166679084,0.9385616183280945,0.9497302770614624,0.004161791875958443,0.028370223939418793,0.012235231697559357,0,0.000992900000710506,,,0.0,,,,,
real_camera,polyu_full,Canon5D2_5_160_3200_chair_14,0.8959564429045653,-1,bilateral_val,40.62237616926367,0.9678470492362976,0.9800328612327576,0.003141070017591119,0.028370223939418793,0.025009484961628914,0,0.2532167000008485,,,0.0,,,,,
real_camera,polyu_full,Canon5D2_5_160_3200_chair_14,0.8959564429045653,-1,pm_diff_val,40.512701778710024,0.9698006510734558,0.9818840026855469,0.0028356474358588457,0.028370223939418793,0.019751667976379395,5,0.011517199998706928,,,0.0,,,,,
real_camera,polyu_full,Canon5D2_5_160_3200_chair_14,0.8959564429045653,-1,wavelet_bayes,39.94888628756576,0.9586560130119324,0.9758740663528442,0.003620111383497715,0.028370223939418793,0.02677885629236698,0,0.0047856999990472104,,,0.0,,,,,
real_camera,polyu_full,Canon5D2_5_160_3200_chair_14,0.8959564429045653,-1,nlm,40.05982756379591,0.9620118737220764,0.977799654006958,0.0032864317763596773,0.028370223939418793,0.02572009153664112,0,0.045724400000835885,,,0.0,,,,,
real_camera,polyu_full,Canon5D2_5_160_3200_chair_14,0.8959564429045653,-1,bm3d,39.98944265294527,0.959517240524292,0.9753507375717163,0.003665091935545206,0.028370223939418793,0.026895519345998764,0,1.7022039000003133,,,0.0,,,,,
real_camera,polyu_full,Canon5D2_5_160_3200_chair_14,0.8959564429045653,-1,fdncnn_color,40.211938321260746,0.9629823565483093,0.9768233299255371,0.0035031281877309084,0.028370223939418793,0.025679394602775574,0,1.9448566999999457,,,0.0,,,,,
real_camera,polyu_full,Canon5D2_5_160_3200_chair_14,0.8959564429045653,-1,ectv_fdncnn,39.74086001177278,0.954991340637207,0.9734861850738525,0.003853996517136693,0.028370223939418793,0.02836434356868267,0,1.9887366999992082,5.881539819740759e-06,5.880370736122131e-06,0.9993582218738837,0.32,,0.3333333333333333,0.0019724369049072266,0.0
real_camera,polyu_full,Canon5D2_5_160_3200_chair_5,0.6215902645318175,-1,noisy,40.43297842580376,0.9720208048820496,0.9877169728279114,0.0035334378480911255,0.02416462078690529,0.02416462078690529,0,0.0,0.0,0.0,0.0,,,,,
real_camera,polyu_full,Canon5D2_5_160_3200_chair_5,0.6215902645318175,-1,ectv,40.43301045948388,0.9720212817192078,0.9877170324325562,0.003533412702381611,0.02416462078690529,0.024164438247680664,1,0.03250870000010764,1.851703132789753e-07,1.825392246246338e-07,0.9996909959572877,0.04,,,,
real_camera,polyu_full,Canon5D2_5_160_3200_chair_5,0.6215902645318175,-1,ectv_fidelity,40.433237951742036,0.9720243811607361,0.9877183437347412,0.0035332348197698593,0.02416462078690529,0.0241631418466568,1,0.032952399998976034,1.4813625062222026e-06,1.4789402484893799e-06,0.9996909959572877,0.32,0.08,0.3333333333333333,,
real_camera,polyu_full,Canon5D2_5_160_3200_chair_5,0.6215902645318175,-1,tv_maxiter,38.282907208764854,0.9548141360282898,0.9641723036766052,0.004900882951915264,0.02416462078690529,0.013470311649143696,14,0.06509720000030939,inf,0.010694309137761593,0.9996909959572877,,,,,
real_camera,polyu_full,Canon5D2_5_160_3200_chair_5,0.6215902645318175,-1,tv_fixedk_val,37.99887926455905,0.9515610337257385,0.9653334021568298,0.0048143002204597,0.02416462078690529,0.012470796704292297,40,0.18080949999966833,,0.011693824082612991,0.9996909959572877,,,,,
real_camera,polyu_full,Canon5D2_5_160_3200_chair_5,0.6215902645318175,-1,tv_discrepancy,40.84759557810117,0.979110062122345,0.9884535670280457,0.0032211621291935444,0.02416462078690529,0.02013348788022995,2,0.013079199999992852,,0.004031132906675339,0.9996909959572877,,,,,
real_camera,polyu_full,Canon5D2_5_160_3200_chair_5,0.6215902645318175,-1,tv_chambolle_val,41.058969457202004,0.9822876453399658,0.990308403968811,0.002758767455816269,0.02416462078690529,0.018586399033665657,0,0.012936699999045231,,,0.0,,,,,
real_camera,polyu_full,Canon5D2_5_160_3200_chair_5,0.6215902645318175,-1,gaussian_val,39.28071812601844,0.9752910137176514,0.9729775190353394,0.00417520385235548,0.02416462078690529,0.016064593568444252,0,0.0004315000005590264,,,0.0,,,,,
real_camera,polyu_full,Canon5D2_5_160_3200_chair_5,0.6215902645318175,-1,median_val,39.36217648987365,0.9707193970680237,0.9735928773880005,0.0037102503702044487,0.02416462078690529,0.01565186306834221,0,0.0010172000002057757,,,0.0,,,,,
real_camera,polyu_full,Canon5D2_5_160_3200_chair_5,0.6215902645318175,-1,bilateral_val,40.83588136537771,0.9780213832855225,0.9893475770950317,0.003067364916205406,0.02416462078690529,0.02228550799190998,0,0.2571313000007649,,,0.0,,,,,
real_camera,polyu_full,Canon5D2_5_160_3200_chair_5,0.6215902645318175,-1,pm_diff_val,40.97105950202316,0.9818582534790039,0.9901490211486816,0.0027823480777442455,0.02416462078690529,0.018679838627576828,5,0.009889400000247406,,,0.0,,,,,
real_camera,polyu_full,Canon5D2_5_160_3200_chair_5,0.6215902645318175,-1,wavelet_bayes,40.531416089736574,0.9736103415489197,0.9881622195243835,0.003431745572015643,0.02416462078690529,0.023516735062003136,0,0.004960800000844756,,,0.0,,,,,
real_camera,polyu_full,Canon5D2_5_160_3200_chair_5,0.6215902645318175,-1,nlm,40.597585216628175,0.9754242300987244,0.9888197779655457,0.0031777629628777504,0.02416462078690529,0.0227340254932642,0,0.04783299999871815,,,0.0,,,,,
real_camera,polyu_full,Canon5D2_5_160_3200_chair_5,0.6215902645318175,-1,bm3d,40.564485852449025,0.9740777611732483,0.9881126284599304,0.003441662061959505,0.02416462078690529,0.023398693650960922,0,1.7690564999993512,,,0.0,,,,,
real_camera,polyu_full,Canon5D2_5_160_3200_chair_5,0.6215902645318175,-1,fdncnn_color,40.65900253642831,0.9755049347877502,0.9884445667266846,0.003356917994096875,0.02416462078690529,0.02284669503569603,0,1.9239023000009183,,,0.0,,,,,
real_camera,polyu_full,Canon5D2_5_160_3200_chair_5,0.6215902645318175,-1,ectv_fdncnn,40.433248385805,0.9720250964164734,0.9877180457115173,0.0035332380793988705,0.02416462078690529,0.02416313998401165,0,1.962194300000192,1.4813625062222026e-06,1.4808028936386108e-06,0.9996909959572877,0.32,,0.3333333333333333,0.00102311372756958,0.0
real_camera,polyu_full,Canon5D2_5_160_3200_plug_11,0.30666058618583786,-1,noisy,37.9782017280087,0.9780409932136536,0.9925147294998169,0.003997176885604858,0.03640465438365936,0.03640465438365936,0,0.0,0.0,0.0,0.0,,,,,
real_camera,polyu_full,Canon5D2_5_160_3200_plug_11,0.30666058618583786,-1,ectv,37.97820511480925,0.9780411124229431,0.9925147891044617,0.003997175022959709,0.03640465438365936,0.03640464320778847,1,0.03143860000091081,1.26731379817779e-08,1.1175870895385742e-08,0.9999247730875602,0.04,,,,
real_camera,polyu_full,Canon5D2_5_160_3200_plug_11,0.30666058618583786,-1,ectv_fidelity,37.97822270779197,0.9780414700508118,0.9925149083137512,0.0039971619844436646,0.03640465438365936,0.036404553800821304,1,0.03151119999893126,1.0138510385422013e-07,1.0058283805847168e-07,0.9999247730875602,0.32,0.08,0.3333333333333333,,
real_camera,polyu_full,Canon5D2_5_160_3200_plug_11,0.30666058618583786,-1,tv_maxiter,36.39267333334726,0.9710718989372253,0.9855727553367615,0.00561275752261281,0.03640465438365936,0.027784883975982666,14,0.06585799999993469,inf,0.008619770407676697,0.9999247730875602,,,,,
real_camera,polyu_full,Canon5D2_5_160_3200_plug_11,0.30666058618583786,-1,tv_fixedk_val,36.25696391340191,0.9703481197357178,0.9852503538131714,0.0056425961665809155,0.03640465438365936,0.026848096400499344,40,0.17451059999984864,,0.009556557983160019,0.9999247730875602,,,,,
real_camera,polyu_full,Canon5D2_5_160_3200_plug_11,0.30666058618583786,-1,tv_discrepancy,38.17421329990029,0.9795599579811096,0.99282306432724,0.0038920592050999403,0.03640465438365936,0.03507233038544655,1,0.008078900000327849,,0.0013323239982128143,0.9999247730875602,,,,,
real_camera,polyu_full,Canon5D2_5_160_3200_plug_11,0.30666058618583786,-1,tv_chambolle_val,38.126609582391985,0.9808599948883057,0.9926140308380127,0.0038255001418292522,0.03640465438365936,0.03472964093089104,0,0.005871500001376262,,,0.0,,,,,
real_camera,polyu_full,Canon5D2_5_160_3200_plug_11,0.30666058618583786,-1,gaussian_val,33.064347379200846,0.9673877358436584,0.958522379398346,0.008673074655234814,0.03640465438365936,0.029759060591459274,0,0.0003389000012248289,,,0.0,,,,,
real_camera,polyu_full,Canon5D2_5_160_3200_plug_11,0.30666058618583786,-1,median_val,35.61115910181697,0.9737935662269592,0.9822571277618408,0.005114707630127668,0.03640465438365936,0.029723655432462692,0,0.0008570000009058276,,,0.0,,,,,
real_camera,polyu_full,Canon5D2_5_160_3200_plug_11,0.30666058618583786,-1,bilateral_val,38.04648304601223,0.9795978665351868,0.9925588369369507,0.003923477604985237,0.03640465438365936,0.03600509464740753,0,0.24357140000029176,,,0.0,,,,,
real_camera,polyu_full,Canon5D2_5_160_3200_plug_11,0.30666058618583786,-1,pm_diff_val,38.03720683083117,0.9798951148986816,0.9925699234008789,0.0038850384298712015,0.03640465438365936,0.03541165217757225,5,0.010070399999676738,,,0.0,,,,,
real_camera,polyu_full,Canon5D2_5_160_3200_plug_11,0.30666058618583786,-1,wavelet_bayes,37.98174796840043,0.9780990481376648,0.9925171732902527,0.003993828780949116,0.03640465438365936,0.03637101873755455,0,0.004863300000579329,,,0.0,,,,,
real_camera,polyu_full,Canon5D2_5_160_3200_plug_11,0.30666058618583786,-1,nlm,37.98646333432952,0.9783919453620911,0.992530345916748,0.003966212272644043,0.03640465438365936,0.03625025600194931,0,0.040215200000602636,,,0.0,,,,,
real_camera,polyu_full,Canon5D2_5_160_3200_plug_11,0.30666058618583786,-1,bm3d,38.00213675248659,0.9786372184753418,0.9925293922424316,0.0039793383330106735,0.03640465438365936,0.03615335375070572,0,1.7405849000006128,,,0.0,,,,,
real_camera,polyu_full,Canon5D2_5_160_3200_plug_11,0.30666058618583786,-1,fdncnn_color,38.00464234685244,0.9787734150886536,0.9925398826599121,0.003970123361796141,0.03640465438365936,0.036192771047353745,0,1.938172600001053,,,0.0,,,,,
real_camera,polyu_full,Canon5D2_5_160_3200_plug_11,0.30666058618583786,-1,ectv_fdncnn,37.97821620784593,0.9780434966087341,0.9925147891044617,0.00399716617539525,0.03640465438365936,0.036404553800821304,0,1.9812291000016558,1.0138510385422013e-07,1.0058283805847168e-07,0.9999247730875602,0.32,,0.3333333333333333,0.00030297040939331055,0.0
real_camera,polyu_full,Canon5D2_5_160_3200_plug_12,0.4980408352311741,-1,noisy,36.64798752515614,0.9716770052909851,0.9906569123268127,0.004518851637840271,0.039554569870233536,0.039554569870233536,0,0.0,0.0,0.0,0.0,,,,,
real_camera,polyu_full,Canon5D2_5_160_3200_plug_12,0.4980408352311741,-1,ectv,36.64799737226641,0.971677303314209,0.9906569719314575,0.00451884139329195,0.039554569870233536,0.03955449163913727,1,0.03255329999956302,8.003063623854597e-08,7.82310962677002e-08,0.9998016036326876,0.04,,,,
real_camera,polyu_full,Canon5D2_5_160_3200_plug_12,0.4980408352311741,-1,ectv_fidelity,36.64806684027953,0.9716793894767761,0.9906572699546814,0.004518762696534395,0.039554569870233536,0.0395539328455925,1,0.02998680000018794,6.402450899075927e-07,6.370246410369873e-07,0.9998016036326876,0.32,0.08,0.3333333333333333,,
real_camera,polyu_full,Canon5D2_5_160_3200_plug_12,0.4980408352311741,-1,tv_maxiter,34.3340791388431,0.9357758164405823,0.9676721692085266,0.007988635450601578,0.039554569870233536,0.024088958278298378,16,0.06937370000014198,inf,0.015465611591935158,0.9998016036326876,,,,,
real_camera,polyu_full,Canon5D2_5_160_3200_plug_12,0.4980408352311741,-1,tv_fixedk_val,34.3152314767729,0.9376926422119141,0.9669949412345886,0.00801565870642662,0.039554569870233536,0.02329600602388382,40,0.17054640000060317,,0.016258563846349716,0.9998016036326876,,,,,
real_camera,polyu_full,Canon5D2_5_160_3200_plug_12,0.4980408352311741,-1,tv_discrepancy,36.85795515990846,0.9741809368133545,0.9911580681800842,0.004324326757341623,0.039554569870233536,0.03725878894329071,1,0.007883099999162368,,0.0022957809269428253,0.9998016036326876,,,,,
real_camera,polyu_full,Canon5D2_5_160_3200_plug_12,0.4980408352311741,-1,tv_chambolle_val,36.86264538439787,0.9766704440116882,0.9909842610359192,0.004198758862912655,0.039554569870233536,0.036147549748420715,0,0.007885400000304799,,,0.0,,,,,
real_camera,polyu_full,Canon5D2_5_160_3200_plug_12,0.4980408352311741,-1,gaussian_val,33.34062218113627,0.9546491503715515,0.9551839828491211,0.008815397508442402,0.039554569870233536,0.027551081031560898,0,0.0004105000007257331,,,0.0,,,,,
real_camera,polyu_full,Canon5D2_5_160_3200_plug_12,0.4980408352311741,-1,median_val,33.30940057911536,0.9354979395866394,0.9591554999351501,0.007465540897101164,0.039554569870233536,0.026714283972978592,0,0.0008735999999771593,,,0.0,,,,,
real_camera,polyu_full,Canon5D2_5_160_3200_plug_12,0.4980408352311741,-1,bilateral_val,36.775338728548185,0.9752483367919922,0.990774929523468,0.004369528032839298,0.039554569870233536,0.038490235805511475,0,0.24070749999918917,,,0.0,,,,,
real_camera,polyu_full,Canon5D2_5_160_3200_plug_12,0.4980408352311741,-1,pm_diff_val,36.74599244955025,0.9754393696784973,0.9907956123352051,0.004307541996240616,0.039554569870233536,0.037339113652706146,5,0.0114343999994162,,,0.0,,,,,
real_camera,polyu_full,Canon5D2_5_160_3200_plug_12,0.4980408352311741,-1,wavelet_bayes,36.65932966420251,0.9719281196594238,0.9906789660453796,0.004502964671701193,0.039554569870233536,0.03941226378083229,0,0.004588100000546547,,,0.0,,,,,
real_camera,polyu_full,Canon5D2_5_160_3200_plug_12,0.4980408352311741,-1,nlm,36.67639353590785,0.9730446934700012,0.9907387495040894,0.004412146285176277,0.039554569870233536,0.0389837771654129,0,0.04397450000033132,,,0.0,,,,,
real_camera,polyu_full,Canon5D2_5_160_3200_plug_12,0.4980408352311741,-1,bm3d,36.68873370939907,0.9729517102241516,0.9907158613204956,0.004468756727874279,0.039554569870233536,0.039042551070451736,0,1.719398100000035,,,0.0,,,,,
real_camera,polyu_full,Canon5D2_5_160_3200_plug_12,0.4980408352311741,-1,fdncnn_color,36.72482175452736,0.973336398601532,0.9907426834106445,0.004453058820217848,0.039554569870233536,0.03891356289386749,0,1.9461511000008613,,,0.0,,,,,
real_camera,polyu_full,Canon5D2_5_160_3200_plug_12,0.4980408352311741,-1,ectv_fdncnn,36.648066355748156,0.9716815948486328,0.9906570911407471,0.004518785048276186,0.039554569870233536,0.0395539328455925,0,1.9876199000009365,6.402450899075927e-07,6.370246410369873e-07,0.9998016036326876,0.32,,0.3333333333333333,0.000814974308013916,0.0
real_camera,polyu_full,Canon5D2_5_160_6400_bicycle_10,1.3529927079793445,-1,noisy,34.351560360634,0.9414634108543396,0.9893587827682495,0.0056569576263427734,0.051674239337444305,0.051674239337444305,0,0.0,0.0,0.0,0.0,,,,,
real_camera,polyu_full,Canon5D2_5_160_6400_bicycle_10,1.3529927079793445,-1,ectv,34.3519171744228,0.9414734840393066,0.989360511302948,0.0056563750840723515,0.051674239337444305,0.05167079344391823,1,0.032311099999787984,3.4488860550438857e-06,3.4458935260772705e-06,0.998537671169901,0.04,,,,
real_camera,polyu_full,Canon5D2_5_160_6400_bicycle_10,1.3529927079793445,-1,ectv_fidelity,34.35441029078815,0.9415414929389954,0.9893719553947449,0.005652304273098707,0.051674239337444305,0.051646649837493896,1,0.03202740000051563,2.7591088378323005e-05,2.7589499950408936e-05,0.998537671169901,0.32,0.08,0.3333333333333333,,
real_camera,polyu_full,Canon5D2_5_160_6400_bicycle_10,1.3529927079793445,-1,tv_maxiter,33.88327681447477,0.9460036158561707,0.9791038632392883,0.0075392951257526875,0.051674239337444305,0.0342523530125618,17,0.08038950000081968,inf,0.017421886324882507,0.998537671169901,,,,,
real_camera,polyu_full,Canon5D2_5_160_6400_bicycle_10,1.3529927079793445,-1,tv_fixedk_val,33.793406721600114,0.9442469477653503,0.9784587025642395,0.007797372527420521,0.051674239337444305,0.03339152783155441,40,0.17089579999992566,,0.018282711505889893,0.998537671169901,,,,,
real_camera,polyu_full,Canon5D2_5_160_6400_bicycle_10,1.3529927079793445,-1,tv_discrepancy,35.03085281970342,0.9634554386138916,0.9914867281913757,0.0046510109677910805,0.051674239337444305,0.04241917282342911,3,0.017539900001793285,,0.009255066514015198,0.998537671169901,,,,,
real_camera,polyu_full,Canon5D2_5_160_6400_bicycle_10,1.3529927079793445,-1,tv_chambolle_val,34.918034598953696,0.9620639681816101,0.9912035465240479,0.004739065654575825,0.051674239337444305,0.04359908029437065,0,0.007890400000178488,,,0.0,,,,,
real_camera,polyu_full,Canon5D2_5_160_6400_bicycle_10,1.3529927079793445,-1,gaussian_val,34.33852918197498,0.9631213545799255,0.9834945797920227,0.006094933953136206,0.051674239337444305,0.03924250602722168,0,0.0003828000008070376,,,0.0,,,,,
real_camera,polyu_full,Canon5D2_5_160_6400_bicycle_10,1.3529927079793445,-1,median_val,34.36432440594158,0.9580968022346497,0.9834750890731812,0.005994421895593405,0.051674239337444305,0.038862358778715134,0,0.0008727000004000729,,,0.0,,,,,
real_camera,polyu_full,Canon5D2_5_160_6400_bicycle_10,1.3529927079793445,-1,bilateral_val,34.73280604180311,0.9558224678039551,0.9892606139183044,0.00551584642380476,0.051674239337444305,0.04856352508068085,0,0.26221409999925527,,,0.0,,,,,
real_camera,polyu_full,Canon5D2_5_160_6400_bicycle_10,1.3529927079793445,-1,pm_diff_val,34.76058130296116,0.9624720215797424,0.990018367767334,0.0050478107295930386,0.051674239337444305,0.04303494468331337,5,0.009879799999907846,,,0.0,,,,,
real_camera,polyu_full,Canon5D2_5_160_6400_bicycle_10,1.3529927079793445,-1,wavelet_bayes,34.48239299970348,0.946186363697052,0.9898931980133057,0.005434301216155291,0.051674239337444305,0.04985992982983589,0,0.004735999998956686,,,0.0,,,,,
real_camera,polyu_full,Canon5D2_5_160_6400_bicycle_10,1.3529927079793445,-1,nlm,34.42342480936241,0.9451911449432373,0.989655077457428,0.005488624796271324,0.051674239337444305,0.05043403431773186,0,0.03616609999880893,,,0.0,,,,,
real_camera,polyu_full,Canon5D2_5_160_6400_bicycle_10,1.3529927079793445,-1,bm3d,34.515420878219665,0.947035014629364,0.9897475242614746,0.005482116248458624,0.051674239337444305,0.04992170259356499,0,1.7077021000004606,,,0.0,,,,,
real_camera,polyu_full,Canon5D2_5_160_6400_bicycle_10,1.3529927079793445,-1,fdncnn_color,34.70612701578849,0.953618049621582,0.9899774789810181,0.005361213348805904,0.051674239337444305,0.048254065215587616,0,1.934642599999279,,,0.0,,,,,
real_camera,polyu_full,Canon5D2_5_160_6400_bicycle_10,1.3529927079793445,-1,ectv_fdncnn,34.35447055483885,0.941565215587616,0.9893649816513062,0.0056542810052633286,0.051674239337444305,0.051646649837493896,0,1.9754143999980442,2.7591088378323005e-05,2.7589499950408936e-05,0.998537671169901,0.32,,0.3333333333333333,0.006855666637420654,0.0
real_camera,polyu_full,Canon5D2_5_160_6400_bicycle_6,1.621517679095469,-1,noisy,35.56189008361869,0.9334268569946289,0.9857949614524841,0.007073135115206242,0.05546986311674118,0.05546986311674118,0,0.0,0.0,0.0,0.0,,,,,
real_camera,polyu_full,Canon5D2_5_160_6400_bicycle_6,1.621517679095469,-1,ectv,35.56291547480251,0.9334454536437988,0.9857980012893677,0.007071792148053646,0.05546986311674118,0.05546308681368828,1,0.03041259999918111,6.7775147419844665e-06,6.776303052902222e-06,0.9979009626608382,0.04,,,,
real_camera,polyu_full,Canon5D2_5_160_6400_bicycle_6,1.621517679095469,-1,ectv_fidelity,35.57008548607356,0.9335746169090271,0.9858191609382629,0.007062401156872511,0.05546986311674118,0.055415645241737366,1,0.03037140000014915,5.4220117465155135e-05,5.42178750038147e-05,0.9979009626608382,0.32,0.08,0.3333333333333333,,
real_camera,polyu_full,Canon5D2_5_160_6400_bicycle_6,1.621517679095469,-1,tv_maxiter,34.90373031811763,0.9332839846611023,0.9725587964057922,0.008991270326077938,0.05546986311674118,0.03140448406338692,19,0.08369700000002922,inf,0.024065379053354263,0.9979009626608382,,,,,
real_camera,polyu_full,Canon5D2_5_160_6400_bicycle_6,1.621517679095469,-1,tv_fixedk_val,34.903230680281865,0.9353591799736023,0.9725012183189392,0.009124012663960457,0.05546986311674118,0.030595794320106506,40,0.17274560000078054,,0.024874068796634674,0.9979009626608382,,,,,
real_camera,polyu_full,Canon5D2_5_160_6400_bicycle_6,1.621517679095469,-1,tv_discrepancy,36.766537929235845,0.960473358631134,0.9878419637680054,0.005722465459257364,0.05546986311674118,0.042415324598550797,3,0.016166000001248904,,0.013054538518190384,0.9979009626608382,,,,,
real_camera,polyu_full,Canon5D2_5_160_6400_bicycle_6,1.621517679095469,-1,tv_chambolle_val,36.66583801704966,0.9642601013183594,0.9875563979148865,0.005592538043856621,0.05546986311674118,0.04267386347055435,0,0.012059700000463636,,,0.0,,,,,
real_camera,polyu_full,Canon5D2_5_160_6400_bicycle_6,1.621517679095469,-1,gaussian_val,34.108717232890214,0.9522477984428406,0.9642687439918518,0.00902289804071188,0.05546986311674118,0.03693195432424545,0,0.0004704000002675457,,,0.0,,,,,
real_camera,polyu_full,Canon5D2_5_160_6400_bicycle_6,1.621517679095469,-1,median_val,33.42711148240185,0.9357817769050598,0.9602637887001038,0.00849877204746008,0.05546986311674118,0.03498433902859688,0,0.0009853999999904772,,,0.0,,,,,
real_camera,polyu_full,Canon5D2_5_160_6400_bicycle_6,1.621517679095469,-1,bilateral_val,36.299899147372855,0.9567651748657227,0.9864204525947571,0.006469226907938719,0.05546986311674118,0.05040973797440529,0,0.24664809999922,,,0.0,,,,,
real_camera,polyu_full,Canon5D2_5_160_6400_bicycle_6,1.621517679095469,-1,pm_diff_val,36.24459113667192,0.9631043076515198,0.9860987067222595,0.0060196868143975735,0.05546986311674118,0.042601536959409714,5,0.01021249999939755,,,0.0,,,,,
real_camera,polyu_full,Canon5D2_5_160_6400_bicycle_6,1.621517679095469,-1,wavelet_bayes,35.77295907058273,0.9398593902587891,0.9863294959068298,0.006744268350303173,0.05546986311674118,0.05315559729933739,0,0.00533980000000156,,,0.0,,,,,
real_camera,polyu_full,Canon5D2_5_160_6400_bicycle_6,1.621517679095469,-1,nlm,35.922782336733036,0.9486538767814636,0.9866384267807007,0.006422925740480423,0.05546986311674118,0.0512724369764328,0,0.04258780000054685,,,0.0,,,,,
real_camera,polyu_full,Canon5D2_5_160_6400_bicycle_6,1.621517679095469,-1,bm3d,35.891172578921186,0.9434566497802734,0.9862878918647766,0.006788105238229036,0.05546986311674118,0.05261145904660225,0,1.7149030000000494,,,0.0,,,,,
real_camera,polyu_full,Canon5D2_5_160_6400_bicycle_6,1.621517679095469,-1,fdncnn_color,36.22576008685829,0.9524180293083191,0.986551821231842,0.00657772459089756,0.05546986311674118,0.050439901649951935,0,1.937533700000131,,,0.0,,,,,
real_camera,polyu_full,Canon5D2_5_160_6400_bicycle_6,1.621517679095469,-1,ectv_fdncnn,35.56923846227589,0.9336466789245605,0.9858047366142273,0.00706724775955081,0.05546986311674118,0.055415645241737366,0,1.9774894999991375,5.4220117465155135e-05,5.42178750038147e-05,0.9979009626608382,0.32,,0.3333333333333333,0.009405553340911865,0.0
real_camera,polyu_full,Canon5D2_5_160_6400_bicycle_8,1.5476232208020306,-1,noisy,33.71173082771315,0.9214456081390381,0.9887181520462036,0.006710411515086889,0.05311087891459465,0.05311087891459465,0,0.0,0.0,0.0,0.0,,,,,
real_camera,polyu_full,Canon5D2_5_160_6400_bicycle_8,1.5476232208020306,-1,ectv,33.71223643181586,0.9214655756950378,0.9887204766273499,0.006709308363497257,0.05311087891459465,0.0531051829457283,1,0.029211600000053295,5.6960662308216856e-06,5.695968866348267e-06,0.9980875566856082,0.04,,,,
real_camera,polyu_full,Canon5D2_5_160_6400_bicycle_8,1.5476232208020306,-1,ectv_fidelity,33.71577203533293,0.9216036796569824,0.9887362122535706,0.006701597943902016,0.05311087891459465,0.053065311163663864,1,0.03147949999947741,4.5568529567141015e-05,4.556775093078613e-05,0.9980875566856082,0.32,0.08,0.3333333333333333,,
real_camera,polyu_full,Canon5D2_5_160_6400_bicycle_8,1.5476232208020306,-1,tv_maxiter,33.849702908733185,0.9591735005378723,0.9849376678466797,0.006417055614292622,0.05311087891459465,0.03358963504433632,17,0.07596659999944677,inf,0.01952124387025833,0.9980875566856082,,,,,
real_camera,polyu_full,Canon5D2_5_160_6400_bicycle_8,1.5476232208020306,-1,tv_fixedk_val,33.81587876359605,0.9589477181434631,0.9845525622367859,0.006638961844146252,0.05311087891459465,0.03263319656252861,40,0.1742603999991843,,0.02047768235206604,0.9980875566856082,,,,,
real_camera,polyu_full,Canon5D2_5_160_6400_bicycle_8,1.5476232208020306,-1,tv_discrepancy,34.42925636255164,0.9549100399017334,0.9914485812187195,0.004914420191198587,0.05311087891459465,0.04236602038145065,3,0.016343100000085542,,0.010744858533143997,0.9980875566856082,,,,,
real_camera,polyu_full,Canon5D2_5_160_6400_bicycle_8,1.5476232208020306,-1,tv_chambolle_val,34.41132525103636,0.959337055683136,0.991640567779541,0.004789744503796101,0.05311087891459465,0.042087122797966,0,0.01366779999989376,,,0.0,,,,,
real_camera,polyu_full,Canon5D2_5_160_6400_bicycle_8,1.5476232208020306,-1,gaussian_val,33.37776959075283,0.959429919719696,0.9815479516983032,0.006391423288732767,0.05311087891459465,0.03823043778538704,0,0.00039850000030128285,,,0.0,,,,,
real_camera,polyu_full,Canon5D2_5_160_6400_bicycle_8,1.5476232208020306,-1,median_val,32.96477171924488,0.9615256190299988,0.9801967144012451,0.005761072970926762,0.05311087891459465,0.03772944211959839,0,0.0010023999984696275,,,0.0,,,,,
real_camera,polyu_full,Canon5D2_5_160_6400_bicycle_8,1.5476232208020306,-1,bilateral_val,34.24007734057677,0.9537555575370789,0.9901019334793091,0.0056774308905005455,0.05311087891459465,0.04747781530022621,0,0.25636650000160444,,,0.0,,,,,
real_camera,polyu_full,Canon5D2_5_160_6400_bicycle_8,1.5476232208020306,-1,pm_diff_val,34.29618849402583,0.9605722427368164,0.9910174608230591,0.004947291221469641,0.05311087891459465,0.04155873507261276,5,0.008459899998342735,,,0.0,,,,,
real_camera,polyu_full,Canon5D2_5_160_6400_bicycle_8,1.5476232208020306,-1,wavelet_bayes,33.85789030480534,0.9295604825019836,0.9894349575042725,0.006346017122268677,0.05311087891459465,0.05068657174706459,0,0.004391800001030788,,,0.0,,,,,
real_camera,polyu_full,Canon5D2_5_160_6400_bicycle_8,1.5476232208020306,-1,nlm,33.92959317333879,0.9366905689239502,0.9898861646652222,0.006017250008881092,0.05311087891459465,0.04960397630929947,0,0.040336399999432615,,,0.0,,,,,
real_camera,polyu_full,Canon5D2_5_160_6400_bicycle_8,1.5476232208020306,-1,bm3d,33.91498083606309,0.931590735912323,0.9893333315849304,0.006405690684914589,0.05311087891459465,0.05048602819442749,0,1.727038500001072,,,0.0,,,,,
real_camera,polyu_full,Canon5D2_5_160_6400_bicycle_8,1.5476232208020306,-1,fdncnn_color,34.07573661457892,0.9408783912658691,0.9895829558372498,0.006185510195791721,0.05311087891459465,0.04865022003650665,0,1.9400046000009752,,,0.0,,,,,
real_camera,polyu_full,Canon5D2_5_160_6400_bicycle_8,1.5476232208020306,-1,ectv_fdncnn,33.71572793971617,0.9216518998146057,0.9887285828590393,0.006704756990075111,0.05311087891459465,0.053065311163663864,0,1.9799116000012873,4.5568529567141015e-05,4.556775093078613e-05,0.9980875566856082,0.32,,0.3333333333333333,0.008826911449432373,0.0
real_camera,polyu_full,Canon5D2_5_160_6400_circuit_11,1.409741845680151,-1,noisy,33.45478319188677,0.9513673782348633,0.9929209351539612,0.007181636989116669,0.08751045912504196,0.08751045912504196,0,0.0,0.0,0.0,0.0,,,,,
real_camera,polyu_full,Canon5D2_5_160_6400_circuit_11,1.409741845680151,-1,ectv,33.45511056138044,0.9513723254203796,0.9929217100143433,0.007181060500442982,0.08751045912504196,0.08750644326210022,1,0.03227359999982582,4.021112438219914e-06,4.015862941741943e-06,0.9984126274402509,0.04,,,,
real_camera,polyu_full,Canon5D2_5_160_6400_circuit_11,1.409741845680151,-1,ectv_fidelity,33.45739730732826,0.9514055848121643,0.9929274916648865,0.007177041843533516,0.08751045912504196,0.08747829496860504,1,0.03223249999973632,3.216889940745096e-05,3.2164156436920166e-05,0.9984126274402509,0.32,0.08,0.3333333333333333,,
real_camera,polyu_full,Canon5D2_5_160_6400_circuit_11,1.409741845680151,-1,tv_maxiter,31.153678738288445,0.9173009991645813,0.9731225371360779,0.013851935043931007,0.08751045912504196,0.057152509689331055,18,0.08121960000062245,inf,0.030357949435710907,0.9984126274402509,,,,,
real_camera,polyu_full,Canon5D2_5_160_6400_circuit_11,1.409741845680151,-1,tv_fixedk_val,31.15375656823958,0.9192344546318054,0.9727509021759033,0.013921977952122688,0.08751045912504196,0.056448597460985184,40,0.17696859999887238,,0.031061861664056778,0.9984126274402509,,,,,
real_camera,polyu_full,Canon5D2_5_160_6400_circuit_11,1.409741845680151,-1,tv_discrepancy,33.77951305726917,0.9596693515777588,0.9930613040924072,0.007166757248342037,0.08751045912504196,0.07712090015411377,2,0.012017799999739509,,0.010389558970928192,0.9984126274402509,,,,,
real_camera,polyu_full,Canon5D2_5_160_6400_circuit_11,1.409741845680151,-1,tv_chambolle_val,33.825909354606864,0.9621515870094299,0.9933529496192932,0.006689264439046383,0.08751045912504196,0.07828309386968613,0,0.00984489999973448,,,0.0,,,,,
real_camera,polyu_full,Canon5D2_5_160_6400_circuit_11,1.409741845680151,-1,gaussian_val,29.971970446622613,0.9296362400054932,0.9603524804115295,0.01616290956735611,0.08751045912504196,0.0618390217423439,0,0.0004893000004813075,,,0.0,,,,,
real_camera,polyu_full,Canon5D2_5_160_6400_circuit_11,1.409741845680151,-1,median_val,29.12608212349969,0.9004095196723938,0.9571160674095154,0.014517269097268581,0.08751045912504196,0.06046466901898384,0,0.0009764999995240942,,,0.0,,,,,
real_camera,polyu_full,Canon5D2_5_160_6400_circuit_11,1.409741845680151,-1,bilateral_val,33.65983595700437,0.9593391418457031,0.992815375328064,0.007116144988685846,0.08751045912504196,0.08455651253461838,0,0.2762469000008423,,,0.0,,,,,
real_camera,polyu_full,Canon5D2_5_160_6400_circuit_11,1.409741845680151,-1,pm_diff_val,33.60844499250439,0.9606620669364929,0.9927582740783691,0.006996062584221363,0.08751045912504196,0.08062025159597397,5,0.010803400000440888,,,0.0,,,,,
real_camera,polyu_full,Canon5D2_5_160_6400_circuit_11,1.409741845680151,-1,wavelet_bayes,33.51440002147448,0.9531466960906982,0.993044912815094,0.007070011459290981,0.08751045912504196,0.08655501157045364,0,0.0045393999989755685,,,0.0,,,,,
real_camera,polyu_full,Canon5D2_5_160_6400_circuit_11,1.409741845680151,-1,nlm,33.519780011601476,0.9547588229179382,0.9930394291877747,0.00701678404584527,0.08751045912504196,0.08622332662343979,0,0.04018200000064098,,,0.0,,,,,
real_camera,polyu_full,Canon5D2_5_160_6400_circuit_11,1.409741845680151,-1,bm3d,33.58329220217528,0.9553077816963196,0.9930687546730042,0.007029233034700155,0.08751045912504196,0.08592650294303894,0,1.7138362000005145,,,0.0,,,,,
real_camera,polyu_full,Canon5D2_5_160_6400_circuit_11,1.409741845680151,-1,fdncnn_color,33.72893060649689,0.9596233367919922,0.9932358860969543,0.006895720027387142,0.08751045912504196,0.08447687327861786,0,1.959017799999856,,,0.0,,,,,
real_camera,polyu_full,Canon5D2_5_160_6400_circuit_11,1.409741845680151,-1,ectv_fdncnn,33.45786251445317,0.95146244764328,0.9929251074790955,0.007178115658462048,0.08751045912504196,0.08747829496860504,0,1.995690800000375,3.216889940745096e-05,3.2164156436920166e-05,0.9984126274402509,0.32,,0.3333333333333333,0.008894801139831543,0.0
real_camera,polyu_full,Canon5D2_5_160_6400_circuit_3,1.0606715277151315,-1,noisy,34.236927880311505,0.9487506747245789,0.9905423521995544,0.006530412472784519,0.06553523987531662,0.06553523987531662,0,0.0,0.0,0.0,0.0,,,,,
real_camera,polyu_full,Canon5D2_5_160_6400_circuit_3,1.0606715277151315,-1,ectv,34.23707304847497,0.9487531185150146,0.9905428886413574,0.006530179642140865,0.06553523987531662,0.06553385406732559,1,0.029768700000204262,1.3860476410435412e-06,1.385807991027832e-06,0.9991007902771125,0.04,,,,
real_camera,polyu_full,Canon5D2_5_160_6400_circuit_3,1.0606715277151315,-1,ectv_fidelity,34.23808400325052,0.9487703442573547,0.9905452728271484,0.0065285577438771725,0.06553523987531662,0.0655241534113884,1,0.029642800000146963,1.1088381124322214e-05,1.1086463928222656e-05,0.9991007902771125,0.32,0.08,0.3333333333333333,,
real_camera,polyu_full,Canon5D2_5_160_6400_circuit_3,1.0606715277151315,-1,tv_maxiter,32.88107754928393,0.9364807605743408,0.9757029414176941,0.010456802323460579,0.06553523987531662,0.04329643398523331,17,0.0795152999999118,inf,0.022238805890083313,0.9991007902771125,,,,,
real_camera,polyu_full,Canon5D2_5_160_6400_circuit_3,1.0606715277151315,-1,tv_fixedk_val,32.8472529699122,0.9364261031150818,0.9748947620391846,0.010628149844706059,0.06553523987531662,0.042491912841796875,40,0.1729813000001741,,0.023043327033519745,0.9991007902771125,,,,,
real_camera,polyu_full,Canon5D2_5_160_6400_circuit_3,1.0606715277151315,-1,tv_discrepancy,34.71409397774165,0.9595969319343567,0.9910760521888733,0.006049686577171087,0.06553523987531662,0.05791616067290306,2,0.013301099999807775,,0.007619079202413559,0.9991007902771125,,,,,
real_camera,polyu_full,Canon5D2_5_160_6400_circuit_3,1.0606715277151315,-1,tv_chambolle_val,34.66532565802541,0.961700975894928,0.99110347032547,0.0059240153059363365,0.06553523987531662,0.05834570899605751,0,0.008614700000180164,,,0.0,,,,,
real_camera,polyu_full,Canon5D2_5_160_6400_circuit_3,1.0606715277151315,-1,gaussian_val,31.829718461098725,0.9483888149261475,0.9647868275642395,0.011593814939260483,0.06553523987531662,0.0474703349173069,0,0.00039319999996223487,,,0.0,,,,,
real_camera,polyu_full,Canon5D2_5_160_6400_circuit_3,1.0606715277151315,-1,median_val,31.205230632634585,0.9335942268371582,0.9624463319778442,0.010703272186219692,0.06553523987531662,0.04610561206936836,0,0.0009808999984670663,,,0.0,,,,,
real_camera,polyu_full,Canon5D2_5_160_6400_circuit_3,1.0606715277151315,-1,bilateral_val,34.55361030832235,0.9588873386383057,0.9906679391860962,0.006383934989571571,0.06553523987531662,0.06304129958152771,0,0.26075440000022354,,,0.0,,,,,
real_camera,polyu_full,Canon5D2_5_160_6400_circuit_3,1.0606715277151315,-1,pm_diff_val,34.507472212240835,0.9609602093696594,0.990792453289032,0.0061354078352451324,0.06553523987531662,0.05948996543884277,5,0.010032700000010664,,,0.0,,,,,
real_camera,polyu_full,Canon5D2_5_160_6400_circuit_3,1.0606715277151315,-1,wavelet_bayes,34.2927546098158,0.950446605682373,0.9906661510467529,0.006440172903239727,0.06553523987531662,0.06479274481534958,0,0.004598699999405653,,,0.0,,,,,
real_camera,polyu_full,Canon5D2_5_160_6400_circuit_3,1.0606715277151315,-1,nlm,34.26697301109013,0.9507336616516113,0.9905799031257629,0.006484104786068201,0.06553523987531662,0.06460057199001312,0,0.03774319999865838,,,0.0,,,,,
real_camera,polyu_full,Canon5D2_5_160_6400_circuit_3,1.0606715277151315,-1,bm3d,34.335170023837236,0.9520439505577087,0.9906715750694275,0.006424537859857082,0.06553523987531662,0.06428690254688263,0,1.7256164000009449,,,0.0,,,,,
real_camera,polyu_full,Canon5D2_5_160_6400_circuit_3,1.0606715277151315,-1,fdncnn_color,34.48283233928932,0.9555251002311707,0.9908386468887329,0.0063321553170681,0.06553523987531662,0.06323873996734619,0,1.929095799998322,,,0.0,,,,,
real_camera,polyu_full,Canon5D2_5_160_6400_circuit_3,1.0606715277151315,-1,ectv_fdncnn,34.23813630198806,0.9487848877906799,0.9905440211296082,0.006529324688017368,0.06553523987531662,0.0655241534113884,0,1.9694583999989845,1.1088381124322214e-05,1.1086463928222656e-05,0.9991007902771125,0.32,,0.3333333333333333,0.004095017910003662,0.0
real_camera,polyu_full,Canon5D2_5_160_6400_circuit_8,1.027566697727948,-1,noisy,34.52478021777015,0.9433439373970032,0.9910885691642761,0.0059395949356257915,0.058377597481012344,0.058377597481012344,0,0.0,0.0,0.0,0.0,,,,,
real_camera,polyu_full,Canon5D2_5_160_6400_circuit_8,1.027566697727948,-1,ectv,34.524923488592606,0.9433469772338867,0.9910889267921448,0.0059393648989498615,0.058377597481012344,0.05837637186050415,1,0.030910499999663443,1.2305306396770266e-06,1.2256205081939697e-06,0.999155998486567,0.04,,,,
real_camera,polyu_full,Canon5D2_5_160_6400_circuit_8,1.027566697727948,-1,ectv_fidelity,34.5259230355179,0.9433656334877014,0.9910915493965149,0.005937760695815086,0.058377597481012344,0.05836775526404381,1,0.0310010000011971,9.84424511459894e-06,9.842216968536377e-06,0.999155998486567,0.32,0.08,0.3333333333333333,,
real_camera,polyu_full,Canon5D2_5_160_6400_circuit_8,1.027566697727948,-1,tv_maxiter,33.64654811573038,0.9410941004753113,0.9774537682533264,0.00878443568944931,0.058377597481012344,0.037730634212493896,17,0.07563280000067607,inf,0.020646963268518448,0.999155998486567,,,,,
real_camera,polyu_full,Canon5D2_5_160_6400_circuit_8,1.027566697727948,-1,tv_fixedk_val,33.6142336632429,0.9422882199287415,0.9768481850624084,0.008943636901676655,0.058377597481012344,0.036859169602394104,40,0.17247490000045218,,0.02151842787861824,0.999155998486567,,,,,
real_camera,polyu_full,Canon5D2_5_160_6400_circuit_8,1.027566697727948,-1,tv_discrepancy,35.09521173291399,0.9567773938179016,0.9916977882385254,0.005263030529022217,0.058377597481012344,0.05120744928717613,2,0.012893900000563008,,0.007170148193836212,0.999155998486567,,,,,
real_camera,polyu_full,Canon5D2_5_160_6400_circuit_8,1.027566697727948,-1,tv_chambolle_val,35.021232188990744,0.9592897891998291,0.9918959736824036,0.005166355054825544,0.058377597481012344,0.051133763045072556,0,0.009315400000559748,,,0.0,,,,,
real_camera,polyu_full,Canon5D2_5_160_6400_circuit_8,1.027566697727948,-1,gaussian_val,32.625370921287214,0.9523405432701111,0.9655524492263794,0.009547163732349873,0.058377597481012344,0.04193517565727234,0,0.00037089999932504725,,,0.0,,,,,
real_camera,polyu_full,Canon5D2_5_160_6400_circuit_8,1.027566697727948,-1,median_val,32.09420603502234,0.9425745010375977,0.968047559261322,0.008642664179205894,0.058377597481012344,0.0410056933760643,0,0.0008914999998523854,,,0.0,,,,,
real_camera,polyu_full,Canon5D2_5_160_6400_circuit_8,1.027566697727948,-1,bilateral_val,34.89293960070909,0.9555044770240784,0.9912923574447632,0.005739007145166397,0.058377597481012344,0.05558117851614952,0,0.25555720000011206,,,0.0,,,,,
real_camera,polyu_full,Canon5D2_5_160_6400_circuit_8,1.027566697727948,-1,pm_diff_val,34.85863951024115,0.9584407806396484,0.991571843624115,0.005386396311223507,0.058377597481012344,0.051897794008255005,5,0.010974099999657483,,,0.0,,,,,
real_camera,polyu_full,Canon5D2_5_160_6400_circuit_8,1.027566697727948,-1,wavelet_bayes,34.588145789492906,0.9454445838928223,0.9912475943565369,0.005831363145262003,0.058377597481012344,0.057553958147764206,0,0.004754800000227988,,,0.0,,,,,
real_camera,polyu_full,Canon5D2_5_160_6400_circuit_8,1.027566697727948,-1,nlm,34.554103225220786,0.94524747133255,0.9911260008811951,0.005886942148208618,0.058377597481012344,0.05741910636425018,0,0.03916630000094301,,,0.0,,,,,
real_camera,polyu_full,Canon5D2_5_160_6400_circuit_8,1.027566697727948,-1,bm3d,34.62248197470546,0.9468576908111572,0.9912416934967041,0.005822679493576288,0.058377597481012344,0.05707993358373642,0,1.7032277999987855,,,0.0,,,,,
real_camera,polyu_full,Canon5D2_5_160_6400_circuit_8,1.027566697727948,-1,fdncnn_color,34.769310870576994,0.9505090117454529,0.9914173483848572,0.005727230571210384,0.058377597481012344,0.056042104959487915,0,1.9638126000008924,,,0.0,,,,,
real_camera,polyu_full,Canon5D2_5_160_6400_circuit_8,1.027566697727948,-1,ectv_fdncnn,34.52582683389941,0.9433755874633789,0.9910902976989746,0.0059386068023741245,0.058377597481012344,0.05836775526404381,0,2.0003245000007155,9.84424511459894e-06,9.842216968536377e-06,0.999155998486567,0.32,,0.3333333333333333,0.0035782456398010254,0.0
real_camera,polyu_full,Canon5D2_5_160_6400_desk_10,0.9552962086625045,-1,noisy,34.8461143686836,0.9415810108184814,0.9918408393859863,0.00401309784501791,0.03744162619113922,0.03744162619113922,0,0.0,0.0,0.0,0.0,,,,,
real_camera,polyu_full,Canon5D2_5_160_6400_desk_10,0.9552962086625045,-1,ectv,34.846194689408094,0.9415836334228516,0.9918413162231445,0.0040129623375833035,0.03744162619113922,0.03744069114327431,1,0.03050500000063039,9.356734009162877e-07,9.350478649139404e-07,0.9992704600697584,0.04,,,,
real_camera,polyu_full,Canon5D2_5_160_6400_desk_10,0.9552962086625045,-1,ectv_fidelity,34.84675430710337,0.9416041970252991,0.991844892501831,0.004012017976492643,0.03744162619113922,0.03743414953351021,1,0.030515000000377768,7.485387206091721e-06,7.4766576290130615e-06,0.9992704600697584,0.32,0.08,0.3333333333333333,,
real_camera,polyu_full,Canon5D2_5_160_6400_desk_10,0.9552962086625045,-1,tv_maxiter,34.837833863744414,0.9701026082038879,0.9851071238517761,0.004578193183988333,0.03744162619113922,0.023171935230493546,17,0.07635269999991579,inf,0.014269690960645676,0.9992704600697584,,,,,
real_camera,polyu_full,Canon5D2_5_160_6400_desk_10,0.9552962086625045,-1,tv_fixedk_val,34.79727666093122,0.969453752040863,0.9845542311668396,0.00464536901563406,0.03744162619113922,0.022209445014595985,40,0.17027600000074017,,0.015232181176543236,0.9992704600697584,,,,,
real_camera,polyu_full,Canon5D2_5_160_6400_desk_10,0.9552962086625045,-1,tv_discrepancy,35.355543530624765,0.9636768698692322,0.9946673512458801,0.0031970033887773752,0.03744162619113922,0.02983306348323822,3,0.016008900000088033,,0.007608562707901001,0.9992704600697584,,,,,
real_camera,polyu_full,Canon5D2_5_160_6400_desk_10,0.9552962086625045,-1,tv_chambolle_val,35.324141956816334,0.963874876499176,0.99477618932724,0.0030144043266773224,0.03744162619113922,0.030329326167702675,0,0.011522500000864966,,,0.0,,,,,
real_camera,polyu_full,Canon5D2_5_160_6400_desk_10,0.9552962086625045,-1,gaussian_val,35.09627143559809,0.9682316780090332,0.9904342293739319,0.0038699975702911615,0.03744162619113922,0.02740962617099285,0,0.0002509000005375128,,,0.0,,,,,
real_camera,polyu_full,Canon5D2_5_160_6400_desk_10,0.9552962086625045,-1,median_val,35.294299573086384,0.9700987935066223,0.9899868369102478,0.0035375060979276896,0.03744162619113922,0.02720421366393566,0,0.0009997999986808281,,,0.0,,,,,
real_camera,polyu_full,Canon5D2_5_160_6400_desk_10,0.9552962086625045,-1,bilateral_val,35.391549954228466,0.9615865349769592,0.9935004711151123,0.0034122185315936804,0.03744162619113922,0.033845748752355576,0,0.2325431999997818,,,0.0,,,,,
real_camera,polyu_full,Canon5D2_5_160_6400_desk_10,0.9552962086625045,-1,pm_diff_val,35.333785963756746,0.9651156067848206,0.9947621822357178,0.002960855606943369,0.03744162619113922,0.029939021915197372,5,0.008906699998988188,,,0.0,,,,,
real_camera,polyu_full,Canon5D2_5_160_6400_desk_10,0.9552962086625045,-1,wavelet_bayes,34.95530603683376,0.946159839630127,0.9926277995109558,0.003784860484302044,0.03744162619113922,0.03590841218829155,0,0.00464540000029956,,,0.0,,,,,
real_camera,polyu_full,Canon5D2_5_160_6400_desk_10,0.9552962086625045,-1,nlm,34.91319093753626,0.9455958008766174,0.9922972917556763,0.003811466507613659,0.03744162619113922,0.036151137202978134,0,0.04057040000043344,,,0.0,,,,,
real_camera,polyu_full,Canon5D2_5_160_6400_desk_10,0.9552962086625045,-1,bm3d,34.95374407086415,0.946584939956665,0.9923352003097534,0.0038481447845697403,0.03744162619113922,0.035879284143447876,0,1.703023400001257,,,0.0,,,,,
real_camera,polyu_full,Canon5D2_5_160_6400_desk_10,0.9552962086625045,-1,fdncnn_color,35.058696316484564,0.951954185962677,0.992740273475647,0.0037206613924354315,0.03744162619113922,0.03456897288560867,0,1.9683786000005057,,,0.0,,,,,
real_camera,polyu_full,Canon5D2_5_160_6400_desk_10,0.9552962086625045,-1,ectv_fdncnn,34.84668817819337,0.9416082501411438,0.9918434023857117,0.004012294113636017,0.03744162619113922,0.03743414580821991,0,2.01083650000146,7.485387206091721e-06,7.4803829193115234e-06,0.9992704600697584,0.32,,0.3333333333333333,0.002284109592437744,0.0
real_camera,polyu_full,Canon5D2_5_160_6400_desk_4,0.822283953773137,-1,noisy,35.100643250994615,0.9447731375694275,0.994350254535675,0.004527324344962835,0.04756374657154083,0.04756374657154083,0,0.0,0.0,0.0,0.0,,,,,
real_camera,polyu_full,Canon5D2_5_160_6400_desk_4,0.822283953773137,-1,ectv,35.100687055059396,0.9447741508483887,0.9943503141403198,0.0045272354036569595,0.04756374657154083,0.04756321758031845,1,0.030167799999617273,5.322656193696686e-07,5.289912223815918e-07,0.9994593717692343,0.04,,,,
real_camera,polyu_full,Canon5D2_5_160_6400_desk_4,0.822283953773137,-1,ectv_fidelity,35.100993778855965,0.9447852969169617,0.9943510890007019,0.004526609554886818,0.04756374657154083,0.04755949229001999,1,0.0317696000001888,4.258124954729347e-06,4.254281520843506e-06,0.9994593717692343,0.32,0.08,0.3333333333333333,,
real_camera,polyu_full,Canon5D2_5_160_6400_desk_4,0.822283953773137,-1,tv_maxiter,33.674115433643095,0.9309212565422058,0.9762222766876221,0.008438273333013058,0.04756374657154083,0.028061725199222565,19,0.08497469999929308,inf,0.019502021372318268,0.9994593717692343,,,,,
real_camera,polyu_full,Canon5D2_5_160_6400_desk_4,0.822283953773137,-1,tv_fixedk_val,33.70670113463707,0.9344408512115479,0.9759441018104553,0.008393177762627602,0.04756374657154083,0.027163365855813026,40,0.17130179999912798,,0.020400380715727806,0.9994593717692343,,,,,
real_camera,polyu_full,Canon5D2_5_160_6400_desk_4,0.822283953773137,-1,tv_discrepancy,35.414345282539884,0.9592023491859436,0.9950542449951172,0.004019170068204403,0.04756374657154083,0.04169180616736412,2,0.011721799999577343,,0.005871940404176712,0.9994593717692343,,,,,
real_camera,polyu_full,Canon5D2_5_160_6400_desk_4,0.822283953773137,-1,tv_chambolle_val,35.50525167193315,0.9630522131919861,0.995730996131897,0.003626607358455658,0.04756374657154083,0.041133128106594086,0,0.010120900000401889,,,0.0,,,,,
real_camera,polyu_full,Canon5D2_5_160_6400_desk_4,0.822283953773137,-1,gaussian_val,33.73421748184381,0.960143506526947,0.9766594171524048,0.007309884764254093,0.04756374657154083,0.034220125526189804,0,0.0004014000005554408,,,0.0,,,,,
real_camera,polyu_full,Canon5D2_5_160_6400_desk_4,0.822283953773137,-1,median_val,32.56611786053264,0.9492073655128479,0.952406644821167,0.007742778398096561,0.04756374657154083,0.03164387866854668,0,0.001070499998604646,,,0.0,,,,,
real_camera,polyu_full,Canon5D2_5_160_6400_desk_4,0.822283953773137,-1,bilateral_val,35.529058093163755,0.9596195220947266,0.9950599074363708,0.004110023379325867,0.04756374657154083,0.044874660670757294,0,0.2546065999995335,,,0.0,,,,,
real_camera,polyu_full,Canon5D2_5_160_6400_desk_4,0.822283953773137,-1,pm_diff_val,35.4287661585674,0.9617249369621277,0.995502769947052,0.0037927236407995224,0.04756374657154083,0.04165467619895935,5,0.008755699998800992,,,0.0,,,,,
real_camera,polyu_full,Canon5D2_5_160_6400_desk_4,0.822283953773137,-1,wavelet_bayes,35.1558363608649,0.9471101760864258,0.9945501089096069,0.00441476795822382,0.04756374657154083,0.0468035452067852,0,0.004560599998512771,,,0.0,,,,,
real_camera,polyu_full,Canon5D2_5_160_6400_desk_4,0.822283953773137,-1,nlm,35.135007141207616,0.9465931057929993,0.9944238066673279,0.004430629312992096,0.04756374657154083,0.046877291053533554,0,0.040026999999099644,,,0.0,,,,,
real_camera,polyu_full,Canon5D2_5_160_6400_desk_4,0.822283953773137,-1,bm3d,35.17664604331592,0.9477412104606628,0.9944944381713867,0.004425044171512127,0.04756374657154083,0.046581681817770004,0,1.70398490000116,,,0.0,,,,,
real_camera,polyu_full,Canon5D2_5_160_6400_desk_4,0.822283953773137,-1,fdncnn_color,35.26791704204867,0.9507570266723633,0.9946680068969727,0.004344474524259567,0.04756374657154083,0.04588053748011589,0,1.9560990000009042,,,0.0,,,,,
real_camera,polyu_full,Canon5D2_5_160_6400_desk_4,0.822283953773137,-1,ectv_fdncnn,35.101067312818365,0.9447881579399109,0.9943511486053467,0.004526844713836908,0.04756374657154083,0.04755949229001999,0,1.9958449999994627,4.258124954729347e-06,4.254281520843506e-06,0.9994593717692343,0.32,,0.3333333333333333,0.0021514892578125,0.0
real_camera,polyu_full,Canon5D2_5_160_6400_desk_5,1.505212880184764,-1,noisy,33.83339330116331,0.9145293831825256,0.974075436592102,0.006112780421972275,0.036552369594573975,0.036552369594573975,0,0.0,0.0,0.0,0.0,,,,,
real_camera,polyu_full,Canon5D2_5_160_6400_desk_5,1.505212880184764,-1,ectv,33.83377845350006,0.9145512580871582,0.9740819931030273,0.006111814174801111,0.036552369594573975,0.036547236144542694,1,0.03169949999937671,5.135349100828443e-06,5.133450031280518e-06,0.998190748656691,0.04,,,,
real_camera,polyu_full,Canon5D2_5_160_6400_desk_5,1.505212880184764,-1,ectv_fidelity,33.83647475976571,0.9147035479545593,0.974128246307373,0.006105046719312668,0.036552369594573975,0.036511290818452835,1,0.03137280000009923,4.1082792601859725e-05,4.1078776121139526e-05,0.998190748656691,0.32,0.08,0.3333333333333333,,
real_camera,polyu_full,Canon5D2_5_160_6400_desk_5,1.505212880184764,-1,tv_maxiter,35.00805935533243,0.9809659123420715,0.9849136471748352,0.0031701240222901106,0.036552369594573975,0.017739880830049515,17,0.07705799999894225,inf,0.01881248876452446,0.998190748656691,,,,,
real_camera,polyu_full,Canon5D2_5_160_6400_desk_5,1.505212880184764,-1,tv_fixedk_val,35.052673908155434,0.9823444485664368,0.9841423034667969,0.0032425029203295708,0.036552369594573975,0.01681835949420929,40,0.17909440000039467,,0.019734010100364685,0.998190748656691,,,,,
real_camera,polyu_full,Canon5D2_5_160_6400_desk_5,1.505212880184764,-1,tv_discrepancy,34.78476976199786,0.9662534594535828,0.9901657104492188,0.003180118976160884,0.036552369594573975,0.022980965673923492,4,0.021266499999910593,,0.013571403920650482,0.998190748656691,,,,,
real_camera,polyu_full,Canon5D2_5_160_6400_desk_5,1.505212880184764,-1,tv_chambolle_val,34.66529362106097,0.9668707847595215,0.9905843734741211,0.003154110861942172,0.036552369594573975,0.023341186344623566,0,0.017194299998664064,,,0.0,,,,,
real_camera,polyu_full,Canon5D2_5_160_6400_desk_5,1.505212880184764,-1,gaussian_val,34.73947556463655,0.9687795042991638,0.9838421940803528,0.0032946006394922733,0.036552369594573975,0.022033749148249626,0,0.000349899999491754,,,0.0,,,,,
real_camera,polyu_full,Canon5D2_5_160_6400_desk_5,1.505212880184764,-1,median_val,34.76085971929732,0.9741091728210449,0.9875946044921875,0.002958988770842552,0.036552369594573975,0.02173410728573799,0,0.0011557999987417134,,,0.0,,,,,
real_camera,polyu_full,Canon5D2_5_160_6400_desk_5,1.505212880184764,-1,bilateral_val,34.66116201614915,0.9610275626182556,0.9857954382896423,0.004280747380107641,0.036552369594573975,0.029232889413833618,0,0.24255789999915578,,,0.0,,,,,
real_camera,polyu_full,Canon5D2_5_160_6400_desk_5,1.505212880184764,-1,pm_diff_val,34.59866420957368,0.968686580657959,0.9897767305374146,0.003194859018549323,0.036552369594573975,0.022523628547787666,5,0.008177300000170362,,,0.0,,,,,
real_camera,polyu_full,Canon5D2_5_160_6400_desk_5,1.505212880184764,-1,wavelet_bayes,34.09245838449893,0.9316518902778625,0.9798682928085327,0.005278376862406731,0.036552369594573975,0.03210201486945152,0,0.004596300001139753,,,0.0,,,,,
real_camera,polyu_full,Canon5D2_5_160_6400_desk_5,1.505212880184764,-1,nlm,34.182515065440995,0.9397392868995667,0.9820430874824524,0.004810787737369537,0.036552369594573975,0.03088836744427681,0,0.04956090000086988,,,0.0,,,,,
real_camera,polyu_full,Canon5D2_5_160_6400_desk_5,1.505212880184764,-1,bm3d,34.054487953454995,0.9277833104133606,0.9768730401992798,0.005726235453039408,0.036552369594573975,0.033545393496751785,0,1.720879700000296,,,0.0,,,,,
real_camera,polyu_full,Canon5D2_5_160_6400_desk_5,1.505212880184764,-1,fdncnn_color,34.30284888340486,0.9408339858055115,0.9792001843452454,0.0053826249204576015,0.036552369594573975,0.03132016956806183,0,1.941549599998325,,,0.0,,,,,
real_camera,polyu_full,Canon5D2_5_160_6400_desk_5,1.505212880184764,-1,ectv_fdncnn,33.83723008176253,0.9147469401359558,0.9741194844245911,0.006106829270720482,0.036552369594573975,0.03651128709316254,0,1.9813147999975627,4.1082792601859725e-05,4.108250141143799e-05,0.998190748656691,0.32,,0.3333333333333333,0.0069293975830078125,0.0
real_camera,polyu_full,Canon5D2_5_160_6400_desk_7,1.3501833089939965,-1,noisy,36.29601812283741,0.9251970648765564,0.9904260635375977,0.005769653245806694,0.044102251529693604,0.044102251529693604,0,0.0,0.0,0.0,0.0,,,,,
real_camera,polyu_full,Canon5D2_5_160_6400_desk_7,1.3501833089939965,-1,ectv,36.296396743468996,0.9252073764801025,0.990426778793335,0.005769206210970879,0.044102251529693604,0.044098831713199615,1,0.0322703999991063,3.42219646213513e-06,3.419816493988037e-06,0.9985437288780896,0.04,,,,
real_camera,polyu_full,Canon5D2_5_160_6400_desk_7,1.3501833089939965,-1,ectv_fidelity,36.299046383706695,0.9252813458442688,0.9904313683509827,0.005766087211668491,0.044102251529693604,0.04407487437129021,1,0.033094600001277286,2.737757163648188e-05,2.7377158403396606e-05,0.9985437288780896,0.32,0.08,0.3333333333333333,,
real_camera,polyu_full,Canon5D2_5_160_6400_desk_7,1.3501833089939965,-1,tv_maxiter,36.335162690979466,0.9624419212341309,0.9857169389724731,0.005438853986561298,0.044102251529693604,0.023533353582024574,17,0.08112530000107654,inf,0.02056889794766903,0.9985437288780896,,,,,
real_camera,polyu_full,Canon5D2_5_160_6400_desk_7,1.3501833089939965,-1,tv_fixedk_val,36.31582491670244,0.9625255465507507,0.9849745035171509,0.005725300870835781,0.044102251529693604,0.022534029558300972,40,0.17586949999895296,,0.02156822197139263,0.9985437288780896,,,,,
real_camera,polyu_full,Canon5D2_5_160_6400_desk_7,1.3501833089939965,-1,tv_discrepancy,37.050131538257595,0.9564787745475769,0.9914970993995667,0.004683233331888914,0.044102251529693604,0.031888678669929504,3,0.0159734999997454,,0.012213572859764099,0.9985437288780896,,,,,
real_camera,polyu_full,Canon5D2_5_160_6400_desk_7,1.3501833089939965,-1,tv_chambolle_val,37.388950474587176,0.9622452259063721,0.9927622675895691,0.004219327121973038,0.044102251529693604,0.031914521008729935,0,0.014339500001369743,,,0.0,,,,,
real_camera,polyu_full,Canon5D2_5_160_6400_desk_7,1.3501833089939965,-1,gaussian_val,33.35016181982173,0.9541658759117126,0.9567026495933533,0.007368405349552631,0.044102251529693604,0.02676561288535595,0,0.0003189999988535419,,,0.0,,,,,
real_camera,polyu_full,Canon5D2_5_160_6400_desk_7,1.3501833089939965,-1,median_val,31.794421946136726,0.951626718044281,0.9429207444190979,0.006850459147244692,0.044102251529693604,0.025258824229240417,0,0.0009212999993906124,,,0.0,,,,,
real_camera,polyu_full,Canon5D2_5_160_6400_desk_7,1.3501833089939965,-1,bilateral_val,37.319575049443316,0.9572493433952332,0.9918612241744995,0.004920719191431999,0.044102251529693604,0.03797589987516403,0,0.2291958000005252,,,0.0,,,,,
real_camera,polyu_full,Canon5D2_5_160_6400_desk_7,1.3501833089939965,-1,pm_diff_val,37.35603232782638,0.9643855094909668,0.9928629994392395,0.004102259408682585,0.044102251529693604,0.03160734847187996,5,0.008706900000106543,,,0.0,,,,,
real_camera,polyu_full,Canon5D2_5_160_6400_desk_7,1.3501833089939965,-1,wavelet_bayes,36.5137261532315,0.9331361651420593,0.9910444021224976,0.005435444414615631,0.044102251529693604,0.041679251939058304,0,0.004234300000462099,,,0.0,,,,,
real_camera,polyu_full,Canon5D2_5_160_6400_desk_7,1.3501833089939965,-1,nlm,36.639559528137,0.9391916394233704,0.9913332462310791,0.00521809421479702,0.044102251529693604,0.040039725601673126,0,0.04501229999914358,,,0.0,,,,,
real_camera,polyu_full,Canon5D2_5_160_6400_desk_7,1.3501833089939965,-1,bm3d,36.58535274173909,0.9349808096885681,0.99088454246521,0.005527006462216377,0.044102251529693604,0.04151950031518936,0,1.7135130999995454,,,0.0,,,,,
real_camera,polyu_full,Canon5D2_5_160_6400_desk_7,1.3501833089939965,-1,fdncnn_color,36.900185408994325,0.9446207880973816,0.991204559803009,0.005349269136786461,0.044102251529693604,0.03958125784993172,0,1.9734686000010697,,,0.0,,,,,
real_camera,polyu_full,Canon5D2_5_160_6400_desk_7,1.3501833089939965,-1,ectv_fdncnn,36.299774922421555,0.9253223538398743,0.9904316067695618,0.0057667940855026245,0.044102251529693604,0.04407487437129021,0,2.0149640000017826,2.737757163648188e-05,2.7377158403396606e-05,0.9985437288780896,0.32,,0.3333333333333333,0.005364716053009033,0.0
real_camera,polyu_full,Canon5D2_5_160_6400_reciever_13,1.718614883447661,-1,noisy,36.04360122230907,0.9315180778503418,0.9883923530578613,0.007323570549488068,0.05997734144330025,0.05997734144330025,0,0.0,0.0,0.0,0.0,,,,,
real_camera,polyu_full,Canon5D2_5_160_6400_reciever_13,1.718614883447661,-1,ectv,36.044861091934415,0.9315386414527893,0.988395094871521,0.007322017569094896,0.05997734144330025,0.05996892601251602,1,0.030355699998835917,8.416109953761482e-06,8.415430784225464e-06,0.9976426648632286,0.04,,,,
real_camera,polyu_full,Canon5D2_5_160_6400_reciever_13,1.718614883447661,-1,ectv_fidelity,36.05366987566429,0.9316821694374084,0.9884140491485596,0.007311184890568256,0.05997734144330025,0.059910014271736145,1,0.03143159999854106,6.732887872875738e-05,6.732717156410217e-05,0.9976426648632286,0.32,0.08,0.3333333333333333,,
real_camera,polyu_full,Canon5D2_5_160_6400_reciever_13,1.718614883447661,-1,tv_maxiter,34.99705329845441,0.9414097666740417,0.9782236218452454,0.008903329260647297,0.05997734144330025,0.033274754881858826,18,0.08472230000006675,inf,0.02670258656144142,0.9976426648632286,,,,,
real_camera,polyu_full,Canon5D2_5_160_6400_reciever_13,1.718614883447661,-1,tv_fixedk_val,35.02908769668585,0.9440722465515137,0.9779395461082458,0.008985333144664764,0.05997734144330025,0.03246039152145386,40,0.17051170000013371,,0.02751694992184639,0.9976426648632286,,,,,
real_camera,polyu_full,Canon5D2_5_160_6400_reciever_13,1.718614883447661,-1,tv_discrepancy,37.07141178049562,0.9583778977394104,0.9896205067634583,0.006321626715362072,0.05997734144330025,0.04451173543930054,3,0.01632919999974547,,0.01546560600399971,0.9976426648632286,,,,,
real_camera,polyu_full,Canon5D2_5_160_6400_reciever_13,1.718614883447661,-1,tv_chambolle_val,37.378494374012,0.9662001729011536,0.9903938174247742,0.005580166820436716,0.05997734144330025,0.045243628323078156,0,0.011510199999975157,,,0.0,,,,,
real_camera,polyu_full,Canon5D2_5_160_6400_reciever_13,1.718614883447661,-1,gaussian_val,32.33049560336685,0.9395151734352112,0.9530507326126099,0.011826548725366592,0.05997734144330025,0.037250250577926636,0,0.00020640000002458692,,,0.0,,,,,
real_camera,polyu_full,Canon5D2_5_160_6400_reciever_13,1.718614883447661,-1,median_val,31.681565987720983,0.9287493228912354,0.9499686360359192,0.009854117408394814,0.05997734144330025,0.035502754151821136,0,0.0008959000006143469,,,0.0,,,,,
real_camera,polyu_full,Canon5D2_5_160_6400_reciever_13,1.718614883447661,-1,bilateral_val,36.92109759117577,0.9576495289802551,0.988882303237915,0.006605569738894701,0.05997734144330025,0.05428173393011093,0,0.2399641000010888,,,0.0,,,,,
real_camera,polyu_full,Canon5D2_5_160_6400_reciever_13,1.718614883447661,-1,pm_diff_val,36.918890979320594,0.9650571346282959,0.989319384098053,0.0059255450032651424,0.05997734144330025,0.04592868313193321,5,0.009093200000279467,,,0.0,,,,,
real_camera,polyu_full,Canon5D2_5_160_6400_reciever_13,1.718614883447661,-1,wavelet_bayes,36.27538103218332,0.9380804896354675,0.9888893961906433,0.006986741442233324,0.05997734144330025,0.057591669261455536,0,0.005040699999881326,,,0.0,,,,,
real_camera,polyu_full,Canon5D2_5_160_6400_reciever_13,1.718614883447661,-1,nlm,36.638482248535404,0.9544932842254639,0.9895367622375488,0.0062955101020634174,0.05997734144330025,0.053834449499845505,0,0.04735939999955008,,,0.0,,,,,
real_camera,polyu_full,Canon5D2_5_160_6400_reciever_13,1.718614883447661,-1,bm3d,36.46226551455197,0.9439348578453064,0.9888551235198975,0.006989469286054373,0.05997734144330025,0.0565892718732357,0,1.7057474000012007,,,0.0,,,,,
real_camera,polyu_full,Canon5D2_5_160_6400_reciever_13,1.718614883447661,-1,fdncnn_color,36.88820357328232,0.9539100527763367,0.9891127347946167,0.006738174241036177,0.05997734144330025,0.054154351353645325,0,1.9415525999993406,,,0.0,,,,,
real_camera,polyu_full,Canon5D2_5_160_6400_reciever_13,1.718614883447661,-1,ectv_fdncnn,36.053716297818475,0.9318025708198547,0.9884031414985657,0.007316018920391798,0.05997734144330025,0.059910014271736145,0,1.9824688999997306,6.732887872875738e-05,6.732717156410217e-05,0.9976426648632286,0.32,,0.3333333333333333,0.010192692279815674,0.0
real_camera,polyu_full,Canon5D2_5_160_6400_reciever_1,1.63563444833381,-1,noisy,36.03571954013762,0.930690348148346,0.9887620806694031,0.0071600633673369884,0.05934403836727142,0.05934403836727142,0,0.0,0.0,0.0,0.0,,,,,
real_camera,polyu_full,Canon5D2_5_160_6400_reciever_1,1.63563444833381,-1,ectv,36.036813980945006,0.9307084083557129,0.9887644052505493,0.0071587092243134975,0.05934403836727142,0.05933703854680061,1,0.03126399999928253,6.999931736536297e-06,6.9998204708099365e-06,0.9978643340597895,0.04,,,,
real_camera,polyu_full,Canon5D2_5_160_6400_reciever_1,1.63563444833381,-1,ectv_fidelity,36.04446520321461,0.9308339953422546,0.9887797832489014,0.007149247452616692,0.05934403836727142,0.05928804352879524,1,0.029692500000237487,5.599945337368955e-05,5.599483847618103e-05,0.9978643340597895,0.32,0.08,0.3333333333333333,,
real_camera,polyu_full,Canon5D2_5_160_6400_reciever_1,1.63563444833381,-1,tv_maxiter,35.02047207251434,0.9439532160758972,0.9790776968002319,0.008902348577976227,0.05934403836727142,0.033816512674093246,18,0.07881219999944733,inf,0.025527525693178177,0.9978643340597895,,,,,
real_camera,polyu_full,Canon5D2_5_160_6400_reciever_1,1.63563444833381,-1,tv_fixedk_val,35.00216852416116,0.94600909948349,0.9788116812705994,0.009065814316272736,0.05934403836727142,0.03295622766017914,40,0.1769259000011516,,0.026387810707092285,0.9978643340597895,,,,,
real_camera,polyu_full,Canon5D2_5_160_6400_reciever_1,1.63563444833381,-1,tv_discrepancy,37.14231517924437,0.9589735865592957,0.9900659918785095,0.006082846783101559,0.05934403836727142,0.04485759884119034,3,0.016082799998912378,,0.014486439526081085,0.9978643340597895,,,,,
real_camera,polyu_full,Canon5D2_5_160_6400_reciever_1,1.63563444833381,-1,tv_chambolle_val,37.25160136968177,0.9620679020881653,0.9905757308006287,0.005578392650932074,0.05934403836727142,0.04666786268353462,0,0.008872600001268438,,,0.0,,,,,
real_camera,polyu_full,Canon5D2_5_160_6400_reciever_1,1.63563444833381,-1,gaussian_val,32.391346166986594,0.9441078305244446,0.9558031558990479,0.011417490430176258,0.05934403836727142,0.037747517228126526,0,0.0003018000006704824,,,0.0,,,,,
real_camera,polyu_full,Canon5D2_5_160_6400_reciever_1,1.63563444833381,-1,median_val,31.660514536857814,0.9353079795837402,0.9514765739440918,0.009799408726394176,0.05934403836727142,0.035980671644210815,0,0.0007911000011517899,,,0.0,,,,,
real_camera,polyu_full,Canon5D2_5_160_6400_reciever_1,1.63563444833381,-1,bilateral_val,36.89499581305982,0.9556644558906555,0.9890611171722412,0.006604442838579416,0.05934403836727142,0.05414547026157379,0,0.241210800000772,,,0.0,,,,,
real_camera,polyu_full,Canon5D2_5_160_6400_reciever_1,1.63563444833381,-1,pm_diff_val,36.91226563397073,0.9642567038536072,0.9895439743995667,0.0059348540380597115,0.05934403836727142,0.04625667259097099,5,0.009715199999845936,,,0.0,,,,,
real_camera,polyu_full,Canon5D2_5_160_6400_reciever_1,1.63563444833381,-1,wavelet_bayes,36.245244719904115,0.936634361743927,0.9891692399978638,0.006874486804008484,0.05934403836727142,0.05727887898683548,0,0.004593700001350953,,,0.0,,,,,
real_camera,polyu_full,Canon5D2_5_160_6400_reciever_1,1.63563444833381,-1,nlm,36.457590204017635,0.9466180205345154,0.9894964098930359,0.006518295034766197,0.05934403836727142,0.05502248555421829,0,0.043234599999777856,,,0.0,,,,,
real_camera,polyu_full,Canon5D2_5_160_6400_reciever_1,1.63563444833381,-1,bm3d,36.38717724215958,0.940636932849884,0.9890959858894348,0.006925709079951048,0.05934403836727142,0.0566377267241478,0,1.681388999999399,,,0.0,,,,,
real_camera,polyu_full,Canon5D2_5_160_6400_reciever_1,1.63563444833381,-1,fdncnn_color,36.80761637860324,0.9509825110435486,0.9892983436584473,0.006712063681334257,0.05934403836727142,0.05433013662695885,0,1.962563400000363,,,0.0,,,,,
real_camera,polyu_full,Canon5D2_5_160_6400_reciever_1,1.63563444833381,-1,ectv_fdncnn,36.04451802980562,0.9309332966804504,0.9887694716453552,0.007154382765293121,0.05934403836727142,0.059288039803504944,0,2.004884800000582,5.599945337368955e-05,5.599856376647949e-05,0.9978643340597895,0.32,,0.3333333333333333,0.009788811206817627,0.0
real_camera,polyu_full,Canon5D2_5_160_6400_reciever_2,1.5195488898168317,-1,noisy,37.00449357780237,0.917532742023468,0.9825809597969055,0.005966637749224901,0.0397869274020195,0.0397869274020195,0,0.0,0.0,0.0,0.0,,,,,
real_camera,polyu_full,Canon5D2_5_160_6400_reciever_2,1.5195488898168317,-1,ectv,37.00521195049467,0.9175517559051514,0.9825845956802368,0.005965749733150005,0.0397869274020195,0.0397816076874733,1,0.031076800001756055,5.320175207994771e-06,5.319714546203613e-06,0.9981561849719836,0.04,,,,
real_camera,polyu_full,Canon5D2_5_160_6400_reciever_2,1.5195488898168317,-1,ectv_fidelity,37.01023868423757,0.9176843166351318,0.9826099276542664,0.005959538742899895,0.0397869274020195,0.03974436968564987,1,0.02961640000103216,4.25614014362757e-05,4.2557716369628906e-05,0.9981561849719836,0.32,0.08,0.3333333333333333,,
real_camera,polyu_full,Canon5D2_5_160_6400_reciever_2,1.5195488898168317,-1,tv_maxiter,36.13381451505428,0.9390664100646973,0.9624574780464172,0.006744116544723511,0.0397869274020195,0.01627063751220703,19,0.08485619999919436,inf,0.02351628988981247,0.9981561849719836,,,,,
real_camera,polyu_full,Canon5D2_5_160_6400_reciever_2,1.5195488898168317,-1,tv_fixedk_val,36.159671706736226,0.9414863586425781,0.961698055267334,0.006805540528148413,0.0397869274020195,0.015383727848529816,40,0.17200009999942267,,0.024403199553489685,0.9981561849719836,,,,,
real_camera,polyu_full,Canon5D2_5_160_6400_reciever_2,1.5195488898168317,-1,tv_discrepancy,38.17494574456386,0.9546393752098083,0.9881488084793091,0.0045149847865104675,0.0397869274020195,0.027081383392214775,3,0.01698709999982384,,0.012705544009804726,0.9981561849719836,,,,,
real_camera,polyu_full,Canon5D2_5_160_6400_reciever_2,1.5195488898168317,-1,tv_chambolle_val,38.57200514986609,0.9628987312316895,0.9898256659507751,0.003779367310926318,0.0397869274020195,0.02572057768702507,0,0.01618609999968612,,,0.0,,,,,
real_camera,polyu_full,Canon5D2_5_160_6400_reciever_2,1.5195488898168317,-1,gaussian_val,36.48926335679745,0.9570897221565247,0.9706021547317505,0.00580126978456974,0.0397869274020195,0.022623497992753983,0,0.00021130000095581636,,,0.0,,,,,
real_camera,polyu_full,Canon5D2_5_160_6400_reciever_2,1.5195488898168317,-1,median_val,36.19241368776703,0.9537033438682556,0.9677819013595581,0.005604196805506945,0.0397869274020195,0.021360965445637703,0,0.0009178000000247266,,,0.0,,,,,
real_camera,polyu_full,Canon5D2_5_160_6400_reciever_2,1.5195488898168317,-1,bilateral_val,38.60252821925577,0.959138810634613,0.9879590272903442,0.004452078137546778,0.0397869274020195,0.03240181505680084,0,0.2317841000003682,,,0.0,,,,,
real_camera,polyu_full,Canon5D2_5_160_6400_reciever_2,1.5195488898168317,-1,pm_diff_val,38.37547186003193,0.963137686252594,0.9882822632789612,0.003950140904635191,0.0397869274020195,0.025202235206961632,5,0.008125899999868125,,,0.0,,,,,
real_camera,polyu_full,Canon5D2_5_160_6400_reciever_2,1.5195488898168317,-1,wavelet_bayes,37.369386227697575,0.9290582537651062,0.9848011136054993,0.005431806202977896,0.0397869274020195,0.036422669887542725,0,0.004829899999094778,,,0.0,,,,,
real_camera,polyu_full,Canon5D2_5_160_6400_reciever_2,1.5195488898168317,-1,nlm,37.752893536429994,0.9431922435760498,0.986998975276947,0.004731480963528156,0.0397869274020195,0.03388076275587082,0,0.04885619999913615,,,0.0,,,,,
real_camera,polyu_full,Canon5D2_5_160_6400_reciever_2,1.5195488898168317,-1,bm3d,37.46826181417807,0.9309563636779785,0.9840990900993347,0.00562279112637043,0.0397869274020195,0.03662898391485214,0,1.8057621999996627,,,0.0,,,,,
real_camera,polyu_full,Canon5D2_5_160_6400_reciever_2,1.5195488898168317,-1,fdncnn_color,38.02197847940025,0.9443467259407043,0.985454261302948,0.0052734557539224625,0.0397869274020195,0.03399951010942459,0,2.1022771000007197,,,0.0,,,,,
real_camera,polyu_full,Canon5D2_5_160_6400_reciever_2,1.5195488898168317,-1,ectv_fdncnn,37.01198075625552,0.9177454113960266,0.9826049208641052,0.005961199756711721,0.0397869274020195,0.03974436968564987,0,2.1445669999993697,4.25614014362757e-05,4.2557716369628906e-05,0.9981561849719836,0.32,,0.3333333333333333,0.006591975688934326,0.0
real_camera,polyu_full,Canon5D2_5_160_6400_reciever_4,1.669548812911854,-1,noisy,37.27568991863387,0.916251003742218,0.9859748482704163,0.006127890199422836,0.04546200484037399,0.04546200484037399,0,0.0,0.0,0.0,0.0,,,,,
real_camera,polyu_full,Canon5D2_5_160_6400_reciever_4,1.669548812911854,-1,ectv,37.27684737430828,0.9162766337394714,0.9859781861305237,0.0061266180127859116,0.04546200484037399,0.04545444995164871,1,0.033985599999141414,7.555898179207817e-06,7.554888725280762e-06,0.997775050544166,0.04,,,,
real_camera,polyu_full,Canon5D2_5_160_6400_reciever_4,1.669548812911854,-1,ectv_fidelity,37.2849427563758,0.9164548516273499,0.9860033392906189,0.006117731332778931,0.04546200484037399,0.04540155827999115,1,0.03572819999862986,6.044718478141856e-05,6.044656038284302e-05,0.997775050544166,0.32,0.08,0.3333333333333333,,
real_camera,polyu_full,Canon5D2_5_160_6400_reciever_4,1.669548812911854,-1,tv_maxiter,36.328662761325454,0.9448749423027039,0.9697269201278687,0.007290274370461702,0.04546200484037399,0.020454782992601395,18,0.09043430000019725,inf,0.0250072218477726,0.997775050544166,,,,,
real_camera,polyu_full,Canon5D2_5_160_6400_reciever_4,1.669548812911854,-1,tv_fixedk_val,36.406993722201506,0.9488678574562073,0.9694024920463562,0.007277099881321192,0.04546200484037399,0.019611936062574387,40,0.19036850000156846,,0.025850068777799606,0.997775050544166,,,,,
real_camera,polyu_full,Canon5D2_5_160_6400_reciever_4,1.669548812911854,-1,tv_discrepancy,38.67647136238078,0.9544348120689392,0.9897667169570923,0.004849291406571865,0.04546200484037399,0.031459081918001175,3,0.01765760000125738,,0.014002922922372818,0.997775050544166,,,,,
real_camera,polyu_full,Canon5D2_5_160_6400_reciever_4,1.669548812911854,-1,tv_chambolle_val,39.28202838319299,0.9634737372398376,0.9915421605110168,0.004008391406387091,0.04546200484037399,0.030317720025777817,0,0.01614050000171119,,,0.0,,,,,
real_camera,polyu_full,Canon5D2_5_160_6400_reciever_4,1.669548812911854,-1,gaussian_val,35.751229476301994,0.9533442854881287,0.9644085764884949,0.007167547941207886,0.04546200484037399,0.02626309171319008,0,0.0009071000004041707,,,0.0,,,,,
real_camera,polyu_full,Canon5D2_5_160_6400_reciever_4,1.669548812911854,-1,median_val,34.878591963686375,0.9475372433662415,0.961296796798706,0.006688255816698074,0.04546200484037399,0.02472107671201229,0,0.0012248000002728077,,,0.0,,,,,
real_camera,polyu_full,Canon5D2_5_160_6400_reciever_4,1.669548812911854,-1,bilateral_val,38.984683216524,0.9532275199890137,0.9888173341751099,0.0050218719989061356,0.04546200484037399,0.038904961198568344,0,0.2624383000002126,,,0.0,,,,,
real_camera,polyu_full,Canon5D2_5_160_6400_reciever_4,1.669548812911854,-1,pm_diff_val,38.97347043915603,0.9636562466621399,0.9903295636177063,0.004163221921771765,0.04546200484037399,0.02989114448428154,5,0.009559899999658228,,,0.0,,,,,
real_camera,polyu_full,Canon5D2_5_160_6400_reciever_4,1.669548812911854,-1,wavelet_bayes,37.7052852646806,0.9276754260063171,0.9875751733779907,0.005620012525469065,0.04546200484037399,0.04201919585466385,0,0.00550669999938691,,,0.0,,,,,
real_camera,polyu_full,Canon5D2_5_160_6400_reciever_4,1.669548812911854,-1,nlm,38.196526449039524,0.9431418776512146,0.9892531633377075,0.004949118010699749,0.04546200484037399,0.039136290550231934,0,0.05095150000124704,,,0.0,,,,,
real_camera,polyu_full,Canon5D2_5_160_6400_reciever_4,1.669548812911854,-1,bm3d,37.85778011393488,0.930305540561676,0.9871463179588318,0.0057744672521948814,0.04546200484037399,0.042090799659490585,0,2.1487139000000752,,,0.0,,,,,
real_camera,polyu_full,Canon5D2_5_160_6400_reciever_4,1.669548812911854,-1,fdncnn_color,38.54375513541368,0.9433667063713074,0.9880903363227844,0.005462474189698696,0.04546200484037399,0.039529331028461456,0,2.0719733000005363,,,0.0,,,,,
real_camera,polyu_full,Canon5D2_5_160_6400_reciever_4,1.669548812911854,-1,ectv_fdncnn,37.28829692399153,0.9165475964546204,0.9859996438026428,0.0061205364763736725,0.04546200484037399,0.04540155827999115,0,2.1113562999998976,6.044718478141856e-05,6.044656038284302e-05,0.997775050544166,0.32,,0.3333333333333333,0.009089410305023193,0.0
real_camera,polyu_full,Canon5D2_5_160_6400_reciever_6,1.6154608698028317,-1,noisy,36.70820284182899,0.9218034744262695,0.9851217269897461,0.006495889276266098,0.04853076860308647,0.04853076860308647,0,0.0,0.0,0.0,0.0,,,,,
real_camera,polyu_full,Canon5D2_5_160_6400_reciever_6,1.6154608698028317,-1,ectv,36.70925228832115,0.9218237400054932,0.9851250052452087,0.006494668312370777,0.04853076860308647,0.04852408915758133,1,0.03186980000100448,6.683679101871546e-06,6.679445505142212e-06,0.9979165816700573,0.04,,,,
real_camera,polyu_full,Canon5D2_5_160_6400_reciever_6,1.6154608698028317,-1,ectv_fidelity,36.71659244029953,0.9219654202461243,0.9851463437080383,0.006486136000603437,0.04853076860308647,0.04847729951143265,1,0.03147029999854567,5.3469432363533904e-05,5.346909165382385e-05,0.9979165816700573,0.32,0.08,0.3333333333333333,,
real_camera,polyu_full,Canon5D2_5_160_6400_reciever_6,1.6154608698028317,-1,tv_maxiter,35.48162221708201,0.9326184391975403,0.9658523201942444,0.008523918688297272,0.04853076860308647,0.022713610902428627,19,0.08814220000022033,inf,0.025817157700657845,0.9979165816700573,,,,,
real_camera,polyu_full,Canon5D2_5_160_6400_reciever_6,1.6154608698028317,-1,tv_fixedk_val,35.43444417193328,0.9337361454963684,0.9651801586151123,0.008693764917552471,0.04853076860308647,0.02183937095105648,40,0.17465229999834264,,0.02669139765202999,0.9979165816700573,,,,,
real_camera,polyu_full,Canon5D2_5_160_6400_reciever_6,1.6154608698028317,-1,tv_discrepancy,37.99425023790546,0.9551252722740173,0.9875978231430054,0.005235680844634771,0.04853076860308647,0.03455597907304764,3,0.017053499999747146,,0.013974789530038834,0.9979165816700573,,,,,
real_camera,polyu_full,Canon5D2_5_160_6400_reciever_6,1.6154608698028317,-1,tv_chambolle_val,38.26424701477954,0.9619460105895996,0.9883370995521545,0.004751781467348337,0.04853076860308647,0.03423633053898811,0,0.014257699998779572,,,0.0,,,,,
real_camera,polyu_full,Canon5D2_5_160_6400_reciever_6,1.6154608698028317,-1,gaussian_val,34.87427436248348,0.9502647519111633,0.9601380228996277,0.008192210458219051,0.04853076860308647,0.02867261879146099,0,0.00033909999910974875,,,0.0,,,,,
real_camera,polyu_full,Canon5D2_5_160_6400_reciever_6,1.6154608698028317,-1,median_val,33.894029790300465,0.9404363036155701,0.9519522190093994,0.007930487394332886,0.04853076860308647,0.026911988854408264,0,0.0009516000009170966,,,0.0,,,,,
real_camera,polyu_full,Canon5D2_5_160_6400_reciever_6,1.6154608698028317,-1,bilateral_val,38.01969394597147,0.9550692439079285,0.9865606427192688,0.005570557899773121,0.04853076860308647,0.04227643087506294,0,0.23697080000056303,,,0.0,,,,,
real_camera,polyu_full,Canon5D2_5_160_6400_reciever_6,1.6154608698028317,-1,pm_diff_val,37.913920170296464,0.9620239734649658,0.9870144128799438,0.004995523486286402,0.04853076860308647,0.034110262989997864,5,0.009629099999074242,,,0.0,,,,,
real_camera,polyu_full,Canon5D2_5_160_6400_reciever_6,1.6154608698028317,-1,wavelet_bayes,37.02677071030315,0.9308843612670898,0.9861069917678833,0.006075878161936998,0.04853076860308647,0.045640625059604645,0,0.004948199999489589,,,0.0,,,,,
real_camera,polyu_full,Canon5D2_5_160_6400_reciever_6,1.6154608698028317,-1,nlm,37.355904153672,0.9439870715141296,0.9869946241378784,0.005574926733970642,0.04853076860308647,0.04307809844613075,0,0.04929649999940011,,,0.0,,,,,
real_camera,polyu_full,Canon5D2_5_160_6400_reciever_6,1.6154608698028317,-1,bm3d,37.16712404105912,0.9343750476837158,0.9858618974685669,0.006195633672177792,0.04853076860308647,0.04539535939693451,0,1.9501744999997754,,,0.0,,,,,
real_camera,polyu_full,Canon5D2_5_160_6400_reciever_6,1.6154608698028317,-1,fdncnn_color,37.71108216307879,0.946610152721405,0.9864270687103271,0.005922416225075722,0.04853076860308647,0.04285052418708801,0,2.0085818999996263,,,0.0,,,,,
real_camera,polyu_full,Canon5D2_5_160_6400_reciever_6,1.6154608698028317,-1,ectv_fdncnn,36.71767296080955,0.9220552444458008,0.985136091709137,0.006489918101578951,0.04853076860308647,0.04847729951143265,0,2.0532960000000458,5.3469432363533904e-05,5.346909165382385e-05,0.9979165816700573,0.32,,0.3333333333333333,0.00833064317703247,0.0
real_camera,polyu_full,Canon5D2_5_160_6400_reciever_8,1.3992473256181919,-1,noisy,36.69346285538185,0.9297342300415039,0.9886078834533691,0.006013046950101852,0.04560890421271324,0.04560890421271324,0,0.0,0.0,0.0,0.0,,,,,
real_camera,polyu_full,Canon5D2_5_160_6400_reciever_8,1.3992473256181919,-1,ectv,36.69404105246373,0.9297456741333008,0.9886094927787781,0.00601237453520298,0.04560890421271324,0.045604996383190155,1,0.03315160000056494,3.910440953994522e-06,3.907829523086548e-06,0.9984361363185987,0.04,,,,
real_camera,polyu_full,Canon5D2_5_160_6400_reciever_8,1.3992473256181919,-1,ectv_fidelity,36.698088962548255,0.9298270344734192,0.9886202812194824,0.006007670424878597,0.04560890421271324,0.04557762295007706,1,0.03138299999955052,3.1283527541543576e-05,3.128126263618469e-05,0.9984361363185987,0.32,0.08,0.3333333333333333,,
real_camera,polyu_full,Canon5D2_5_160_6400_reciever_8,1.3992473256181919,-1,tv_maxiter,36.60664356322477,0.9593451023101807,0.981927216053009,0.006109293550252914,0.04560890421271324,0.023887094110250473,16,0.07527280000067549,inf,0.02172181010246277,0.9984361363185987,,,,,
real_camera,polyu_full,Canon5D2_5_160_6400_reciever_8,1.3992473256181919,-1,tv_fixedk_val,36.69343767804535,0.9622465968132019,0.9816287159919739,0.006096567027270794,0.04560890421271324,0.02298995479941368,40,0.18393749999995634,,0.02261894941329956,0.9984361363185987,,,,,
real_camera,polyu_full,Canon5D2_5_160_6400_reciever_8,1.3992473256181919,-1,tv_discrepancy,37.76178809603208,0.9610042572021484,0.9905287027359009,0.004835090599954128,0.04560890421271324,0.03222086280584335,3,0.019243900000219583,,0.013388041406869888,0.9984361363185987,,,,,
real_camera,polyu_full,Canon5D2_5_160_6400_reciever_8,1.3992473256181919,-1,tv_chambolle_val,38.0556257947231,0.9673876762390137,0.991611659526825,0.004228868987411261,0.04560890421271324,0.03245437890291214,0,0.013451200000417884,,,0.0,,,,,
real_camera,polyu_full,Canon5D2_5_160_6400_reciever_8,1.3992473256181919,-1,gaussian_val,33.64776886786933,0.9516943097114563,0.952542781829834,0.008383928798139095,0.04560890421271324,0.027088593691587448,0,0.00033199999961652793,,,0.0,,,,,
real_camera,polyu_full,Canon5D2_5_160_6400_reciever_8,1.3992473256181919,-1,median_val,33.5939498434042,0.9504318833351135,0.9557339549064636,0.006597914732992649,0.04560890421271324,0.026298511773347855,0,0.0010586999997030944,,,0.0,,,,,
real_camera,polyu_full,Canon5D2_5_160_6400_reciever_8,1.3992473256181919,-1,bilateral_val,37.63509757556718,0.956407368183136,0.9897388815879822,0.005241575185209513,0.04560890421271324,0.04049041122198105,0,0.22930860000087705,,,0.0,,,,,
real_camera,polyu_full,Canon5D2_5_160_6400_reciever_8,1.3992473256181919,-1,pm_diff_val,37.869515289554016,0.9685352444648743,0.9909973740577698,0.004318181425333023,0.04560890421271324,0.032400961965322495,5,0.012648699999772361,,,0.0,,,,,
real_camera,polyu_full,Canon5D2_5_160_6400_reciever_8,1.3992473256181919,-1,wavelet_bayes,36.916441842454304,0.9365413784980774,0.9892454147338867,0.005699479952454567,0.04560890421271324,0.04344513267278671,0,0.004976100000931183,,,0.0,,,,,
real_camera,polyu_full,Canon5D2_5_160_6400_reciever_8,1.3992473256181919,-1,nlm,37.11023343827621,0.9458298087120056,0.9897741675376892,0.005262893158942461,0.04560890421271324,0.041127923876047134,0,0.0505405999992945,,,0.0,,,,,
real_camera,polyu_full,Canon5D2_5_160_6400_reciever_8,1.3992473256181919,-1,bm3d,37.02928118777625,0.9402015805244446,0.9891374707221985,0.005714197643101215,0.04560890421271324,0.04277634993195534,0,1.8067913000013505,,,0.0,,,,,
real_camera,polyu_full,Canon5D2_5_160_6400_reciever_8,1.3992473256181919,-1,fdncnn_color,37.39381394130807,0.9493515491485596,0.9894689321517944,0.00550956791266799,0.04560890421271324,0.04091007262468338,0,2.180590200001461,,,0.0,,,,,
real_camera,polyu_full,Canon5D2_5_160_6400_reciever_8,1.3992473256181919,-1,ectv_fdncnn,36.6982849060596,0.9298775792121887,0.9886147379875183,0.006009293254464865,0.04560890421271324,0.04557762295007706,0,2.2256738000014593,3.1283527541543576e-05,3.128126263618469e-05,0.9984361363185987,0.32,,0.3333333333333333,0.005974829196929932,0.0
real_camera,polyu_full,Canon5D2_5_200_3200_fruit_11,0.7164733228252577,-1,noisy,39.421787982912406,0.9676079750061035,0.9962984323501587,0.0034187345299869776,0.05026913806796074,0.05026913806796074,0,0.0,0.0,0.0,0.0,,,,,
real_camera,polyu_full,Canon5D2_5_200_3200_fruit_11,0.7164733228252577,-1,ectv,39.421822892702075,0.9676095843315125,0.9962984323501587,0.0034187124110758305,0.05026913806796074,0.05026882141828537,1,0.030725499998879968,3.1666337737381994e-07,3.166496753692627e-07,0.9995895013835451,0.04,,,,
real_camera,polyu_full,Canon5D2_5_200_3200_fruit_11,0.7164733228252577,-1,ectv_fidelity,39.42206425070442,0.967613160610199,0.9962985515594482,0.0034185571130365133,0.05026913806796074,0.050266608595848083,1,0.03263830000105372,2.5333070189425484e-06,2.5294721126556396e-06,0.9995895013835451,0.32,0.08,0.3333333333333333,,
real_camera,polyu_full,Canon5D2_5_200_3200_fruit_11,0.7164733228252577,-1,tv_maxiter,33.66768192519187,0.9280096888542175,0.9610462188720703,0.009124540723860264,0.05026913806796074,0.026004400104284286,17,0.07509380000010424,inf,0.024264737963676453,0.9995895013835451,,,,,
real_camera,polyu_full,Canon5D2_5_200_3200_fruit_11,0.7164733228252577,-1,tv_fixedk_val,33.60937644657293,0.9298843741416931,0.9588679671287537,0.00912547204643488,0.05026913806796074,0.025219282135367393,40,0.17983149999963643,,0.025049855932593346,0.9995895013835451,,,,,
real_camera,polyu_full,Canon5D2_5_200_3200_fruit_11,0.7164733228252577,-1,tv_discrepancy,39.415812420949436,0.9704015254974365,0.9958680272102356,0.003644484095275402,0.05026913806796074,0.04604613780975342,1,0.009035600000061095,,0.004223000258207321,0.9995895013835451,,,,,
real_camera,polyu_full,Canon5D2_5_200_3200_fruit_11,0.7164733228252577,-1,tv_chambolle_val,39.977632436875226,0.9754518866539001,0.9968870878219604,0.002921357750892639,0.05026913806796074,0.044178515672683716,0,0.010159600000406499,,,0.0,,,,,
real_camera,polyu_full,Canon5D2_5_200_3200_fruit_11,0.7164733228252577,-1,gaussian_val,31.029087382265075,0.9305329322814941,0.9002214074134827,0.011182106100022793,0.05026913806796074,0.025891508907079697,0,0.0004361000010248972,,,0.0,,,,,
real_camera,polyu_full,Canon5D2_5_200_3200_fruit_11,0.7164733228252577,-1,median_val,28.22026318229495,0.868403971195221,0.8158422708511353,0.012140894308686256,0.05026913806796074,0.02341598831117153,0,0.0009621000008337433,,,0.0,,,,,
real_camera,polyu_full,Canon5D2_5_200_3200_fruit_11,0.7164733228252577,-1,bilateral_val,39.86302280472778,0.9740035533905029,0.9966375827789307,0.003048126120120287,0.05026913806796074,0.048202820122241974,0,0.2712658000000374,,,0.0,,,,,
real_camera,polyu_full,Canon5D2_5_200_3200_fruit_11,0.7164733228252577,-1,pm_diff_val,39.833766849639154,0.9743940234184265,0.9968617558479309,0.002917991951107979,0.05026913806796074,0.045533712953329086,5,0.008863099999871338,,,0.0,,,,,
real_camera,polyu_full,Canon5D2_5_200_3200_fruit_11,0.7164733228252577,-1,wavelet_bayes,39.45744550886119,0.9681363701820374,0.9963531494140625,0.0033815333154052496,0.05026913806796074,0.04997701197862625,0,0.0046660999996674946,,,0.0,,,,,
real_camera,polyu_full,Canon5D2_5_200_3200_fruit_11,0.7164733228252577,-1,nlm,39.55686531555009,0.970950186252594,0.9966857433319092,0.003030584892258048,0.05026913806796074,0.04895782843232155,0,0.04874940000081551,,,0.0,,,,,
real_camera,polyu_full,Canon5D2_5_200_3200_fruit_11,0.7164733228252577,-1,bm3d,39.572654356890176,0.9702239632606506,0.9965044856071472,0.003272600006312132,0.05026913806796074,0.04920731484889984,0,1.803864600000452,,,0.0,,,,,
real_camera,polyu_full,Canon5D2_5_200_3200_fruit_11,0.7164733228252577,-1,fdncnn_color,39.66579610637111,0.9712531566619873,0.9965439438819885,0.0032551882322877645,0.05026913806796074,0.04879874736070633,0,1.9769873000004736,,,0.0,,,,,
real_camera,polyu_full,Canon5D2_5_200_3200_fruit_11,0.7164733228252577,-1,ectv_fdncnn,39.422269800983074,0.9676175713539124,0.9962989091873169,0.0034184325486421585,0.05026913806796074,0.050266604870557785,0,2.016698700001143,2.5333070189425484e-06,2.5331974029541016e-06,0.9995895013835451,0.32,,0.3333333333333333,0.001457512378692627,0.0
real_camera,polyu_full,Canon5D2_5_200_3200_fruit_12,0.5107511004687824,-1,noisy,40.97722591083729,0.9670767784118652,0.9944791793823242,0.0030244910158216953,0.025585439056158066,0.025585439056158066,0,0.0,0.0,0.0,0.0,,,,,
real_camera,polyu_full,Canon5D2_5_200_3200_fruit_12,0.5107511004687824,-1,ectv,40.97724393181139,0.9670769572257996,0.9944791793823242,0.0030244793742895126,0.025585439056158066,0.025585351511836052,1,0.03261720000045898,8.805100142334657e-08,8.754432201385498e-08,0.9997913501975512,0.04,,,,
real_camera,polyu_full,Canon5D2_5_200_3200_fruit_12,0.5107511004687824,-1,ectv_fidelity,40.97737359879602,0.9670791625976562,0.9944796562194824,0.0030243906658142805,0.025585439056158066,0.025584734976291656,1,0.032342599999537924,7.044080113857402e-07,7.040798664093018e-07,0.9997913501975512,0.32,0.08,0.3333333333333333,,
real_camera,polyu_full,Canon5D2_5_200_3200_fruit_12,0.5107511004687824,-1,tv_maxiter,40.08770291597316,0.9794057011604309,0.9875691533088684,0.0033715227618813515,0.025585439056158066,0.015950703993439674,14,0.06415070000002743,inf,0.009634735062718391,0.9997913501975512,,,,,
real_camera,polyu_full,Canon5D2_5_200_3200_fruit_12,0.5107511004687824,-1,tv_fixedk_val,39.989864670685414,0.9791892170906067,0.9868565201759338,0.0033344647381454706,0.025585439056158066,0.015033930540084839,40,0.1785725999998249,,0.010551508516073227,0.9997913501975512,,,,,
real_camera,polyu_full,Canon5D2_5_200_3200_fruit_12,0.5107511004687824,-1,tv_discrepancy,41.46062165372627,0.976208508014679,0.9949063658714294,0.00279775052331388,0.025585439056158066,0.0218722652643919,2,0.013316299999132752,,0.0037131737917661667,0.9997913501975512,,,,,
real_camera,polyu_full,Canon5D2_5_200_3200_fruit_12,0.5107511004687824,-1,tv_chambolle_val,41.777330638025695,0.978543758392334,0.9964395761489868,0.0023231806699186563,0.025585439056158066,0.02128470689058304,0,0.01016420000087237,,,0.0,,,,,
real_camera,polyu_full,Canon5D2_5_200_3200_fruit_12,0.5107511004687824,-1,gaussian_val,39.07803489733554,0.9780335426330566,0.9772168397903442,0.0040748571045696735,0.025585439056158066,0.018212344497442245,0,0.0004888999992544996,,,0.0,,,,,
real_camera,polyu_full,Canon5D2_5_200_3200_fruit_12,0.5107511004687824,-1,median_val,40.237831281897684,0.9806140065193176,0.9882549047470093,0.0028574836906045675,0.025585439056158066,0.01825892925262451,0,0.0010136999990209006,,,0.0,,,,,
real_camera,polyu_full,Canon5D2_5_200_3200_fruit_12,0.5107511004687824,-1,bilateral_val,41.59622535187345,0.9739866852760315,0.9952775239944458,0.002721779514104128,0.025585439056158066,0.02419227920472622,0,0.23204869999972288,,,0.0,,,,,
real_camera,polyu_full,Canon5D2_5_200_3200_fruit_12,0.5107511004687824,-1,pm_diff_val,41.6972906047274,0.9779142737388611,0.9963749647140503,0.00233600870706141,0.025585439056158066,0.021411973983049393,5,0.009884200000669807,,,0.0,,,,,
real_camera,polyu_full,Canon5D2_5_200_3200_fruit_12,0.5107511004687824,-1,wavelet_bayes,41.07444263882985,0.9684616923332214,0.994729220867157,0.0029500105883926153,0.025585439056158066,0.02510954439640045,0,0.004140799999731826,,,0.0,,,,,
real_camera,polyu_full,Canon5D2_5_200_3200_fruit_12,0.5107511004687824,-1,nlm,41.054423482390014,0.9684163928031921,0.9947191476821899,0.0029072719626128674,0.025585439056158066,0.024996474385261536,0,0.04529189999993832,,,0.0,,,,,
real_camera,polyu_full,Canon5D2_5_200_3200_fruit_12,0.5107511004687824,-1,bm3d,41.108057665372684,0.968952476978302,0.9946958422660828,0.0029521463438868523,0.025585439056158066,0.0249184500426054,0,1.776222600001347,,,0.0,,,,,
real_camera,polyu_full,Canon5D2_5_200_3200_fruit_12,0.5107511004687824,-1,fdncnn_color,41.24794084782862,0.970386266708374,0.9948601126670837,0.0029102941043674946,0.025585439056158066,0.024569885805249214,0,1.9495208000007551,,,0.0,,,,,
real_camera,polyu_full,Canon5D2_5_200_3200_fruit_12,0.5107511004687824,-1,ectv_fdncnn,40.977410690069796,0.9670791625976562,0.9944796562194824,0.0030244120862334967,0.025585439056158066,0.025584734976291656,0,1.992303200000606,7.044080113857402e-07,7.040798664093018e-07,0.9997913501975512,0.32,,0.3333333333333333,0.0006110072135925293,0.0
real_camera,polyu_full,Canon5D2_5_200_3200_fruit_14,0.4158731476127764,-1,noisy,41.56369776836741,0.9757654070854187,0.9922308921813965,0.002591203898191452,0.02040056139230728,0.02040056139230728,0,0.0,0.0,0.0,0.0,,,,,
real_camera,polyu_full,Canon5D2_5_200_3200_fruit_14,0.4158731476127764,-1,ectv,41.56370874813958,0.9757655262947083,0.9922309517860413,0.0025911980774253607,0.02040056139230728,0.020400522276759148,1,0.030215200000384357,4.037853195380689e-08,3.91155481338501e-08,0.9998616587619047,0.04,,,,
real_camera,polyu_full,Canon5D2_5_200_3200_fruit_14,0.4158731476127764,-1,ectv_fidelity,41.563780900624934,0.9757674336433411,0.9922313094139099,0.0025911557022482157,0.02040056139230728,0.020400239154696465,1,0.033070399998905486,3.230282556303555e-07,3.2223761081695557e-07,0.9998616587619047,0.32,0.08,0.3333333333333333,,
real_camera,polyu_full,Canon5D2_5_200_3200_fruit_14,0.4158731476127764,-1,tv_maxiter,41.09339433591966,0.9805705547332764,0.9846302270889282,0.0029032279271632433,0.02040056139230728,0.01380639337003231,11,0.05156709999937448,inf,0.006594168022274971,0.9998616587619047,,,,,
real_camera,polyu_full,Canon5D2_5_200_3200_fruit_14,0.4158731476127764,-1,tv_fixedk_val,40.89690608152115,0.9798402190208435,0.9826586246490479,0.003036585170775652,0.02040056139230728,0.012884903699159622,40,0.17763639999975567,,0.007515657693147659,0.9998616587619047,,,,,
real_camera,polyu_full,Canon5D2_5_200_3200_fruit_14,0.4158731476127764,-1,tv_discrepancy,42.052948102670655,0.9815523028373718,0.9928507208824158,0.0023903397377580404,0.02040056139230728,0.017756186425685883,2,0.011974700000791927,,0.002644374966621399,0.9998616587619047,,,,,
real_camera,polyu_full,Canon5D2_5_200_3200_fruit_14,0.4158731476127764,-1,tv_chambolle_val,42.098987406753125,0.9819524884223938,0.9939971566200256,0.002227617194876075,0.02040056139230728,0.017667412757873535,0,0.007603899999594432,,,0.0,,,,,
real_camera,polyu_full,Canon5D2_5_200_3200_fruit_14,0.4158731476127764,-1,gaussian_val,40.64963137018293,0.9822191596031189,0.9750633239746094,0.003085948759689927,0.02040056139230728,0.015175451524555683,0,0.00042860000030486844,,,0.0,,,,,
real_camera,polyu_full,Canon5D2_5_200_3200_fruit_14,0.4158731476127764,-1,median_val,41.205527870110636,0.9811349511146545,0.9857426881790161,0.00267406040802598,0.02040056139230728,0.015423588454723358,0,0.0010466000003361842,,,0.0,,,,,
real_camera,polyu_full,Canon5D2_5_200_3200_fruit_14,0.4158731476127764,-1,bilateral_val,41.9652018555547,0.9792904853820801,0.9927360415458679,0.002475448651239276,0.02040056139230728,0.019680922850966454,0,0.24640519999957178,,,0.0,,,,,
real_camera,polyu_full,Canon5D2_5_200_3200_fruit_14,0.4158731476127764,-1,pm_diff_val,41.95978572501964,0.9809360504150391,0.9936727285385132,0.0022701749112457037,0.02040056139230728,0.01798594743013382,5,0.009995300000809948,,,0.0,,,,,
real_camera,polyu_full,Canon5D2_5_200_3200_fruit_14,0.4158731476127764,-1,wavelet_bayes,41.62991436201687,0.9764955639839172,0.9924632906913757,0.002550186589360237,0.02040056139230728,0.020098764449357986,0,0.005316000000675558,,,0.0,,,,,
real_camera,polyu_full,Canon5D2_5_200_3200_fruit_14,0.4158731476127764,-1,nlm,41.61327019604692,0.9765395522117615,0.9924643635749817,0.0025398856960237026,0.02040056139230728,0.020055275410413742,0,0.04072289999930945,,,0.0,,,,,
real_camera,polyu_full,Canon5D2_5_200_3200_fruit_14,0.4158731476127764,-1,bm3d,41.665299755755186,0.9769988656044006,0.9924657940864563,0.002549041761085391,0.02040056139230728,0.01992388442158699,0,1.8086488999997528,,,0.0,,,,,
real_camera,polyu_full,Canon5D2_5_200_3200_fruit_14,0.4158731476127764,-1,fdncnn_color,41.765542780600164,0.9776380658149719,0.9926416277885437,0.002518251072615385,0.02040056139230728,0.019764931872487068,0,1.9629531999999017,,,0.0,,,,,
real_camera,polyu_full,Canon5D2_5_200_3200_fruit_14,0.4158731476127764,-1,ectv_fdncnn,41.56379652512477,0.9757673144340515,0.9922314286231995,0.002591167576611042,0.02040056139230728,0.020400239154696465,0,2.009985799999413,3.230282556303555e-07,3.2223761081695557e-07,0.9998616587619047,0.32,,0.3333333333333333,0.00042754411697387695,0.0
real_camera,polyu_full,Canon5D2_5_200_3200_toy_12,2.2719388476253655,-1,noisy,37.76701460473315,0.9555627703666687,0.9943228363990784,0.004518390633165836,0.0629081204533577,0.0629081204533577,0,0.0,0.0,0.0,0.0,,,,,
real_camera,polyu_full,Canon5D2_5_200_3200_toy_12,2.2719388476253655,-1,ectv,37.76900667523922,0.9555838108062744,0.9943249821662903,0.004516494460403919,0.0629081204533577,0.06288441270589828,1,0.03203690000009374,2.3712817618848855e-05,2.370774745941162e-05,0.9958876399077041,0.04,,,,
real_camera,polyu_full,Canon5D2_5_200_3200_toy_12,2.2719388476253655,-1,ectv_fidelity,37.782796625280525,0.9557301998138428,0.9943422079086304,0.00450354116037488,0.0629081204533577,0.06271842122077942,1,0.03089899999940826,0.00018970252079029452,0.0001896992325782776,0.9958876399077041,0.32,0.08,0.3333333333333333,,
real_camera,polyu_full,Canon5D2_5_200_3200_toy_12,2.2719388476253655,-1,tv_maxiter,32.70747530143193,0.7883211970329285,0.925184965133667,0.016583271324634552,0.0629081204533577,0.02409474179148674,19,0.08553320000100939,inf,0.038813378661870956,0.9958876399077041,,,,,
real_camera,polyu_full,Canon5D2_5_200_3200_toy_12,2.2719388476253655,-1,tv_fixedk_val,32.85853163094474,0.7989991307258606,0.9235243201255798,0.016824711114168167,0.0629081204533577,0.023534202948212624,40,0.17827889999898616,,0.03937391750514507,0.9958876399077041,,,,,
real_camera,polyu_full,Canon5D2_5_200_3200_toy_12,2.2719388476253655,-1,tv_discrepancy,36.80417817737352,0.9363039135932922,0.9855034351348877,0.008024690672755241,0.0629081204533577,0.04187563434243202,3,0.01807360000020708,,0.021032486110925674,0.9958876399077041,,,,,
real_camera,polyu_full,Canon5D2_5_200_3200_toy_12,2.2719388476253655,-1,tv_chambolle_val,37.048422607635125,0.9323775172233582,0.9833101630210876,0.008295275270938873,0.0629081204533577,0.0410514771938324,0,0.01735279999957129,,,0.0,,,,,
real_camera,polyu_full,Canon5D2_5_200_3200_toy_12,2.2719388476253655,-1,gaussian_val,33.692729291354134,0.8873658776283264,0.9535048007965088,0.013517148792743683,0.0629081204533577,0.03310166299343109,0,0.0004074000007676659,,,0.0,,,,,
real_camera,polyu_full,Canon5D2_5_200_3200_toy_12,2.2719388476253655,-1,median_val,32.06932251328446,0.8005807399749756,0.9303245544433594,0.015123742632567883,0.0629081204533577,0.03002966195344925,0,0.0010040000015578698,,,0.0,,,,,
real_camera,polyu_full,Canon5D2_5_200_3200_toy_12,2.2719388476253655,-1,bilateral_val,38.02185976022047,0.9592812657356262,0.9908211827278137,0.005641233641654253,0.0629081204533577,0.05538610368967056,0,0.23357899999973597,,,0.0,,,,,
real_camera,polyu_full,Canon5D2_5_200_3200_toy_12,2.2719388476253655,-1,pm_diff_val,36.198348967909695,0.9135438799858093,0.9773487448692322,0.009287688881158829,0.0629081204533577,0.039701130241155624,5,0.009179999999105348,,,0.0,,,,,
real_camera,polyu_full,Canon5D2_5_200_3200_toy_12,2.2719388476253655,-1,wavelet_bayes,37.835471637593145,0.9558919072151184,0.9941329956054688,0.004527187440544367,0.0629081204533577,0.058219194412231445,0,0.004525500000454485,,,0.0,,,,,
real_camera,polyu_full,Canon5D2_5_200_3200_toy_12,2.2719388476253655,-1,nlm,38.00435048916193,0.9588882327079773,0.9938030242919922,0.004689190071076155,0.0629081204533577,0.05855773016810417,0,0.04520349999984319,,,0.0,,,,,
real_camera,polyu_full,Canon5D2_5_200_3200_toy_12,2.2719388476253655,-1,bm3d,38.31845867819324,0.9630669951438904,0.9944586157798767,0.004430840257555246,0.0629081204533577,0.05995003134012222,0,1.774698899998839,,,0.0,,,,,
real_camera,polyu_full,Canon5D2_5_200_3200_toy_12,2.2719388476253655,-1,fdncnn_color,38.60298594620219,0.9658994674682617,0.9943528771400452,0.0044419229961931705,0.0629081204533577,0.05700051039457321,0,1.983469500000865,,,0.0,,,,,
real_camera,polyu_full,Canon5D2_5_200_3200_toy_12,2.2719388476253655,-1,ectv_fdncnn,37.79991702300204,0.9560101628303528,0.9943423271179199,0.004507539793848991,0.0629081204533577,0.06271842122077942,0,2.024827200002619,0.00018970252079029452,0.0001896992325782776,0.9958876399077041,0.32,,0.3333333333333333,0.027936995029449463,0.0
real_camera,polyu_full,Canon5D2_5_200_3200_toy_1,1.3507787966533484,-1,noisy,38.569645315036055,0.955726146697998,0.992639422416687,0.004213643725961447,0.04881737753748894,0.04881737753748894,0,0.0,0.0,0.0,0.0,,,,,
real_camera,polyu_full,Canon5D2_5_200_3200_toy_1,1.3507787966533484,-1,ectv,38.570056665106634,0.9557311534881592,0.9926401972770691,0.004213322885334492,0.04881737753748894,0.04881395027041435,1,0.0307278000000224,3.4278410593763304e-06,3.427267074584961e-06,0.9985424459156607,0.04,,,,
real_camera,polyu_full,Canon5D2_5_200_3200_toy_1,1.3507787966533484,-1,ectv_fidelity,38.57292737968213,0.9557642340660095,0.9926453232765198,0.00421108677983284,0.04881737753748894,0.04878995567560196,1,0.031220400000165682,2.7422728414111122e-05,2.742186188697815e-05,0.9985424459156607,0.32,0.08,0.3333333333333333,,
real_camera,polyu_full,Canon5D2_5_200_3200_toy_1,1.3507787966533484,-1,tv_maxiter,33.945962098512915,0.8514775633811951,0.9287945628166199,0.01201082207262516,0.04881737753748894,0.021412791684269905,19,0.08614599999964412,inf,0.027404585853219032,0.9985424459156607,,,,,
real_camera,polyu_full,Canon5D2_5_200_3200_toy_1,1.3507787966533484,-1,tv_fixedk_val,34.07097046223824,0.8594062924385071,0.9270170331001282,0.012136073783040047,0.04881737753748894,0.02079669199883938,40,0.17895490000046266,,0.02802068553864956,0.9985424459156607,,,,,
real_camera,polyu_full,Canon5D2_5_200_3200_toy_1,1.3507787966533484,-1,tv_discrepancy,38.3476558686855,0.9546310305595398,0.9869523644447327,0.005763006396591663,0.04881737753748894,0.03529442474246025,3,0.016809900000225753,,0.013522952795028687,0.9985424459156607,,,,,
real_camera,polyu_full,Canon5D2_5_200_3200_toy_1,1.3507787966533484,-1,tv_chambolle_val,39.000850538344544,0.9621575474739075,0.9910139441490173,0.0046113599091768265,0.04881737753748894,0.03756672888994217,0,0.01179000000047381,,,0.0,,,,,
real_camera,polyu_full,Canon5D2_5_200_3200_toy_1,1.3507787966533484,-1,gaussian_val,35.87402849701023,0.9299353957176208,0.9625954031944275,0.008956387639045715,0.04881737753748894,0.0297577902674675,0,0.0003462999993644189,,,0.0,,,,,
real_camera,polyu_full,Canon5D2_5_200_3200_toy_1,1.3507787966533484,-1,median_val,34.34612123696556,0.8794247508049011,0.9439247250556946,0.010150994174182415,0.04881737753748894,0.027404291555285454,0,0.0011219000007258728,,,0.0,,,,,
real_camera,polyu_full,Canon5D2_5_200_3200_toy_1,1.3507787966533484,-1,bilateral_val,39.222987964990345,0.9664363265037537,0.9926562905311584,0.004060631152242422,0.04881737753748894,0.044885411858558655,0,0.266034899999795,,,0.0,,,,,
real_camera,polyu_full,Canon5D2_5_200_3200_toy_1,1.3507787966533484,-1,pm_diff_val,38.57091899366778,0.9580816626548767,0.9901801943778992,0.0046868701465427876,0.04881737753748894,0.038498327136039734,5,0.008351700000275741,,,0.0,,,,,
real_camera,polyu_full,Canon5D2_5_200_3200_toy_1,1.3507787966533484,-1,wavelet_bayes,38.727859092045264,0.9583342671394348,0.9930127859115601,0.004063019994646311,0.04881737753748894,0.046909648925065994,0,0.004568199999994249,,,0.0,,,,,
real_camera,polyu_full,Canon5D2_5_200_3200_toy_1,1.3507787966533484,-1,nlm,38.87178248226493,0.9628698825836182,0.9934573173522949,0.0038527504075318575,0.04881737753748894,0.0464404933154583,0,0.04263209999953688,,,0.0,,,,,
real_camera,polyu_full,Canon5D2_5_200_3200_toy_1,1.3507787966533484,-1,bm3d,38.9020838763117,0.9611053466796875,0.9931172728538513,0.0040336181409657,0.04881737753748894,0.046913307160139084,0,1.7528213000005053,,,0.0,,,,,
real_camera,polyu_full,Canon5D2_5_200_3200_toy_1,1.3507787966533484,-1,fdncnn_color,39.140410459211196,0.9644824862480164,0.9933524131774902,0.003941728733479977,0.04881737753748894,0.045716702938079834,0,1.9600537000005716,,,0.0,,,,,
real_camera,polyu_full,Canon5D2_5_200_3200_toy_1,1.3507787966533484,-1,ectv_fdncnn,38.57507407390969,0.9558146595954895,0.9926479458808899,0.004210646729916334,0.04881737753748894,0.04878995567560196,0,2.0016743000014685,2.7422728414111122e-05,2.742186188697815e-05,0.9985424459156607,0.32,,0.3333333333333333,0.007704317569732666,0.0
real_camera,polyu_full,Canon5D2_5_200_3200_toy_2,0.7865272891627995,-1,noisy,39.47473290697024,0.9656669497489929,0.9960808753967285,0.0037781617138534784,0.04498701170086861,0.04498701170086861,0,0.0,0.0,0.0,0.0,,,,,
real_camera,polyu_full,Canon5D2_5_200_3200_toy_2,0.7865272891627995,-1,ectv,39.47480047269393,0.9656683802604675,0.9960810542106628,0.003778110258281231,0.04498701170086861,0.044986579567193985,1,0.031858400001510745,4.5017643906379833e-07,4.3213367462158203e-07,0.9995053447040823,0.04,,,,
real_camera,polyu_full,Canon5D2_5_200_3200_toy_2,0.7865272891627995,-1,ectv_fidelity,39.47529442488336,0.9656738638877869,0.9960819482803345,0.003777730744332075,0.04498701170086861,0.04498341307044029,1,0.031681799999205396,3.601411512372443e-06,3.598630428314209e-06,0.9995053447040823,0.32,0.08,0.3333333333333333,,
real_camera,polyu_full,Canon5D2_5_200_3200_toy_2,0.7865272891627995,-1,tv_maxiter,35.73593827650217,0.9198351502418518,0.9714869260787964,0.008044062182307243,0.04498701170086861,0.026569204404950142,17,0.0815682000011293,inf,0.018417807295918465,0.9995053447040823,,,,,
real_camera,polyu_full,Canon5D2_5_200_3200_toy_2,0.7865272891627995,-1,tv_fixedk_val,35.989931478760916,0.9273726940155029,0.9711145758628845,0.007883024401962757,0.04498701170086861,0.02579161338508129,40,0.17712439999922935,,0.019195398315787315,0.9995053447040823,,,,,
real_camera,polyu_full,Canon5D2_5_200_3200_toy_2,0.7865272891627995,-1,tv_discrepancy,39.79390418974861,0.971821129322052,0.995747447013855,0.0038507289718836546,0.04498701170086861,0.038852591067552567,2,0.013514399999621673,,0.00613442063331604,0.9995053447040823,,,,,
real_camera,polyu_full,Canon5D2_5_200_3200_toy_2,0.7865272891627995,-1,tv_chambolle_val,40.12952503745005,0.9766622185707092,0.9968165159225464,0.0031567581463605165,0.04498701170086861,0.03842739760875702,0,0.011008100000253762,,,0.0,,,,,
real_camera,polyu_full,Canon5D2_5_200_3200_toy_2,0.7865272891627995,-1,gaussian_val,36.473795369592246,0.9559881091117859,0.9808956384658813,0.007253526244312525,0.04498701170086861,0.03174767643213272,0,0.0004048999999213265,,,0.0,,,,,
real_camera,polyu_full,Canon5D2_5_200_3200_toy_2,0.7865272891627995,-1,median_val,35.87588509569723,0.934700071811676,0.9771515727043152,0.006716710515320301,0.04498701170086861,0.03064216859638691,0,0.0009688999998616055,,,0.0,,,,,
real_camera,polyu_full,Canon5D2_5_200_3200_toy_2,0.7865272891627995,-1,bilateral_val,40.18901477376066,0.975753128528595,0.9966791868209839,0.003315588692203164,0.04498701170086861,0.042451612651348114,0,0.2427334999993036,,,0.0,,,,,
real_camera,polyu_full,Canon5D2_5_200_3200_toy_2,0.7865272891627995,-1,pm_diff_val,40.01489231846375,0.9764931797981262,0.9969517588615417,0.003073735162615776,0.04498701170086861,0.03950210288167,5,0.009715599999253755,,,0.0,,,,,
real_camera,polyu_full,Canon5D2_5_200_3200_toy_2,0.7865272891627995,-1,wavelet_bayes,39.566191505890245,0.967097818851471,0.9962301254272461,0.003688283497467637,0.04498701170086861,0.04431268572807312,0,0.004754499999762629,,,0.0,,,,,
real_camera,polyu_full,Canon5D2_5_200_3200_toy_2,0.7865272891627995,-1,nlm,39.64356150052793,0.9694762825965881,0.9963805675506592,0.0035139804240316153,0.04498701170086861,0.04346570745110512,0,0.0437608000011096,,,0.0,,,,,
real_camera,polyu_full,Canon5D2_5_200_3200_toy_2,0.7865272891627995,-1,bm3d,39.66356851493171,0.9687871932983398,0.9962698221206665,0.003649313934147358,0.04498701170086861,0.043834179639816284,0,1.7835944999987987,,,0.0,,,,,
real_camera,polyu_full,Canon5D2_5_200_3200_toy_2,0.7865272891627995,-1,fdncnn_color,39.79886132792085,0.9709402918815613,0.9964190721511841,0.003549602348357439,0.04498701170086861,0.04313908517360687,0,1.9650168000007397,,,0.0,,,,,
real_camera,polyu_full,Canon5D2_5_200_3200_toy_2,0.7865272891627995,-1,ectv_fdncnn,39.47540319902664,0.9656786918640137,0.9960817694664001,0.0037776813842356205,0.04498701170086861,0.04498341307044029,0,2.0066882000010082,3.601411512372443e-06,3.598630428314209e-06,0.9995053447040823,0.32,,0.3333333333333333,0.0017185807228088379,0.0
real_camera,polyu_full,Canon5D2_5_200_3200_toy_3,1.0645130759684285,-1,noisy,39.40522384139528,0.9630319476127625,0.9946662783622742,0.003941054455935955,0.04468332976102829,0.04468332976102829,0,0.0,0.0,0.0,0.0,,,,,
real_camera,polyu_full,Canon5D2_5_200_3200_toy_3,1.0645130759684285,-1,ectv,39.405381204885856,0.9630337357521057,0.9946666359901428,0.00394095666706562,0.04468332976102829,0.04468192532658577,1,0.032429400000182795,1.4049779171402447e-06,1.4044344425201416e-06,0.9990942708661663,0.04,,,,
real_camera,polyu_full,Canon5D2_5_200_3200_toy_3,1.0645130759684285,-1,ectv_fidelity,39.40648325855403,0.9630447030067444,0.9946678876876831,0.003940275404602289,0.04468332976102829,0.04467209056019783,1,0.031427699999767356,1.1239823332928616e-05,1.1239200830459595e-05,0.9990942708661663,0.32,0.08,0.3333333333333333,,
real_camera,polyu_full,Canon5D2_5_200_3200_toy_3,1.0645130759684285,-1,tv_maxiter,35.75218337543521,0.8995956778526306,0.9698617458343506,0.008540445938706398,0.04468332976102829,0.023848138749599457,16,0.07385409999915282,inf,0.020835191011428833,0.9990942708661663,,,,,
real_camera,polyu_full,Canon5D2_5_200_3200_toy_3,1.0645130759684285,-1,tv_fixedk_val,35.874278536794414,0.9056950211524963,0.9692218899726868,0.008656668476760387,0.04468332976102829,0.023136988282203674,40,0.1782379000014771,,0.021546341478824615,0.9990942708661663,,,,,
real_camera,polyu_full,Canon5D2_5_200_3200_toy_3,1.0645130759684285,-1,tv_discrepancy,39.41149276107005,0.9647719264030457,0.993428647518158,0.00437830900773406,0.04468332976102829,0.036233458667993546,2,0.014375099999597296,,0.008449871093034744,0.9990942708661663,,,,,
real_camera,polyu_full,Canon5D2_5_200_3200_toy_3,1.0645130759684285,-1,tv_chambolle_val,39.78677788731167,0.9677338004112244,0.994066059589386,0.004093938507139683,0.04468332976102829,0.035573359578847885,0,0.01092860000062501,,,0.0,,,,,
real_camera,polyu_full,Canon5D2_5_200_3200_toy_3,1.0645130759684285,-1,gaussian_val,34.88491708435436,0.9329977035522461,0.9596285820007324,0.008852445520460606,0.04468332976102829,0.027580883353948593,0,0.00043930000174441375,,,0.0,,,,,
real_camera,polyu_full,Canon5D2_5_200_3200_toy_3,1.0645130759684285,-1,median_val,34.411938687635136,0.9022154808044434,0.9579511284828186,0.008126643486320972,0.04468332976102829,0.026961244642734528,0,0.0011517999992065597,,,0.0,,,,,
real_camera,polyu_full,Canon5D2_5_200_3200_toy_3,1.0645130759684285,-1,bilateral_val,39.97639820359089,0.9693734049797058,0.99443119764328,0.004005682189017534,0.04468332976102829,0.04254423826932907,0,0.2514257999991969,,,0.0,,,,,
real_camera,polyu_full,Canon5D2_5_200_3200_toy_3,1.0645130759684285,-1,pm_diff_val,39.55758350106907,0.966630220413208,0.994074821472168,0.004055434837937355,0.04468332976102829,0.03702886402606964,5,0.009802900000067893,,,0.0,,,,,
real_camera,polyu_full,Canon5D2_5_200_3200_toy_3,1.0645130759684285,-1,wavelet_bayes,39.498888790205925,0.9643393158912659,0.994786262512207,0.0038696120027452707,0.04468332976102829,0.04364275187253952,0,0.004496999999901163,,,0.0,,,,,
real_camera,polyu_full,Canon5D2_5_200_3200_toy_3,1.0645130759684285,-1,nlm,39.59575833619465,0.9669551849365234,0.994871973991394,0.003801896935328841,0.04468332976102829,0.0428590290248394,0,0.04583300000012969,,,0.0,,,,,
real_camera,polyu_full,Canon5D2_5_200_3200_toy_3,1.0645130759684285,-1,bm3d,39.660133391228015,0.9667556881904602,0.9948422312736511,0.0038328964728862047,0.04468332976102829,0.04314754158258438,0,1.7681152000004658,,,0.0,,,,,
real_camera,polyu_full,Canon5D2_5_200_3200_toy_3,1.0645130759684285,-1,fdncnn_color,39.85656470736878,0.9692800641059875,0.9949423670768738,0.0037589927669614553,0.04468332976102829,0.042030032724142075,0,1.964998999999807,,,0.0,,,,,
real_camera,polyu_full,Canon5D2_5_200_3200_toy_3,1.0645130759684285,-1,ectv_fdncnn,39.407273306245166,0.9630632400512695,0.9946678876876831,0.003940066322684288,0.04468332976102829,0.04467209056019783,0,2.005993099999614,1.1239823332928616e-05,1.1239200830459595e-05,0.9990942708661663,0.32,,0.3333333333333333,0.0035941600799560547,0.0
real_camera,polyu_full,Canon5D2_5_200_3200_toy_6,1.1527370007183724,-1,noisy,39.427411454226146,0.9565632343292236,0.9927939772605896,0.004169669933617115,0.044186681509017944,0.044186681509017944,0,0.0,0.0,0.0,0.0,,,,,
real_camera,polyu_full,Canon5D2_5_200_3200_toy_6,1.1527370007183724,-1,ectv,39.42762582429674,0.9565659165382385,0.9927946329116821,0.004169521387666464,0.044186681509017944,0.044184789061546326,1,0.0316703000007692,1.8937986008972321e-06,1.8924474716186523e-06,0.9989380871837505,0.04,,,,
real_camera,polyu_full,Canon5D2_5_200_3200_toy_6,1.1527370007183724,-1,ectv_fidelity,39.429124747252516,0.9565851092338562,0.9927969574928284,0.004168486222624779,0.044186681509017944,0.0441715344786644,1,0.031164999998509302,1.5150388796908267e-05,1.5147030353546143e-05,0.9989380871837505,0.32,0.08,0.3333333333333333,,
real_camera,polyu_full,Canon5D2_5_200_3200_toy_6,1.1527370007183724,-1,tv_maxiter,35.88230940243101,0.8953935503959656,0.9594413638114929,0.008322282694280148,0.044186681509017944,0.02157684415578842,17,0.07727499999964493,inf,0.022609837353229523,0.9989380871837505,,,,,
real_camera,polyu_full,Canon5D2_5_200_3200_toy_6,1.1527370007183724,-1,tv_fixedk_val,36.05006679249026,0.9019995331764221,0.9586386680603027,0.008431671187281609,0.044186681509017944,0.020873013883829117,40,0.17672049999964656,,0.023313667625188828,0.9989380871837505,,,,,
real_camera,polyu_full,Canon5D2_5_200_3200_toy_6,1.1527370007183724,-1,tv_discrepancy,39.56502754566926,0.9609599113464355,0.9915826320648193,0.004420294426381588,0.044186681509017944,0.03514665737748146,2,0.01236360000075365,,0.009040024131536484,0.9989380871837505,,,,,
real_camera,polyu_full,Canon5D2_5_200_3200_toy_6,1.1527370007183724,-1,tv_chambolle_val,39.97364182998924,0.9668943881988525,0.9924330711364746,0.004004180431365967,0.044186681509017944,0.03327919915318489,0,0.012380299998767441,,,0.0,,,,,
real_camera,polyu_full,Canon5D2_5_200_3200_toy_6,1.1527370007183724,-1,gaussian_val,36.04318376151272,0.9317138195037842,0.9620760083198547,0.007709069177508354,0.044186681509017944,0.026304330676794052,0,0.00041620000047259964,,,0.0,,,,,
real_camera,polyu_full,Canon5D2_5_200_3200_toy_6,1.1527370007183724,-1,median_val,35.48683039480183,0.899846076965332,0.9597846269607544,0.007461064029484987,0.044186681509017944,0.025531377643346786,0,0.0009902999991027173,,,0.0,,,,,
real_camera,polyu_full,Canon5D2_5_200_3200_toy_6,1.1527370007183724,-1,bilateral_val,40.43205790123316,0.971409022808075,0.9936479330062866,0.0037632521707564592,0.044186681509017944,0.04064333438873291,0,0.24014990000068792,,,0.0,,,,,
real_camera,polyu_full,Canon5D2_5_200_3200_toy_6,1.1527370007183724,-1,pm_diff_val,39.800545280006986,0.9660376906394958,0.9925689101219177,0.003922595642507076,0.044186681509017944,0.03450167179107666,5,0.010058200001367368,,,0.0,,,,,
real_camera,polyu_full,Canon5D2_5_200_3200_toy_6,1.1527370007183724,-1,wavelet_bayes,39.59215832544815,0.9593165516853333,0.9931733012199402,0.004017471335828304,0.044186681509017944,0.04258148372173309,0,0.004782399999385234,,,0.0,,,,,
real_camera,polyu_full,Canon5D2_5_200_3200_toy_6,1.1527370007183724,-1,nlm,39.82768495674455,0.9645118713378906,0.9937654137611389,0.003739918116480112,0.044186681509017944,0.04161161929368973,0,0.04438099999970291,,,0.0,,,,,
real_camera,polyu_full,Canon5D2_5_200_3200_toy_6,1.1527370007183724,-1,bm3d,39.769320716681705,0.9619409441947937,0.9932742118835449,0.003985442686825991,0.044186681509017944,0.04245155304670334,0,1.7462138999999297,,,0.0,,,,,
real_camera,polyu_full,Canon5D2_5_200_3200_toy_6,1.1527370007183724,-1,fdncnn_color,40.055616032127084,0.9658107757568359,0.9935048818588257,0.003888508304953575,0.044186681509017944,0.0412905290722847,0,1.9597131999998965,,,0.0,,,,,
real_camera,polyu_full,Canon5D2_5_200_3200_toy_6,1.1527370007183724,-1,ectv_fdncnn,39.43086280054026,0.9566171169281006,0.9927988648414612,0.004167930223047733,0.044186681509017944,0.0441715344786644,0,2.000549000000319,1.5150388796908267e-05,1.5147030353546143e-05,0.9989380871837505,0.32,,0.3333333333333333,0.004604518413543701,0.0
real_camera,polyu_full,Canon600D_3-5_125_1600_waterhouse_10,1.0396835438886132,-1,noisy,38.84673010159676,0.9356410503387451,0.9800376892089844,0.005307438317686319,0.03135111555457115,0.03135111555457115,0,0.0,0.0,0.0,0.0,,,,,
real_camera,polyu_full,Canon600D_3-5_125_1600_waterhouse_10,1.0396835438886132,-1,ectv,38.84697349551044,0.9356451034545898,0.9800387620925903,0.0053072115406394005,0.03135111555457115,0.03134983032941818,1,0.03096940000068571,1.2858899065027876e-06,1.2852251529693604e-06,0.9991359938705433,0.04,,,,
real_camera,polyu_full,Canon600D_3-5_125_1600_waterhouse_10,1.0396835438886132,-1,ectv_fidelity,38.84867486185348,0.9356763958930969,0.9800463318824768,0.005305629689246416,0.03135111555457115,0.0313408300280571,1,0.03206569999929343,1.0287119248807435e-05,1.0285526514053345e-05,0.9991359938705433,0.32,0.08,0.3333333333333333,,
real_camera,polyu_full,Canon600D_3-5_125_1600_waterhouse_10,1.0396835438886132,-1,tv_maxiter,37.04702143288123,0.8836914896965027,0.939268946647644,0.008991650305688381,0.03135111555457115,0.00930554699152708,20,0.0895079000001715,inf,0.02204556856304407,0.9991359938705433,,,,,
real_camera,polyu_full,Canon600D_3-5_125_1600_waterhouse_10,1.0396835438886132,-1,tv_fixedk_val,36.894780834212995,0.8820064663887024,0.933982789516449,0.009585623629391193,0.03135111555457115,0.008170632645487785,40,0.17534619999969436,,0.023180482909083366,0.9991359938705433,,,,,
real_camera,polyu_full,Canon600D_3-5_125_1600_waterhouse_10,1.0396835438886132,-1,tv_discrepancy,40.29504702974441,0.9613475799560547,0.9858442544937134,0.0042249043472111225,0.03135111555457115,0.02112407423555851,3,0.017109700000219163,,0.010227041319012642,0.9991359938705433,,,,,
real_camera,polyu_full,Canon600D_3-5_125_1600_waterhouse_10,1.0396835438886132,-1,tv_chambolle_val,40.19289082810553,0.9581825137138367,0.9851928949356079,0.004336878191679716,0.03135111555457115,0.021426578983664513,0,0.014109300000200165,,,0.0,,,,,
real_camera,polyu_full,Canon600D_3-5_125_1600_waterhouse_10,1.0396835438886132,-1,gaussian_val,38.3941974572673,0.9575955271720886,0.9695294499397278,0.005624482408165932,0.03135111555457115,0.01696391962468624,0,0.00032729999838920776,,,0.0,,,,,
real_camera,polyu_full,Canon600D_3-5_125_1600_waterhouse_10,1.0396835438886132,-1,median_val,37.96217667954816,0.9357373714447021,0.9571949243545532,0.006693629082292318,0.03135111555457115,0.014958848245441914,0,0.001022200000079465,,,0.0,,,,,
real_camera,polyu_full,Canon600D_3-5_125_1600_waterhouse_10,1.0396835438886132,-1,bilateral_val,39.72578617693551,0.9465672969818115,0.9825996160507202,0.004806625656783581,0.03135111555457115,0.028550876304507256,0,0.2179178000005777,,,0.0,,,,,
real_camera,polyu_full,Canon600D_3-5_125_1600_waterhouse_10,1.0396835438886132,-1,pm_diff_val,40.16230125959963,0.9579773545265198,0.9844004511833191,0.004424558021128178,0.03135111555457115,0.02080102264881134,5,0.0098982999988948,,,0.0,,,,,
real_camera,polyu_full,Canon600D_3-5_125_1600_waterhouse_10,1.0396835438886132,-1,wavelet_bayes,39.209050790792716,0.9424137473106384,0.9820124506950378,0.004971866495907307,0.03135111555457115,0.029249299317598343,0,0.0045059000003675465,,,0.0,,,,,
real_camera,polyu_full,Canon600D_3-5_125_1600_waterhouse_10,1.0396835438886132,-1,nlm,38.99157434034103,0.9386994242668152,0.9806066155433655,0.00518728606402874,0.03135111555457115,0.030380260199308395,0,0.04118930000004184,,,0.0,,,,,
real_camera,polyu_full,Canon600D_3-5_125_1600_waterhouse_10,1.0396835438886132,-1,bm3d,39.097226508378924,0.9403735995292664,0.9806705117225647,0.005203548818826675,0.03135111555457115,0.0301003847271204,0,1.784823600000891,,,0.0,,,,,
real_camera,polyu_full,Canon600D_3-5_125_1600_waterhouse_10,1.0396835438886132,-1,fdncnn_color,39.434520894520084,0.9461814761161804,0.9817616939544678,0.004997145384550095,0.03135111555457115,0.028499392792582512,0,1.9595220000010158,,,0.0,,,,,
real_camera,polyu_full,Canon600D_3-5_125_1600_waterhouse_10,1.0396835438886132,-1,ectv_fdncnn,38.84880935274725,0.9356803297996521,0.9800440073013306,0.005306316539645195,0.03135111555457115,0.0313408300280571,0,2.0034335000000283,1.0287119248807435e-05,1.0285526514053345e-05,0.9991359938705433,0.32,,0.3333333333333333,0.003187239170074463,0.0
real_camera,polyu_full,Canon600D_3-5_125_1600_waterhouse_11,0.9119954680200745,-1,noisy,39.49550378748689,0.9410862922668457,0.9722469449043274,0.004843094386160374,0.02655971050262451,0.02655971050262451,0,0.0,0.0,0.0,0.0,,,,,
real_camera,polyu_full,Canon600D_3-5_125_1600_waterhouse_11,0.9119954680200745,-1,ectv,39.49566462004492,0.9410894513130188,0.9722481966018677,0.0048429579474031925,0.02655971050262451,0.026558928191661835,1,0.031681500000559026,7.859328840422978e-07,7.82310962677002e-07,0.9993350539586887,0.04,,,,
real_camera,polyu_full,Canon600D_3-5_125_1600_waterhouse_11,0.9119954680200745,-1,ectv_fidelity,39.496793660283736,0.941108763217926,0.9722552299499512,0.004842001013457775,0.02655971050262451,0.026553425937891006,1,0.03217120000044815,6.287463071604361e-06,6.284564733505249e-06,0.9993350539586887,0.32,0.08,0.3333333333333333,,
real_camera,polyu_full,Canon600D_3-5_125_1600_waterhouse_11,0.9119954680200745,-1,tv_maxiter,38.76945119863719,0.9501168131828308,0.9492346048355103,0.0053441161289811134,0.02655971050262451,0.010101258754730225,18,0.08310940000046685,inf,0.016458451747894287,0.9993350539586887,,,,,
real_camera,polyu_full,Canon600D_3-5_125_1600_waterhouse_11,0.9119954680200745,-1,tv_fixedk_val,38.292720350276205,0.9445610046386719,0.942785382270813,0.005786533933132887,0.02655971050262451,0.008883755654096603,40,0.18011359999945853,,0.01767595484852791,0.9993350539586887,,,,,
real_camera,polyu_full,Canon600D_3-5_125_1600_waterhouse_11,0.9119954680200745,-1,tv_discrepancy,40.81763798878445,0.9654917120933533,0.9795415997505188,0.0036776948254555464,0.02655971050262451,0.01763538084924221,3,0.016932599999563536,,0.008924329653382301,0.9993350539586887,,,,,
real_camera,polyu_full,Canon600D_3-5_125_1600_waterhouse_11,0.9119954680200745,-1,tv_chambolle_val,40.953731075594064,0.9660294055938721,0.982542872428894,0.003451569937169552,0.02655971050262451,0.017689350992441177,0,0.016522299998541712,,,0.0,,,,,
real_camera,polyu_full,Canon600D_3-5_125_1600_waterhouse_11,0.9119954680200745,-1,gaussian_val,39.52497646011066,0.9653720259666443,0.957958996295929,0.004263942129909992,0.02655971050262451,0.014552054926753044,0,0.0004045999994559679,,,0.0,,,,,
real_camera,polyu_full,Canon600D_3-5_125_1600_waterhouse_11,0.9119954680200745,-1,median_val,39.255167774698336,0.962073028087616,0.9567482471466064,0.00430415291339159,0.02655971050262451,0.013665620237588882,0,0.000987600000371458,,,0.0,,,,,
real_camera,polyu_full,Canon600D_3-5_125_1600_waterhouse_11,0.9119954680200745,-1,bilateral_val,40.52548092970484,0.9558236598968506,0.9783821105957031,0.004036957863718271,0.02655971050262451,0.0233110673725605,0,0.23388879999947676,,,0.0,,,,,
real_camera,polyu_full,Canon600D_3-5_125_1600_waterhouse_11,0.9119954680200745,-1,pm_diff_val,41.00338867653989,0.9674255847930908,0.9827214479446411,0.0033949152566492558,0.02655971050262451,0.01708976924419403,5,0.010300200001438498,,,0.0,,,,,
real_camera,polyu_full,Canon600D_3-5_125_1600_waterhouse_11,0.9119954680200745,-1,wavelet_bayes,39.81181673759831,0.9469254016876221,0.9748772978782654,0.0045351069420576096,0.02655971050262451,0.024829573929309845,0,0.004581299999699695,,,0.0,,,,,
real_camera,polyu_full,Canon600D_3-5_125_1600_waterhouse_11,0.9119954680200745,-1,nlm,39.72648480230132,0.9461529850959778,0.9744309782981873,0.004487186204642057,0.02655971050262451,0.02490208111703396,0,0.04331119999915245,,,0.0,,,,,
real_camera,polyu_full,Canon600D_3-5_125_1600_waterhouse_11,0.9119954680200745,-1,bm3d,39.7291908259809,0.9453628659248352,0.9733999967575073,0.0047073764726519585,0.02655971050262451,0.025320811197161674,0,1.7698146000002453,,,0.0,,,,,
real_camera,polyu_full,Canon600D_3-5_125_1600_waterhouse_11,0.9119954680200745,-1,fdncnn_color,40.01743583007001,0.9502739906311035,0.9752901792526245,0.004472320433706045,0.02655971050262451,0.023882970213890076,0,1.941320199999609,,,0.0,,,,,
real_camera,polyu_full,Canon600D_3-5_125_1600_waterhouse_11,0.9119954680200745,-1,ectv_fdncnn,39.49673000263441,0.9411094188690186,0.9722549915313721,0.004842232447117567,0.02655971050262451,0.026553425937891006,0,1.9863461999993888,6.287463071604361e-06,6.284564733505249e-06,0.9993350539586887,0.32,,0.3333333333333333,0.0021095871925354004,0.0
real_camera,polyu_full,Canon600D_3-5_125_1600_waterhouse_12,1.099537345039713,-1,noisy,38.16979087628994,0.9310644268989563,0.9835667610168457,0.005619091913104057,0.03613368049263954,0.03613368049263954,0,0.0,0.0,0.0,0.0,,,,,
real_camera,polyu_full,Canon600D_3-5_125_1600_waterhouse_12,1.099537345039713,-1,ectv,38.17006987771542,0.9310701489448547,0.9835679531097412,0.005618813447654247,0.03613368049263954,0.036132100969552994,1,0.03272800000013376,1.5863799717057464e-06,1.5795230865478516e-06,0.9990337489471759,0.04,,,,
real_camera,polyu_full,Canon600D_3-5_125_1600_waterhouse_12,1.099537345039713,-1,ectv_fidelity,38.17202860351161,0.9311073422431946,0.983576238155365,0.005616855341941118,0.03613368049263954,0.03612099215388298,1,0.03356110000095214,1.2691039767609635e-05,1.268833875656128e-05,0.9990337489471759,0.32,0.08,0.3333333333333333,,
real_camera,polyu_full,Canon600D_3-5_125_1600_waterhouse_12,1.099537345039713,-1,tv_maxiter,36.05753283881966,0.8670763969421387,0.9399641752243042,0.010048110038042068,0.03613368049263954,0.011995689943432808,21,0.09387289999904169,inf,0.024137990549206734,0.9990337489471759,,,,,
real_camera,polyu_full,Canon600D_3-5_125_1600_waterhouse_12,1.099537345039713,-1,tv_fixedk_val,35.92287188172175,0.8658578395843506,0.9362295269966125,0.010635394603013992,0.03613368049263954,0.010878477245569229,40,0.17781280000053812,,0.025255203247070312,0.9990337489471759,,,,,
real_camera,polyu_full,Canon600D_3-5_125_1600_waterhouse_12,1.099537345039713,-1,tv_discrepancy,39.48042664805855,0.9560458064079285,0.9878256916999817,0.004654896445572376,0.03613368049263954,0.025067847222089767,3,0.015931699999782722,,0.011065833270549774,0.9990337489471759,,,,,
real_camera,polyu_full,Canon600D_3-5_125_1600_waterhouse_12,1.099537345039713,-1,tv_chambolle_val,39.411493607257675,0.9539775252342224,0.9879277944564819,0.004587255883961916,0.03613368049263954,0.02571311593055725,0,0.01363859999946726,,,0.0,,,,,
real_camera,polyu_full,Canon600D_3-5_125_1600_waterhouse_12,1.099537345039713,-1,gaussian_val,37.76893643111266,0.9480438232421875,0.9694845080375671,0.006592869758605957,0.03613368049263954,0.02069547213613987,0,0.00023770000007061753,,,0.0,,,,,
real_camera,polyu_full,Canon600D_3-5_125_1600_waterhouse_12,1.099537345039713,-1,median_val,37.76602519403799,0.9195941090583801,0.9662282466888428,0.007205327972769737,0.03613368049263954,0.018438424915075302,0,0.0010087999999086605,,,0.0,,,,,
real_camera,polyu_full,Canon600D_3-5_125_1600_waterhouse_12,1.099537345039713,-1,bilateral_val,38.94132074689222,0.9420218467712402,0.9854288697242737,0.005143915768712759,0.03613368049263954,0.03325431048870087,0,0.22493819999908737,,,0.0,,,,,
real_camera,polyu_full,Canon600D_3-5_125_1600_waterhouse_12,1.099537345039713,-1,pm_diff_val,39.40008275495782,0.9539687037467957,0.9873905181884766,0.004656769800931215,0.03613368049263954,0.025251971557736397,5,0.00948439999956463,,,0.0,,,,,
real_camera,polyu_full,Canon600D_3-5_125_1600_waterhouse_12,1.099537345039713,-1,wavelet_bayes,38.51782406083282,0.9378576874732971,0.9852595329284668,0.005263519007712603,0.03613368049263954,0.033989597111940384,0,0.004575900000418187,,,0.0,,,,,
real_camera,polyu_full,Canon600D_3-5_125_1600_waterhouse_12,1.099537345039713,-1,nlm,38.307896500732845,0.9342849850654602,0.9840518832206726,0.00548762921243906,0.03613368049263954,0.03511860966682434,0,0.03771190000043134,,,0.0,,,,,
real_camera,polyu_full,Canon600D_3-5_125_1600_waterhouse_12,1.099537345039713,-1,bm3d,38.405996890722264,0.9358543753623962,0.9840993285179138,0.005508522503077984,0.03613368049263954,0.034880779683589935,0,1.7540308999996341,,,0.0,,,,,
real_camera,polyu_full,Canon600D_3-5_125_1600_waterhouse_12,1.099537345039713,-1,fdncnn_color,38.74749232923658,0.9417667984962463,0.9849171042442322,0.005319049581885338,0.03613368049263954,0.03324245288968086,0,1.9626742000000377,,,0.0,,,,,
real_camera,polyu_full,Canon600D_3-5_125_1600_waterhouse_12,1.099537345039713,-1,ectv_fdncnn,38.17226651797958,0.9311134219169617,0.9835726022720337,0.005617763847112656,0.03613368049263954,0.03612099215388298,0,2.002827600001183,1.2691039767609635e-05,1.268833875656128e-05,0.9990337489471759,0.32,,0.3333333333333333,0.003863036632537842,0.0
real_camera,polyu_full,Canon600D_4-5_125_1600_book_11,0.6464223933427418,-1,noisy,39.820942219644536,0.9565423130989075,0.9820039868354797,0.003934950567781925,0.02694585919380188,0.02694585919380188,0,0.0,0.0,0.0,0.0,,,,,
real_camera,polyu_full,Canon600D_4-5_125_1600_book_11,0.6464223933427418,-1,ectv,39.82099683613111,0.9565424919128418,0.9820041656494141,0.003934905398637056,0.02694585919380188,0.026945646852254868,1,0.031314400001065223,2.147183030930478e-07,2.123415470123291e-07,0.9996658221960966,0.04,,,,
real_camera,polyu_full,Canon600D_4-5_125_1600_book_11,0.6464223933427418,-1,ectv_fidelity,39.821387614718006,0.9565467834472656,0.9820063710212708,0.00393456919118762,0.02694585919380188,0.02694414183497429,1,0.035139499999786494,1.7177464247294147e-06,1.7173588275909424e-06,0.9996658221960966,0.32,0.08,0.3333333333333333,,
real_camera,polyu_full,Canon600D_4-5_125_1600_book_11,0.6464223933427418,-1,tv_maxiter,37.92781958786527,0.9331075549125671,0.9503355622291565,0.006562770344316959,0.02694585919380188,0.01186884194612503,18,0.08908150000024762,inf,0.01507701724767685,0.9996658221960966,,,,,
real_camera,polyu_full,Canon600D_4-5_125_1600_book_11,0.6464223933427418,-1,tv_fixedk_val,37.43139529838626,0.9247748255729675,0.9432894587516785,0.007139828987419605,0.02694585919380188,0.010636694729328156,40,0.18174499999986438,,0.016309164464473724,0.9996658221960966,,,,,
real_camera,polyu_full,Canon600D_4-5_125_1600_book_11,0.6464223933427418,-1,tv_discrepancy,40.76172140096445,0.9667739868164062,0.9866907596588135,0.0031557027250528336,0.02694585919380188,0.02240953966975212,2,0.013247900000351365,,0.004536319524049759,0.9996658221960966,,,,,
real_camera,polyu_full,Canon600D_4-5_125_1600_book_11,0.6464223933427418,-1,tv_chambolle_val,40.55757326873006,0.9668412804603577,0.9846360087394714,0.003328337799757719,0.02694585919380188,0.021815799176692963,0,0.01102549999995972,,,0.0,,,,,
real_camera,polyu_full,Canon600D_4-5_125_1600_book_11,0.6464223933427418,-1,gaussian_val,39.732225339024374,0.9668405652046204,0.974180281162262,0.004238754976540804,0.02694585919380188,0.01696247048676014,0,0.0005201000003580702,,,0.0,,,,,
real_camera,polyu_full,Canon600D_4-5_125_1600_book_11,0.6464223933427418,-1,median_val,37.5421925303938,0.9517548680305481,0.95207279920578,0.005320804193615913,0.02694585919380188,0.015682172030210495,0,0.0009332999998150626,,,0.0,,,,,
real_camera,polyu_full,Canon600D_4-5_125_1600_book_11,0.6464223933427418,-1,bilateral_val,40.274893818753306,0.9625467658042908,0.9827796816825867,0.0036870420444756746,0.02694585919380188,0.025274105370044708,0,0.25714850000076694,,,0.0,,,,,
real_camera,polyu_full,Canon600D_4-5_125_1600_book_11,0.6464223933427418,-1,pm_diff_val,40.27598853648936,0.9645628929138184,0.9830484986305237,0.003533161012455821,0.02694585919380188,0.02206418663263321,5,0.00859390000005078,,,0.0,,,,,
real_camera,polyu_full,Canon600D_4-5_125_1600_book_11,0.6464223933427418,-1,wavelet_bayes,39.92636898033691,0.9581447243690491,0.9825353622436523,0.003833635477349162,0.02694585919380188,0.026313045993447304,0,0.004588599998896825,,,0.0,,,,,
real_camera,polyu_full,Canon600D_4-5_125_1600_book_11,0.6464223933427418,-1,nlm,39.86388238783027,0.9574221968650818,0.9822277426719666,0.003870474873110652,0.02694585919380188,0.026563286781311035,0,0.03873329999987618,,,0.0,,,,,
real_camera,polyu_full,Canon600D_4-5_125_1600_book_11,0.6464223933427418,-1,bm3d,39.95170490038939,0.9586575627326965,0.9823397397994995,0.0038728381041437387,0.02694585919380188,0.026155229657888412,0,1.7748688000010588,,,0.0,,,,,
real_camera,polyu_full,Canon600D_4-5_125_1600_book_11,0.6464223933427418,-1,fdncnn_color,40.07592638258154,0.9608407020568848,0.9828110933303833,0.0037649411242455244,0.02694585919380188,0.02542802505195141,0,1.9532758000004833,,,0.0,,,,,
real_camera,polyu_full,Canon600D_4-5_125_1600_book_11,0.6464223933427418,-1,ectv_fdncnn,39.8212374762094,0.9565467834472656,0.9820050001144409,0.003934761509299278,0.02694585919380188,0.026944143697619438,0,1.9948681000005308,1.7177464247294147e-06,1.7154961824417114e-06,0.9996658221960966,0.32,,0.3333333333333333,0.000974118709564209,0.0
real_camera,polyu_full,Canon600D_4-5_125_1600_book_13,0.3397647486517473,-1,noisy,40.84976799904184,0.9770793914794922,0.9874742031097412,0.002984486985951662,0.020468413829803467,0.020468413829803467,0,0.0,0.0,0.0,0.0,,,,,
real_camera,polyu_full,Canon600D_4-5_125_1600_book_13,0.3397647486517473,-1,ectv,40.84977660860115,0.9770795702934265,0.9874743223190308,0.0029844827950000763,0.020468413829803467,0.020468397065997124,1,0.03229949999877135,1.872428672501202e-08,1.6763806343078613e-08,0.9999076564608382,0.04,,,,
real_camera,polyu_full,Canon600D_4-5_125_1600_book_13,0.3397647486517473,-1,ectv_fidelity,40.8498277914395,0.9770806431770325,0.9874746203422546,0.0029844511300325394,0.020468413829803467,0.02046826481819153,1,0.031239300000379444,1.4979429380008623e-07,1.4901161193847656e-07,0.9999076564608382,0.32,0.08,0.3333333333333333,,
real_camera,polyu_full,Canon600D_4-5_125_1600_book_13,0.3397647486517473,-1,tv_maxiter,39.77076629226923,0.9762773513793945,0.9762458801269531,0.003553626127541065,0.020468413829803467,0.013687757775187492,13,0.060147199999846634,inf,0.006780656054615974,0.9999076564608382,,,,,
real_camera,polyu_full,Canon600D_4-5_125_1600_book_13,0.3397647486517473,-1,tv_fixedk_val,39.22194588917548,0.9716668725013733,0.9732152223587036,0.0037655348423868418,0.020468413829803467,0.012697344645857811,40,0.1809624999987136,,0.007771069183945656,0.9999076564608382,,,,,
real_camera,polyu_full,Canon600D_4-5_125_1600_book_13,0.3397647486517473,-1,tv_discrepancy,41.546433926428875,0.9818952679634094,0.990731954574585,0.002532070269808173,0.020468413829803467,0.018271256238222122,2,0.013603999999759253,,0.0021971575915813446,0.9999076564608382,,,,,
real_camera,polyu_full,Canon600D_4-5_125_1600_book_13,0.3397647486517473,-1,tv_chambolle_val,41.215820831306345,0.9815736413002014,0.9890495538711548,0.0026238246355205774,0.020468413829803467,0.01843106932938099,0,0.009374199999001576,,,0.0,,,,,
real_camera,polyu_full,Canon600D_4-5_125_1600_book_13,0.3397647486517473,-1,gaussian_val,40.69202811720666,0.9836190342903137,0.9830139875411987,0.002991745015606284,0.020468413829803467,0.015698933973908424,0,0.0005049000010330928,,,0.0,,,,,
real_camera,polyu_full,Canon600D_4-5_125_1600_book_13,0.3397647486517473,-1,median_val,39.31110896788422,0.9797167778015137,0.9735069274902344,0.0031252712942659855,0.020468413829803467,0.015472641214728355,0,0.0009980999984691152,,,0.0,,,,,
real_camera,polyu_full,Canon600D_4-5_125_1600_book_13,0.3397647486517473,-1,bilateral_val,41.00658207462553,0.979318380355835,0.9881251454353333,0.0028036790899932384,0.020468413829803467,0.019859250634908676,0,0.24952059999850462,,,0.0,,,,,
real_camera,polyu_full,Canon600D_4-5_125_1600_book_13,0.3397647486517473,-1,pm_diff_val,41.04927230795741,0.9805708527565002,0.988478422164917,0.002699590055271983,0.020468413829803467,0.018734771758317947,5,0.01017659999888565,,,0.0,,,,,
real_camera,polyu_full,Canon600D_4-5_125_1600_book_13,0.3397647486517473,-1,wavelet_bayes,40.87609189395685,0.9773930907249451,0.9875841736793518,0.002964052138850093,0.020468413829803467,0.020335746929049492,0,0.004478700000618119,,,0.0,,,,,
real_camera,polyu_full,Canon600D_4-5_125_1600_book_13,0.3397647486517473,-1,nlm,40.8826293226901,0.977717399597168,0.9876675605773926,0.0029259868897497654,0.020468413829803467,0.020195215940475464,0,0.0433234000010998,,,0.0,,,,,
real_camera,polyu_full,Canon600D_4-5_125_1600_book_13,0.3397647486517473,-1,bm3d,40.9047120209184,0.9778621196746826,0.9876134991645813,0.0029577251989394426,0.020468413829803467,0.02015317603945732,0,1.8128117000014754,,,0.0,,,,,
real_camera,polyu_full,Canon600D_4-5_125_1600_book_13,0.3397647486517473,-1,fdncnn_color,40.93038508649347,0.9784045815467834,0.9877737760543823,0.002917567966505885,0.020468413829803467,0.020011834800243378,0,1.9362989999990532,,,0.0,,,,,
real_camera,polyu_full,Canon600D_4-5_125_1600_book_13,0.3397647486517473,-1,ectv_fdncnn,40.84979651794109,0.9770801663398743,0.9874746799468994,0.002984466729685664,0.020468413829803467,0.02046826481819153,0,1.970864699998856,1.4979429380008623e-07,1.4901161193847656e-07,0.9999076564608382,0.32,,0.3333333333333333,0.00026744604110717773,0.0
real_camera,polyu_full,Canon600D_4-5_125_1600_toy_11,0.7451460756292538,-1,noisy,38.30746962955222,0.9625750184059143,0.9935196042060852,0.0046819900162518024,0.037748925387859344,0.037748925387859344,0,0.0,0.0,0.0,0.0,,,,,
real_camera,polyu_full,Canon600D_4-5_125_1600_toy_11,0.7451460756292538,-1,ectv,38.307563741648124,0.9625756740570068,0.9935197830200195,0.004681901540607214,0.037748925387859344,0.03774856775999069,1,0.031326599999374594,3.671871599120595e-07,3.5762786865234375e-07,0.9995560031107968,0.04,,,,
real_camera,polyu_full,Canon600D_4-5_125_1600_toy_11,0.7451460756292538,-1,ectv_fidelity,38.308217749647945,0.9625823497772217,0.9935210943222046,0.004681274760514498,0.037748925387859344,0.037745993584394455,1,0.031519500000285916,2.937497279221622e-06,2.9318034648895264e-06,0.9995560031107968,0.32,0.08,0.3333333333333333,,
real_camera,polyu_full,Canon600D_4-5_125_1600_toy_11,0.7451460756292538,-1,tv_maxiter,38.37434514078407,0.9717370867729187,0.9903541803359985,0.004741197917610407,0.037748925387859344,0.025475211441516876,14,0.0654235999991215,inf,0.012273713946342468,0.9995560031107968,,,,,
real_camera,polyu_full,Canon600D_4-5_125_1600_toy_11,0.7451460756292538,-1,tv_fixedk_val,38.363411534995514,0.9723712801933289,0.9900248646736145,0.004968360066413879,0.037748925387859344,0.024753868579864502,40,0.17995599999994738,,0.012995056807994843,0.9995560031107968,,,,,
real_camera,polyu_full,Canon600D_4-5_125_1600_toy_11,0.7451460756292538,-1,tv_discrepancy,39.221342859019956,0.9732205271720886,0.9951223731040955,0.003759419545531273,0.037748925387859344,0.0327812060713768,2,0.01341859999956796,,0.004967719316482544,0.9995560031107968,,,,,
real_camera,polyu_full,Canon600D_4-5_125_1600_toy_11,0.7451460756292538,-1,tv_chambolle_val,38.97299597977917,0.9759641289710999,0.994512140750885,0.003890839172527194,0.037748925387859344,0.031159311532974243,0,0.012803200001144432,,,0.0,,,,,
real_camera,polyu_full,Canon600D_4-5_125_1600_toy_11,0.7451460756292538,-1,gaussian_val,36.031003013216555,0.9721164703369141,0.9765419363975525,0.006309440825134516,0.037748925387859344,0.027580002322793007,0,0.00041139999848383013,,,0.0,,,,,
real_camera,polyu_full,Canon600D_4-5_125_1600_toy_11,0.7451460756292538,-1,median_val,37.06901072463872,0.9703077673912048,0.987365186214447,0.004763021599501371,0.037748925387859344,0.027544770389795303,0,0.0009817000009206822,,,0.0,,,,,
real_camera,polyu_full,Canon600D_4-5_125_1600_toy_11,0.7451460756292538,-1,bilateral_val,38.71497855736989,0.9706870913505554,0.9940188527107239,0.0042338985949754715,0.037748925387859344,0.035379789769649506,0,0.23567069999990053,,,0.0,,,,,
real_camera,polyu_full,Canon600D_4-5_125_1600_toy_11,0.7451460756292538,-1,pm_diff_val,38.824912847681354,0.9757547974586487,0.9942712783813477,0.003980871289968491,0.037748925387859344,0.030997755005955696,5,0.009873400000287802,,,0.0,,,,,
real_camera,polyu_full,Canon600D_4-5_125_1600_toy_11,0.7451460756292538,-1,wavelet_bayes,38.37390356537407,0.963949978351593,0.9936453104019165,0.004598146304488182,0.037748925387859344,0.03723035380244255,0,0.004293300000426825,,,0.0,,,,,
real_camera,polyu_full,Canon600D_4-5_125_1600_toy_11,0.7451460756292538,-1,nlm,38.4175766453719,0.9659964442253113,0.9937446117401123,0.0044702887535095215,0.037748925387859344,0.03636087104678154,0,0.04415010000047914,,,0.0,,,,,
real_camera,polyu_full,Canon600D_4-5_125_1600_toy_11,0.7451460756292538,-1,bm3d,38.42151507033505,0.9651587605476379,0.9936457276344299,0.004591811448335648,0.037748925387859344,0.03680600970983505,0,1.7820483000014065,,,0.0,,,,,
real_camera,polyu_full,Canon600D_4-5_125_1600_toy_11,0.7451460756292538,-1,fdncnn_color,38.541039701920376,0.967559814453125,0.9938248991966248,0.0044657764956355095,0.037748925387859344,0.03589102253317833,0,1.9570389000000432,,,0.0,,,,,
real_camera,polyu_full,Canon600D_4-5_125_1600_toy_11,0.7451460756292538,-1,ectv_fdncnn,38.30785936765121,0.9625835418701172,0.9935200214385986,0.004681645426899195,0.037748925387859344,0.037745989859104156,0,1.9978975000012724,2.937497279221622e-06,2.9355287551879883e-06,0.9995560031107968,0.32,,0.3333333333333333,0.0013973116874694824,0.0
real_camera,polyu_full,Canon600D_4-5_125_1600_toy_13,1.0622942352545652,-1,noisy,39.0389882952762,0.9308040738105774,0.9112721085548401,0.00541909784078598,0.0237412229180336,0.0237412229180336,0,0.0,0.0,0.0,0.0,,,,,
real_camera,polyu_full,Canon600D_4-5_125_1600_toy_13,1.0622942352545652,-1,ectv,39.039261616684826,0.930810272693634,0.911277711391449,0.005418824963271618,0.0237412229180336,0.023739833384752274,1,0.030554300001313095,1.3940211308381763e-06,1.389533281326294e-06,0.9990980392790303,0.04,,,,
real_camera,polyu_full,Canon600D_4-5_125_1600_toy_13,1.0622942352545652,-1,ectv_fidelity,39.04118043913445,0.9308512210845947,0.9113137125968933,0.005416909698396921,0.0237412229180336,0.023730071261525154,1,0.03154320000066946,1.1152169042609411e-05,1.115165650844574e-05,0.9990980392790303,0.32,0.08,0.3333333333333333,,
real_camera,polyu_full,Canon600D_4-5_125_1600_toy_13,1.0622942352545652,-1,tv_maxiter,40.62448725871099,0.974481999874115,0.9561896920204163,0.003121855203062296,0.0237412229180336,0.008138053119182587,17,0.0781102999990253,inf,0.015603169798851013,0.9990980392790303,,,,,
real_camera,polyu_full,Canon600D_4-5_125_1600_toy_13,1.0622942352545652,-1,tv_fixedk_val,40.10407332814816,0.972719132900238,0.939944326877594,0.003590095555409789,0.0237412229180336,0.0071483333595097065,40,0.17868869999983872,,0.016592889558523893,0.9990980392790303,,,,,
real_camera,polyu_full,Canon600D_4-5_125_1600_toy_13,1.0622942352545652,-1,tv_discrepancy,40.925468764651775,0.9657408595085144,0.950398862361908,0.003445094684138894,0.0237412229180336,0.014278576709330082,3,0.016991500000585802,,0.009462646208703518,0.9990980392790303,,,,,
real_camera,polyu_full,Canon600D_4-5_125_1600_toy_13,1.0622942352545652,-1,tv_chambolle_val,40.98688483732402,0.9675183296203613,0.9539572596549988,0.0032840175554156303,0.0237412229180336,0.013322832994163036,0,0.016178400001081172,,,0.0,,,,,
real_camera,polyu_full,Canon600D_4-5_125_1600_toy_13,1.0622942352545652,-1,gaussian_val,41.31999760792198,0.9734900593757629,0.9589390158653259,0.0029133709613233805,0.0237412229180336,0.011618208140134811,0,0.00021779999951831996,,,0.0,,,,,
real_camera,polyu_full,Canon600D_4-5_125_1600_toy_13,1.0622942352545652,-1,median_val,41.57134951092235,0.9755541682243347,0.9667723774909973,0.0026805864181369543,0.0237412229180336,0.01135197188705206,0,0.0010130999999091728,,,0.0,,,,,
real_camera,polyu_full,Canon600D_4-5_125_1600_toy_13,1.0622942352545652,-1,bilateral_val,40.26125860269695,0.9513421058654785,0.9355936646461487,0.004288874566555023,0.0237412229180336,0.02005324326455593,0,0.25365769999916665,,,0.0,,,,,
real_camera,polyu_full,Canon600D_4-5_125_1600_toy_13,1.0622942352545652,-1,pm_diff_val,41.23291079277206,0.9712769389152527,0.9588388800621033,0.003038119524717331,0.0237412229180336,0.012173202820122242,5,0.009496100001342711,,,0.0,,,,,
real_camera,polyu_full,Canon600D_4-5_125_1600_toy_13,1.0622942352545652,-1,wavelet_bayes,39.74496443740466,0.9451929926872253,0.9270698428153992,0.004664890002459288,0.0237412229180336,0.020031601190567017,0,0.004673299999922165,,,0.0,,,,,
real_camera,polyu_full,Canon600D_4-5_125_1600_toy_13,1.0622942352545652,-1,nlm,39.43241372226863,0.9396433234214783,0.9200263023376465,0.004921243526041508,0.0237412229180336,0.021302487701177597,0,0.0430090999998356,,,0.0,,,,,
real_camera,polyu_full,Canon600D_4-5_125_1600_toy_13,1.0622942352545652,-1,bm3d,39.315405999764764,0.9364617466926575,0.915001630783081,0.005247924011200666,0.0237412229180336,0.022300075739622116,0,1.7675724999990052,,,0.0,,,,,
real_camera,polyu_full,Canon600D_4-5_125_1600_toy_13,1.0622942352545652,-1,fdncnn_color,39.63988990066139,0.9423561096191406,0.9191025495529175,0.005022955592721701,0.0237412229180336,0.02088676206767559,0,1.9409768999994412,,,0.0,,,,,
real_camera,polyu_full,Canon600D_4-5_125_1600_toy_13,1.0622942352545652,-1,ectv_fdncnn,39.04130167568633,0.930851399898529,0.9113028049468994,0.005417557433247566,0.0237412229180336,0.023730071261525154,0,1.9848380999992514,1.1152169042609411e-05,1.115165650844574e-05,0.9990980392790303,0.32,,0.3333333333333333,0.003565669059753418,0.0
real_camera,polyu_full,Canon600D_4-5_125_1600_toy_16,1.2542691870716016,-1,noisy,37.20494260301421,0.9327192306518555,0.9888726472854614,0.005882116034626961,0.046523742377758026,0.046523742377758026,0,0.0,0.0,0.0,0.0,,,,,
real_camera,polyu_full,Canon600D_4-5_125_1600_toy_16,1.2542691870716016,-1,ectv,37.205433403771686,0.932727575302124,0.9888740181922913,0.005881555378437042,0.046523742377758026,0.04652114585042,1,0.03142649999972491,2.5978905553044553e-06,2.596527338027954e-06,0.9987430296724717,0.04,,,,
real_camera,polyu_full,Canon600D_4-5_125_1600_toy_16,1.2542691870716016,-1,ectv_fidelity,37.20887093046726,0.9327828288078308,0.988884449005127,0.005877632647752762,0.046523742377758026,0.046502962708473206,1,0.03205110000089917,2.0783124415925358e-05,2.0779669284820557e-05,0.9987430296724717,0.32,0.08,0.3333333333333333,,
real_camera,polyu_full,Canon600D_4-5_125_1600_toy_16,1.2542691870716016,-1,tv_maxiter,36.71575470199808,0.9371705055236816,0.9776977300643921,0.00708812614902854,0.046523742377758026,0.025577137246727943,17,0.07775340000080178,inf,0.020946605131030083,0.9987430296724717,,,,,
real_camera,polyu_full,Canon600D_4-5_125_1600_toy_16,1.2542691870716016,-1,tv_fixedk_val,36.65102972577187,0.9367273449897766,0.9766057133674622,0.007413025945425034,0.046523742377758026,0.024734677746891975,40,0.1782774999992398,,0.02178906463086605,0.9987430296724717,,,,,
real_camera,polyu_full,Canon600D_4-5_125_1600_toy_16,1.2542691870716016,-1,tv_discrepancy,38.613563058202885,0.9586892127990723,0.991809606552124,0.0044323597103357315,0.046523742377758026,0.034756675362586975,3,0.017654599998422782,,0.011767067015171051,0.9987430296724717,,,,,
real_camera,polyu_full,Canon600D_4-5_125_1600_toy_16,1.2542691870716016,-1,tv_chambolle_val,38.396102349376754,0.9586069583892822,0.9917753338813782,0.0045450786128640175,0.046523742377758026,0.035752590745687485,0,0.013641600000482867,,,0.0,,,,,
real_camera,polyu_full,Canon600D_4-5_125_1600_toy_16,1.2542691870716016,-1,gaussian_val,35.97692042635168,0.9535672664642334,0.9727638363838196,0.006679025944322348,0.046523742377758026,0.02975969761610031,0,0.00025629999981902074,,,0.0,,,,,
real_camera,polyu_full,Canon600D_4-5_125_1600_toy_16,1.2542691870716016,-1,median_val,34.573647777821684,0.9359311461448669,0.9605393409729004,0.006964319385588169,0.046523742377758026,0.028640273958444595,0,0.0010791000004246598,,,0.0,,,,,
real_camera,polyu_full,Canon600D_4-5_125_1600_toy_16,1.2542691870716016,-1,bilateral_val,37.70840154321282,0.9475876688957214,0.9902545809745789,0.005237034987658262,0.046523742377758026,0.042915355414152145,0,0.24627489999875252,,,0.0,,,,,
real_camera,polyu_full,Canon600D_4-5_125_1600_toy_16,1.2542691870716016,-1,pm_diff_val,38.07547018327965,0.9576830267906189,0.9910033345222473,0.004739919677376747,0.046523742377758026,0.03551361709833145,5,0.009100900000703405,,,0.0,,,,,
real_camera,polyu_full,Canon600D_4-5_125_1600_toy_16,1.2542691870716016,-1,wavelet_bayes,37.39752266465891,0.9373774528503418,0.9895215034484863,0.0056306892074644566,0.046523742377758026,0.04498885199427605,0,0.00440829999934067,,,0.0,,,,,
real_camera,polyu_full,Canon600D_4-5_125_1600_toy_16,1.2542691870716016,-1,nlm,37.393826133687654,0.9387537837028503,0.9894269108772278,0.005600763950496912,0.046523742377758026,0.044622112065553665,0,0.043256900000415044,,,0.0,,,,,
real_camera,polyu_full,Canon600D_4-5_125_1600_toy_16,1.2542691870716016,-1,bm3d,37.444165702582374,0.9386124014854431,0.989328920841217,0.005705773830413818,0.046523742377758026,0.04483168572187424,0,1.7707184000009875,,,0.0,,,,,
real_camera,polyu_full,Canon600D_4-5_125_1600_toy_16,1.2542691870716016,-1,fdncnn_color,37.570691673886145,0.9412688612937927,0.9896678924560547,0.00554299633949995,0.046523742377758026,0.043833356350660324,0,1.9508187000010366,,,0.0,,,,,
real_camera,polyu_full,Canon600D_4-5_125_1600_toy_16,1.2542691870716016,-1,ectv_fdncnn,37.20793966386016,0.9327885508537292,0.988879382610321,0.005879453383386135,0.046523742377758026,0.046502962708473206,0,1.9870551000003616,2.0783124415925358e-05,2.0779669284820557e-05,0.9987430296724717,0.32,,0.3333333333333333,0.006601274013519287,0.0
real_camera,polyu_full,Canon600D_4-5_125_1600_toy_1,0.8129762425234699,-1,noisy,38.27072089204766,0.9474051594734192,0.9935882091522217,0.0048985606990754604,0.03800059109926224,0.03800059109926224,0,0.0,0.0,0.0,0.0,,,,,
real_camera,polyu_full,Canon600D_4-5_125_1600_toy_1,0.8129762425234699,-1,ectv,38.27083577663472,0.9474080204963684,0.9935884475708008,0.004898446146398783,0.03800059109926224,0.03800008445978165,1,0.032741700000769924,5.09924212764577e-07,5.066394805908203e-07,0.9994715351752838,0.04,,,,
real_camera,polyu_full,Canon600D_4-5_125_1600_toy_1,0.8129762425234699,-1,ectv_fidelity,38.27165334443758,0.9474184513092041,0.9935898780822754,0.004897626116871834,0.03800059109926224,0.03799651190638542,1,0.032715200000893674,4.079393701916137e-06,4.079192876815796e-06,0.9994715351752838,0.32,0.08,0.3333333333333333,,
real_camera,polyu_full,Canon600D_4-5_125_1600_toy_1,0.8129762425234699,-1,tv_maxiter,38.66839149837248,0.9585250020027161,0.9924604296684265,0.005114886909723282,0.03800059109926224,0.022828295826911926,15,0.0728436999997939,inf,0.015172295272350311,0.9994715351752838,,,,,
real_camera,polyu_full,Canon600D_4-5_125_1600_toy_1,0.8129762425234699,-1,tv_fixedk_val,38.66313742529079,0.9586127400398254,0.9920007586479187,0.005482041276991367,0.03800059109926224,0.02184126526117325,40,0.17347179999887885,,0.01615932583808899,0.9994715351752838,,,,,
real_camera,polyu_full,Canon600D_4-5_125_1600_toy_1,0.8129762425234699,-1,tv_discrepancy,39.25178335426759,0.9622758030891418,0.9952556490898132,0.0038667835760861635,0.03800059109926224,0.03209870308637619,2,0.012816299999030889,,0.005901888012886047,0.9994715351752838,,,,,
real_camera,polyu_full,Canon600D_4-5_125_1600_toy_1,0.8129762425234699,-1,tv_chambolle_val,39.10895745338633,0.9652059078216553,0.9947729110717773,0.0040410528890788555,0.03800059109926224,0.029845885932445526,0,0.01291270000001532,,,0.0,,,,,
real_camera,polyu_full,Canon600D_4-5_125_1600_toy_1,0.8129762425234699,-1,gaussian_val,35.16108272588572,0.9632231593132019,0.9729516506195068,0.006783125922083855,0.03800059109926224,0.025533955544233322,0,0.00044019999950251076,,,0.0,,,,,
real_camera,polyu_full,Canon600D_4-5_125_1600_toy_1,0.8129762425234699,-1,median_val,37.66457211261755,0.9595263600349426,0.9909495711326599,0.0047065760008990765,0.03800059109926224,0.02570631355047226,0,0.001107499998397543,,,0.0,,,,,
real_camera,polyu_full,Canon600D_4-5_125_1600_toy_1,0.8129762425234699,-1,bilateral_val,38.81150880468511,0.9583845138549805,0.9942102432250977,0.004420856945216656,0.03800059109926224,0.0350511334836483,0,0.21510480000142707,,,0.0,,,,,
real_camera,polyu_full,Canon600D_4-5_125_1600_toy_1,0.8129762425234699,-1,pm_diff_val,38.92514376105186,0.9638761878013611,0.9945027232170105,0.004166279453784227,0.03800059109926224,0.029616590589284897,5,0.009606800000256044,,,0.0,,,,,
real_camera,polyu_full,Canon600D_4-5_125_1600_toy_1,0.8129762425234699,-1,wavelet_bayes,38.347559402728486,0.9491980671882629,0.9937317967414856,0.004804908763617277,0.03800059109926224,0.03738042339682579,0,0.005178800000066985,,,0.0,,,,,
real_camera,polyu_full,Canon600D_4-5_125_1600_toy_1,0.8129762425234699,-1,nlm,38.37224700342975,0.9506220817565918,0.9937230944633484,0.00474168173968792,0.03800059109926224,0.03646993637084961,0,0.04640560000007099,,,0.0,,,,,
real_camera,polyu_full,Canon600D_4-5_125_1600_toy_1,0.8129762425234699,-1,bm3d,38.40244880702174,0.9506504535675049,0.9937130212783813,0.004802753683179617,0.03800059109926224,0.03690682351589203,0,1.778989599999477,,,0.0,,,,,
real_camera,polyu_full,Canon600D_4-5_125_1600_toy_1,0.8129762425234699,-1,fdncnn_color,38.47787700779388,0.9522239565849304,0.9938436150550842,0.0046961670741438866,0.03800059109926224,0.03623694181442261,0,1.9801336000000447,,,0.0,,,,,
real_camera,polyu_full,Canon600D_4-5_125_1600_toy_1,0.8129762425234699,-1,ectv_fdncnn,38.271242655338206,0.9474180340766907,0.993588924407959,0.004898081999272108,0.03800059109926224,0.03799651190638542,0,2.01483189999999,4.079393701916137e-06,4.079192876815796e-06,0.9994715351752838,0.32,,0.3333333333333333,0.002003312110900879,0.0
real_camera,polyu_full,Canon600D_4-5_125_1600_toy_2,1.0546123124117488,-1,noisy,38.91571599856779,0.9340793490409851,0.8952438831329346,0.005194713361561298,0.022859593853354454,0.022859593853354454,0,0.0,0.0,0.0,0.0,,,,,
real_camera,polyu_full,Canon600D_4-5_125_1600_toy_2,1.0546123124117488,-1,ectv,38.9159687658786,0.9340850710868835,0.8952505588531494,0.005194460041821003,0.022859593853354454,0.022858239710330963,1,0.03231980000055046,1.356568254448024e-06,1.3541430234909058e-06,0.9991110255100155,0.04,,,,
real_camera,polyu_full,Canon600D_4-5_125_1600_toy_2,1.0546123124117488,-1,ectv_fidelity,38.917737654198945,0.9341245293617249,0.8952903151512146,0.005192688200622797,0.022859593853354454,0.022848742082715034,1,0.03209500000048138,1.0852546031809542e-05,1.0851770639419556e-05,0.9991110255100155,0.32,0.08,0.3333333333333333,,
real_camera,polyu_full,Canon600D_4-5_125_1600_toy_2,1.0546123124117488,-1,tv_maxiter,40.227541701515804,0.9747193455696106,0.9406813383102417,0.0031347787007689476,0.022859593853354454,0.007839588448405266,17,0.07597549999991315,inf,0.015020005404949188,0.9991110255100155,,,,,
real_camera,polyu_full,Canon600D_4-5_125_1600_toy_2,1.0546123124117488,-1,tv_fixedk_val,39.410425866003024,0.96988445520401,0.9089224338531494,0.003797614946961403,0.022859593853354454,0.0068460144102573395,40,0.17382150000048568,,0.016013579443097115,0.9991110255100155,,,,,
real_camera,polyu_full,Canon600D_4-5_125_1600_toy_2,1.0546123124117488,-1,tv_discrepancy,40.670958217661266,0.9678462147712708,0.9423447251319885,0.0032753818668425083,0.022859593853354454,0.013663269579410553,3,0.016678599999067956,,0.009196324273943901,0.9991110255100155,,,,,
real_camera,polyu_full,Canon600D_4-5_125_1600_toy_2,1.0546123124117488,-1,tv_chambolle_val,40.66094253196919,0.9686738848686218,0.9404736161231995,0.0032444167882204056,0.022859593853354454,0.012800868600606918,0,0.01599050000004354,,,0.0,,,,,
real_camera,polyu_full,Canon600D_4-5_125_1600_toy_2,1.0546123124117488,-1,gaussian_val,41.122310371188924,0.9757489562034607,0.959006130695343,0.0026409239508211613,0.022859593853354454,0.011176607571542263,0,0.00033819999953266233,,,0.0,,,,,
real_camera,polyu_full,Canon600D_4-5_125_1600_toy_2,1.0546123124117488,-1,median_val,41.17130255635388,0.976414680480957,0.9554154276847839,0.0027030897326767445,0.022859593853354454,0.010938305407762527,0,0.0009954000015568454,,,0.0,,,,,
real_camera,polyu_full,Canon600D_4-5_125_1600_toy_2,1.0546123124117488,-1,bilateral_val,39.96892188436426,0.9524750113487244,0.9199902415275574,0.004183507524430752,0.022859593853354454,0.019400984048843384,0,0.2538373000006686,,,0.0,,,,,
real_camera,polyu_full,Canon600D_4-5_125_1600_toy_2,1.0546123124117488,-1,pm_diff_val,40.8747269008244,0.9722959399223328,0.9453848600387573,0.003011888125911355,0.022859593853354454,0.011667909100651741,5,0.008884500000931439,,,0.0,,,,,
real_camera,polyu_full,Canon600D_4-5_125_1600_toy_2,1.0546123124117488,-1,wavelet_bayes,39.58792476808171,0.9483281970024109,0.9125136733055115,0.004458981566131115,0.022859593853354454,0.019110504537820816,0,0.004506200000832905,,,0.0,,,,,
real_camera,polyu_full,Canon600D_4-5_125_1600_toy_2,1.0546123124117488,-1,nlm,39.29308152680294,0.9428656697273254,0.9051198363304138,0.004701550584286451,0.022859593853354454,0.02038497105240822,0,0.04626459999963117,,,0.0,,,,,
real_camera,polyu_full,Canon600D_4-5_125_1600_toy_2,1.0546123124117488,-1,bm3d,39.178781458161176,0.9396476149559021,0.899287223815918,0.005032191518694162,0.022859593853354454,0.02139703556895256,0,1.7525989999994636,,,0.0,,,,,
real_camera,polyu_full,Canon600D_4-5_125_1600_toy_2,1.0546123124117488,-1,fdncnn_color,39.476205657414575,0.9453738331794739,0.9041287899017334,0.004788920283317566,0.022859593853354454,0.019977595657110214,0,1.927521900001011,,,0.0,,,,,
real_camera,polyu_full,Canon600D_4-5_125_1600_toy_2,1.0546123124117488,-1,ectv_fdncnn,38.917809262007864,0.9341239929199219,0.8952773213386536,0.005193205084651709,0.022859593853354454,0.022848742082715034,0,1.9600522000000637,1.0852546031809542e-05,1.0851770639419556e-05,0.9991110255100155,0.32,,0.3333333333333333,0.003430604934692383,0.0
real_camera,polyu_full,Canon600D_4-5_125_1600_toy_3,0.759479591225793,-1,noisy,38.97271092598799,0.9522273540496826,0.9903315901756287,0.0047168671153485775,0.03351619839668274,0.03351619839668274,0,0.0,0.0,0.0,0.0,,,,,
real_camera,polyu_full,Canon600D_4-5_125_1600_toy_3,0.759479591225793,-1,ectv,38.97281427989904,0.9522286057472229,0.9903318285942078,0.004716774448752403,0.03351619839668274,0.0335158109664917,1,0.03168499999992491,3.945409036358508e-07,3.8743019104003906e-07,0.9995387654686217,0.04,,,,
real_camera,polyu_full,Canon600D_4-5_125_1600_toy_3,0.759479591225793,-1,ectv_fidelity,38.973546464520865,0.9522368311882019,0.9903340339660645,0.004716114141047001,0.03351619839668274,0.03351304307579994,1,0.03418670000064594,3.156327228993946e-06,3.155320882797241e-06,0.9995387654686217,0.32,0.08,0.3333333333333333,,
real_camera,polyu_full,Canon600D_4-5_125_1600_toy_3,0.759479591225793,-1,tv_maxiter,38.77916441979897,0.9607923030853271,0.9850767254829407,0.004791720304638147,0.03351619839668274,0.020105255767703056,14,0.0646708000003855,inf,0.013410942628979683,0.9995387654686217,,,,,
real_camera,polyu_full,Canon600D_4-5_125_1600_toy_3,0.759479591225793,-1,tv_fixedk_val,38.7388420379532,0.9604384899139404,0.9847823977470398,0.004904359113425016,0.03351619839668274,0.019358260557055473,40,0.18429380000088713,,0.014157937839627266,0.9995387654686217,,,,,
real_camera,polyu_full,Canon600D_4-5_125_1600_toy_3,0.759479591225793,-1,tv_discrepancy,40.05672856471889,0.9656007885932922,0.9929279685020447,0.003734693629667163,0.03351619839668274,0.028223900124430656,2,0.01252060000115307,,0.005292298272252083,0.9995387654686217,,,,,
real_camera,polyu_full,Canon600D_4-5_125_1600_toy_3,0.759479591225793,-1,tv_chambolle_val,39.90465049091473,0.9687371253967285,0.992509663105011,0.0036912732757627964,0.03351619839668274,0.02699155919253826,0,0.012369500000204425,,,0.0,,,,,
real_camera,polyu_full,Canon600D_4-5_125_1600_toy_3,0.759479591225793,-1,gaussian_val,37.47303325151872,0.9667631983757019,0.9736089110374451,0.00528785539790988,0.03351619839668274,0.022371875122189522,0,0.0005066000012448058,,,0.0,,,,,
real_camera,polyu_full,Canon600D_4-5_125_1600_toy_3,0.759479591225793,-1,median_val,36.19814992480866,0.9600768089294434,0.9695876240730286,0.004754966124892235,0.03351619839668274,0.021944932639598846,0,0.0010892999998759478,,,0.0,,,,,
real_camera,polyu_full,Canon600D_4-5_125_1600_toy_3,0.759479591225793,-1,bilateral_val,39.407781270308035,0.9607087969779968,0.9912877678871155,0.004239048343151808,0.03351619839668274,0.03155523166060448,0,0.258938400000261,,,0.0,,,,,
real_camera,polyu_full,Canon600D_4-5_125_1600_toy_3,0.759479591225793,-1,pm_diff_val,39.69765522725984,0.9679667949676514,0.9921244978904724,0.003776451339945197,0.03351619839668274,0.027066422626376152,5,0.010854099999050959,,,0.0,,,,,
real_camera,polyu_full,Canon600D_4-5_125_1600_toy_3,0.759479591225793,-1,wavelet_bayes,39.085265324876836,0.9543290138244629,0.9906150698661804,0.0046044327318668365,0.03351619839668274,0.03282333165407181,0,0.005150299999513663,,,0.0,,,,,
real_camera,polyu_full,Canon600D_4-5_125_1600_toy_3,0.759479591225793,-1,nlm,39.090006040102644,0.955373227596283,0.9906874299049377,0.004497177433222532,0.03351619839668274,0.03232596442103386,0,0.042780300000231364,,,0.0,,,,,
real_camera,polyu_full,Canon600D_4-5_125_1600_toy_3,0.759479591225793,-1,bm3d,39.113452006295425,0.9550299048423767,0.9905481338500977,0.00462035508826375,0.03351619839668274,0.032547879964113235,0,1.793255800001134,,,0.0,,,,,
real_camera,polyu_full,Canon600D_4-5_125_1600_toy_3,0.759479591225793,-1,fdncnn_color,39.2031187473195,0.9569318890571594,0.9907799363136292,0.00451320968568325,0.03351619839668274,0.03184232488274574,0,1.9605627000000823,,,0.0,,,,,
real_camera,polyu_full,Canon600D_4-5_125_1600_toy_3,0.759479591225793,-1,ectv_fdncnn,38.97318925282134,0.9522369503974915,0.9903324842453003,0.004716481547802687,0.03351619839668274,0.03351304307579994,0,1.9910884000000806,3.156327228993946e-06,3.155320882797241e-06,0.9995387654686217,0.32,,0.3333333333333333,0.001625359058380127,0.0
real_camera,polyu_full,Canon80D_8_8_12800_printer_11,1.1549571324623913,-1,noisy,38.76942327479139,0.9428577423095703,0.9823599457740784,0.006538353860378265,0.034293282777071,0.034293282777071,0,0.0,0.0,0.0,0.0,,,,,
real_camera,polyu_full,Canon80D_8_8_12800_printer_11,1.1549571324623913,-1,ectv,38.76980148356411,0.9428643584251404,0.9823611378669739,0.006537985056638718,0.034293282777071,0.03429137542843819,1,0.030048500000702916,1.9075028077389097e-06,1.9073486328125e-06,0.9989339971974549,0.04,,,,
real_camera,polyu_full,Canon80D_8_8_12800_printer_11,1.1549571324623913,-1,ectv_fidelity,38.77245070138416,0.9429115653038025,0.9823681712150574,0.006535399705171585,0.034293282777071,0.0342780239880085,1,0.03218100000049162,1.5260022451417125e-05,1.52587890625e-05,0.9989339971974549,0.32,0.08,0.3333333333333333,,
real_camera,polyu_full,Canon80D_8_8_12800_printer_11,1.1549571324623913,-1,tv_maxiter,39.001407713546456,0.9863250255584717,0.9857901334762573,0.0037705907598137856,0.034293282777071,0.0159462857991457,15,0.07330109999929846,inf,0.0183469969779253,0.9989339971974549,,,,,
real_camera,polyu_full,Canon80D_8_8_12800_printer_11,1.1549571324623913,-1,tv_fixedk_val,39.03496791679031,0.9882340431213379,0.9849531054496765,0.0037562514189630747,0.034293282777071,0.015222634188830853,40,0.18260969999937515,,0.019070648588240147,0.9989339971974549,,,,,
real_camera,polyu_full,Canon80D_8_8_12800_printer_11,1.1549571324623913,-1,tv_discrepancy,40.19255754590855,0.9758399128913879,0.9875115752220154,0.004546256735920906,0.034293282777071,0.022744614630937576,3,0.016567000000577536,,0.011548668146133423,0.9989339971974549,,,,,
real_camera,polyu_full,Canon80D_8_8_12800_printer_11,1.1549571324623913,-1,tv_chambolle_val,40.692126184639704,0.9832574725151062,0.9896329641342163,0.0035232342779636383,0.034293282777071,0.02145862579345703,0,0.02029180000135966,,,0.0,,,,,
real_camera,polyu_full,Canon80D_8_8_12800_printer_11,1.1549571324623913,-1,gaussian_val,35.873384079486215,0.974442183971405,0.9601811170578003,0.006186803337186575,0.034293282777071,0.017909005284309387,0,0.0003420000011828961,,,0.0,,,,,
real_camera,polyu_full,Canon80D_8_8_12800_printer_11,1.1549571324623913,-1,median_val,34.881062041006416,0.9768052101135254,0.9574600458145142,0.005395941436290741,0.034293282777071,0.0164878498762846,0,0.0010517999999137828,,,0.0,,,,,
real_camera,polyu_full,Canon80D_8_8_12800_printer_11,1.1549571324623913,-1,bilateral_val,39.962324708774986,0.9690644145011902,0.9868417978286743,0.004859935492277145,0.034293282777071,0.028966518118977547,0,0.2229512000012619,,,0.0,,,,,
real_camera,polyu_full,Canon80D_8_8_12800_printer_11,1.1549571324623913,-1,pm_diff_val,40.534341429307645,0.9839766025543213,0.9894526600837708,0.003531496040523052,0.034293282777071,0.021382717415690422,5,0.010401600000477629,,,0.0,,,,,
real_camera,polyu_full,Canon80D_8_8_12800_printer_11,1.1549571324623913,-1,wavelet_bayes,39.190593125893116,0.9532217383384705,0.9841145277023315,0.005974417552351952,0.034293282777071,0.03146345168352127,0,0.004927699999825563,,,0.0,,,,,
real_camera,polyu_full,Canon80D_8_8_12800_printer_11,1.1549571324623913,-1,nlm,39.752158619259596,0.9683902859687805,0.9866901636123657,0.004814634099602699,0.034293282777071,0.027620794251561165,0,0.05931100000088918,,,0.0,,,,,
real_camera,polyu_full,Canon80D_8_8_12800_printer_11,1.1549571324623913,-1,bm3d,39.08246336235742,0.9499931335449219,0.9832401871681213,0.006262877490371466,0.034293282777071,0.03246716782450676,0,1.7928074999999808,,,0.0,,,,,
real_camera,polyu_full,Canon80D_8_8_12800_printer_11,1.1549571324623913,-1,fdncnn_color,39.37382537436627,0.9564740657806396,0.9843483567237854,0.005879106931388378,0.034293282777071,0.030744075775146484,0,1.93395640000017,,,0.0,,,,,
real_camera,polyu_full,Canon80D_8_8_12800_printer_11,1.1549571324623913,-1,ectv_fdncnn,38.77209522033518,0.9429203867912292,0.9823694229125977,0.006535540800541639,0.034293282777071,0.0342780239880085,0,1.9600837999987561,1.5260022451417125e-05,1.52587890625e-05,0.9989339971974549,0.32,,0.3333333333333333,0.004000604152679443,0.0
real_camera,polyu_full,Canon80D_8_8_12800_printer_14,1.3705684991041445,-1,noisy,39.39580180108419,0.9278395175933838,0.9430439472198486,0.0059653231874108315,0.024425111711025238,0.024425111711025238,0,0.0,0.0,0.0,0.0,,,,,
real_camera,polyu_full,Canon80D_8_8_12800_printer_14,1.3705684991041445,-1,ectv,39.39647562397879,0.9278545379638672,0.9430527091026306,0.0059646544978022575,0.024425111711025238,0.02442149445414543,1,0.03040799999871524,3.6193105169724042e-06,3.6172568798065186e-06,0.9984994896375167,0.04,,,,
real_camera,polyu_full,Canon80D_8_8_12800_printer_14,1.3705684991041445,-1,ectv_fidelity,39.40119614156228,0.9279598593711853,0.9431138634681702,0.005959971342235804,0.024425111711025238,0.024396158754825592,1,0.030805300000793068,2.8954484064094063e-05,2.8952956199645996e-05,0.9984994896375167,0.32,0.08,0.3333333333333333,,
real_camera,polyu_full,Canon80D_8_8_12800_printer_14,1.3705684991041445,-1,tv_maxiter,42.37698740169088,0.9858527183532715,0.9818902611732483,0.001987044932320714,0.024425111711025238,0.005590710788965225,15,0.06931380000060017,inf,0.018834400922060013,0.9984994896375167,,,,,
real_camera,polyu_full,Canon80D_8_8_12800_printer_14,1.3705684991041445,-1,tv_fixedk_val,42.95022465885524,0.988598108291626,0.9829224944114685,0.0018671420402824879,0.024425111711025238,0.0048227813094854355,40,0.17561940000086906,,0.019602330401539803,0.9984994896375167,,,,,
real_camera,polyu_full,Canon80D_8_8_12800_printer_14,1.3705684991041445,-1,tv_discrepancy,41.88951919725789,0.9763094782829285,0.9798699021339417,0.002853411016985774,0.024425111711025238,0.00953078456223011,4,0.021640499999193707,,0.014894327148795128,0.9984994896375167,,,,,
real_camera,polyu_full,Canon80D_8_8_12800_printer_14,1.3705684991041445,-1,tv_chambolle_val,42.45234300134017,0.9819110035896301,0.9878022074699402,0.002144804922863841,0.024425111711025238,0.008327184244990349,0,0.02464019999933953,,,0.0,,,,,
real_camera,polyu_full,Canon80D_8_8_12800_printer_14,1.3705684991041445,-1,gaussian_val,40.91754239085316,0.9770215153694153,0.9570521712303162,0.003024641191586852,0.024425111711025238,0.00859456043690443,0,0.00032810000084282365,,,0.0,,,,,
real_camera,polyu_full,Canon80D_8_8_12800_printer_14,1.3705684991041445,-1,median_val,41.75969291001499,0.9801387190818787,0.9785196185112,0.00220975442789495,0.024425111711025238,0.00817830953747034,0,0.0010124000000359956,,,0.0,,,,,
real_camera,polyu_full,Canon80D_8_8_12800_printer_14,1.3705684991041445,-1,bilateral_val,41.61038763077313,0.9681269526481628,0.9764114022254944,0.003440353786572814,0.024425111711025238,0.016383998095989227,0,0.20811180000055174,,,0.0,,,,,
real_camera,polyu_full,Canon80D_8_8_12800_printer_14,1.3705684991041445,-1,pm_diff_val,42.356392007713865,0.9813355803489685,0.9878679513931274,0.0022141423542052507,0.024425111711025238,0.0083811916410923,5,0.009238499998900807,,,0.0,,,,,
real_camera,polyu_full,Canon80D_8_8_12800_printer_14,1.3705684991041445,-1,wavelet_bayes,40.54303847423367,0.9521152377128601,0.9624151587486267,0.00458897277712822,0.024425111711025238,0.0178754273802042,0,0.004790200000570621,,,0.0,,,,,
real_camera,polyu_full,Canon80D_8_8_12800_printer_14,1.3705684991041445,-1,nlm,41.67099427226822,0.9723289012908936,0.978287398815155,0.003030773252248764,0.024425111711025238,0.01296178624033928,0,0.0653098000002501,,,0.0,,,,,
real_camera,polyu_full,Canon80D_8_8_12800_printer_14,1.3705684991041445,-1,bm3d,39.969017476311976,0.9403745532035828,0.9501646757125854,0.005481836851686239,0.024425111711025238,0.021371254697442055,0,1.7925032999992254,,,0.0,,,,,
real_camera,polyu_full,Canon80D_8_8_12800_printer_14,1.3705684991041445,-1,fdncnn_color,40.43191328279537,0.9492921829223633,0.9575289487838745,0.004950060974806547,0.024425111711025238,0.01926538161933422,0,1.9812277999990329,,,0.0,,,,,
real_camera,polyu_full,Canon80D_8_8_12800_printer_14,1.3705684991041445,-1,ectv_fdncnn,39.40166078719051,0.9279718399047852,0.9431321620941162,0.005959611851722002,0.024425111711025238,0.024396158754825592,0,2.014233099998819,2.8954484064094063e-05,2.8952956199645996e-05,0.9984994896375167,0.32,,0.3333333333333333,0.005307435989379883,0.0
real_camera,polyu_full,Canon80D_8_8_12800_printer_15,0.8995788094473247,-1,noisy,39.74418956292447,0.957862377166748,0.9902384877204895,0.00519978255033493,0.033872708678245544,0.033872708678245544,0,0.0,0.0,0.0,0.0,,,,,
real_camera,polyu_full,Canon80D_8_8_12800_printer_15,0.8995788094473247,-1,ectv,39.7443599685021,0.9578649401664734,0.9902389049530029,0.005199643783271313,0.033872708678245544,0.03387196362018585,1,0.03377519999958167,7.464364843963709e-07,7.450580596923828e-07,0.9993530253101524,0.04,,,,
real_camera,polyu_full,Canon80D_8_8_12800_printer_15,0.8995788094473247,-1,ectv_fidelity,39.74555386047965,0.957880437374115,0.9902416467666626,0.005198666825890541,0.033872708678245544,0.03386674076318741,1,0.03094770000097924,5.971491874542142e-06,5.967915058135986e-06,0.9993530253101524,0.32,0.08,0.3333333333333333,,
real_camera,polyu_full,Canon80D_8_8_12800_printer_15,0.8995788094473247,-1,tv_maxiter,39.52899747520654,0.983543872833252,0.98872309923172,0.0037697567604482174,0.033872708678245544,0.019636400043964386,14,0.06628099999943515,inf,0.014236308634281158,0.9993530253101524,,,,,
real_camera,polyu_full,Canon80D_8_8_12800_printer_15,0.8995788094473247,-1,tv_fixedk_val,39.61644291413721,0.9844385981559753,0.9881730079650879,0.0036946460604667664,0.033872708678245544,0.018919818103313446,40,0.18057559999942896,,0.014952890574932098,0.9993530253101524,,,,,
real_camera,polyu_full,Canon80D_8_8_12800_printer_15,0.8995788094473247,-1,tv_discrepancy,40.701416587196846,0.9739161133766174,0.9920570254325867,0.004357770085334778,0.033872708678245544,0.027767859399318695,2,0.012596200000189128,,0.006104849278926849,0.9993530253101524,,,,,
real_camera,polyu_full,Canon80D_8_8_12800_printer_15,0.8995788094473247,-1,tv_chambolle_val,41.277090509679596,0.9824748039245605,0.9943244457244873,0.0033184264320880175,0.033872708678245544,0.024921990931034088,0,0.014644099999713944,,,0.0,,,,,
real_camera,polyu_full,Canon80D_8_8_12800_printer_15,0.8995788094473247,-1,gaussian_val,35.851968466298125,0.9757810235023499,0.95859694480896,0.0063319941982626915,0.033872708678245544,0.021540489047765732,0,0.00043700000060198363,,,0.0,,,,,
real_camera,polyu_full,Canon80D_8_8_12800_printer_15,0.8995788094473247,-1,median_val,36.711824194382395,0.9783160090446472,0.9706386923789978,0.004177292808890343,0.033872708678245544,0.02117304876446724,0,0.001035299999784911,,,0.0,,,,,
real_camera,polyu_full,Canon80D_8_8_12800_printer_15,0.8995788094473247,-1,bilateral_val,40.50278077305854,0.9710738658905029,0.9923246502876282,0.004306074697524309,0.033872708678245544,0.03087364323437214,0,0.2284431999996741,,,0.0,,,,,
real_camera,polyu_full,Canon80D_8_8_12800_printer_15,0.8995788094473247,-1,pm_diff_val,41.24643719698164,0.9836977124214172,0.9943819642066956,0.0032463655807077885,0.033872708678245544,0.024637117981910706,5,0.010438399998747627,,,0.0,,,,,
real_camera,polyu_full,Canon80D_8_8_12800_printer_15,0.8995788094473247,-1,wavelet_bayes,39.9358069548458,0.9612433910369873,0.9907666444778442,0.0050069671124219894,0.033872708678245544,0.03282059356570244,0,0.005178499999601627,,,0.0,,,,,
real_camera,polyu_full,Canon80D_8_8_12800_printer_15,0.8995788094473247,-1,nlm,40.14830460553693,0.9666388630867004,0.9915277361869812,0.004538094624876976,0.033872708678245544,0.03101828508079052,0,0.05333799999971234,,,0.0,,,,,
real_camera,polyu_full,Canon80D_8_8_12800_printer_15,0.8995788094473247,-1,bm3d,39.968872219347375,0.9617618918418884,0.9906646609306335,0.005021825898438692,0.033872708678245544,0.03265105560421944,0,1.7620690000003378,,,0.0,,,,,
real_camera,polyu_full,Canon80D_8_8_12800_printer_15,0.8995788094473247,-1,fdncnn_color,40.219817564570675,0.9659294486045837,0.9912173748016357,0.004792762920260429,0.033872708678245544,0.03135449066758156,0,1.946289400000751,,,0.0,,,,,
real_camera,polyu_full,Canon80D_8_8_12800_printer_15,0.8995788094473247,-1,ectv_fdncnn,39.7453526906393,0.9578834176063538,0.9902413487434387,0.0051988037303090096,0.033872708678245544,0.03386674076318741,0,1.9728978000002826,5.971491874542142e-06,5.967915058135986e-06,0.9993530253101524,0.32,,0.3333333333333333,0.0021690726280212402,0.0
real_camera,polyu_full,Canon80D_8_8_12800_printer_16,0.9773149627020328,-1,noisy,40.02327919182187,0.9479854702949524,0.982246458530426,0.005175554193556309,0.028043344616889954,0.028043344616889954,0,0.0,0.0,0.0,0.0,,,,,
real_camera,polyu_full,Canon80D_8_8_12800_printer_16,0.9773149627020328,-1,ectv,40.02351214874902,0.9479885101318359,0.9822476506233215,0.005175372119992971,0.028043344616889954,0.028042327612638474,1,0.032705300000088755,1.0193237997565319e-06,1.0170042514801025e-06,0.9992364679463204,0.04,,,,
real_camera,polyu_full,Canon80D_8_8_12800_printer_16,0.9773149627020328,-1,ectv_fidelity,40.02513950140609,0.9480113387107849,0.9822535514831543,0.005174100399017334,0.028043344616889954,0.02803519181907177,1,0.03173669999887352,8.154590396450899e-06,8.152797818183899e-06,0.9992364679463204,0.32,0.08,0.3333333333333333,,
real_camera,polyu_full,Canon80D_8_8_12800_printer_16,0.9773149627020328,-1,tv_maxiter,40.0137756111312,0.9738714098930359,0.9783392548561096,0.0035070800222456455,0.028043344616889954,0.012906823307275772,14,0.0652604999995674,inf,0.015136521309614182,0.9992364679463204,,,,,
real_camera,polyu_full,Canon80D_8_8_12800_printer_16,0.9773149627020328,-1,tv_fixedk_val,40.241589662533855,0.9751114845275879,0.978385329246521,0.0033971224911510944,0.028043344616889954,0.012239242903888226,40,0.18153849999907834,,0.015804101713001728,0.9992364679463204,,,,,
real_camera,polyu_full,Canon80D_8_8_12800_printer_16,0.9773149627020328,-1,tv_discrepancy,41.359121099887915,0.9719117283821106,0.9868153929710388,0.003825584426522255,0.028043344616889954,0.018367622047662735,3,0.017754999998942367,,0.009675722569227219,0.9992364679463204,,,,,
real_camera,polyu_full,Canon80D_8_8_12800_printer_16,0.9773149627020328,-1,tv_chambolle_val,41.88012780766937,0.9764170050621033,0.9907258749008179,0.003035840345546603,0.028043344616889954,0.017777029424905777,0,0.016443699998490047,,,0.0,,,,,
real_camera,polyu_full,Canon80D_8_8_12800_printer_16,0.9773149627020328,-1,gaussian_val,38.36054685965388,0.970423698425293,0.9579616785049438,0.004819438327103853,0.028043344616889954,0.015377849340438843,0,0.00041929999861167744,,,0.0,,,,,
real_camera,polyu_full,Canon80D_8_8_12800_printer_16,0.9773149627020328,-1,median_val,38.83383430083314,0.9686017036437988,0.970074474811554,0.0036613917909562588,0.028043344616889954,0.014759209007024765,0,0.001003600000331062,,,0.0,,,,,
real_camera,polyu_full,Canon80D_8_8_12800_printer_16,0.9773149627020328,-1,bilateral_val,40.87768127336929,0.963487446308136,0.9869091510772705,0.00407650088891387,0.028043344616889954,0.024494925513863564,0,0.22140480000052776,,,0.0,,,,,
real_camera,polyu_full,Canon80D_8_8_12800_printer_16,0.9773149627020328,-1,pm_diff_val,41.85406818673319,0.9774191975593567,0.9909654259681702,0.00297756539657712,0.028043344616889954,0.01760368049144745,5,0.010379900000771158,,,0.0,,,,,
real_camera,polyu_full,Canon80D_8_8_12800_printer_16,0.9773149627020328,-1,wavelet_bayes,40.361122327620684,0.9538089632987976,0.9838651418685913,0.004848611541092396,0.028043344616889954,0.026251746341586113,0,0.005032900000514928,,,0.0,,,,,
real_camera,polyu_full,Canon80D_8_8_12800_printer_16,0.9773149627020328,-1,nlm,40.65164153731644,0.9611112475395203,0.9859685897827148,0.0041360147297382355,0.028043344616889954,0.023891938850283623,0,0.0536712000011903,,,0.0,,,,,
real_camera,polyu_full,Canon80D_8_8_12800_printer_16,0.9773149627020328,-1,bm3d,40.305264305688084,0.9531376361846924,0.9833624362945557,0.004919866565614939,0.028043344616889954,0.026474729180336,0,1.7846274000003177,,,0.0,,,,,
real_camera,polyu_full,Canon80D_8_8_12800_printer_16,0.9773149627020328,-1,fdncnn_color,40.60210327532041,0.9583598971366882,0.9845386147499084,0.004650975577533245,0.028043344616889954,0.02502787485718727,0,1.9401620999997249,,,0.0,,,,,
real_camera,polyu_full,Canon80D_8_8_12800_printer_16,0.9773149627020328,-1,ectv_fdncnn,40.02490848491124,0.9480161666870117,0.9822537899017334,0.005174115300178528,0.028043344616889954,0.02803519368171692,0,1.9793447999982163,8.154590396450899e-06,8.150935173034668e-06,0.9992364679463204,0.32,,0.3333333333333333,0.002519547939300537,0.0
real_camera,polyu_full,Canon80D_8_8_3200_ball_16,0.9266273876321648,-1,noisy,39.06822453459762,0.9676206707954407,0.9936284422874451,0.004640757571905851,0.05120433121919632,0.05120433121919632,0,0.0,0.0,0.0,0.0,,,,,
real_camera,polyu_full,Canon80D_8_8_3200_ball_16,0.9266273876321648,-1,ectv,39.06838826222082,0.9676218628883362,0.9936286211013794,0.004640636965632439,0.05120433121919632,0.05120350047945976,1,0.031028100000185077,8.344098993349918e-07,8.307397365570068e-07,0.9993135609778331,0.04,,,,
real_camera,polyu_full,Canon80D_8_8_3200_ball_16,0.9266273876321648,-1,ectv_fidelity,39.06954153368459,0.9676294922828674,0.9936301708221436,0.004639783874154091,0.05120433121919632,0.051197659224271774,1,0.031464399999094894,6.675279193801539e-06,6.671994924545288e-06,0.9993135609778331,0.32,0.08,0.3333333333333333,,
real_camera,polyu_full,Canon80D_8_8_3200_ball_16,0.9266273876321648,-1,tv_maxiter,34.65135019524879,0.9329866766929626,0.9699651002883911,0.009355654008686543,0.05120433121919632,0.029790034517645836,17,0.08085750000100234,inf,0.021414296701550484,0.9993135609778331,,,,,
real_camera,polyu_full,Canon80D_8_8_3200_ball_16,0.9266273876321648,-1,tv_fixedk_val,34.61726570462797,0.9335086345672607,0.9691312909126282,0.009485744871199131,0.05120433121919632,0.028978517279028893,40,0.17969070000071952,,0.022225813940167427,0.9993135609778331,,,,,
real_camera,polyu_full,Canon80D_8_8_3200_ball_16,0.9266273876321648,-1,tv_discrepancy,39.39688938659253,0.9738282561302185,0.9931971430778503,0.004766425117850304,0.05120433121919632,0.04341818019747734,2,0.012661900000239257,,0.007786151021718979,0.9993135609778331,,,,,
real_camera,polyu_full,Canon80D_8_8_3200_ball_16,0.9266273876321648,-1,tv_chambolle_val,39.798482457672925,0.9776512980461121,0.9943917393684387,0.00403527170419693,0.05120433121919632,0.04394615814089775,0,0.009839799999099341,,,0.0,,,,,
real_camera,polyu_full,Canon80D_8_8_3200_ball_16,0.9266273876321648,-1,gaussian_val,33.412874990230215,0.9459493160247803,0.9504303336143494,0.010475323535501957,0.05120433121919632,0.0327138714492321,0,0.0004761000000144122,,,0.0,,,,,
real_camera,polyu_full,Canon80D_8_8_3200_ball_16,0.9266273876321648,-1,median_val,30.95315591457961,0.9125849604606628,0.9151444435119629,0.010803821496665478,0.05120433121919632,0.03006299026310444,0,0.0009886999996524537,,,0.0,,,,,
real_camera,polyu_full,Canon80D_8_8_3200_ball_16,0.9266273876321648,-1,bilateral_val,39.22822332965859,0.9710331559181213,0.9937675595283508,0.0044661774300038815,0.05120433121919632,0.04942046105861664,0,0.27350900000055844,,,0.0,,,,,
real_camera,polyu_full,Canon80D_8_8_3200_ball_16,0.9266273876321648,-1,pm_diff_val,39.543114414323476,0.9773516654968262,0.9941818714141846,0.004114021547138691,0.05120433121919632,0.045169588178396225,5,0.010638799998559989,,,0.0,,,,,
real_camera,polyu_full,Canon80D_8_8_3200_ball_16,0.9266273876321648,-1,wavelet_bayes,39.16284591678559,0.9690125584602356,0.9937636852264404,0.004552786238491535,0.05120433121919632,0.05055674538016319,0,0.005533999999897787,,,0.0,,,,,
real_camera,polyu_full,Canon80D_8_8_3200_ball_16,0.9266273876321648,-1,nlm,39.27321505091932,0.9727094173431396,0.9940155744552612,0.004329420160502195,0.05120433121919632,0.049184348434209824,0,0.04663570000047912,,,0.0,,,,,
real_camera,polyu_full,Canon80D_8_8_3200_ball_16,0.9266273876321648,-1,bm3d,39.24429497696857,0.9703130125999451,0.9937980771064758,0.0045294323936104774,0.05120433121919632,0.050105854868888855,0,1.7783213000002434,,,0.0,,,,,
real_camera,polyu_full,Canon80D_8_8_3200_ball_16,0.9266273876321648,-1,fdncnn_color,39.38221928858993,0.9725308418273926,0.9939155578613281,0.00442943349480629,0.05120433121919632,0.0491308830678463,0,1.9770963999999367,,,0.0,,,,,
real_camera,polyu_full,Canon80D_8_8_3200_ball_16,0.9266273876321648,-1,ectv_fdncnn,39.069368191472684,0.9676384329795837,0.9936294555664062,0.004640013910830021,0.05120433121919632,0.05119766294956207,0,2.0099501999993663,6.675279193801539e-06,6.668269634246826e-06,0.9993135609778331,0.32,,0.3333333333333333,0.0028185248374938965,0.0
real_camera,polyu_full,Canon80D_8_8_3200_ball_1,1.4406258103834537,-1,noisy,36.42427971231019,0.9722890853881836,0.9962154030799866,0.006231488194316626,0.10202396661043167,0.10202396661043167,0,0.0,0.0,0.0,0.0,,,,,
real_camera,polyu_full,Canon80D_8_8_3200_ball_1,1.4406258103834537,-1,ectv,36.424781717933485,0.9722917675971985,0.9962158799171448,0.006230921018868685,0.10202396661043167,0.10201960802078247,1,0.03306639999937033,4.360031472622755e-06,4.3585896492004395e-06,0.9983424314405333,0.04,,,,
real_camera,polyu_full,Canon80D_8_8_3200_ball_1,1.4406258103834537,-1,ectv_fidelity,36.42829656738457,0.9723107218742371,0.9962180256843567,0.006226970814168453,0.10202396661043167,0.10198909044265747,1,0.03245029999925464,3.488025165566196e-05,3.487616777420044e-05,0.9983424314405333,0.32,0.08,0.3333333333333333,,
real_camera,polyu_full,Canon80D_8_8_3200_ball_1,1.4406258103834537,-1,tv_maxiter,31.796470950802966,0.93670254945755,0.9833475351333618,0.014849843457341194,0.10202396661043167,0.0701211541891098,18,0.08577669999976933,inf,0.03190281242132187,0.9983424314405333,,,,,
real_camera,polyu_full,Canon80D_8_8_3200_ball_1,1.4406258103834537,-1,tv_fixedk_val,31.776460687890854,0.9386338591575623,0.9831212759017944,0.01489530224353075,0.10202396661043167,0.06947653740644455,40,0.185701299998982,,0.03254742920398712,0.9983424314405333,,,,,
real_camera,polyu_full,Canon80D_8_8_3200_ball_1,1.4406258103834537,-1,tv_discrepancy,36.352823815565785,0.9754323959350586,0.9955229759216309,0.007303687743842602,0.10202396661043167,0.09048941731452942,2,0.014195399999152869,,0.011534549295902252,0.9983424314405333,,,,,
real_camera,polyu_full,Canon80D_8_8_3200_ball_1,1.4406258103834537,-1,tv_chambolle_val,36.82140926720144,0.9782130122184753,0.9962365627288818,0.006050024181604385,0.10202396661043167,0.09267942607402802,0,0.008976900000561727,,,0.0,,,,,
real_camera,polyu_full,Canon80D_8_8_3200_ball_1,1.4406258103834537,-1,gaussian_val,28.057439049678653,0.9246112704277039,0.9470359683036804,0.023211423307657242,0.10202396661043167,0.06827083975076675,0,0.0004650999999284977,,,0.0,,,,,
real_camera,polyu_full,Canon80D_8_8_3200_ball_1,1.4406258103834537,-1,median_val,25.705504758557076,0.8833122849464417,0.9130719304084778,0.0228187907487154,0.10202396661043167,0.06309980899095535,0,0.0010492000001249835,,,0.0,,,,,
real_camera,polyu_full,Canon80D_8_8_3200_ball_1,1.4406258103834537,-1,bilateral_val,36.3872054421059,0.9747905731201172,0.9960793256759644,0.0062860785983502865,0.10202396661043167,0.09957326948642731,0,0.265698600000178,,,0.0,,,,,
real_camera,polyu_full,Canon80D_8_8_3200_ball_1,1.4406258103834537,-1,pm_diff_val,36.48488010836013,0.977061927318573,0.9960521459579468,0.006205145735293627,0.10202396661043167,0.09571566432714462,5,0.00995390000025509,,,0.0,,,,,
real_camera,polyu_full,Canon80D_8_8_3200_ball_1,1.4406258103834537,-1,wavelet_bayes,36.490447585749514,0.9733028411865234,0.996256411075592,0.006144235376268625,0.10202396661043167,0.10128523409366608,0,0.005792500000097789,,,0.0,,,,,
real_camera,polyu_full,Canon80D_8_8_3200_ball_1,1.4406258103834537,-1,nlm,36.56546212499738,0.9770193099975586,0.9963064193725586,0.005976543761789799,0.10202396661043167,0.09979993104934692,0,0.04202919999988808,,,0.0,,,,,
real_camera,polyu_full,Canon80D_8_8_3200_ball_1,1.4406258103834537,-1,bm3d,36.646305397871245,0.9760253429412842,0.9963048696517944,0.0060449931770563126,0.10202396661043167,0.10021857917308807,0,1.7650088999998843,,,0.0,,,,,
real_camera,polyu_full,Canon80D_8_8_3200_ball_1,1.4406258103834537,-1,fdncnn_color,36.78476902311299,0.9779461026191711,0.996309757232666,0.005964756011962891,0.10202396661043167,0.09905978292226791,0,1.9552001000010932,,,0.0,,,,,
real_camera,polyu_full,Canon80D_8_8_3200_ball_1,1.4406258103834537,-1,ectv_fdncnn,36.42911452549838,0.9723677039146423,0.9962174892425537,0.006227581296116114,0.10202396661043167,0.10198909044265747,0,1.988878800000748,3.488025165566196e-05,3.487616777420044e-05,0.9983424314405333,0.32,,0.3333333333333333,0.009758174419403076,0.0
real_camera,polyu_full,Canon80D_8_8_3200_ball_2,0.8703148528567665,-1,noisy,39.54611932494774,0.9640529751777649,0.9968108534812927,0.004028117284178734,0.046121254563331604,0.046121254563331604,0,0.0,0.0,0.0,0.0,,,,,
real_camera,polyu_full,Canon80D_8_8_3200_ball_2,0.8703148528567665,-1,ectv,39.54624402757549,0.9640544056892395,0.9968110918998718,0.00402802973985672,0.046121254563331604,0.046120598912239075,1,0.034197999999378226,6.591011126839952e-07,6.556510925292969e-07,0.9993944086827571,0.04,,,,
real_camera,polyu_full,Canon80D_8_8_3200_ball_2,0.8703148528567665,-1,ectv_fidelity,39.54711964369169,0.964062511920929,0.9968113899230957,0.004027422051876783,0.046121254563331604,0.04611598327755928,1,0.03201769999941462,5.272808901039041e-06,5.271285772323608e-06,0.9993944086827571,0.32,0.08,0.3333333333333333,,
real_camera,polyu_full,Canon80D_8_8_3200_ball_2,0.8703148528567665,-1,tv_maxiter,37.0221655239338,0.9559760689735413,0.9909676313400269,0.005954170599579811,0.046121254563331604,0.031827412545681,14,0.0677613999996538,inf,0.014293842017650604,0.9993944086827571,,,,,
real_camera,polyu_full,Canon80D_8_8_3200_ball_2,0.8703148528567665,-1,tv_fixedk_val,36.925421413513895,0.9568296074867249,0.9908031225204468,0.005741055589169264,0.046121254563331604,0.031088847666978836,40,0.1815335999999661,,0.015032406896352768,0.9993944086827571,,,,,
real_camera,polyu_full,Canon80D_8_8_3200_ball_2,0.8703148528567665,-1,tv_discrepancy,39.91797492243986,0.9722743034362793,0.996654748916626,0.003994128201156855,0.046121254563331604,0.04012887924909592,2,0.012995200000659679,,0.005992375314235687,0.9993944086827571,,,,,
real_camera,polyu_full,Canon80D_8_8_3200_ball_2,0.8703148528567665,-1,tv_chambolle_val,40.28663539271565,0.9749882221221924,0.9971844553947449,0.0035506635904312134,0.046121254563331604,0.03928128257393837,0,0.00998749999962456,,,0.0,,,,,
real_camera,polyu_full,Canon80D_8_8_3200_ball_2,0.8703148528567665,-1,gaussian_val,31.7379244187817,0.9528415203094482,0.9447917342185974,0.01073572039604187,0.046121254563331604,0.03231438621878624,0,0.00044609999895328656,,,0.0,,,,,
real_camera,polyu_full,Canon80D_8_8_3200_ball_2,0.8703148528567665,-1,median_val,31.20756507370441,0.9468965530395508,0.95530104637146,0.006995514966547489,0.046121254563331604,0.03197091445326805,0,0.0011125000000902219,,,0.0,,,,,
real_camera,polyu_full,Canon80D_8_8_3200_ball_2,0.8703148528567665,-1,bilateral_val,39.75644889877298,0.9671010971069336,0.9968319535255432,0.003939839079976082,0.046121254563331604,0.0447358563542366,0,0.2565446000007796,,,0.0,,,,,
real_camera,polyu_full,Canon80D_8_8_3200_ball_2,0.8703148528567665,-1,pm_diff_val,40.15255399214063,0.9747104644775391,0.9970638751983643,0.003630956169217825,0.046121254563331604,0.0393998920917511,5,0.009352700000818004,,,0.0,,,,,
real_camera,polyu_full,Canon80D_8_8_3200_ball_2,0.8703148528567665,-1,wavelet_bayes,39.62155438060406,0.9652717113494873,0.9968613982200623,0.0039716968312859535,0.046121254563331604,0.045591555535793304,0,0.005348899998352863,,,0.0,,,,,
real_camera,polyu_full,Canon80D_8_8_3200_ball_2,0.8703148528567665,-1,nlm,39.711725678219,0.9676713347434998,0.9969298243522644,0.003855536226183176,0.046121254563331604,0.04455225542187691,0,0.04467250000016065,,,0.0,,,,,
real_camera,polyu_full,Canon80D_8_8_3200_ball_2,0.8703148528567665,-1,bm3d,39.72099965010138,0.9667606353759766,0.9968937635421753,0.0039353156462311745,0.046121254563331604,0.045050520449876785,0,1.8084462999995594,,,0.0,,,,,
real_camera,polyu_full,Canon80D_8_8_3200_ball_2,0.8703148528567665,-1,fdncnn_color,39.86230864393643,0.9692573547363281,0.9969286918640137,0.0038576610386371613,0.046121254563331604,0.0439068078994751,0,1.9519985000006272,,,0.0,,,,,
real_camera,polyu_full,Canon80D_8_8_3200_ball_2,0.8703148528567665,-1,ectv_fdncnn,39.54701542724089,0.964067280292511,0.9968112707138062,0.004027640912681818,0.046121254563331604,0.04611598327755928,0,1.9872517000003427,5.272808901039041e-06,5.271285772323608e-06,0.9993944086827571,0.32,,0.3333333333333333,0.002095818519592285,0.0
real_camera,polyu_full,Canon80D_8_8_3200_ball_6,1.0744087634292685,-1,noisy,37.313010807097804,0.9685956835746765,0.9963340163230896,0.005554607603698969,0.0794142410159111,0.0794142410159111,0,0.0,0.0,0.0,0.0,,,,,
real_camera,polyu_full,Canon80D_8_8_3200_ball_6,1.0744087634292685,-1,ectv,37.31322254506101,0.9685969948768616,0.9963338971138,0.00555439991876483,0.0794142410159111,0.0794127881526947,1,0.0322786000015185,1.4546097203374794e-06,1.4528632164001465e-06,0.9990773689439539,0.04,,,,
real_camera,polyu_full,Canon80D_8_8_3200_ball_6,1.0744087634292685,-1,ectv_fidelity,37.31469769539929,0.96860671043396,0.9963350296020508,0.005552954971790314,0.0794142410159111,0.0794026106595993,1,0.033537999999680324,1.1636877758046211e-05,1.1630356311798096e-05,0.9990773689439539,0.32,0.08,0.3333333333333333,,
real_camera,polyu_full,Canon80D_8_8_3200_ball_6,1.0744087634292685,-1,tv_maxiter,33.33409215503269,0.9444286823272705,0.9851690530776978,0.011153829284012318,0.0794142410159111,0.05617201700806618,17,0.08029509999869333,inf,0.023242224007844925,0.9990773689439539,,,,,
real_camera,polyu_full,Canon80D_8_8_3200_ball_6,1.0744087634292685,-1,tv_fixedk_val,33.30926600633508,0.9459046721458435,0.9848676323890686,0.011164288967847824,0.0794142410159111,0.055447280406951904,40,0.18052540000098816,,0.023966960608959198,0.9990773689439539,,,,,
real_camera,polyu_full,Canon80D_8_8_3200_ball_6,1.0744087634292685,-1,tv_discrepancy,37.4179049250705,0.9735282063484192,0.995895504951477,0.006060551851987839,0.0794142410159111,0.07096955925226212,2,0.01297090000116441,,0.008444681763648987,0.9990773689439539,,,,,
real_camera,polyu_full,Canon80D_8_8_3200_ball_6,1.0744087634292685,-1,tv_chambolle_val,37.7974172563666,0.9764066338539124,0.9964805841445923,0.005140833556652069,0.0794142410159111,0.07246585935354233,0,0.008007000000361586,,,0.0,,,,,
real_camera,polyu_full,Canon80D_8_8_3200_ball_6,1.0744087634292685,-1,gaussian_val,29.123188550556684,0.9380611777305603,0.9454815983772278,0.018201366066932678,0.0794142410159111,0.05587039142847061,0,0.0004103999999642838,,,0.0,,,,,
real_camera,polyu_full,Canon80D_8_8_3200_ball_6,1.0744087634292685,-1,median_val,27.075797428252,0.9131084084510803,0.9219734072685242,0.015719326213002205,0.0794142410159111,0.05302325636148453,0,0.000926499998968211,,,0.0,,,,,
real_camera,polyu_full,Canon80D_8_8_3200_ball_6,1.0744087634292685,-1,bilateral_val,37.408131853426745,0.9714903831481934,0.9963038563728333,0.005492070224136114,0.0794142410159111,0.07760344445705414,0,0.25767289999930654,,,0.0,,,,,
real_camera,polyu_full,Canon80D_8_8_3200_ball_6,1.0744087634292685,-1,pm_diff_val,37.56212130176505,0.9759309887886047,0.9963569641113281,0.005272919312119484,0.0794142410159111,0.07406291365623474,5,0.010399100001450279,,,0.0,,,,,
real_camera,polyu_full,Canon80D_8_8_3200_ball_6,1.0744087634292685,-1,wavelet_bayes,37.36811697753966,0.9694841504096985,0.996367335319519,0.00549413962289691,0.0794142410159111,0.07890629023313522,0,0.004865700000664219,,,0.0,,,,,
real_camera,polyu_full,Canon80D_8_8_3200_ball_6,1.0744087634292685,-1,nlm,37.425248328829724,0.9722086787223816,0.9964145421981812,0.005366237368434668,0.0794142410159111,0.07789868116378784,0,0.04142160000083095,,,0.0,,,,,
real_camera,polyu_full,Canon80D_8_8_3200_ball_6,1.0744087634292685,-1,bm3d,37.48428800570585,0.9715590476989746,0.9964066743850708,0.005423476453870535,0.0794142410159111,0.07808881998062134,0,1.7763262000007671,,,0.0,,,,,
real_camera,polyu_full,Canon80D_8_8_3200_ball_6,1.0744087634292685,-1,fdncnn_color,37.611792722213565,0.9733492732048035,0.9964643716812134,0.005344944074749947,0.0794142410159111,0.07717843353748322,0,1.9579969000005804,,,0.0,,,,,
real_camera,polyu_full,Canon80D_8_8_3200_ball_6,1.0744087634292685,-1,ectv_fdncnn,37.314743369336234,0.9686235785484314,0.9963345527648926,0.005553346127271652,0.0794142410159111,0.0794026106595993,0,1.990631900001972,1.1636877758046211e-05,1.1630356311798096e-05,0.9990773689439539,0.32,,0.3333333333333333,0.004389703273773193,0.0
real_camera,polyu_full,Canon80D_8_8_3200_ball_7,1.3297907248020469,-1,noisy,36.958365125719006,0.9707465171813965,0.9957972764968872,0.005615118891000748,0.08913497626781464,0.08913497626781464,0,0.0,0.0,0.0,0.0,,,,,
real_camera,polyu_full,Canon80D_8_8_3200_ball_7,1.3297907248020469,-1,ectv,36.958724690771284,0.9707486629486084,0.9957976937294006,0.005614761263132095,0.08913497626781464,0.08913175016641617,1,0.03006420000019716,3.2329470762083355e-06,3.2261013984680176e-06,0.9985873247209549,0.04,,,,
real_camera,polyu_full,Canon80D_8_8_3200_ball_7,1.3297907248020469,-1,ectv_fidelity,36.961249784630965,0.9707632064819336,0.9957990050315857,0.00561225600540638,0.08913497626781464,0.08910911530256271,1,0.031331199999840464,2.586357655857531e-05,2.5860965251922607e-05,0.9985873247209549,0.32,0.08,0.3333333333333333,,
real_camera,polyu_full,Canon80D_8_8_3200_ball_7,1.3297907248020469,-1,tv_maxiter,31.507318255442623,0.9203920364379883,0.979158341884613,0.01452694833278656,0.08913497626781464,0.05270813778042793,18,0.08106910000060452,inf,0.036426838487386703,0.9985873247209549,,,,,
real_camera,polyu_full,Canon80D_8_8_3200_ball_7,1.3297907248020469,-1,tv_fixedk_val,31.460611411810962,0.9214594960212708,0.9789283275604248,0.014642235822975636,0.08913497626781464,0.05193021148443222,40,0.1738285999999789,,0.037204764783382416,0.9985873247209549,,,,,
real_camera,polyu_full,Canon80D_8_8_3200_ball_7,1.3297907248020469,-1,tv_discrepancy,36.63219389671686,0.9743117690086365,0.995126485824585,0.006608576513826847,0.08913497626781464,0.07540179044008255,2,0.011986399998932029,,0.013733185827732086,0.9985873247209549,,,,,
real_camera,polyu_full,Canon80D_8_8_3200_ball_7,1.3297907248020469,-1,tv_chambolle_val,37.45307028509504,0.9780054688453674,0.9959248900413513,0.0053612301126122475,0.08913497626781464,0.07861717790365219,0,0.007936799998788047,,,0.0,,,,,
real_camera,polyu_full,Canon80D_8_8_3200_ball_7,1.3297907248020469,-1,gaussian_val,27.704751565907195,0.9052003026008606,0.9286884665489197,0.02092050574719906,0.08913497626781464,0.04841979593038559,0,0.00040919999992183875,,,0.0,,,,,
real_camera,polyu_full,Canon80D_8_8_3200_ball_7,1.3297907248020469,-1,median_val,24.45219642674315,0.8292114734649658,0.8725486993789673,0.022447118535637856,0.08913497626781464,0.04388096556067467,0,0.001079800000297837,,,0.0,,,,,
real_camera,polyu_full,Canon80D_8_8_3200_ball_7,1.3297907248020469,-1,bilateral_val,36.917304151668525,0.9720485210418701,0.9954533576965332,0.005777101963758469,0.08913497626781464,0.08698365092277527,0,0.2649660999995831,,,0.0,,,,,
real_camera,polyu_full,Canon80D_8_8_3200_ball_7,1.3297907248020469,-1,pm_diff_val,37.22811397655816,0.9775028228759766,0.9957219958305359,0.005460275337100029,0.08913497626781464,0.081862673163414,5,0.009834200000113924,,,0.0,,,,,
real_camera,polyu_full,Canon80D_8_8_3200_ball_7,1.3297907248020469,-1,wavelet_bayes,37.03319539563892,0.9719409346580505,0.9958503246307373,0.005533384159207344,0.08913497626781464,0.0883585661649704,0,0.004590999998981715,,,0.0,,,,,
real_camera,polyu_full,Canon80D_8_8_3200_ball_7,1.3297907248020469,-1,nlm,37.12839599647816,0.9762797951698303,0.995917797088623,0.0053934440948069096,0.08913497626781464,0.08636733889579773,0,0.04275520000010147,,,0.0,,,,,
real_camera,polyu_full,Canon80D_8_8_3200_ball_7,1.3297907248020469,-1,bm3d,37.1631983234827,0.9746918082237244,0.995896577835083,0.005453628487884998,0.08913497626781464,0.08734831213951111,0,1.7780725000011444,,,0.0,,,,,
real_camera,polyu_full,Canon80D_8_8_3200_ball_7,1.3297907248020469,-1,fdncnn_color,37.27989125026939,0.9767473340034485,0.9958897829055786,0.005391476675868034,0.08913497626781464,0.08611094206571579,0,1.9599999999991269,,,0.0,,,,,
real_camera,polyu_full,Canon80D_8_8_3200_ball_7,1.3297907248020469,-1,ectv_fdncnn,36.96170443003142,0.9708066582679749,0.9957984685897827,0.005612583830952644,0.08913497626781464,0.08910911530256271,0,1.9921063000001595,2.586357655857531e-05,2.5860965251922607e-05,0.9985873247209549,0.32,,0.3333333333333333,0.007264375686645508,0.0
real_camera,polyu_full,Canon80D_8_8_6400_comproom_11,1.4147696159138512,-1,noisy,39.384112897050585,0.9419798254966736,0.9819161891937256,0.00568664213642478,0.03610988333821297,0.03610988333821297,0,0.0,0.0,0.0,0.0,,,,,
real_camera,polyu_full,Canon80D_8_8_6400_comproom_11,1.4147696159138512,-1,ectv,39.384894258445584,0.9419923424720764,0.9819186925888062,0.005686035845428705,0.03610988333821297,0.03610581159591675,1,0.031384599999000784,4.074933020379659e-06,4.071742296218872e-06,0.9984013028408175,0.04,,,,
real_camera,polyu_full,Canon80D_8_8_6400_comproom_11,1.4147696159138512,-1,ectv_fidelity,39.39035790172514,0.9420806765556335,0.9819344878196716,0.005681796930730343,0.03610988333821297,0.036077290773391724,1,0.03132719999848632,3.259946406072842e-05,3.2592564821243286e-05,0.9984013028408175,0.32,0.08,0.3333333333333333,,
real_camera,polyu_full,Canon80D_8_8_6400_comproom_11,1.4147696159138512,-1,tv_maxiter,37.38831358367364,0.9512469172477722,0.9557138681411743,0.005923662334680557,0.03610988333821297,0.015140739269554615,16,0.07642400000077032,inf,0.020969144068658352,0.9984013028408175,,,,,
real_camera,polyu_full,Canon80D_8_8_6400_comproom_11,1.4147696159138512,-1,tv_fixedk_val,37.399083698888035,0.9541627764701843,0.9553766250610352,0.0057969242334365845,0.03610988333821297,0.014355843886733055,40,0.18219580000004498,,0.021754039451479912,0.9984013028408175,,,,,
real_camera,polyu_full,Canon80D_8_8_6400_comproom_11,1.4147696159138512,-1,tv_discrepancy,40.454660616517344,0.969891369342804,0.9833447933197021,0.004810775630176067,0.03610988333821297,0.023382578045129776,3,0.017015600000377162,,0.012727305293083191,0.9984013028408175,,,,,
real_camera,polyu_full,Canon80D_8_8_6400_comproom_11,1.4147696159138512,-1,tv_chambolle_val,41.678040468567715,0.9789321422576904,0.9907984733581543,0.003403104143217206,0.03610988333821297,0.02236958220601082,0,0.015955099999700906,,,0.0,,,,,
real_camera,polyu_full,Canon80D_8_8_6400_comproom_11,1.4147696159138512,-1,gaussian_val,37.36134219114171,0.9629347324371338,0.9490806460380554,0.0064987437799572945,0.03610988333821297,0.01891004480421543,0,0.0002576000006229151,,,0.0,,,,,
real_camera,polyu_full,Canon80D_8_8_6400_comproom_11,1.4147696159138512,-1,median_val,36.27492170436653,0.9494549632072449,0.9348734617233276,0.0058557200245559216,0.03610988333821297,0.017409348860383034,0,0.0009850999995251186,,,0.0,,,,,
real_camera,polyu_full,Canon80D_8_8_6400_comproom_11,1.4147696159138512,-1,bilateral_val,40.5115950051989,0.9630858898162842,0.9879400134086609,0.004294256214052439,0.03610988333821297,0.0311037078499794,0,0.23705550000158837,,,0.0,,,,,
real_camera,polyu_full,Canon80D_8_8_6400_comproom_11,1.4147696159138512,-1,pm_diff_val,41.67259751944794,0.9799169898033142,0.9911571145057678,0.0032709655351936817,0.03610988333821297,0.022474998608231544,5,0.008832899999106303,,,0.0,,,,,
real_camera,polyu_full,Canon80D_8_8_6400_comproom_11,1.4147696159138512,-1,wavelet_bayes,39.9992697222071,0.9531481862068176,0.9845738410949707,0.005132361315190792,0.03610988333821297,0.03263653814792633,0,0.004312400000344496,,,0.0,,,,,
real_camera,polyu_full,Canon80D_8_8_6400_comproom_11,1.4147696159138512,-1,nlm,40.783063024935295,0.9697380065917969,0.9887728095054626,0.003956155385822058,0.03610988333821297,0.028389841318130493,0,0.0548449999987497,,,0.0,,,,,
real_camera,polyu_full,Canon80D_8_8_6400_comproom_11,1.4147696159138512,-1,bm3d,39.88691265277542,0.9509593844413757,0.9836313724517822,0.005339065566658974,0.03610988333821297,0.03358126059174538,0,1.7812620000004245,,,0.0,,,,,
real_camera,polyu_full,Canon80D_8_8_6400_comproom_11,1.4147696159138512,-1,fdncnn_color,40.33825076257998,0.9580462574958801,0.9854289889335632,0.004943759646266699,0.03610988333821297,0.03160032629966736,0,1.9693440999999439,,,0.0,,,,,
real_camera,polyu_full,Canon80D_8_8_6400_comproom_11,1.4147696159138512,-1,ectv_fdncnn,39.391116328716144,0.9421072006225586,0.981944739818573,0.005681202281266451,0.03610988333821297,0.036077287048101425,0,2.001857100000052,3.259946406072842e-05,3.259629011154175e-05,0.9984013028408175,0.32,,0.3333333333333333,0.006707906723022461,0.0
real_camera,polyu_full,Canon80D_8_8_6400_comproom_12,1.1619052807112153,-1,noisy,40.13517000135884,0.9530014991760254,0.9864004850387573,0.00505601242184639,0.03394762799143791,0.03394762799143791,0,0.0,0.0,0.0,0.0,,,,,
real_camera,polyu_full,Canon80D_8_8_6400_comproom_12,1.1619052807112153,-1,ectv,40.13560862661212,0.9530075192451477,0.9864016175270081,0.005055729299783707,0.03394762799143791,0.033945679664611816,1,0.033155199998873286,1.9508588762819588e-06,1.948326826095581e-06,0.9989211464967924,0.04,,,,
real_camera,polyu_full,Canon80D_8_8_6400_comproom_12,1.1619052807112153,-1,ectv_fidelity,40.138680024317736,0.95304936170578,0.9864088892936707,0.005053755361586809,0.03394762799143791,0.033932022750377655,1,0.031471500000407104,1.5606870999029556e-05,1.5605241060256958e-05,0.9989211464967924,0.32,0.08,0.3333333333333333,,
real_camera,polyu_full,Canon80D_8_8_6400_comproom_12,1.1619052807112153,-1,tv_maxiter,39.14174885838114,0.9743818640708923,0.9808803200721741,0.004697919357568026,0.03394762799143791,0.018621496856212616,14,0.06616620000022522,inf,0.015326131135225296,0.9989211464967924,,,,,
real_camera,polyu_full,Canon80D_8_8_6400_comproom_12,1.1619052807112153,-1,tv_fixedk_val,39.054461030203875,0.9755938649177551,0.9806240200996399,0.004429140128195286,0.03394762799143791,0.01782817579805851,40,0.1835362999991048,,0.016119452193379402,0.9989211464967924,,,,,
real_camera,polyu_full,Canon80D_8_8_6400_comproom_12,1.1619052807112153,-1,tv_discrepancy,41.435284171646714,0.9765777587890625,0.9891600608825684,0.004168633371591568,0.03394762799143791,0.024172794073820114,3,0.017220199999428587,,0.009774833917617798,0.9989211464967924,,,,,
real_camera,polyu_full,Canon80D_8_8_6400_comproom_12,1.1619052807112153,-1,tv_chambolle_val,42.200120406409525,0.980891764163971,0.9927104711532593,0.0032561440020799637,0.03394762799143791,0.02346058189868927,0,0.013904299999921932,,,0.0,,,,,
real_camera,polyu_full,Canon80D_8_8_6400_comproom_12,1.1619052807112153,-1,gaussian_val,38.371824457649495,0.9745831489562988,0.9666202068328857,0.005609127227216959,0.03394762799143791,0.02112831547856331,0,0.00023859999964770395,,,0.0,,,,,
real_camera,polyu_full,Canon80D_8_8_6400_comproom_12,1.1619052807112153,-1,median_val,39.19457303146716,0.9778706431388855,0.977759599685669,0.004151240922510624,0.03394762799143791,0.020846452564001083,0,0.0010093999990203883,,,0.0,,,,,
real_camera,polyu_full,Canon80D_8_8_6400_comproom_12,1.1619052807112153,-1,bilateral_val,40.759629345502816,0.9635588526725769,0.9899035692214966,0.004135528113692999,0.03394762799143791,0.031161509454250336,0,0.2294517000009364,,,0.0,,,,,
real_camera,polyu_full,Canon80D_8_8_6400_comproom_12,1.1619052807112153,-1,pm_diff_val,42.26788863654487,0.9821451306343079,0.9928913116455078,0.0031633528415113688,0.03394762799143791,0.02313035912811756,5,0.009131400000114809,,,0.0,,,,,
real_camera,polyu_full,Canon80D_8_8_6400_comproom_12,1.1619052807112153,-1,wavelet_bayes,40.71878520659246,0.9614952206611633,0.9883910417556763,0.004588023759424686,0.03394762799143791,0.031148087233304977,0,0.004881900000327732,,,0.0,,,,,
real_camera,polyu_full,Canon80D_8_8_6400_comproom_12,1.1619052807112153,-1,nlm,41.048713596130185,0.9695128798484802,0.990043580532074,0.003953996114432812,0.03394762799143791,0.02886056713759899,0,0.05473770000025979,,,0.0,,,,,
real_camera,polyu_full,Canon80D_8_8_6400_comproom_12,1.1619052807112153,-1,bm3d,40.535350934783864,0.9589479565620422,0.9874544143676758,0.00480491342023015,0.03394762799143791,0.03209802508354187,0,1.7890348000000813,,,0.0,,,,,
real_camera,polyu_full,Canon80D_8_8_6400_comproom_12,1.1619052807112153,-1,fdncnn_color,40.98410339460487,0.9643664956092834,0.9886112213134766,0.004511471837759018,0.03394762799143791,0.030280016362667084,0,1.9658832999994047,,,0.0,,,,,
real_camera,polyu_full,Canon80D_8_8_6400_comproom_12,1.1619052807112153,-1,ectv_fdncnn,40.13883319335189,0.9530547261238098,0.9864111542701721,0.0050536650232970715,0.03394762799143791,0.033932022750377655,0,1.9995916999996552,1.5606870999029556e-05,1.5605241060256958e-05,0.9989211464967924,0.32,,0.3333333333333333,0.003892064094543457,0.0
real_camera,polyu_full,Canon80D_8_8_6400_comproom_13,1.0622899807233699,-1,noisy,40.63235524782072,0.9533488154411316,0.9932821989059448,0.004801654722541571,0.03805139288306236,0.03805139288306236,0,0.0,0.0,0.0,0.0,,,,,
real_camera,polyu_full,Canon80D_8_8_6400_comproom_13,1.0622899807233699,-1,ectv,40.632636405166764,0.9533514380455017,0.9932824969291687,0.004801459144800901,0.03805139288306236,0.038050003349781036,1,0.03326249999918218,1.3940001817347988e-06,1.389533281326294e-06,0.9990980464972735,0.04,,,,
real_camera,polyu_full,Canon80D_8_8_6400_comproom_13,1.0622899807233699,-1,ectv_fidelity,40.63460588819608,0.9533746242523193,0.9932845830917358,0.004800091497600079,0.03805139288306236,0.038040243089199066,1,0.030940799999370938,1.1152001449782574e-05,1.1149793863296509e-05,0.9990980464972735,0.32,0.08,0.3333333333333333,,
real_camera,polyu_full,Canon80D_8_8_6400_comproom_13,1.0622899807233699,-1,tv_maxiter,37.199987232967736,0.9570338726043701,0.9801737070083618,0.005924001336097717,0.03805139288306236,0.01891314797103405,16,0.07408360000044922,inf,0.019138244912028313,0.9990980464972735,,,,,
real_camera,polyu_full,Canon80D_8_8_6400_comproom_13,1.0622899807233699,-1,tv_fixedk_val,37.15611808526195,0.9558110237121582,0.9793100357055664,0.005902072414755821,0.03805139288306236,0.018039610236883163,40,0.17694379999920784,,0.0200117826461792,0.9990980464972735,,,,,
real_camera,polyu_full,Canon80D_8_8_6400_comproom_13,1.0622899807233699,-1,tv_discrepancy,41.11243367772127,0.9683659076690674,0.9934310913085938,0.00451058242470026,0.03805139288306236,0.03032480925321579,2,0.013444799998978851,,0.007726583629846573,0.9990980464972735,,,,,
real_camera,polyu_full,Canon80D_8_8_6400_comproom_13,1.0622899807233699,-1,tv_chambolle_val,42.59780029650557,0.9789980053901672,0.9964922666549683,0.003014819696545601,0.03805139288306236,0.027241885662078857,0,0.014689300000100047,,,0.0,,,,,
real_camera,polyu_full,Canon80D_8_8_6400_comproom_13,1.0622899807233699,-1,gaussian_val,33.81947424003255,0.9551047682762146,0.934921145439148,0.008858134970068932,0.03805139288306236,0.020754678174853325,0,0.0003961000002163928,,,0.0,,,,,
real_camera,polyu_full,Canon80D_8_8_6400_comproom_13,1.0622899807233699,-1,median_val,31.171806314673496,0.9382007122039795,0.8903910517692566,0.008247315883636475,0.03805139288306236,0.018173828721046448,0,0.0010170999994443264,,,0.0,,,,,
real_camera,polyu_full,Canon80D_8_8_6400_comproom_13,1.0622899807233699,-1,bilateral_val,41.55989887263149,0.9668929576873779,0.995168149471283,0.003861889010295272,0.03805139288306236,0.03458952158689499,0,0.23307690000001458,,,0.0,,,,,
real_camera,polyu_full,Canon80D_8_8_6400_comproom_13,1.0622899807233699,-1,pm_diff_val,42.63241159135789,0.9797940254211426,0.9966872930526733,0.0028895081486552954,0.03805139288306236,0.02745654433965683,5,0.009301299998696777,,,0.0,,,,,
real_camera,polyu_full,Canon80D_8_8_6400_comproom_13,1.0622899807233699,-1,wavelet_bayes,40.9045703451081,0.9573159217834473,0.9937847852706909,0.004577252082526684,0.03805139288306236,0.036740876734256744,0,0.005176500000743545,,,0.0,,,,,
real_camera,polyu_full,Canon80D_8_8_6400_comproom_13,1.0622899807233699,-1,nlm,41.54552900828402,0.968839704990387,0.9951729774475098,0.0037578686606138945,0.03805139288306236,0.03331131860613823,0,0.05403350000051432,,,0.0,,,,,
real_camera,polyu_full,Canon80D_8_8_6400_comproom_13,1.0622899807233699,-1,bm3d,40.998562058850354,0.9587864875793457,0.9937772750854492,0.004569472745060921,0.03805139288306236,0.03636680543422699,0,1.976700000001074,,,0.0,,,,,
real_camera,polyu_full,Canon80D_8_8_6400_comproom_13,1.0622899807233699,-1,fdncnn_color,41.34859841999757,0.9634844660758972,0.9943370223045349,0.004298662766814232,0.03805139288306236,0.034764330834150314,0,2.1431150999997044,,,0.0,,,,,
real_camera,polyu_full,Canon80D_8_8_6400_comproom_13,1.0622899807233699,-1,ectv_fdncnn,40.63488812977475,0.9533863663673401,0.9932861328125,0.004799883347004652,0.03805139288306236,0.038040243089199066,0,2.1816032999995514,1.1152001449782574e-05,1.1149793863296509e-05,0.9990980464972735,0.32,,0.3333333333333333,0.0031322836875915527,0.0
real_camera,polyu_full,Canon80D_8_8_6400_comproom_14,1.057857551441049,-1,noisy,40.47432875019118,0.9551189541816711,0.9862712621688843,0.004936994519084692,0.03225744143128395,0.03225744143128395,0,0.0,0.0,0.0,0.0,,,,,
real_camera,polyu_full,Canon80D_8_8_6400_comproom_14,1.057857551441049,-1,ectv,40.474659362278196,0.955123245716095,0.986272394657135,0.004936773795634508,0.03225744143128395,0.03225607052445412,1,0.031360100001620594,1.3722995475242847e-06,1.3709068298339844e-06,0.9991055509152602,0.04,,,,
real_camera,polyu_full,Canon80D_8_8_6400_comproom_14,1.057857551441049,-1,ectv_fidelity,40.476975162340864,0.9551529884338379,0.9862779974937439,0.00493523059412837,0.03225744143128395,0.03224646672606468,1,0.03179409999938798,1.0978396376286783e-05,1.0974705219268799e-05,0.9991055509152602,0.32,0.08,0.3333333333333333,,
real_camera,polyu_full,Canon80D_8_8_6400_comproom_14,1.057857551441049,-1,tv_maxiter,39.688022610522545,0.9767665863037109,0.9826191067695618,0.004289630334824324,0.03225744143128395,0.017761213704943657,14,0.0672580000009475,inf,0.014496227726340294,0.9991055509152602,,,,,
real_camera,polyu_full,Canon80D_8_8_6400_comproom_14,1.057857551441049,-1,tv_fixedk_val,39.631382316276095,0.977301836013794,0.982474684715271,0.004027609247714281,0.03225744143128395,0.016982106491923332,40,0.18601520000083838,,0.015275334939360619,0.9991055509152602,,,,,
real_camera,polyu_full,Canon80D_8_8_6400_comproom_14,1.057857551441049,-1,tv_discrepancy,41.85616640701906,0.9777424931526184,0.9894485473632812,0.00393782090395689,0.03225744143128395,0.023032808676362038,3,0.01797640000040701,,0.009224632754921913,0.9991055509152602,,,,,
real_camera,polyu_full,Canon80D_8_8_6400_comproom_14,1.057857551441049,-1,tv_chambolle_val,42.53892749898181,0.981590986251831,0.9927275776863098,0.0031367891933768988,0.03225744143128395,0.022402765229344368,0,0.014592800000173156,,,0.0,,,,,
real_camera,polyu_full,Canon80D_8_8_6400_comproom_14,1.057857551441049,-1,gaussian_val,38.763559070651,0.9766018986701965,0.9675677418708801,0.005204931367188692,0.03225744143128395,0.020162496715784073,0,0.0004431000015756581,,,0.0,,,,,
real_camera,polyu_full,Canon80D_8_8_6400_comproom_14,1.057857551441049,-1,median_val,39.717076771439544,0.9802724719047546,0.9804552793502808,0.003803405910730362,0.03225744143128395,0.019880075007677078,0,0.0010009000015998026,,,0.0,,,,,
real_camera,polyu_full,Canon80D_8_8_6400_comproom_14,1.057857551441049,-1,bilateral_val,41.16006435234924,0.9657003879547119,0.9897719025611877,0.004038838669657707,0.03225744143128395,0.02948790229856968,0,0.24191849999988335,,,0.0,,,,,
real_camera,polyu_full,Canon80D_8_8_6400_comproom_14,1.057857551441049,-1,pm_diff_val,42.572313919168494,0.98264080286026,0.9927905797958374,0.003068457590416074,0.03225744143128395,0.022088734433054924,5,0.009217700000590412,,,0.0,,,,,
real_camera,polyu_full,Canon80D_8_8_6400_comproom_14,1.057857551441049,-1,wavelet_bayes,41.0096439749309,0.9624490737915039,0.9880877137184143,0.004516248125582933,0.03225744143128395,0.029912114143371582,0,0.004423600001246086,,,0.0,,,,,
real_camera,polyu_full,Canon80D_8_8_6400_comproom_14,1.057857551441049,-1,nlm,41.280495218842276,0.9693282246589661,0.9895946383476257,0.003955605439841747,0.03225744143128395,0.027797499671578407,0,0.06307919999926526,,,0.0,,,,,
real_camera,polyu_full,Canon80D_8_8_6400_comproom_14,1.057857551441049,-1,bm3d,40.82121282705512,0.9600788950920105,0.9872094392776489,0.004715248942375183,0.03225744143128395,0.030666733160614967,0,2.1153143999999884,,,0.0,,,,,
real_camera,polyu_full,Canon80D_8_8_6400_comproom_14,1.057857551441049,-1,fdncnn_color,41.25149622162111,0.9651753306388855,0.988312840461731,0.004433768801391125,0.03225744143128395,0.02893628180027008,0,1.991913800000475,,,0.0,,,,,
real_camera,polyu_full,Canon80D_8_8_6400_comproom_14,1.057857551441049,-1,ectv_fdncnn,40.476947180190244,0.9551555514335632,0.9862790703773499,0.004935307428240776,0.03225744143128395,0.03224646672606468,0,2.034504299999753,1.0978396376286783e-05,1.0974705219268799e-05,0.9991055509152602,0.32,,0.3333333333333333,0.0030341744422912598,0.0
real_camera,polyu_full,Canon80D_8_8_6400_comproom_16,1.2980098168980183,-1,noisy,39.16585800183407,0.9552307724952698,0.9893268942832947,0.005715691018849611,0.04435695335268974,0.04435695335268974,0,0.0,0.0,0.0,0.0,,,,,
real_camera,polyu_full,Canon80D_8_8_6400_comproom_16,1.2980098168980183,-1,ectv,39.166396567411105,0.9552381038665771,0.9893274903297424,0.005715297535061836,0.04435695335268974,0.04435400664806366,1,0.03640339999947173,2.9533578688999602e-06,2.946704626083374e-06,0.9986539515170649,0.04,,,,
real_camera,polyu_full,Canon80D_8_8_6400_comproom_16,1.2980098168980183,-1,ectv_fidelity,39.17016705936532,0.9552881717681885,0.989332914352417,0.005712549667805433,0.04435695335268974,0.0443333275616169,1,0.0353106000002299,2.362686291225035e-05,2.362579107284546e-05,0.9986539515170649,0.32,0.08,0.3333333333333333,,
real_camera,polyu_full,Canon80D_8_8_6400_comproom_16,1.2980098168980183,-1,tv_maxiter,36.17627806033531,0.9476421475410461,0.9724862575531006,0.007709454745054245,0.04435695335268974,0.023904597386717796,17,0.09343950000038603,inf,0.020452355965971947,0.9986539515170649,,,,,
real_camera,polyu_full,Canon80D_8_8_6400_comproom_16,1.2980098168980183,-1,tv_fixedk_val,36.21654781913348,0.9495919346809387,0.9714833498001099,0.007569438312202692,0.04435695335268974,0.023164477199316025,40,0.18613420000110636,,0.021192476153373718,0.9986539515170649,,,,,
real_camera,polyu_full,Canon80D_8_8_6400_comproom_16,1.2980098168980183,-1,tv_discrepancy,39.589074515372175,0.9738348126411438,0.9888176918029785,0.005531357601284981,0.04435695335268974,0.032698217779397964,3,0.017783899998903507,,0.011658735573291779,0.9986539515170649,,,,,
real_camera,polyu_full,Canon80D_8_8_6400_comproom_16,1.2980098168980183,-1,tv_chambolle_val,40.67071982206972,0.9798491597175598,0.9926455020904541,0.00412419019266963,0.04435695335268974,0.032886750996112823,0,0.014154800001051626,,,0.0,,,,,
real_camera,polyu_full,Canon80D_8_8_6400_comproom_16,1.2980098168980183,-1,gaussian_val,35.575200231992575,0.9618699550628662,0.9619433879852295,0.008633676916360855,0.04435695335268974,0.02783742919564247,0,0.00025830000049609225,,,0.0,,,,,
real_camera,polyu_full,Canon80D_8_8_6400_comproom_16,1.2980098168980183,-1,median_val,34.42180106560984,0.9531275629997253,0.9528458118438721,0.007635064888745546,0.04435695335268974,0.026259196922183037,0,0.0009398999991390156,,,0.0,,,,,
real_camera,polyu_full,Canon80D_8_8_6400_comproom_16,1.2980098168980183,-1,bilateral_val,39.87309706822643,0.9692211747169495,0.9914458990097046,0.004740653559565544,0.04435695335268974,0.04028458148241043,0,0.2538241000002017,,,0.0,,,,,
real_camera,polyu_full,Canon80D_8_8_6400_comproom_16,1.2980098168980183,-1,pm_diff_val,40.49876193905913,0.9798830151557922,0.9925735592842102,0.004073079209774733,0.04435695335268974,0.03320237994194031,5,0.009596599998985766,,,0.0,,,,,
real_camera,polyu_full,Canon80D_8_8_6400_comproom_16,1.2980098168980183,-1,wavelet_bayes,39.475978391530575,0.960660994052887,0.9900861978530884,0.0054176487028598785,0.04435695335268974,0.04239165410399437,0,0.004822599999897648,,,0.0,,,,,
real_camera,polyu_full,Canon80D_8_8_6400_comproom_16,1.2980098168980183,-1,nlm,39.95019230460623,0.9720416069030762,0.9916867017745972,0.004575790837407112,0.04435695335268974,0.03917215019464493,0,0.048497400000997004,,,0.0,,,,,
real_camera,polyu_full,Canon80D_8_8_6400_comproom_16,1.2980098168980183,-1,bm3d,39.52864644754994,0.9611817002296448,0.9899893403053284,0.00545782595872879,0.04435695335268974,0.04241061210632324,0,1.8307108000008157,,,0.0,,,,,
real_camera,polyu_full,Canon80D_8_8_6400_comproom_16,1.2980098168980183,-1,fdncnn_color,39.86305284858888,0.9661681056022644,0.9906760454177856,0.0051701851189136505,0.04435695335268974,0.04064946621656418,0,1.9844304999987799,,,0.0,,,,,
real_camera,polyu_full,Canon80D_8_8_6400_comproom_16,1.2980098168980183,-1,ectv_fdncnn,39.17049577466305,0.9553075432777405,0.9893360733985901,0.005712154321372509,0.04435695335268974,0.0443333275616169,0,2.017325399998299,2.362686291225035e-05,2.362579107284546e-05,0.9986539515170649,0.32,,0.3333333333333333,0.005774378776550293,0.0
real_camera,polyu_full,Canon80D_8_8_800_GO_11,1.1400275717162056,-1,noisy,40.1107425598654,0.9843823313713074,0.9985520839691162,0.0036134356632828712,0.08573870360851288,0.08573870360851288,0,0.0,0.0,0.0,0.0,,,,,
real_camera,polyu_full,Canon80D_8_8_800_GO_11,1.1400275717162056,-1,ectv,40.11089773401529,0.9843829274177551,0.9985520839691162,0.0036133434623479843,0.08573870360851288,0.08573689311742783,1,0.0313151000009384,1.8167238892087462e-06,1.8104910850524902e-06,0.9989613499987238,0.04,,,,
real_camera,polyu_full,Canon80D_8_8_800_GO_11,1.1400275717162056,-1,ectv_fidelity,40.111984082248966,0.9843867421150208,0.9985526204109192,0.003612704109400511,0.08573870360851288,0.08572417497634888,1,0.03228010000020731,1.453379110460391e-05,1.4528632164001465e-05,0.9989613499987238,0.32,0.08,0.3333333333333333,,
real_camera,polyu_full,Canon80D_8_8_800_GO_11,1.1400275717162056,-1,tv_maxiter,31.337014300301625,0.920006513595581,0.9696301221847534,0.01753838174045086,0.08573870360851288,0.04923911392688751,18,0.08652759999858972,inf,0.036499589681625366,0.9989613499987238,,,,,
real_camera,polyu_full,Canon80D_8_8_800_GO_11,1.1400275717162056,-1,tv_fixedk_val,31.346312718116067,0.9223711490631104,0.96929532289505,0.017606858164072037,0.08573870360851288,0.0486578494310379,40,0.18215589999999793,,0.037080854177474976,0.9989613499987238,,,,,
real_camera,polyu_full,Canon80D_8_8_800_GO_11,1.1400275717162056,-1,tv_discrepancy,38.133071789707806,0.9822550415992737,0.9963762760162354,0.006756418384611607,0.08573870360851288,0.07282556593418121,2,0.012146999999458785,,0.012913137674331665,0.9989613499987238,,,,,
real_camera,polyu_full,Canon80D_8_8_800_GO_11,1.1400275717162056,-1,tv_chambolle_val,40.07385309519191,0.9879611134529114,0.9982644319534302,0.004038370214402676,0.08573870360851288,0.07690241932868958,0,0.007710300000326242,,,0.0,,,,,
real_camera,polyu_full,Canon80D_8_8_800_GO_11,1.1400275717162056,-1,gaussian_val,29.22051952989378,0.9188666343688965,0.9506639838218689,0.02102358639240265,0.08573870360851288,0.05084411799907684,0,0.0003924000011465978,,,0.0,,,,,
real_camera,polyu_full,Canon80D_8_8_800_GO_11,1.1400275717162056,-1,median_val,26.957593871951083,0.8572847843170166,0.9062849283218384,0.022366199642419815,0.08573870360851288,0.04580540955066681,0,0.00113229999988107,,,0.0,,,,,
real_camera,polyu_full,Canon80D_8_8_800_GO_11,1.1400275717162056,-1,bilateral_val,40.04874796203624,0.9880152344703674,0.9984098076820374,0.003563458565622568,0.08573870360851288,0.08339303731918335,0,0.26680429999942135,,,0.0,,,,,
real_camera,polyu_full,Canon80D_8_8_800_GO_11,1.1400275717162056,-1,pm_diff_val,39.94637563071503,0.9876587390899658,0.9984065294265747,0.003573967143893242,0.08573870360851288,0.0809258297085762,5,0.00952289999986533,,,0.0,,,,,
real_camera,polyu_full,Canon80D_8_8_800_GO_11,1.1400275717162056,-1,wavelet_bayes,40.161066962616125,0.9849753975868225,0.9985777139663696,0.0035634038504213095,0.08573870360851288,0.08520212769508362,0,0.004198599999654107,,,0.0,,,,,
real_camera,polyu_full,Canon80D_8_8_800_GO_11,1.1400275717162056,-1,nlm,40.35280079793097,0.9890773892402649,0.9987172484397888,0.003209550864994526,0.08573870360851288,0.08350443840026855,0,0.04529689999981201,,,0.0,,,,,
real_camera,polyu_full,Canon80D_8_8_800_GO_11,1.1400275717162056,-1,bm3d,40.40892242747234,0.9878713488578796,0.9986802339553833,0.0033503700979053974,0.08573870360851288,0.08405725657939911,0,1.8028555999990203,,,0.0,,,,,
real_camera,polyu_full,Canon80D_8_8_800_GO_11,1.1400275717162056,-1,fdncnn_color,40.49972357090255,0.9889337420463562,0.9986916184425354,0.003282034769654274,0.08573870360851288,0.0835278108716011,0,1.9477294999996957,,,0.0,,,,,
real_camera,polyu_full,Canon80D_8_8_800_GO_11,1.1400275717162056,-1,ectv_fdncnn,40.113933495350636,0.9844207167625427,0.9985537528991699,0.003610750660300255,0.08573870360851288,0.08572417497634888,0,1.9962914000007004,1.453379110460391e-05,1.4528632164001465e-05,0.9989613499987238,0.32,,0.3333333333333333,0.0058005452156066895,0.0
real_camera,polyu_full,NikonD800_10_100_6400_planandsofa_2,0.9425841389168376,-1,noisy,34.08483336285477,0.9628151059150696,0.9853454828262329,0.008420043624937534,0.06608650088310242,0.06608650088310242,0,0.0,0.0,0.0,0.0,,,,,
real_camera,polyu_full,NikonD800_10_100_6400_planandsofa_2,0.9425841389168376,-1,ectv,34.08493036785424,0.9628162980079651,0.9853456616401672,0.008419922553002834,0.06608650088310242,0.06608561426401138,1,0.030211600000257022,8.897263644178969e-07,8.866190910339355e-07,0.9992897330702242,0.04,,,,
real_camera,polyu_full,NikonD800_10_100_6400_planandsofa_2,0.9425841389168376,-1,ectv_fidelity,34.085607336911615,0.9628245830535889,0.9853468537330627,0.008419089019298553,0.06608650088310242,0.06607938557863235,1,0.02998420000039914,7.117810914278245e-06,7.115304470062256e-06,0.9992897330702242,0.32,0.08,0.3333333333333333,,
real_camera,polyu_full,NikonD800_10_100_6400_planandsofa_2,0.9425841389168376,-1,tv_maxiter,33.224229240353594,0.9565300345420837,0.9787572026252747,0.010225074365735054,0.06608650088310242,0.049375686794519424,16,0.07334739999896556,inf,0.016710814088582993,0.9992897330702242,,,,,
real_camera,polyu_full,NikonD800_10_100_6400_planandsofa_2,0.9425841389168376,-1,tv_fixedk_val,33.25944271770576,0.9574360847473145,0.9783300161361694,0.010317003354430199,0.06608650088310242,0.048580192029476166,40,0.17272359999878972,,0.01750630885362625,0.9992897330702242,,,,,
real_camera,polyu_full,NikonD800_10_100_6400_planandsofa_2,0.9425841389168376,-1,tv_discrepancy,34.413827009830506,0.9693126082420349,0.9854814410209656,0.0082326028496027,0.06608650088310242,0.059835199266672134,2,0.012628599999516155,,0.006251301616430283,0.9992897330702242,,,,,
real_camera,polyu_full,NikonD800_10_100_6400_planandsofa_2,0.9425841389168376,-1,tv_chambolle_val,34.36406898865733,0.9707944989204407,0.9857083559036255,0.00784461572766304,0.06608650088310242,0.06073543056845665,0,0.003212800000255811,,,0.0,,,,,
real_camera,polyu_full,NikonD800_10_100_6400_planandsofa_2,0.9425841389168376,-1,gaussian_val,30.11181595885891,0.9459474086761475,0.9501029253005981,0.01570502668619156,0.06608650088310242,0.05086663365364075,0,0.0004245999989507254,,,0.0,,,,,
real_camera,polyu_full,NikonD800_10_100_6400_planandsofa_2,0.9425841389168376,-1,median_val,30.47563867389801,0.947161853313446,0.9571747183799744,0.011534995399415493,0.06608650088310242,0.050616420805454254,0,0.001003899998977431,,,0.0,,,,,
real_camera,polyu_full,NikonD800_10_100_6400_planandsofa_2,0.9425841389168376,-1,bilateral_val,34.286132524001886,0.9692047238349915,0.9854472875595093,0.008116447366774082,0.06608650088310242,0.0638825073838234,0,0.23742540000057488,,,0.0,,,,,
real_camera,polyu_full,NikonD800_10_100_6400_planandsofa_2,0.9425841389168376,-1,pm_diff_val,34.24313161170362,0.971449077129364,0.9854979515075684,0.007877360098063946,0.06608650088310242,0.06095913052558899,5,0.010123699999894598,,,0.0,,,,,
real_camera,polyu_full,NikonD800_10_100_6400_planandsofa_2,0.9425841389168376,-1,wavelet_bayes,34.10793723607627,0.9636001586914062,0.9853861331939697,0.008366892114281654,0.06608650088310242,0.06565962731838226,0,0.004663400000936235,,,0.0,,,,,
real_camera,polyu_full,NikonD800_10_100_6400_planandsofa_2,0.9425841389168376,-1,nlm,34.15157715838139,0.9676211476325989,0.9854871034622192,0.008072532713413239,0.06608650088310242,0.06414254754781723,0,0.042230900000504334,,,0.0,,,,,
real_camera,polyu_full,NikonD800_10_100_6400_planandsofa_2,0.9425841389168376,-1,bm3d,34.16447851114971,0.9663453102111816,0.9854511022567749,0.008232373744249344,0.06608650088310242,0.06452326476573944,0,1.7100595000010799,,,0.0,,,,,
real_camera,polyu_full,NikonD800_10_100_6400_planandsofa_2,0.9425841389168376,-1,fdncnn_color,34.21981297708794,0.9684533476829529,0.9854492545127869,0.00812935084104538,0.06608650088310242,0.06366784125566483,0,1.9314480000011827,,,0.0,,,,,
real_camera,polyu_full,NikonD800_10_100_6400_planandsofa_2,0.9425841389168376,-1,ectv_fdncnn,34.08527475747046,0.9628341794013977,0.9853457808494568,0.008419093675911427,0.06608650088310242,0.06607938557863235,0,1.9736938000005466,7.117810914278245e-06,7.115304470062256e-06,0.9992897330702242,0.32,,0.3333333333333333,0.0025493502616882324,0.0
real_camera,polyu_full,NikonD800_10_100_6400_planandsofa_7,0.7744044866584613,-1,noisy,39.948731408662084,0.9553777575492859,0.9741727113723755,0.005200948100537062,0.028235089033842087,0.028235089033842087,0,0.0,0.0,0.0,0.0,,,,,
real_camera,polyu_full,NikonD800_10_100_6400_planandsofa_7,0.7744044866584613,-1,ectv,39.94883101082132,0.9553790092468262,0.9741732478141785,0.005200878717005253,0.028235089033842087,0.02823466807603836,1,0.03062069999941741,4.245765337286925e-07,4.209578037261963e-07,0.999520468250664,0.04,,,,
real_camera,polyu_full,NikonD800_10_100_6400_planandsofa_7,0.7744044866584613,-1,ectv_fidelity,39.94952871881134,0.9553873538970947,0.9741762280464172,0.005200398154556751,0.028235089033842087,0.028231695294380188,1,0.03289240000049176,3.3966122697138173e-06,3.3937394618988037e-06,0.999520468250664,0.32,0.08,0.3333333333333333,,
real_camera,polyu_full,NikonD800_10_100_6400_planandsofa_7,0.7744044866584613,-1,tv_maxiter,37.79749633250877,0.9551079869270325,0.9400191307067871,0.005499072372913361,0.028235089033842087,0.011488867923617363,15,0.07131609999851207,inf,0.016746221110224724,0.999520468250664,,,,,
real_camera,polyu_full,NikonD800_10_100_6400_planandsofa_7,0.7744044866584613,-1,tv_fixedk_val,37.76682275176121,0.9552667737007141,0.9354137182235718,0.005588728468865156,0.028235089033842087,0.010665003210306168,40,0.17747219999910158,,0.01757008582353592,0.999520468250664,,,,,
real_camera,polyu_full,NikonD800_10_100_6400_planandsofa_7,0.7744044866584613,-1,tv_discrepancy,40.94772859471944,0.9699284434318542,0.9767481088638306,0.004471917636692524,0.028235089033842087,0.021931743249297142,2,0.012679299999945215,,0.006303345784544945,0.999520468250664,,,,,
real_camera,polyu_full,NikonD800_10_100_6400_planandsofa_7,0.7744044866584613,-1,tv_chambolle_val,41.27466464624861,0.9753305315971375,0.980812668800354,0.0036322276573628187,0.028235089033842087,0.020442279055714607,0,0.015787800000907737,,,0.0,,,,,
real_camera,polyu_full,NikonD800_10_100_6400_planandsofa_7,0.7744044866584613,-1,gaussian_val,38.21617014492966,0.9689879417419434,0.9452581405639648,0.005308818072080612,0.028235089033842087,0.01493713166564703,0,0.00041280000004917383,,,0.0,,,,,
real_camera,polyu_full,NikonD800_10_100_6400_planandsofa_7,0.7744044866584613,-1,median_val,36.643832025563945,0.957587718963623,0.9072102308273315,0.005544870626181364,0.028235089033842087,0.013338814489543438,0,0.0010509000003366964,,,0.0,,,,,
real_camera,polyu_full,NikonD800_10_100_6400_planandsofa_7,0.7744044866584613,-1,bilateral_val,40.60658127991849,0.9657744765281677,0.9779273867607117,0.004287559073418379,0.028235089033842087,0.025592433288693428,0,0.24109970000063186,,,0.0,,,,,
real_camera,polyu_full,NikonD800_10_100_6400_planandsofa_7,0.7744044866584613,-1,pm_diff_val,40.99155888331925,0.9741020202636719,0.980290949344635,0.0037459488958120346,0.028235089033842087,0.021016133949160576,5,0.008923999999751686,,,0.0,,,,,
real_camera,polyu_full,NikonD800_10_100_6400_planandsofa_7,0.7744044866584613,-1,wavelet_bayes,40.13028719640875,0.9583897590637207,0.9751434922218323,0.005015423055738211,0.028235089033842087,0.027274247258901596,0,0.005160699998668861,,,0.0,,,,,
real_camera,polyu_full,NikonD800_10_100_6400_planandsofa_7,0.7744044866584613,-1,nlm,40.23406039320228,0.9620334506034851,0.9767150282859802,0.004388055298477411,0.028235089033842087,0.02578425034880638,0,0.047425700000530924,,,0.0,,,,,
real_camera,polyu_full,NikonD800_10_100_6400_planandsofa_7,0.7744044866584613,-1,bm3d,40.13658449994413,0.9587506651878357,0.9750536680221558,0.005014948546886444,0.028235089033842087,0.027112601324915886,0,1.7414057000005414,,,0.0,,,,,
real_camera,polyu_full,NikonD800_10_100_6400_planandsofa_7,0.7744044866584613,-1,fdncnn_color,40.285431650891084,0.9610869288444519,0.9757585525512695,0.004859594628214836,0.028235089033842087,0.026299018412828445,0,1.9186817999998311,,,0.0,,,,,
real_camera,polyu_full,NikonD800_10_100_6400_planandsofa_7,0.7744044866584613,-1,ectv_fdncnn,39.94935767988511,0.9553888440132141,0.9741775393486023,0.0052003515884280205,0.028235089033842087,0.02823169343173504,0,1.960024499998326,3.3966122697138173e-06,3.3956021070480347e-06,0.999520468250664,0.32,,0.3333333333333333,0.00159376859664917,0.0
real_camera,polyu_full,NikonD800_11_160_3200_classroom_15,0.7081966165213563,-1,noisy,40.148465002667,0.9567963480949402,0.98382967710495,0.004441044759005308,0.02629486657679081,0.02629486657679081,0,0.0,0.0,0.0,0.0,,,,,
real_camera,polyu_full,NikonD800_11_160_3200_classroom_15,0.7081966165213563,-1,ectv,40.14853143733098,0.9567975401878357,0.9838298559188843,0.0044409893453121185,0.02629486657679081,0.026294564828276634,1,0.030650900000182446,3.03078001784753e-07,3.0174851417541504e-07,0.9995989269875132,0.04,,,,
real_camera,polyu_full,NikonD800_11_160_3200_classroom_15,0.7081966165213563,-1,ectv_fidelity,40.14899997292271,0.9568042159080505,0.9838322997093201,0.004440596327185631,0.02629486657679081,0.02629244327545166,1,0.03128310000101919,2.42462401423593e-06,2.423301339149475e-06,0.9995989269875132,0.32,0.08,0.3333333333333333,,
real_camera,polyu_full,NikonD800_11_160_3200_classroom_15,0.7081966165213563,-1,tv_maxiter,39.33311573150675,0.9663906693458557,0.9723337888717651,0.004023798741400242,0.02629486657679081,0.013372049666941166,15,0.06896790000064357,inf,0.012922816909849644,0.9995989269875132,,,,,
real_camera,polyu_full,NikonD800_11_160_3200_classroom_15,0.7081966165213563,-1,tv_fixedk_val,39.60904360167384,0.9696248173713684,0.9741891026496887,0.0036814550403505564,0.02629486657679081,0.01258216891437769,40,0.17440680000072462,,0.01371269766241312,0.9995989269875132,,,,,
real_camera,polyu_full,NikonD800_11_160_3200_classroom_15,0.7081966165213563,-1,tv_discrepancy,41.01251830726699,0.970005989074707,0.986885666847229,0.0037450133822858334,0.02629486657679081,0.021318204700946808,2,0.01247960000000603,,0.004976661875844002,0.9995989269875132,,,,,
real_camera,polyu_full,NikonD800_11_160_3200_classroom_15,0.7081966165213563,-1,tv_chambolle_val,41.337611905792436,0.9756762385368347,0.9902159571647644,0.0030102268792688847,0.02629486657679081,0.019324015825986862,0,0.01400889999968058,,,0.0,,,,,
real_camera,polyu_full,NikonD800_11_160_3200_classroom_15,0.7081966165213563,-1,gaussian_val,39.50987701689234,0.9725315570831299,0.9693726301193237,0.00450862804427743,0.02629486657679081,0.01640859991312027,0,0.00038520000089192763,,,0.0,,,,,
real_camera,polyu_full,NikonD800_11_160_3200_classroom_15,0.7081966165213563,-1,median_val,40.19570874684597,0.9740616679191589,0.9790446162223816,0.003278625663369894,0.02629486657679081,0.016038859263062477,0,0.00094849999914004,,,0.0,,,,,
real_camera,polyu_full,NikonD800_11_160_3200_classroom_15,0.7081966165213563,-1,bilateral_val,40.98860034743347,0.9683082103729248,0.9876245260238647,0.0037235994823276997,0.02629486657679081,0.02378692291676998,0,0.2419984000007389,,,0.0,,,,,
real_camera,polyu_full,NikonD800_11_160_3200_classroom_15,0.7081966165213563,-1,pm_diff_val,41.366897407345306,0.9766080975532532,0.9906678199768066,0.0029135257937014103,0.02629486657679081,0.018965929746627808,5,0.010615099999995437,,,0.0,,,,,
real_camera,polyu_full,NikonD800_11_160_3200_classroom_15,0.7081966165213563,-1,wavelet_bayes,40.36784205783931,0.9604038596153259,0.9850285649299622,0.004227604251354933,0.02629486657679081,0.0251694917678833,0,0.004902900000161026,,,0.0,,,,,
real_camera,polyu_full,NikonD800_11_160_3200_classroom_15,0.7081966165213563,-1,nlm,40.28402422550254,0.9595664143562317,0.9847729802131653,0.004222431220114231,0.02629486657679081,0.02541307918727398,0,0.04597560000001977,,,0.0,,,,,
real_camera,polyu_full,NikonD800_11_160_3200_classroom_15,0.7081966165213563,-1,bm3d,40.305885845133915,0.9592010974884033,0.9843367338180542,0.004347349051386118,0.02629486657679081,0.025531422346830368,0,1.779752100001133,,,0.0,,,,,
real_camera,polyu_full,NikonD800_11_160_3200_classroom_15,0.7081966165213563,-1,fdncnn_color,40.521089860724516,0.9623003005981445,0.9849178194999695,0.004234114661812782,0.02629486657679081,0.024604162201285362,0,1.9271042000000307,,,0.0,,,,,
real_camera,polyu_full,NikonD800_11_160_3200_classroom_15,0.7081966165213563,-1,ectv_fdncnn,40.14900318896862,0.9568047523498535,0.9838314652442932,0.00444075558334589,0.02629486657679081,0.02629244327545166,0,1.9701633999993646,2.42462401423593e-06,2.423301339149475e-06,0.9995989269875132,0.32,,0.3333333333333333,0.0012934207916259766,0.0
real_camera,polyu_full,NikonD800_11_160_3200_classroom_4,0.5929221623705418,-1,noisy,39.57998079368166,0.9586784243583679,0.9887314438819885,0.004073626361787319,0.02783980593085289,0.02783980593085289,0,0.0,0.0,0.0,0.0,,,,,
real_camera,polyu_full,NikonD800_11_160_3200_classroom_4,0.5929221623705418,-1,ectv,39.58001123817924,0.9586787223815918,0.9887315034866333,0.004073599819093943,0.02783980593085289,0.027839651331305504,1,0.03357709999909275,1.5489059973043e-07,1.5459954738616943e-07,0.9997188337316154,0.04,,,,
real_camera,polyu_full,NikonD800_11_160_3200_classroom_4,0.5929221623705418,-1,ectv_fidelity,39.58022212108884,0.9586817622184753,0.9887323975563049,0.004073417745530605,0.02783980593085289,0.0278385691344738,1,0.029644600001120125,1.2391247978378212e-06,1.2367963790893555e-06,0.9997188337316154,0.32,0.08,0.3333333333333333,,
real_camera,polyu_full,NikonD800_11_160_3200_classroom_4,0.5929221623705418,-1,tv_maxiter,38.47726299591596,0.9669930338859558,0.9766244292259216,0.004565873183310032,0.02783980593085289,0.01606706902384758,15,0.06698920000053477,inf,0.01177273690700531,0.9997188337316154,,,,,
real_camera,polyu_full,NikonD800_11_160_3200_classroom_4,0.5929221623705418,-1,tv_fixedk_val,38.556031823942455,0.9677432179450989,0.9766432046890259,0.004424027167260647,0.02783980593085289,0.01514450740069151,40,0.17828369999915594,,0.01269529853016138,0.9997188337316154,,,,,
real_camera,polyu_full,NikonD800_11_160_3200_classroom_4,0.5929221623705418,-1,tv_discrepancy,40.136072400446764,0.9690718650817871,0.9897629618644714,0.0036561014130711555,0.02783980593085289,0.02343565784394741,2,0.013099699999656877,,0.004404148086905479,0.9997188337316154,,,,,
real_camera,polyu_full,NikonD800_11_160_3200_classroom_4,0.5929221623705418,-1,tv_chambolle_val,40.33740719329954,0.9724830985069275,0.991218626499176,0.003187725320458412,0.02783980593085289,0.022475669160485268,0,0.011420500000895117,,,0.0,,,,,
real_camera,polyu_full,NikonD800_11_160_3200_classroom_4,0.5929221623705418,-1,gaussian_val,37.73062443398814,0.9674970507621765,0.9656176567077637,0.005380377639085054,0.02783980593085289,0.01887589320540428,0,0.00041369999962626025,,,0.0,,,,,
real_camera,polyu_full,NikonD800_11_160_3200_classroom_4,0.5929221623705418,-1,median_val,38.9539383292674,0.9711654186248779,0.9797093272209167,0.0037599403876811266,0.02783980593085289,0.01879730075597763,0,0.0009681999999884283,,,0.0,,,,,
real_camera,polyu_full,NikonD800_11_160_3200_classroom_4,0.5929221623705418,-1,bilateral_val,40.1674420953087,0.967109203338623,0.99024897813797,0.0036018164828419685,0.02783980593085289,0.026001570746302605,0,0.2328839000001608,,,0.0,,,,,
real_camera,polyu_full,NikonD800_11_160_3200_classroom_4,0.5929221623705418,-1,pm_diff_val,40.332510979736675,0.972649097442627,0.9913245439529419,0.00315806083381176,0.02783980593085289,0.022390592843294144,5,0.008912299999792594,,,0.0,,,,,
real_camera,polyu_full,NikonD800_11_160_3200_classroom_4,0.5929221623705418,-1,wavelet_bayes,39.69856813116908,0.9607828259468079,0.9891459941864014,0.0039570024237036705,0.02783980593085289,0.027134645730257034,0,0.0048760999998194166,,,0.0,,,,,
real_camera,polyu_full,NikonD800_11_160_3200_classroom_4,0.5929221623705418,-1,nlm,39.61849627498106,0.9595398902893066,0.988889217376709,0.003998005297034979,0.02783980593085289,0.02750185690820217,0,0.046968099999503465,,,0.0,,,,,
real_camera,polyu_full,NikonD800_11_160_3200_classroom_4,0.5929221623705418,-1,bm3d,39.68821476991248,0.9605485796928406,0.9889320731163025,0.0040116687305271626,0.02783980593085289,0.027202541008591652,0,1.7509425999996893,,,0.0,,,,,
real_camera,polyu_full,NikonD800_11_160_3200_classroom_4,0.5929221623705418,-1,fdncnn_color,39.82036876126664,0.9627441763877869,0.9890558123588562,0.003955812193453312,0.02783980593085289,0.026536298915743828,0,1.9342569999989792,,,0.0,,,,,
real_camera,polyu_full,NikonD800_11_160_3200_classroom_4,0.5929221623705418,-1,ectv_fdncnn,39.58021155569903,0.9586822986602783,0.9887320399284363,0.004073514603078365,0.02783980593085289,0.02783856727182865,0,1.9808252999991964,1.2391247978378212e-06,1.2386590242385864e-06,0.9997188337316154,0.32,,0.3333333333333333,0.0008348226547241211,0.0
real_camera,polyu_full,NikonD800_11_160_3200_classroom_6,0.8190338733807524,-1,noisy,40.42120224616676,0.9514119029045105,0.9660611152648926,0.004857123363763094,0.02291093021631241,0.02291093021631241,0,0.0,0.0,0.0,0.0,,,,,
real_camera,polyu_full,NikonD800_11_160_3200_classroom_6,0.8190338733807524,-1,ectv,40.42131600725983,0.9514134526252747,0.9660621881484985,0.004857022315263748,0.02291093021631241,0.022910408675670624,1,0.03123310000046331,5.243847846152788e-07,5.21540641784668e-07,0.9994636347050402,0.04,,,,
real_camera,polyu_full,NikonD800_11_160_3200_classroom_6,0.8190338733807524,-1,ectv_fidelity,40.42211454407138,0.951426088809967,0.9660689830780029,0.004856306128203869,0.02291093021631241,0.02290673553943634,1,0.030556900001101894,4.195078276704207e-06,4.194676876068115e-06,0.9994636347050402,0.32,0.08,0.3333333333333333,,
real_camera,polyu_full,NikonD800_11_160_3200_classroom_6,0.8190338733807524,-1,tv_maxiter,40.59935764290017,0.9714694619178772,0.9611849784851074,0.003241601400077343,0.02291093021631241,0.009180977009236813,15,0.07032939999953669,inf,0.013729953207075596,0.9994636347050402,,,,,
real_camera,polyu_full,NikonD800_11_160_3200_classroom_6,0.8190338733807524,-1,tv_fixedk_val,40.94747525054871,0.9751506447792053,0.9645081162452698,0.0029584430158138275,0.02291093021631241,0.008303646929562092,40,0.1772251000002143,,0.014607283286750317,0.9994636347050402,,,,,
real_camera,polyu_full,NikonD800_11_160_3200_classroom_6,0.8190338733807524,-1,tv_discrepancy,41.84166292753305,0.9738777279853821,0.9774675965309143,0.0034523068461567163,0.02291093021631241,0.014702484011650085,3,0.017768199999409262,,0.008208446204662323,0.9994636347050402,,,,,
real_camera,polyu_full,NikonD800_11_160_3200_classroom_6,0.8190338733807524,-1,tv_chambolle_val,42.10192621820288,0.9767971634864807,0.9836055040359497,0.0028056951705366373,0.02291093021631241,0.014013050124049187,0,0.016932799999267445,,,0.0,,,,,
real_camera,polyu_full,NikonD800_11_160_3200_classroom_6,0.8190338733807524,-1,gaussian_val,41.25949721028889,0.9760060906410217,0.9672653079032898,0.0035019214265048504,0.02291093021631241,0.012202254496514797,0,0.00033320000147796236,,,0.0,,,,,
real_camera,polyu_full,NikonD800_11_160_3200_classroom_6,0.8190338733807524,-1,median_val,41.7048809893221,0.9779679775238037,0.9743942618370056,0.002784685231745243,0.02291093021631241,0.011944029480218887,0,0.0010375999991083518,,,0.0,,,,,
real_camera,polyu_full,NikonD800_11_160_3200_classroom_6,0.8190338733807524,-1,bilateral_val,41.739549498882624,0.9690878391265869,0.9781631827354431,0.0036836909130215645,0.02291093021631241,0.01912195421755314,0,0.24093720000018948,,,0.0,,,,,
real_camera,polyu_full,NikonD800_11_160_3200_classroom_6,0.8190338733807524,-1,pm_diff_val,42.17265213467687,0.9780630469322205,0.9843916296958923,0.0027236181776970625,0.02291093021631241,0.013425711542367935,5,0.010267800000292482,,,0.0,,,,,
real_camera,polyu_full,NikonD800_11_160_3200_classroom_6,0.8190338733807524,-1,wavelet_bayes,40.83515019898927,0.9583316445350647,0.9706213474273682,0.004423798061907291,0.02291093021631241,0.020807920023798943,0,0.0052937000000383705,,,0.0,,,,,
real_camera,polyu_full,NikonD800_11_160_3200_classroom_6,0.8190338733807524,-1,nlm,40.834892959806155,0.9593818783760071,0.9718636870384216,0.004218481481075287,0.02291093021631241,0.020495207980275154,0,0.050916800000777585,,,0.0,,,,,
real_camera,polyu_full,NikonD800_11_160_3200_classroom_6,0.8190338733807524,-1,bm3d,40.674248842534354,0.9554764628410339,0.9677385091781616,0.004706608131527901,0.02291093021631241,0.021722204983234406,0,1.7309304999998858,,,0.0,,,,,
real_camera,polyu_full,NikonD800_11_160_3200_classroom_6,0.8190338733807524,-1,fdncnn_color,40.98002649737793,0.9597857594490051,0.9697170257568359,0.004500879906117916,0.02291093021631241,0.02041163295507431,0,1.9102302999999665,,,0.0,,,,,
real_camera,polyu_full,NikonD800_11_160_3200_classroom_6,0.8190338733807524,-1,ectv_fdncnn,40.42214460022437,0.9514265060424805,0.9660675525665283,0.004856534767895937,0.02291093021631241,0.02290673553943634,0,1.9516415999987657,4.195078276704207e-06,4.194676876068115e-06,0.9994636347050402,0.32,,0.3333333333333333,0.0015277862548828125,0.0
real_camera,polyu_full,NikonD800_4-5_160_1800_classroom_15,0.4853259780340345,-1,noisy,41.371877701277675,0.9775207042694092,0.9965118169784546,0.0026454611215740442,0.03572706878185272,0.03572706878185272,0,0.0,0.0,0.0,0.0,,,,,
real_camera,polyu_full,NikonD800_4-5_160_1800_classroom_15,0.4853259780340345,-1,ectv,41.371885969033,0.9775207042694092,0.9965119361877441,0.002645456697791815,0.03572706878185272,0.03572699800133705,1,0.031500099999902886,7.255676755669455e-08,7.078051567077637e-08,0.9998116024585882,0.04,,,,
real_camera,polyu_full,NikonD800_4-5_160_1800_classroom_15,0.4853259780340345,-1,ectv_fidelity,41.371944506130625,0.9775205254554749,0.9965119361877441,0.0026454213075339794,0.03572706878185272,0.03572649508714676,1,0.03113149999990128,5.804541404529788e-07,5.736947059631348e-07,0.9998116024585882,0.32,0.08,0.3333333333333333,,
real_camera,polyu_full,NikonD800_4-5_160_1800_classroom_15,0.4853259780340345,-1,tv_maxiter,34.7442164752004,0.9553835988044739,0.9607874751091003,0.005548820365220308,0.03572706878185272,0.018617983907461166,15,0.0666851999994833,inf,0.017109084874391556,0.9998116024585882,,,,,
real_camera,polyu_full,NikonD800_4-5_160_1800_classroom_15,0.4853259780340345,-1,tv_fixedk_val,34.77708712281716,0.9576875567436218,0.9603941440582275,0.005191325210034847,0.03572706878185272,0.01792648807168007,40,0.17435410000143747,,0.017800580710172653,0.9998116024585882,,,,,
real_camera,polyu_full,NikonD800_4-5_160_1800_classroom_15,0.4853259780340345,-1,tv_discrepancy,41.14120148212471,0.979387104511261,0.9960262775421143,0.00275203725323081,0.03572706878185272,0.032506681978702545,1,0.008322799998495611,,0.003220386803150177,0.9998116024585882,,,,,
real_camera,polyu_full,NikonD800_4-5_160_1800_classroom_15,0.4853259780340345,-1,tv_chambolle_val,41.853265349509066,0.9836826324462891,0.9972965717315674,0.002273264341056347,0.03572706878185272,0.03205449506640434,0,0.007971199998792144,,,0.0,,,,,
real_camera,polyu_full,NikonD800_4-5_160_1800_classroom_15,0.4853259780340345,-1,gaussian_val,34.15312563084811,0.9580650925636292,0.9484406113624573,0.005992792546749115,0.03572706878185272,0.020117156207561493,0,0.0002235000010841759,,,0.0,,,,,
real_camera,polyu_full,NikonD800_4-5_160_1800_classroom_15,0.4853259780340345,-1,median_val,33.9062522475246,0.9557660222053528,0.9629056453704834,0.004609164781868458,0.03572706878185272,0.02053852379322052,0,0.0009628000007069204,,,0.0,,,,,
real_camera,polyu_full,NikonD800_4-5_160_1800_classroom_15,0.4853259780340345,-1,bilateral_val,41.64506932150228,0.9800664782524109,0.996707022190094,0.0025454380083829165,0.03572706878185272,0.034951359033584595,0,0.2440958999995928,,,0.0,,,,,
real_camera,polyu_full,NikonD800_4-5_160_1800_classroom_15,0.4853259780340345,-1,pm_diff_val,41.83007683090774,0.983786404132843,0.9973059296607971,0.002240265253931284,0.03572706878185272,0.03265226632356644,5,0.0088820000000851,,,0.0,,,,,
real_camera,polyu_full,NikonD800_4-5_160_1800_classroom_15,0.4853259780340345,-1,wavelet_bayes,41.39748579747777,0.9778285026550293,0.996559739112854,0.0026255990378558636,0.03572706878185272,0.03558187931776047,0,0.004397500000777654,,,0.0,,,,,
real_camera,polyu_full,NikonD800_4-5_160_1800_classroom_15,0.4853259780340345,-1,nlm,41.448919442499665,0.9787869453430176,0.9966694712638855,0.0025626292917877436,0.03572706878185272,0.03518461808562279,0,0.04198069999984,,,0.0,,,,,
real_camera,polyu_full,NikonD800_4-5_160_1800_classroom_15,0.4853259780340345,-1,bm3d,41.48665021914653,0.9789063930511475,0.9966297745704651,0.002595070516690612,0.03572706878185272,0.035159528255462646,0,1.8038347000001522,,,0.0,,,,,
real_camera,polyu_full,NikonD800_4-5_160_1800_classroom_15,0.4853259780340345,-1,fdncnn_color,41.54721814935933,0.9795486330986023,0.9966819882392883,0.0025699730031192303,0.03572706878185272,0.034973643720149994,0,1.908117900000434,,,0.0,,,,,
real_camera,polyu_full,NikonD800_4-5_160_1800_classroom_15,0.4853259780340345,-1,ectv_fdncnn,41.37202177572519,0.9775217175483704,0.996512234210968,0.0026454003527760506,0.03572706878185272,0.03572649136185646,0,1.9482664999995905,5.804541404529788e-07,5.774199962615967e-07,0.9998116024585882,0.32,,0.3333333333333333,0.0006555318832397461,0.0
real_camera,polyu_full,NikonD800_4-5_160_1800_classroom_5,0.4541440347683002,-1,noisy,40.456469519520766,0.9758089184761047,0.9956940412521362,0.0026956405490636826,0.03686349838972092,0.03686349838972092,0,0.0,0.0,0.0,0.0,,,,,
real_camera,polyu_full,NikonD800_4-5_160_1800_classroom_5,0.4541440347683002,-1,ectv,40.45647412805061,0.9758089184761047,0.9956939816474915,0.0026956379879266024,0.03686349838972092,0.03686344251036644,1,0.03163520000089193,5.6401282216608566e-08,5.587935447692871e-08,0.9998350297777094,0.04,,,,
real_camera,polyu_full,NikonD800_4-5_160_1800_classroom_5,0.4541440347683002,-1,ectv_fidelity,40.45650752560938,0.97580885887146,0.9956939816474915,0.00269561936147511,0.03686349838972092,0.0368630476295948,1,0.030975300000136485,4.5121025773259727e-07,4.507601261138916e-07,0.9998350297777094,0.32,0.08,0.3333333333333333,,
real_camera,polyu_full,NikonD800_4-5_160_1800_classroom_5,0.4541440347683002,-1,tv_maxiter,35.14019127303608,0.9212439656257629,0.9715080261230469,0.005249458365142345,0.03686349838972092,0.01510065421462059,14,0.0645753999997396,inf,0.021762844175100327,0.9998350297777094,,,,,
real_camera,polyu_full,NikonD800_4-5_160_1800_classroom_5,0.4541440347683002,-1,tv_fixedk_val,35.116768587801246,0.9222002029418945,0.97062748670578,0.005192797631025314,0.03686349838972092,0.014353634789586067,40,0.17893910000020696,,0.02250986360013485,0.9998350297777094,,,,,
real_camera,polyu_full,NikonD800_4-5_160_1800_classroom_5,0.4541440347683002,-1,tv_discrepancy,40.323740367158436,0.9764394760131836,0.9955965876579285,0.002713539404794574,0.03686349838972092,0.032140716910362244,1,0.008723900000404683,,0.004722781479358673,0.9998350297777094,,,,,
real_camera,polyu_full,NikonD800_4-5_160_1800_classroom_5,0.4541440347683002,-1,tv_chambolle_val,40.77922564281199,0.9805825352668762,0.9964048862457275,0.0024219495244324207,0.03686349838972092,0.03262198343873024,0,0.00788049999937357,,,0.0,,,,,
real_camera,polyu_full,NikonD800_4-5_160_1800_classroom_5,0.4541440347683002,-1,gaussian_val,34.398376189445,0.92393559217453,0.9541249871253967,0.005855232942849398,0.03686349838972092,0.016760466620326042,0,0.00020930000027874485,,,0.0,,,,,
real_camera,polyu_full,NikonD800_4-5_160_1800_classroom_5,0.4541440347683002,-1,median_val,34.966519775475916,0.9304102063179016,0.9552324414253235,0.004994653165340424,0.03686349838972092,0.01865791529417038,0,0.0010310999987268588,,,0.0,,,,,
real_camera,polyu_full,NikonD800_4-5_160_1800_classroom_5,0.4541440347683002,-1,bilateral_val,40.71672923600545,0.9786818623542786,0.9959245920181274,0.0026080103125423193,0.03686349838972092,0.03609611093997955,0,0.26663840000037453,,,0.0,,,,,
real_camera,polyu_full,NikonD800_4-5_160_1800_classroom_5,0.4541440347683002,-1,pm_diff_val,40.71168183859613,0.9802502989768982,0.9963195323944092,0.0024490042123943567,0.03686349838972092,0.034520916640758514,5,0.01066000000173517,,,0.0,,,,,
real_camera,polyu_full,NikonD800_4-5_160_1800_classroom_5,0.4541440347683002,-1,wavelet_bayes,40.47528179247387,0.9760658740997314,0.9957385063171387,0.002680303994566202,0.03686349838972092,0.03670985624194145,0,0.005050400000982336,,,0.0,,,,,
real_camera,polyu_full,NikonD800_4-5_160_1800_classroom_5,0.4541440347683002,-1,nlm,40.502220727572826,0.976726233959198,0.9958081841468811,0.0026470646262168884,0.03686349838972092,0.0364687442779541,0,0.04385990000082529,,,0.0,,,,,
real_camera,polyu_full,NikonD800_4-5_160_1800_classroom_5,0.4541440347683002,-1,bm3d,40.533463565503695,0.9769482612609863,0.9958085417747498,0.0026578791439533234,0.03686349838972092,0.03643988072872162,0,1.8030369999996765,,,0.0,,,,,
real_camera,polyu_full,NikonD800_4-5_160_1800_classroom_5,0.4541440347683002,-1,fdncnn_color,40.55231712745058,0.9774238467216492,0.9958487749099731,0.002644176362082362,0.03686349838972092,0.03635700047016144,0,2.085638900000049,,,0.0,,,,,
real_camera,polyu_full,NikonD800_4-5_160_1800_classroom_5,0.4541440347683002,-1,ectv_fdncnn,40.45656622920288,0.9758092761039734,0.9956942200660706,0.00269559258595109,0.03686349838972092,0.0368630476295948,0,2.1263686000002053,4.5121025773259727e-07,4.507601261138916e-07,0.9998350297777094,0.32,,0.3333333333333333,0.0007442235946655273,0.0
real_camera,polyu_full,NikonD800_4-5_160_1800_classroom_9,0.7677534220534384,-1,noisy,40.228336278552625,0.9732444882392883,0.9974315166473389,0.0031047617085278034,0.06052493304014206,0.06052493304014206,0,0.0,0.0,0.0,0.0,,,,,
real_camera,polyu_full,NikonD800_4-5_160_1800_classroom_9,0.7677534220534384,-1,ectv,40.228362092439234,0.9732444882392883,0.9974315166473389,0.0031047496013343334,0.06052493304014206,0.06052452325820923,1,0.03303090000008524,4.10992463465865e-07,4.0978193283081055e-07,0.999528666041752,0.04,,,,
real_camera,polyu_full,NikonD800_4-5_160_1800_classroom_9,0.7677534220534384,-1,ectv_fidelity,40.2285407366015,0.9732456803321838,0.9974319338798523,0.0031046667136251926,0.06052493304014206,0.060521651059389114,1,0.03156219999982568,3.2879397076219526e-06,3.2819807529449463e-06,0.999528666041752,0.32,0.08,0.3333333333333333,,
real_camera,polyu_full,NikonD800_4-5_160_1800_classroom_9,0.7677534220534384,-1,tv_maxiter,32.199354951566576,0.9074499011039734,0.9675211310386658,0.00836566649377346,0.06052493304014206,0.026625247672200203,17,0.07549299999845971,inf,0.033899685367941856,0.999528666041752,,,,,
real_camera,polyu_full,NikonD800_4-5_160_1800_classroom_9,0.7677534220534384,-1,tv_fixedk_val,32.1552566521262,0.9087810516357422,0.9665160775184631,0.008224964141845703,0.06052493304014206,0.025722278282046318,40,0.17472060000000056,,0.03480265475809574,0.999528666041752,,,,,
real_camera,polyu_full,NikonD800_4-5_160_1800_classroom_9,0.7677534220534384,-1,tv_discrepancy,39.65875326254934,0.973842442035675,0.9969653487205505,0.003432412398979068,0.06052493304014206,0.05324874818325043,1,0.008350699999937206,,0.007276184856891632,0.999528666041752,,,,,
real_camera,polyu_full,NikonD800_4-5_160_1800_classroom_9,0.7677534220534384,-1,tv_chambolle_val,40.45225402923834,0.9774892330169678,0.997665524482727,0.002901253057643771,0.06052493304014206,0.052198365330696106,0,0.008690100001331302,,,0.0,,,,,
real_camera,polyu_full,NikonD800_4-5_160_1800_classroom_9,0.7677534220534384,-1,gaussian_val,30.045611857407305,0.8974173665046692,0.9284300208091736,0.011092053726315498,0.06052493304014206,0.02559700980782509,0,0.00026059999981953297,,,0.0,,,,,
real_camera,polyu_full,NikonD800_4-5_160_1800_classroom_9,0.7677534220534384,-1,median_val,29.82348306235387,0.8907794952392578,0.9433371424674988,0.008319400250911713,0.06052493304014206,0.026027381420135498,0,0.0009250000002793968,,,0.0,,,,,
real_camera,polyu_full,NikonD800_4-5_160_1800_classroom_9,0.7677534220534384,-1,bilateral_val,40.617389359420784,0.9776889681816101,0.9975406527519226,0.002978510921820998,0.06052493304014206,0.05850614979863167,0,0.24709470000016154,,,0.0,,,,,
real_camera,polyu_full,NikonD800_4-5_160_1800_classroom_9,0.7677534220534384,-1,pm_diff_val,40.49313019621971,0.9778369069099426,0.99769127368927,0.0028342315927147865,0.06052493304014206,0.05537528544664383,5,0.010939199999484117,,,0.0,,,,,
real_camera,polyu_full,NikonD800_4-5_160_1800_classroom_9,0.7677534220534384,-1,wavelet_bayes,40.2593834485579,0.9736661911010742,0.9974707961082458,0.003076611552387476,0.06052493304014206,0.060215871781110764,0,0.004362199999377481,,,0.0,,,,,
real_camera,polyu_full,NikonD800_4-5_160_1800_classroom_9,0.7677534220534384,-1,nlm,40.39320976151011,0.9762293696403503,0.9976274967193604,0.0029213347006589174,0.06052493304014206,0.05918416753411293,0,0.047028400000272086,,,0.0,,,,,
real_camera,polyu_full,NikonD800_4-5_160_1800_classroom_9,0.7677534220534384,-1,bm3d,40.40648247202806,0.9755497574806213,0.9975554347038269,0.003010305343195796,0.06052493304014206,0.05955367535352707,0,1.759030499999426,,,0.0,,,,,
real_camera,polyu_full,NikonD800_4-5_160_1800_classroom_9,0.7677534220534384,-1,fdncnn_color,40.41450393092856,0.9764476418495178,0.9975840449333191,0.002977904863655567,0.06052493304014206,0.059125177562236786,0,1.888388399998803,,,0.0,,,,,
real_camera,polyu_full,NikonD800_4-5_160_1800_classroom_9,0.7677534220534384,-1,ectv_fdncnn,40.22888369598305,0.9732525944709778,0.9974319934844971,0.003104424336925149,0.06052493304014206,0.060521651059389114,0,1.930729199999405,3.2879397076219526e-06,3.2819807529449463e-06,0.999528666041752,0.32,,0.3333333333333333,0.0020125508308410645,0.0
real_camera,polyu_full,NikonD800_5-6_160_6400_wall_15,1.7354648808921587,-1,noisy,37.200281279203764,0.9433992505073547,0.9937245845794678,0.005961183458566666,0.06670186668634415,0.06670186668634415,0,0.0,0.0,0.0,0.0,,,,,
real_camera,polyu_full,NikonD800_5-6_160_6400_wall_15,1.7354648808921587,-1,ectv,37.20119553974781,0.9434123039245605,0.9937257170677185,0.0059602768160402775,0.06670186668634415,0.06669314205646515,1,0.03292680000049586,8.727267694367825e-06,8.724629878997803e-06,0.9975963255524112,0.04,,,,
real_camera,polyu_full,NikonD800_5-6_160_6400_wall_15,1.7354648808921587,-1,ectv_fidelity,37.20756481146811,0.9435040354728699,0.9937325119972229,0.005953988991677761,0.06670186668634415,0.06663205474615097,1,0.033121600001322804,6.981814054989488e-05,6.981194019317627e-05,0.9975963255524112,0.32,0.08,0.3333333333333333,,
real_camera,polyu_full,NikonD800_5-6_160_6400_wall_15,1.7354648808921587,-1,tv_maxiter,33.13506956201365,0.9128368496894836,0.9680247902870178,0.012911292724311352,0.06670186668634415,0.032829634845256805,19,0.09342730000025767,inf,0.03387223184108734,0.9975963255524112,,,,,
real_camera,polyu_full,NikonD800_5-6_160_6400_wall_15,1.7354648808921587,-1,tv_fixedk_val,33.16976051782272,0.9157258868217468,0.967427670955658,0.012995855882763863,0.06670186668634415,0.03196047618985176,40,0.1739476000002469,,0.034741390496492386,0.9975963255524112,,,,,
real_camera,polyu_full,NikonD800_5-6_160_6400_wall_15,1.7354648808921587,-1,tv_discrepancy,37.3430460508492,0.9558844566345215,0.9929946064949036,0.006713361479341984,0.06670186668634415,0.05398956686258316,2,0.013804899999740883,,0.012712299823760986,0.9975963255524112,,,,,
real_camera,polyu_full,NikonD800_5-6_160_6400_wall_15,1.7354648808921587,-1,tv_chambolle_val,38.16137605869614,0.9689918160438538,0.995263934135437,0.004899497143924236,0.06670186668634415,0.050828490406274796,0,0.014020200000231853,,,0.0,,,,,
real_camera,polyu_full,NikonD800_5-6_160_6400_wall_15,1.7354648808921587,-1,gaussian_val,31.613115610754072,0.9178464412689209,0.9476168751716614,0.015293678268790245,0.06670186668634415,0.037565041333436966,0,0.0004540999998425832,,,0.0,,,,,
real_camera,polyu_full,NikonD800_5-6_160_6400_wall_15,1.7354648808921587,-1,median_val,28.945059452433046,0.8584023118019104,0.8935601711273193,0.017091337591409683,0.06670186668634415,0.03244265541434288,0,0.0010832999996637227,,,0.0,,,,,
real_camera,polyu_full,NikonD800_5-6_160_6400_wall_15,1.7354648808921587,-1,bilateral_val,38.334348933330695,0.9664466977119446,0.9951302409172058,0.004896331578493118,0.06670186668634415,0.060488805174827576,0,0.2684293999991496,,,0.0,,,,,
real_camera,polyu_full,NikonD800_5-6_160_6400_wall_15,1.7354648808921587,-1,pm_diff_val,37.990223842218775,0.9680431485176086,0.9950466752052307,0.004703359678387642,0.06670186668634415,0.052628107368946075,5,0.009392699999807519,,,0.0,,,,,
real_camera,polyu_full,NikonD800_5-6_160_6400_wall_15,1.7354648808921587,-1,wavelet_bayes,37.45620475672459,0.9493029713630676,0.9943320155143738,0.005608841776847839,0.06670186668634415,0.06420732289552689,0,0.0051787000011245254,,,0.0,,,,,
real_camera,polyu_full,NikonD800_5-6_160_6400_wall_15,1.7354648808921587,-1,nlm,37.96006275929742,0.9672943949699402,0.9958584904670715,0.00442839227616787,0.06670186668634415,0.060606300830841064,0,0.05231169999933627,,,0.0,,,,,
real_camera,polyu_full,NikonD800_5-6_160_6400_wall_15,1.7354648808921587,-1,bm3d,37.67375782854448,0.9540326595306396,0.9944188594818115,0.0055712563917040825,0.06670186668634415,0.06365838646888733,0,1.7754808999998204,,,0.0,,,,,
real_camera,polyu_full,NikonD800_5-6_160_6400_wall_15,1.7354648808921587,-1,fdncnn_color,38.062617247946505,0.9600785374641418,0.9948949813842773,0.005281681194901466,0.06670186668634415,0.06183838099241257,0,1.885787799999889,,,0.0,,,,,
real_camera,polyu_full,NikonD800_5-6_160_6400_wall_15,1.7354648808921587,-1,ectv_fdncnn,37.21301749462889,0.9436646103858948,0.9937440156936646,0.005950995720922947,0.06670186668634415,0.06663205474615097,0,1.927405500000532,6.981814054989488e-05,6.981194019317627e-05,0.9975963255524112,0.32,,0.3333333333333333,0.01282721757888794,0.0
real_camera,polyu_full,NikonD800_5-6_160_6400_wall_2,1.6033390942542989,-1,noisy,37.84026918582266,0.9251503944396973,0.9906736016273499,0.00606805132701993,0.050978973507881165,0.050978973507881165,0,0.0,0.0,0.0,0.0,,,,,
real_camera,polyu_full,NikonD800_5-6_160_6400_wall_2,1.6033390942542989,-1,ectv,37.84111735233185,0.9251682162284851,0.9906752109527588,0.006067162845283747,0.050978973507881165,0.05097247660160065,1,0.030994700000519515,6.498721555912709e-06,6.496906280517578e-06,0.9979476666330198,0.04,,,,
real_camera,polyu_full,NikonD800_5-6_160_6400_wall_2,1.6033390942542989,-1,ectv_fidelity,37.84704622893195,0.9252921938896179,0.990685760974884,0.00606097187846899,0.050978973507881165,0.05092698708176613,1,0.031115700001464575,5.1989772032313634e-05,5.198642611503601e-05,0.9979476666330198,0.32,0.08,0.3333333333333333,,
real_camera,polyu_full,NikonD800_5-6_160_6400_wall_2,1.6033390942542989,-1,tv_maxiter,35.830926983227876,0.9501781463623047,0.9739463925361633,0.007552804425358772,0.050978973507881165,0.023548228666186333,19,0.08839960000113933,inf,0.027430744841694832,0.9979476666330198,,,,,
real_camera,polyu_full,NikonD800_5-6_160_6400_wall_2,1.6033390942542989,-1,tv_fixedk_val,35.9499245990606,0.9529557228088379,0.972448468208313,0.007534713950008154,0.050978973507881165,0.022687923163175583,40,0.1787480000002688,,0.02829105034470558,0.9979476666330198,,,,,
real_camera,polyu_full,NikonD800_5-6_160_6400_wall_2,1.6033390942542989,-1,tv_discrepancy,38.15952945849246,0.9572489857673645,0.9903258681297302,0.006009985227137804,0.050978973507881165,0.03496565297245979,3,0.019040099999983795,,0.01601332053542137,0.9979476666330198,,,,,
real_camera,polyu_full,NikonD800_5-6_160_6400_wall_2,1.6033390942542989,-1,tv_chambolle_val,39.79900657722769,0.9709511399269104,0.9958329200744629,0.0036175032146275043,0.050978973507881165,0.03458271920681,0,0.01783419999992475,,,0.0,,,,,
real_camera,polyu_full,NikonD800_5-6_160_6400_wall_2,1.6033390942542989,-1,gaussian_val,33.3879106421748,0.9378101229667664,0.9421667456626892,0.011082044802606106,0.050978973507881165,0.02816777117550373,0,0.00045960000170452986,,,0.0,,,,,
real_camera,polyu_full,NikonD800_5-6_160_6400_wall_2,1.6033390942542989,-1,median_val,32.82635778475435,0.9321592450141907,0.9370627999305725,0.008418657816946507,0.050978973507881165,0.02646517939865589,0,0.0009279999994760146,,,0.0,,,,,
real_camera,polyu_full,NikonD800_5-6_160_6400_wall_2,1.6033390942542989,-1,bilateral_val,39.638061215912046,0.9603942036628723,0.9946447014808655,0.004337534308433533,0.050978973507881165,0.04329313337802887,0,0.23272419999921112,,,0.0,,,,,
real_camera,polyu_full,NikonD800_5-6_160_6400_wall_2,1.6033390942542989,-1,pm_diff_val,39.75434950399753,0.9714401364326477,0.9960060715675354,0.0034346901811659336,0.050978973507881165,0.03524116054177284,5,0.009456199999476667,,,0.0,,,,,
real_camera,polyu_full,NikonD800_5-6_160_6400_wall_2,1.6033390942542989,-1,wavelet_bayes,38.23873915045739,0.9351992011070251,0.9919406771659851,0.005574207752943039,0.050978973507881165,0.04797261953353882,0,0.004458000001250184,,,0.0,,,,,
real_camera,polyu_full,NikonD800_5-6_160_6400_wall_2,1.6033390942542989,-1,nlm,39.117774467582805,0.9585886597633362,0.9947248101234436,0.00422140397131443,0.050978973507881165,0.043039433658123016,0,0.05251680000037595,,,0.0,,,,,
real_camera,polyu_full,NikonD800_5-6_160_6400_wall_2,1.6033390942542989,-1,bm3d,38.36793395514386,0.936852753162384,0.9916309118270874,0.005701273679733276,0.050978973507881165,0.04797719419002533,0,1.7563810999999987,,,0.0,,,,,
real_camera,polyu_full,NikonD800_5-6_160_6400_wall_2,1.6033390942542989,-1,fdncnn_color,38.872934042746635,0.9460189342498779,0.992652177810669,0.005299796815961599,0.050978973507881165,0.0458683967590332,0,1.91960139999901,,,0.0,,,,,
real_camera,polyu_full,NikonD800_5-6_160_6400_wall_2,1.6033390942542989,-1,ectv_fdncnn,37.85081153054823,0.9253804683685303,0.990696132183075,0.006059782579541206,0.050978973507881165,0.05092698708176613,0,1.9609913999993296,5.1989772032313634e-05,5.198642611503601e-05,0.9979476666330198,0.32,,0.3333333333333333,0.009266078472137451,0.0
real_camera,polyu_full,NikonD800_5-6_160_6400_wall_6,2.472627842211573,-1,noisy,35.787734722094456,0.9633889198303223,0.9963645935058594,0.0058638714253902435,0.10389739274978638,0.10389739274978638,0,0.0,0.0,0.0,0.0,,,,,
real_camera,polyu_full,NikonD800_5-6_160_6400_wall_6,2.472627842211573,-1,ectv,35.79004382340274,0.9634048938751221,0.9963661432266235,0.00586156127974391,0.10389739274978638,0.10386496782302856,1,0.031367499999760184,3.2427613921354176e-05,3.24249267578125e-05,0.9951327343913896,0.04,,,,
real_camera,polyu_full,NikonD800_5-6_160_6400_wall_6,2.472627842211573,-1,ectv_fidelity,35.80593259500975,0.9635158181190491,0.9963760375976562,0.005846190266311169,0.10389739274978638,0.10363797843456268,1,0.03204050000022107,0.0002594208598127613,0.00025941431522369385,0.9951327343913896,0.32,0.08,0.3333333333333333,,
real_camera,polyu_full,NikonD800_5-6_160_6400_wall_6,2.472627842211573,-1,tv_maxiter,30.693599334418288,0.8871344923973083,0.9727213382720947,0.020526163280010223,0.10389739274978638,0.05724882706999779,20,0.09051150000050256,inf,0.04664856567978859,0.9951327343913896,,,,,
real_camera,polyu_full,NikonD800_5-6_160_6400_wall_6,2.472627842211573,-1,tv_fixedk_val,30.75057413183322,0.891280472278595,0.9716878533363342,0.02083445154130459,0.10389739274978638,0.0565456859767437,40,0.17562619999989693,,0.04735170677304268,0.9951327343913896,,,,,
real_camera,polyu_full,NikonD800_5-6_160_6400_wall_6,2.472627842211573,-1,tv_discrepancy,35.48024459979938,0.9631714224815369,0.9949930906295776,0.008432104252278805,0.10389739274978638,0.08685744553804398,2,0.012197000000014668,,0.0170399472117424,0.9951327343913896,,,,,
real_camera,polyu_full,NikonD800_5-6_160_6400_wall_6,2.472627842211573,-1,tv_chambolle_val,35.66228507167701,0.9610487818717957,0.9944683909416199,0.00828276015818119,0.10389739274978638,0.0832490548491478,0,0.01087050000023737,,,0.0,,,,,
real_camera,polyu_full,NikonD800_5-6_160_6400_wall_6,2.472627842211573,-1,gaussian_val,29.130665342735615,0.8876565098762512,0.9509589076042175,0.02494887076318264,0.10389739274978638,0.061662063002586365,0,0.0003169999999954598,,,0.0,,,,,
real_camera,polyu_full,NikonD800_5-6_160_6400_wall_6,2.472627842211573,-1,median_val,26.292530964908714,0.8004839420318604,0.8955096006393433,0.02864866890013218,0.10389739274978638,0.054079294204711914,0,0.0011072999986936338,,,0.0,,,,,
real_camera,polyu_full,NikonD800_5-6_160_6400_wall_6,2.472627842211573,-1,bilateral_val,36.30520774854183,0.9681403040885925,0.995489776134491,0.00647566094994545,0.10389739274978638,0.0975203737616539,0,0.2892249000014999,,,0.0,,,,,
real_camera,polyu_full,NikonD800_5-6_160_6400_wall_6,2.472627842211573,-1,pm_diff_val,35.30531294639751,0.9556344151496887,0.9929906129837036,0.00810000579804182,0.10389739274978638,0.0857681855559349,5,0.009127899998929934,,,0.0,,,,,
real_camera,polyu_full,NikonD800_5-6_160_6400_wall_6,2.472627842211573,-1,wavelet_bayes,35.929861169626164,0.964775562286377,0.9964994192123413,0.005702774040400982,0.10389739274978638,0.10066430270671844,0,0.005270699999528006,,,0.0,,,,,
real_camera,polyu_full,NikonD800_5-6_160_6400_wall_6,2.472627842211573,-1,nlm,35.987406752932465,0.9669808745384216,0.9964801073074341,0.005717170890420675,0.10389739274978638,0.10162018984556198,0,0.03766189999987546,,,0.0,,,,,
real_camera,polyu_full,NikonD800_5-6_160_6400_wall_6,2.472627842211573,-1,bm3d,36.247773727242546,0.9684534668922424,0.9965410232543945,0.005656418856233358,0.10389739274978638,0.10127383470535278,0,1.7282964999994874,,,0.0,,,,,
real_camera,polyu_full,NikonD800_5-6_160_6400_wall_6,2.472627842211573,-1,fdncnn_color,36.64856793632027,0.9715306758880615,0.9966074824333191,0.005608527921140194,0.10389739274978638,0.09854716062545776,0,1.92270119999921,,,0.0,,,,,
real_camera,polyu_full,NikonD800_5-6_160_6400_wall_6,2.472627842211573,-1,ectv_fdncnn,35.8331509343713,0.9638907313346863,0.996385931968689,0.005843011662364006,0.10389739274978638,0.10363797843456268,0,1.964298199998666,0.0002594208598127613,0.00025941431522369385,0.9951327343913896,0.32,,0.3333333333333333,0.041358768939971924,0.0
real_camera,polyu_full,NikonD800_5-6_160_6400_wall_9,1.231067526651843,-1,noisy,39.196681559781425,0.9230286478996277,0.9728591442108154,0.006838811095803976,0.030034251511096954,0.030034251511096954,0,0.0,0.0,0.0,0.0,,,,,
real_camera,polyu_full,NikonD800_5-6_160_6400_wall_9,1.231067526651843,-1,ectv,39.197119758641904,0.9230383038520813,0.972861647605896,0.006838340312242508,0.030034251511096954,0.030031830072402954,1,0.03226440000071307,2.4225400534826267e-06,2.421438694000244e-06,0.9987890469750633,0.04,,,,
real_camera,polyu_full,NikonD800_5-6_160_6400_wall_9,1.231067526651843,-1,ectv_fidelity,39.20018888276768,0.9231047034263611,0.9728783965110779,0.006835046224296093,0.030034251511096954,0.030014872550964355,1,0.03259269999944081,1.9380320406364666e-05,1.9378960132598877e-05,0.9987890469750633,0.32,0.08,0.3333333333333333,,
real_camera,polyu_full,NikonD800_5-6_160_6400_wall_9,1.231067526651843,-1,tv_maxiter,39.88353704867209,0.9723453521728516,0.9717856645584106,0.0034193701576441526,0.030034251511096954,0.008836179040372372,17,0.08293210000010731,inf,0.021198072470724583,0.9987890469750633,,,,,
real_camera,polyu_full,NikonD800_5-6_160_6400_wall_9,1.231067526651843,-1,tv_fixedk_val,40.09758817168277,0.9750881195068359,0.9725934863090515,0.003181357402354479,0.030034251511096954,0.007869222201406956,40,0.18054990000018734,,0.02216502930969,0.9987890469750633,,,,,
real_camera,polyu_full,NikonD800_5-6_160_6400_wall_9,1.231067526651843,-1,tv_discrepancy,40.770379094759036,0.9628785252571106,0.9823828935623169,0.004869977943599224,0.030034251511096954,0.017497031018137932,3,0.017370100000334787,,0.012537220492959023,0.9987890469750633,,,,,
real_camera,polyu_full,NikonD800_5-6_160_6400_wall_9,1.231067526651843,-1,tv_chambolle_val,42.07303902177817,0.9749705791473389,0.9929612278938293,0.0029952540062367916,0.030034251511096954,0.015584022738039494,0,0.022437300000092364,,,0.0,,,,,
real_camera,polyu_full,NikonD800_5-6_160_6400_wall_9,1.231067526651843,-1,gaussian_val,37.32710370889156,0.9638046622276306,0.9366590976715088,0.005788093898445368,0.030034251511096954,0.013168469071388245,0,0.0003386000007594703,,,0.0,,,,,
real_camera,polyu_full,NikonD800_5-6_160_6400_wall_9,1.231067526651843,-1,median_val,37.09352728651214,0.9571036696434021,0.9359033107757568,0.004437432624399662,0.030034251511096954,0.011806732043623924,0,0.0010474999999132706,,,0.0,,,,,
real_camera,polyu_full,NikonD800_5-6_160_6400_wall_9,1.231067526651843,-1,bilateral_val,41.67923880207233,0.9625580906867981,0.9877325296401978,0.0044485777616500854,0.030034251511096954,0.023091789335012436,0,0.2213259999989532,,,0.0,,,,,
real_camera,polyu_full,NikonD800_5-6_160_6400_wall_9,1.231067526651843,-1,pm_diff_val,42.20865399606042,0.9768566489219666,0.9940692186355591,0.0028500203043222427,0.030034251511096954,0.01511656865477562,5,0.010296000000380445,,,0.0,,,,,
real_camera,polyu_full,NikonD800_5-6_160_6400_wall_9,1.231067526651843,-1,wavelet_bayes,39.707467619010124,0.9343476295471191,0.9769468903541565,0.006228363141417503,0.030034251511096954,0.027195870876312256,0,0.0050099000000045635,,,0.0,,,,,
real_camera,polyu_full,NikonD800_5-6_160_6400_wall_9,1.231067526651843,-1,nlm,40.43480946662573,0.9502547383308411,0.9830037355422974,0.005060757976025343,0.030034251511096954,0.023858260363340378,0,0.05606420000003709,,,0.0,,,,,
real_camera,polyu_full,NikonD800_5-6_160_6400_wall_9,1.231067526651843,-1,bm3d,39.650043013052695,0.9326069951057434,0.9749916791915894,0.006534099578857422,0.030034251511096954,0.027830107137560844,0,1.7694609999998647,,,0.0,,,,,
real_camera,polyu_full,NikonD800_5-6_160_6400_wall_9,1.231067526651843,-1,fdncnn_color,40.06920753138098,0.9398384690284729,0.977168619632721,0.006193325389176607,0.030034251511096954,0.026279335841536522,0,1.9130562999998801,,,0.0,,,,,
real_camera,polyu_full,NikonD800_5-6_160_6400_wall_9,1.231067526651843,-1,ectv_fdncnn,39.20112119895017,0.9231207370758057,0.9728831648826599,0.006835463456809521,0.030034251511096954,0.030014872550964355,0,1.9557243999988714,1.9380320406364666e-05,1.9378960132598877e-05,0.9987890469750633,0.32,,0.3333333333333333,0.004752159118652344,0.0
real_camera,polyu_full,NikonD800_5_100_4000_flower_12,0.6028234834175161,-1,noisy,40.163363197857336,0.9651456475257874,0.9865327477455139,0.003892962820827961,0.03095760941505432,0.03095760941505432,0,0.0,0.0,0.0,0.0,,,,,
real_camera,polyu_full,NikonD800_5_100_4000_flower_12,0.6028234834175161,-1,ectv,40.163409561890035,0.9651452898979187,0.9865330457687378,0.003892930457368493,0.03095760941505432,0.03095744550228119,1,0.03157420000025013,1.6490312278823165e-07,1.6391277313232422e-07,0.999709367578223,0.04,,,,
real_camera,polyu_full,NikonD800_5_100_4000_flower_12,0.6028234834175161,-1,ectv_fidelity,40.163731682272115,0.9651482701301575,0.9865342974662781,0.0038927055429667234,0.03095760941505432,0.030956290662288666,1,0.03208439999980328,1.3192249822990731e-06,1.3187527656555176e-06,0.999709367578223,0.32,0.08,0.3333333333333333,,
real_camera,polyu_full,NikonD800_5_100_4000_flower_12,0.6028234834175161,-1,tv_maxiter,37.859525498558966,0.960953414440155,0.956505298614502,0.005680077709257603,0.03095760941505432,0.018015120178461075,16,0.071758600000976,inf,0.012942489236593246,0.999709367578223,,,,,
real_camera,polyu_full,NikonD800_5_100_4000_flower_12,0.6028234834175161,-1,tv_fixedk_val,37.87043573448523,0.9631795883178711,0.9548903107643127,0.005753092002123594,0.03095760941505432,0.0170905664563179,40,0.17349230000036187,,0.01386704295873642,0.999709367578223,,,,,
real_camera,polyu_full,NikonD800_5_100_4000_flower_12,0.6028234834175161,-1,tv_discrepancy,41.09946834541145,0.9738690853118896,0.9891613721847534,0.0033024412114173174,0.03095760941505432,0.02708171121776104,2,0.012014999998427811,,0.0038758981972932816,0.999709367578223,,,,,
real_camera,polyu_full,NikonD800_5_100_4000_flower_12,0.6028234834175161,-1,tv_chambolle_val,40.97333847815443,0.9760395884513855,0.9889400005340576,0.0031946608796715736,0.03095760941505432,0.026395028457045555,0,0.010687399999369518,,,0.0,,,,,
real_camera,polyu_full,NikonD800_5_100_4000_flower_12,0.6028234834175161,-1,gaussian_val,40.21090747874272,0.9765179753303528,0.9831685423851013,0.004110851790755987,0.03095760941505432,0.022478871047496796,0,0.0004939000009471783,,,0.0,,,,,
real_camera,polyu_full,NikonD800_5_100_4000_flower_12,0.6028234834175161,-1,median_val,39.44493915962457,0.9721851944923401,0.9718267917633057,0.004425121936947107,0.03095760941505432,0.02189645916223526,0,0.0011171000005560927,,,0.0,,,,,
real_camera,polyu_full,NikonD800_5_100_4000_flower_12,0.6028234834175161,-1,bilateral_val,40.71983232434059,0.9727219939231873,0.9877076148986816,0.0035547842271625996,0.03095760941505432,0.0293230339884758,0,0.2597062000004371,,,0.0,,,,,
real_camera,polyu_full,NikonD800_5_100_4000_flower_12,0.6028234834175161,-1,pm_diff_val,40.78071437115106,0.9759113192558289,0.9887316226959229,0.0032242978923022747,0.03095760941505432,0.026580847799777985,5,0.009597500000381842,,,0.0,,,,,
real_camera,polyu_full,NikonD800_5_100_4000_flower_12,0.6028234834175161,-1,wavelet_bayes,40.27210066904257,0.9666702151298523,0.9869979619979858,0.003792610252276063,0.03095760941505432,0.03038932941854,0,0.005281199999444652,,,0.0,,,,,
real_camera,polyu_full,NikonD800_5_100_4000_flower_12,0.6028234834175161,-1,nlm,40.24482960089937,0.9667635560035706,0.9869483709335327,0.0037757898680865765,0.03095760941505432,0.03029702417552471,0,0.038200200000574114,,,0.0,,,,,
real_camera,polyu_full,NikonD800_5_100_4000_flower_12,0.6028234834175161,-1,bm3d,40.31047745783099,0.9673066139221191,0.9868692755699158,0.0038232391234487295,0.03095760941505432,0.030149167403578758,0,1.7834958999992523,,,0.0,,,,,
real_camera,polyu_full,NikonD800_5_100_4000_flower_12,0.6028234834175161,-1,fdncnn_color,40.405849887621805,0.9685685634613037,0.9871838688850403,0.003769703907892108,0.03095760941505432,0.029757225885987282,0,1.946041299999706,,,0.0,,,,,
real_camera,polyu_full,NikonD800_5_100_4000_flower_12,0.6028234834175161,-1,ectv_fdncnn,40.163631070163035,0.9651486277580261,0.9865337014198303,0.0038928305730223656,0.03095760941505432,0.030956290662288666,0,1.9861526000004233,1.3192249822990731e-06,1.3187527656555176e-06,0.999709367578223,0.32,,0.3333333333333333,0.0009476542472839355,0.0
real_camera,polyu_full,NikonD800_5_100_4000_flower_13,1.5409721855386018,-1,noisy,35.838336996772725,0.9499568939208984,0.9840372800827026,0.007465539034456015,0.0664597898721695,0.0664597898721695,0,0.0,0.0,0.0,0.0,,,,,
real_camera,polyu_full,NikonD800_5_100_4000_flower_13,1.5409721855386018,-1,ectv,35.83929852263342,0.94996577501297,0.9840399026870728,0.00746428407728672,0.0664597898721695,0.06645418703556061,1,0.032738800000515766,5.605323829708348e-06,5.602836608886719e-06,0.9981039279824713,0.04,,,,
real_camera,polyu_full,NikonD800_5_100_4000_flower_13,1.5409721855386018,-1,ectv_fidelity,35.846020368459165,0.9500297904014587,0.984058141708374,0.007455521263182163,0.0664597898721695,0.06641495227813721,1,0.03093540000008943,4.4842590371377356e-05,4.48375940322876e-05,0.9981039279824713,0.32,0.08,0.3333333333333333,,
real_camera,polyu_full,NikonD800_5_100_4000_flower_13,1.5409721855386018,-1,tv_maxiter,33.087408572938145,0.908862292766571,0.9413943290710449,0.013691607862710953,0.0664597898721695,0.031861189752817154,19,0.08626849999927799,inf,0.03459860011935234,0.9981039279824713,,,,,
real_camera,polyu_full,NikonD800_5_100_4000_flower_13,1.5409721855386018,-1,tv_fixedk_val,33.129905383067594,0.9113239645957947,0.9407315254211426,0.013837969861924648,0.0664597898721695,0.031238775700330734,40,0.1794426000014937,,0.03522101417183876,0.9981039279824713,,,,,
real_camera,polyu_full,NikonD800_5_100_4000_flower_13,1.5409721855386018,-1,tv_discrepancy,37.17805984111522,0.963356077671051,0.9868593811988831,0.006011322606354952,0.0664597898721695,0.05466950684785843,2,0.012579500000356347,,0.011790283024311066,0.9981039279824713,,,,,
real_camera,polyu_full,NikonD800_5_100_4000_flower_13,1.5409721855386018,-1,tv_chambolle_val,36.97022480401042,0.967430830001831,0.9858397245407104,0.006038719788193703,0.0664597898721695,0.054332152009010315,0,0.009851100001469604,,,0.0,,,,,
real_camera,polyu_full,NikonD800_5_100_4000_flower_13,1.5409721855386018,-1,gaussian_val,34.01514280965467,0.9398999810218811,0.9620890021324158,0.011278841644525528,0.0664597898721695,0.0391325019299984,0,0.0004675999989558477,,,0.0,,,,,
real_camera,polyu_full,NikonD800_5_100_4000_flower_13,1.5409721855386018,-1,median_val,31.305044190911907,0.886631429195404,0.9174914956092834,0.013730385340750217,0.0664597898721695,0.03568146377801895,0,0.0010811000011017313,,,0.0,,,,,
real_camera,polyu_full,NikonD800_5_100_4000_flower_13,1.5409721855386018,-1,bilateral_val,36.24260160980007,0.9619399905204773,0.9839595556259155,0.007034532725811005,0.0664597898721695,0.06263135373592377,0,0.2771621000010782,,,0.0,,,,,
real_camera,polyu_full,NikonD800_5_100_4000_flower_13,1.5409721855386018,-1,pm_diff_val,36.10699706506408,0.9629819989204407,0.9832710027694702,0.00681800814345479,0.0664597898721695,0.05728825554251671,5,0.008719399998881272,,,0.0,,,,,
real_camera,polyu_full,NikonD800_5_100_4000_flower_13,1.5409721855386018,-1,wavelet_bayes,36.014525336410045,0.953453540802002,0.9844973087310791,0.00717698410153389,0.0664597898721695,0.06479143351316452,0,0.004288800000722404,,,0.0,,,,,
real_camera,polyu_full,NikonD800_5_100_4000_flower_13,1.5409721855386018,-1,nlm,36.087875597471275,0.961237907409668,0.9847373366355896,0.006920825224369764,0.0664597898721695,0.06308098137378693,0,0.04207689999930153,,,0.0,,,,,
real_camera,polyu_full,NikonD800_5_100_4000_flower_13,1.5409721855386018,-1,bm3d,36.1050412328883,0.9572592377662659,0.9845221638679504,0.007188976742327213,0.0664597898721695,0.06403954327106476,0,1.7429050999999163,,,0.0,,,,,
real_camera,polyu_full,NikonD800_5_100_4000_flower_13,1.5409721855386018,-1,fdncnn_color,36.309954632819135,0.9614176154136658,0.9848418831825256,0.00702254194766283,0.0664597898721695,0.06273357570171356,0,1.905525199999829,,,0.0,,,,,
real_camera,polyu_full,NikonD800_5_100_4000_flower_13,1.5409721855386018,-1,ectv_fdncnn,35.84429097793543,0.9501101970672607,0.9840485453605652,0.007459784392267466,0.0664597898721695,0.06641495227813721,0,1.9470191999989765,4.4842590371377356e-05,4.48375940322876e-05,0.9981039279824713,0.32,,0.3333333333333333,0.010336518287658691,0.0
real_camera,polyu_full,NikonD800_5_100_4000_flower_14,1.1979600559211594,-1,noisy,37.138711713853056,0.9646168351173401,0.9898426532745361,0.006640867330133915,0.06231660768389702,0.06231660768389702,0,0.0,0.0,0.0,0.0,,,,,
real_camera,polyu_full,NikonD800_5_100_4000_flower_14,1.1979600559211594,-1,ectv,37.139205812324164,0.9646210670471191,0.9898436665534973,0.006640266627073288,0.06231660768389702,0.06231442093849182,1,0.03144650000103866,2.187465223154861e-06,2.1867454051971436e-06,0.9988532304581734,0.04,,,,
real_camera,polyu_full,NikonD800_5_100_4000_flower_14,1.1979600559211594,-1,ectv_fidelity,37.14264783201955,0.9646503329277039,0.989850640296936,0.006636080332100391,0.06231660768389702,0.06229911372065544,1,0.03178939999997965,1.7499721769412737e-05,1.749396324157715e-05,0.9988532304581734,0.32,0.08,0.3333333333333333,,
real_camera,polyu_full,NikonD800_5_100_4000_flower_14,1.1979600559211594,-1,tv_maxiter,34.240602937478705,0.9395136833190918,0.9705869555473328,0.011088624596595764,0.06231660768389702,0.03945328667759895,19,0.08668009999928472,inf,0.022863321006298065,0.9988532304581734,,,,,
real_camera,polyu_full,NikonD800_5_100_4000_flower_14,1.1979600559211594,-1,tv_fixedk_val,34.23553299654217,0.9409001469612122,0.9704269170761108,0.011209621094167233,0.06231660768389702,0.03879041597247124,40,0.1794532000003528,,0.02352619171142578,0.9988532304581734,,,,,
real_camera,polyu_full,NikonD800_5_100_4000_flower_14,1.1979600559211594,-1,tv_discrepancy,38.160047098440884,0.9745100140571594,0.9916039109230042,0.005490727722644806,0.06231660768389702,0.05574598163366318,2,0.012749299999995856,,0.006570626050233841,0.9988532304581734,,,,,
real_camera,polyu_full,NikonD800_5_100_4000_flower_14,1.1979600559211594,-1,tv_chambolle_val,37.9529668778913,0.9773810505867004,0.9910449385643005,0.005543621722608805,0.06231660768389702,0.054506272077560425,0,0.011620200000834302,,,0.0,,,,,
real_camera,polyu_full,NikonD800_5_100_4000_flower_14,1.1979600559211594,-1,gaussian_val,35.18225638004322,0.9671207070350647,0.978863537311554,0.009469876997172832,0.06231660768389702,0.04638408124446869,0,0.0004515999989962438,,,0.0,,,,,
real_camera,polyu_full,NikonD800_5_100_4000_flower_14,1.1979600559211594,-1,median_val,34.232261446366124,0.9553641676902771,0.9712229371070862,0.00944567658007145,0.06231660768389702,0.04466737061738968,0,0.0010445999996591127,,,0.0,,,,,
real_camera,polyu_full,NikonD800_5_100_4000_flower_14,1.1979600559211594,-1,bilateral_val,37.45462467456496,0.9707316756248474,0.9898810386657715,0.00641875434666872,0.06231660768389702,0.06005285680294037,0,0.277741199999582,,,0.0,,,,,
real_camera,polyu_full,NikonD800_5_100_4000_flower_14,1.1979600559211594,-1,pm_diff_val,37.41355085340739,0.9754917621612549,0.9899250268936157,0.006069889757782221,0.06231660768389702,0.05544983223080635,5,0.010233200000584475,,,0.0,,,,,
real_camera,polyu_full,NikonD800_5_100_4000_flower_14,1.1979600559211594,-1,wavelet_bayes,37.26499687567123,0.9668025970458984,0.9901110529899597,0.006467226892709732,0.06231660768389702,0.06139465421438217,0,0.004626399999324349,,,0.0,,,,,
real_camera,polyu_full,NikonD800_5_100_4000_flower_14,1.1979600559211594,-1,nlm,37.33718774264574,0.9715446829795837,0.9904358386993408,0.006190866697579622,0.06231660768389702,0.06018447503447533,0,0.044302299998889794,,,0.0,,,,,
real_camera,polyu_full,NikonD800_5_100_4000_flower_14,1.1979600559211594,-1,bm3d,37.359606899049346,0.9680705666542053,0.9901033639907837,0.006497140042483807,0.06231660768389702,0.06100139766931534,0,1.7406458999994356,,,0.0,,,,,
real_camera,polyu_full,NikonD800_5_100_4000_flower_14,1.1979600559211594,-1,fdncnn_color,37.54349507893966,0.9714354872703552,0.9903415441513062,0.006330592092126608,0.06231660768389702,0.05978909134864807,0,1.9298577000008663,,,0.0,,,,,
real_camera,polyu_full,NikonD800_5_100_4000_flower_14,1.1979600559211594,-1,ectv_fdncnn,37.14160849355765,0.9646664261817932,0.9898463487625122,0.006638713181018829,0.06231660768389702,0.06229910999536514,0,1.9715301000014733,1.7499721769412737e-05,1.749768853187561e-05,0.9988532304581734,0.32,,0.3333333333333333,0.005876302719116211,0.0
real_camera,polyu_full,NikonD800_5_100_4000_flower_15,1.4494979163219237,-1,noisy,36.19745771212913,0.9498414993286133,0.9826564192771912,0.0070128487423062325,0.06179976463317871,0.06179976463317871,0,0.0,0.0,0.0,0.0,,,,,
real_camera,polyu_full,NikonD800_5_100_4000_flower_15,1.4494979163219237,-1,ectv,36.198248493195436,0.9498488306999207,0.982658863067627,0.007011877838522196,0.06179976463317871,0.06179530918598175,1,0.03152159999990545,4.461117709637646e-06,4.455447196960449e-06,0.9983219866768485,0.04,,,,
real_camera,polyu_full,NikonD800_5_100_4000_flower_15,1.4494979163219237,-1,ectv_fidelity,36.20379148802613,0.9499025940895081,0.9826754331588745,0.007005070336163044,0.06179976463317871,0.061764076352119446,1,0.03200710000055551,3.5688941542860884e-05,3.568828105926514e-05,0.9983219866768485,0.32,0.08,0.3333333333333333,,
real_camera,polyu_full,NikonD800_5_100_4000_flower_15,1.4494979163219237,-1,tv_maxiter,33.42645791578035,0.9089873433113098,0.9342128038406372,0.012827940285205841,0.06179976463317871,0.028427669778466225,18,0.07952210000075866,inf,0.033372094854712486,0.9983219866768485,,,,,
real_camera,polyu_full,NikonD800_5_100_4000_flower_15,1.4494979163219237,-1,tv_fixedk_val,33.47686670414647,0.9117257595062256,0.9329054951667786,0.012989334762096405,0.06179976463317871,0.02771453745663166,40,0.17791770000076212,,0.03408522717654705,0.9983219866768485,,,,,
real_camera,polyu_full,NikonD800_5_100_4000_flower_15,1.4494979163219237,-1,tv_discrepancy,37.582839579314125,0.9637863636016846,0.9859411716461182,0.005603286903351545,0.06179976463317871,0.05029631778597832,2,0.01199830000041402,,0.011503446847200394,0.9983219866768485,,,,,
real_camera,polyu_full,NikonD800_5_100_4000_flower_15,1.4494979163219237,-1,tv_chambolle_val,37.381256100541805,0.9680132865905762,0.9849823713302612,0.005549279972910881,0.06179976463317871,0.050021253526210785,0,0.010712200000853045,,,0.0,,,,,
real_camera,polyu_full,NikonD800_5_100_4000_flower_15,1.4494979163219237,-1,gaussian_val,34.60590697725297,0.9416765570640564,0.9592345356941223,0.010254621505737305,0.06179976463317871,0.03563060238957405,0,0.0004093000006832881,,,0.0,,,,,
real_camera,polyu_full,NikonD800_5_100_4000_flower_15,1.4494979163219237,-1,median_val,31.900618308581205,0.8890849947929382,0.9111678600311279,0.012629457749426365,0.06179976463317871,0.032467421144247055,0,0.0009691000013845041,,,0.0,,,,,
real_camera,polyu_full,NikonD800_5_100_4000_flower_15,1.4494979163219237,-1,bilateral_val,36.64076446519195,0.9622191786766052,0.9827305674552917,0.006482013966888189,0.06179976463317871,0.05797586962580681,0,0.2881053000000975,,,0.0,,,,,
real_camera,polyu_full,NikonD800_5_100_4000_flower_15,1.4494979163219237,-1,pm_diff_val,36.53593634331757,0.9638307094573975,0.9822999835014343,0.00623598787933588,0.06179976463317871,0.05284753814339638,5,0.009828199999901699,,,0.0,,,,,
real_camera,polyu_full,NikonD800_5_100_4000_flower_15,1.4494979163219237,-1,wavelet_bayes,36.379716575299234,0.953367292881012,0.983206033706665,0.00672140484675765,0.06179976463317871,0.06016574800014496,0,0.004863799998929608,,,0.0,,,,,
real_camera,polyu_full,NikonD800_5_100_4000_flower_15,1.4494979163219237,-1,nlm,36.46562081782791,0.961149275302887,0.9835305213928223,0.006444465834647417,0.06179976463317871,0.05839650705456734,0,0.046242299998993985,,,0.0,,,,,
real_camera,polyu_full,NikonD800_5_100_4000_flower_15,1.4494979163219237,-1,bm3d,36.461783162630475,0.9568364024162292,0.9832155108451843,0.006745428778231144,0.06179976463317871,0.05947897583246231,0,1.757549599999038,,,0.0,,,,,
real_camera,polyu_full,NikonD800_5_100_4000_flower_15,1.4494979163219237,-1,fdncnn_color,36.66297123605917,0.9609591364860535,0.9835742115974426,0.00658200541511178,0.06179976463317871,0.05820511281490326,0,1.9085634000002756,,,0.0,,,,,
real_camera,polyu_full,NikonD800_5_100_4000_flower_15,1.4494979163219237,-1,ectv_fdncnn,36.20230950569415,0.9499640464782715,0.9826676845550537,0.0070081534795463085,0.06179976463317871,0.061764076352119446,0,1.9505101000013383,3.5688941542860884e-05,3.568828105926514e-05,0.9983219866768485,0.32,,0.3333333333333333,0.008600711822509766,0.0
real_camera,polyu_full,NikonD800_5_100_4000_flower_1,1.4941258653060867,-1,noisy,35.88959511915257,0.9505752921104431,0.9848920106887817,0.007277661003172398,0.0658336654305458,0.0658336654305458,0,0.0,0.0,0.0,0.0,,,,,
real_camera,polyu_full,NikonD800_5_100_4000_flower_1,1.4941258653060867,-1,ectv,35.89053071321057,0.950583279132843,0.9848945140838623,0.007276537828147411,0.0658336654305458,0.06582867354154587,1,0.03133540000089852,4.995646737729594e-06,4.991888999938965e-06,0.9982172560695779,0.04,,,,
real_camera,polyu_full,NikonD800_5_100_4000_flower_1,1.4941258653060867,-1,ectv_fidelity,35.89708342672385,0.9506411552429199,0.9849121570587158,0.00726867001503706,0.0658336654305458,0.06579370051622391,1,0.03243089999887161,3.996517371332998e-05,3.9964914321899414e-05,0.9982172560695779,0.32,0.08,0.3333333333333333,,
real_camera,polyu_full,NikonD800_5_100_4000_flower_1,1.4941258653060867,-1,tv_maxiter,33.42242941578908,0.9131062626838684,0.9452535510063171,0.01274575013667345,0.0658336654305458,0.03201785311102867,18,0.08635729999878095,inf,0.033815812319517136,0.9982172560695779,,,,,
real_camera,polyu_full,NikonD800_5_100_4000_flower_1,1.4941258653060867,-1,tv_fixedk_val,33.458073919114454,0.9159010052680969,0.9444101452827454,0.012902515940368176,0.0658336654305458,0.03128468990325928,40,0.18085620000056224,,0.03454897552728653,0.9982172560695779,,,,,
real_camera,polyu_full,NikonD800_5_100_4000_flower_1,1.4941258653060867,-1,tv_discrepancy,37.49954271791945,0.9647915363311768,0.9883468151092529,0.005620868410915136,0.0658336654305458,0.05377131327986717,2,0.012262999998711166,,0.012062352150678635,0.9982172560695779,,,,,
real_camera,polyu_full,NikonD800_5_100_4000_flower_1,1.4941258653060867,-1,tv_chambolle_val,37.137770694749776,0.9675378799438477,0.9869983792304993,0.005802851170301437,0.0658336654305458,0.05393645539879799,0,0.00973850000082166,,,0.0,,,,,
real_camera,polyu_full,NikonD800_5_100_4000_flower_1,1.4941258653060867,-1,gaussian_val,34.291422465375135,0.9417462944984436,0.9623223543167114,0.010898246429860592,0.0658336654305458,0.03871069848537445,0,0.00039909999941301066,,,0.0,,,,,
real_camera,polyu_full,NikonD800_5_100_4000_flower_1,1.4941258653060867,-1,median_val,31.643313760428782,0.890110969543457,0.9173238277435303,0.01309122983366251,0.0658336654305458,0.035547301173210144,0,0.0010330999994039303,,,0.0,,,,,
real_camera,polyu_full,NikonD800_5_100_4000_flower_1,1.4941258653060867,-1,bilateral_val,36.223100331774575,0.960747241973877,0.9849105477333069,0.006859034765511751,0.0658336654305458,0.06222245842218399,0,0.28908360000059474,,,0.0,,,,,
real_camera,polyu_full,NikonD800_5_100_4000_flower_1,1.4941258653060867,-1,pm_diff_val,36.23026126695435,0.9632678627967834,0.9844823479652405,0.006595405749976635,0.0658336654305458,0.056887187063694,5,0.008778800000072806,,,0.0,,,,,
real_camera,polyu_full,NikonD800_5_100_4000_flower_1,1.4941258653060867,-1,wavelet_bayes,36.068876353020826,0.9536752700805664,0.9853643774986267,0.007012892980128527,0.0658336654305458,0.06428448855876923,0,0.004405499999847962,,,0.0,,,,,
real_camera,polyu_full,NikonD800_5_100_4000_flower_1,1.4941258653060867,-1,nlm,36.10433592563411,0.9594380855560303,0.9854446649551392,0.006846266333013773,0.0658336654305458,0.0630313828587532,0,0.04160219999903347,,,0.0,,,,,
real_camera,polyu_full,NikonD800_5_100_4000_flower_1,1.4941258653060867,-1,bm3d,36.14338439793747,0.9569110870361328,0.9853165149688721,0.007039068266749382,0.0658336654305458,0.06360644102096558,0,1.7266270000000077,,,0.0,,,,,
real_camera,polyu_full,NikonD800_5_100_4000_flower_1,1.4941258653060867,-1,fdncnn_color,36.35357240174806,0.961219072341919,0.9855502247810364,0.006881240755319595,0.0658336654305458,0.06217804551124573,0,1.904038999999102,,,0.0,,,,,
real_camera,polyu_full,NikonD800_5_100_4000_flower_1,1.4941258653060867,-1,ectv_fdncnn,35.89488474838366,0.9507040977478027,0.9849008321762085,0.007272851653397083,0.0658336654305458,0.06579370051622391,0,1.944481899998209,3.996517371332998e-05,3.9964914321899414e-05,0.9982172560695779,0.32,,0.3333333333333333,0.00932842493057251,0.0
real_camera,polyu_full,NikonD800_5_100_4000_flower_2,1.2530852243939712,-1,noisy,36.45228013374538,0.9670804142951965,0.9902485013008118,0.006973079405725002,0.06830291450023651,0.06830291450023651,0,0.0,0.0,0.0,0.0,,,,,
real_camera,polyu_full,NikonD800_5_100_4000_flower_2,1.2530852243939712,-1,ectv,36.45288642218161,0.9670844674110413,0.9902496337890625,0.0069722821936011314,0.06830291450023651,0.06830032914876938,1,0.033530599999721744,2.5887254331017927e-06,2.5853514671325684e-06,0.9987453985989962,0.04,,,,
real_camera,polyu_full,NikonD800_5_100_4000_flower_2,1.2530852243939712,-1,ectv_fidelity,36.45713103964633,0.9671128392219543,0.9902586936950684,0.006966703571379185,0.06830291450023651,0.06828220933675766,1,0.03311549999853014,2.070980343858365e-05,2.070516347885132e-05,0.9987453985989962,0.32,0.08,0.3333333333333333,,
real_camera,polyu_full,NikonD800_5_100_4000_flower_2,1.2530852243939712,-1,tv_maxiter,33.84243065912807,0.9320281147956848,0.9711232781410217,0.012194080278277397,0.06830291450023651,0.04504382610321045,19,0.08450319999974454,inf,0.023259088397026062,0.9987453985989962,,,,,
real_camera,polyu_full,NikonD800_5_100_4000_flower_2,1.2530852243939712,-1,tv_fixedk_val,33.83699579958194,0.9329690933227539,0.9709219336509705,0.012312128208577633,0.06830291450023651,0.044383853673934937,40,0.17728689999967173,,0.023919060826301575,0.9987453985989962,,,,,
real_camera,polyu_full,NikonD800_5_100_4000_flower_2,1.2530852243939712,-1,tv_discrepancy,37.57114169261173,0.9747843146324158,0.9921629428863525,0.005624707788228989,0.06830291450023651,0.0617971234023571,2,0.012760800000251038,,0.00650579109787941,0.9987453985989962,,,,,
real_camera,polyu_full,NikonD800_5_100_4000_flower_2,1.2530852243939712,-1,tv_chambolle_val,37.16804901073991,0.9749720692634583,0.9908347129821777,0.0061879875138401985,0.06830291450023651,0.06127818673849106,0,0.00913360000049579,,,0.0,,,,,
real_camera,polyu_full,NikonD800_5_100_4000_flower_2,1.2530852243939712,-1,gaussian_val,34.89828433179226,0.964418351650238,0.980820894241333,0.010031051002442837,0.06830291450023651,0.05212642252445221,0,0.0004460000000108266,,,0.0,,,,,
real_camera,polyu_full,NikonD800_5_100_4000_flower_2,1.2530852243939712,-1,median_val,33.47921656471596,0.9485304951667786,0.9693664312362671,0.010554324835538864,0.06830291450023651,0.050319164991378784,0,0.001136400000177673,,,0.0,,,,,
real_camera,polyu_full,NikonD800_5_100_4000_flower_2,1.2530852243939712,-1,bilateral_val,36.67323837506637,0.9706342220306396,0.9898624420166016,0.007044206373393536,0.06830291450023651,0.0664018988609314,0,0.2841571999997541,,,0.0,,,,,
real_camera,polyu_full,NikonD800_5_100_4000_flower_2,1.2530852243939712,-1,pm_diff_val,36.539941965410215,0.9721750617027283,0.9893476963043213,0.006967262830585241,0.06830291450023651,0.06249690055847168,5,0.00880949999918812,,,0.0,,,,,
real_camera,polyu_full,NikonD800_5_100_4000_flower_2,1.2530852243939712,-1,wavelet_bayes,36.561654566003085,0.9685207009315491,0.9904462099075317,0.006824116688221693,0.06830291450023651,0.06748136132955551,0,0.004868199999691569,,,0.0,,,,,
real_camera,polyu_full,NikonD800_5_100_4000_flower_2,1.2530852243939712,-1,nlm,36.55649291858949,0.9704415202140808,0.9904199838638306,0.006794114131480455,0.06830291450023651,0.06700480729341507,0,0.04571629999918514,,,0.0,,,,,
real_camera,polyu_full,NikonD800_5_100_4000_flower_2,1.2530852243939712,-1,bm3d,36.65826506088842,0.9701735377311707,0.9904375672340393,0.006840248592197895,0.06830291450023651,0.06695891171693802,0,1.7427912999992259,,,0.0,,,,,
real_camera,polyu_full,NikonD800_5_100_4000_flower_2,1.2530852243939712,-1,fdncnn_color,36.82664790254032,0.9728463292121887,0.9905715584754944,0.006730400025844574,0.06830291450023651,0.0657905861735344,0,1.970300099999804,,,0.0,,,,,
real_camera,polyu_full,NikonD800_5_100_4000_flower_2,1.2530852243939712,-1,ectv_fdncnn,36.455428751559666,0.9671311378479004,0.9902513027191162,0.0069709899835288525,0.06830291450023651,0.06828220933675766,0,2.0097963999996864,2.070980343858365e-05,2.070516347885132e-05,0.9987453985989962,0.32,,0.3333333333333333,0.006754279136657715,0.0
real_camera,polyu_full,NikonD800_5_125_6400_stair_10,1.4800896974276982,-1,noisy,36.67890486560145,0.9188928604125977,0.9606695771217346,0.007324447389692068,0.04521619528532028,0.04521619528532028,0,0.0,0.0,0.0,0.0,,,,,
real_camera,polyu_full,NikonD800_5_125_6400_stair_10,1.4800896974276982,-1,ectv,36.67964008581072,0.9189062118530273,0.9606728553771973,0.007323421537876129,0.04521619528532028,0.04521137848496437,1,0.03411469999991823,4.82277285531792e-06,4.816800355911255e-06,0.9982505353745947,0.04,,,,
real_camera,polyu_full,NikonD800_5_125_6400_stair_10,1.4800896974276982,-1,ectv_fidelity,36.684793729507426,0.9189980626106262,0.9606956243515015,0.007316240109503269,0.04521619528532028,0.04517761617898941,1,0.03338319999966188,3.8582182672936975e-05,3.857910633087158e-05,0.9982505353745947,0.32,0.08,0.3333333333333333,,
real_camera,polyu_full,NikonD800_5_125_6400_stair_10,1.4800896974276982,-1,tv_maxiter,33.82424916800356,0.8085353374481201,0.8471676707267761,0.01419405359774828,0.04521619528532028,0.009422844275832176,22,0.09873459999835177,inf,0.035793351009488106,0.9982505353745947,,,,,
real_camera,polyu_full,NikonD800_5_125_6400_stair_10,1.4800896974276982,-1,tv_fixedk_val,33.797585653478336,0.8125513195991516,0.8471766710281372,0.014018785208463669,0.04521619528532028,0.008336076512932777,40,0.18819369999982882,,0.036880118772387505,0.9982505353745947,,,,,
real_camera,polyu_full,NikonD800_5_125_6400_stair_10,1.4800896974276982,-1,tv_discrepancy,38.06785128025221,0.9413468241691589,0.9661973714828491,0.005597113166004419,0.04521619528532028,0.03406262770295143,2,0.01343529999940074,,0.01115356758236885,0.9982505353745947,,,,,
real_camera,polyu_full,NikonD800_5_125_6400_stair_10,1.4800896974276982,-1,tv_chambolle_val,38.27702006783932,0.947111189365387,0.966680109500885,0.005299849435687065,0.04521619528532028,0.030605383217334747,0,0.014569199998732074,,,0.0,,,,,
real_camera,polyu_full,NikonD800_5_125_6400_stair_10,1.4800896974276982,-1,gaussian_val,36.68069773975398,0.918217122554779,0.927479088306427,0.009092499502003193,0.04521619528532028,0.02095140889286995,0,0.00044639999941864517,,,0.0,,,,,
real_camera,polyu_full,NikonD800_5_125_6400_stair_10,1.4800896974276982,-1,median_val,33.27277495341462,0.824694812297821,0.7984548211097717,0.012386729940772057,0.04521619528532028,0.016135739162564278,0,0.0010669000002963003,,,0.0,,,,,
real_camera,polyu_full,NikonD800_5_125_6400_stair_10,1.4800896974276982,-1,bilateral_val,37.897691083710264,0.94087153673172,0.9633503556251526,0.006331061944365501,0.04521619528532028,0.039317891001701355,0,0.26600409999991825,,,0.0,,,,,
real_camera,polyu_full,NikonD800_5_125_6400_stair_10,1.4800896974276982,-1,pm_diff_val,37.9318672735687,0.9449641108512878,0.961127519607544,0.005862243473529816,0.04521619528532028,0.03182174637913704,5,0.009672199999840814,,,0.0,,,,,
real_camera,polyu_full,NikonD800_5_125_6400_stair_10,1.4800896974276982,-1,wavelet_bayes,37.140234064805526,0.9287793040275574,0.9635804295539856,0.0067222570069134235,0.04521619528532028,0.04179586097598076,0,0.005309899999701884,,,0.0,,,,,
real_camera,polyu_full,NikonD800_5_125_6400_stair_10,1.4800896974276982,-1,nlm,37.04071526465443,0.9287257194519043,0.9639753103256226,0.006736584939062595,0.04521619528532028,0.042242225259542465,0,0.03962439999850176,,,0.0,,,,,
real_camera,polyu_full,NikonD800_5_125_6400_stair_10,1.4800896974276982,-1,bm3d,37.041457465774386,0.9271380305290222,0.9621254205703735,0.007111227139830589,0.04521619528532028,0.04292237013578415,0,1.8085523999998259,,,0.0,,,,,
real_camera,polyu_full,NikonD800_5_125_6400_stair_10,1.4800896974276982,-1,fdncnn_color,37.44023149455555,0.9342775344848633,0.9632338285446167,0.006890857592225075,0.04521619528532028,0.04115716367959976,0,1.8972283999992214,,,0.0,,,,,
real_camera,polyu_full,NikonD800_5_125_6400_stair_10,1.4800896974276982,-1,ectv_fdncnn,36.68603888629729,0.9190486073493958,0.9606962203979492,0.007320149801671505,0.04521619528532028,0.04517761617898941,0,1.939626399998815,3.8582182672936975e-05,3.857910633087158e-05,0.9982505353745947,0.32,,0.3333333333333333,0.00841212272644043,0.0
real_camera,polyu_full,NikonD800_5_125_6400_stair_1,1.5112692786950797,-1,noisy,36.30323378316851,0.9291686415672302,0.9662467241287231,0.008423811756074429,0.052177414298057556,0.052177414298057556,0,0.0,0.0,0.0,0.0,,,,,
real_camera,polyu_full,NikonD800_5_125_6400_stair_1,1.5112692786950797,-1,ectv,36.304055433620775,0.9291818141937256,0.9662500023841858,0.008422540500760078,0.052177414298057556,0.052172206342220306,1,0.03246719999879133,5.212851413434592e-06,5.207955837249756e-06,0.9981761865402705,0.04,,,,
real_camera,polyu_full,NikonD800_5_125_6400_stair_1,1.5112692786950797,-1,ectv_fidelity,36.30980444386746,0.9292726516723633,0.9662715792655945,0.008413641713559628,0.052177414298057556,0.052135713398456573,1,0.03231640000012703,4.1702811093297264e-05,4.1700899600982666e-05,0.9981761865402705,0.32,0.08,0.3333333333333333,,
real_camera,polyu_full,NikonD800_5_125_6400_stair_1,1.5112692786950797,-1,tv_maxiter,33.31106738284349,0.8423687815666199,0.9203066229820251,0.014450380578637123,0.052177414298057556,0.01556615624576807,20,0.09102019999954791,inf,0.036611258052289486,0.9981761865402705,,,,,
real_camera,polyu_full,NikonD800_5_125_6400_stair_1,1.5112692786950797,-1,tv_fixedk_val,33.355504700088694,0.8542146682739258,0.9287503361701965,0.013662580400705338,0.052177414298057556,0.014393536373972893,40,0.17753149999953166,,0.03778387792408466,0.9981761865402705,,,,,
real_camera,polyu_full,NikonD800_5_125_6400_stair_1,1.5112692786950797,-1,tv_discrepancy,37.77615442644971,0.950751543045044,0.9710840582847595,0.006282102316617966,0.052177414298057556,0.04027550294995308,2,0.012075200000253972,,0.011901911348104477,0.9981761865402705,,,,,
real_camera,polyu_full,NikonD800_5_125_6400_stair_1,1.5112692786950797,-1,tv_chambolle_val,37.930784872667004,0.9573046565055847,0.9715933203697205,0.006006388459354639,0.052177414298057556,0.037497930228710175,0,0.01386830000046757,,,0.0,,,,,
real_camera,polyu_full,NikonD800_5_125_6400_stair_1,1.5112692786950797,-1,gaussian_val,35.734582375621585,0.9208850264549255,0.9324159622192383,0.01081816665828228,0.052177414298057556,0.025721188634634018,0,0.00042469999971217476,,,0.0,,,,,
real_camera,polyu_full,NikonD800_5_125_6400_stair_1,1.5112692786950797,-1,median_val,31.46002987029821,0.8006629943847656,0.8000972867012024,0.014800693839788437,0.052177414298057556,0.01924223080277443,0,0.000961599998845486,,,0.0,,,,,
real_camera,polyu_full,NikonD800_5_125_6400_stair_1,1.5112692786950797,-1,bilateral_val,37.454819728504006,0.9500381946563721,0.9682044386863708,0.007422151044011116,0.052177414298057556,0.04627459496259689,0,0.29671830000006594,,,0.0,,,,,
real_camera,polyu_full,NikonD800_5_125_6400_stair_1,1.5112692786950797,-1,pm_diff_val,37.42879038266122,0.9541702270507812,0.9664363861083984,0.00696890614926815,0.052177414298057556,0.03937291353940964,5,0.009258699999918463,,,0.0,,,,,
real_camera,polyu_full,NikonD800_5_125_6400_stair_1,1.5112692786950797,-1,wavelet_bayes,36.717613725985416,0.9376962780952454,0.9682931303977966,0.00785150844603777,0.052177414298057556,0.0489228218793869,0,0.004665000000386499,,,0.0,,,,,
real_camera,polyu_full,NikonD800_5_125_6400_stair_1,1.5112692786950797,-1,nlm,36.73243928996776,0.9406536221504211,0.9693601727485657,0.007634704001247883,0.052177414298057556,0.04851897805929184,0,0.04360629999973753,,,0.0,,,,,
real_camera,polyu_full,NikonD800_5_125_6400_stair_1,1.5112692786950797,-1,bm3d,36.65513355130892,0.9365761280059814,0.9674139618873596,0.008200684562325478,0.052177414298057556,0.04987134039402008,0,1.712734200000341,,,0.0,,,,,
real_camera,polyu_full,NikonD800_5_125_6400_stair_1,1.5112692786950797,-1,fdncnn_color,37.01647365569438,0.9430715441703796,0.9684441685676575,0.007971434853971004,0.052177414298057556,0.048070382326841354,0,1.9244447000000946,,,0.0,,,,,
real_camera,polyu_full,NikonD800_5_125_6400_stair_1,1.5112692786950797,-1,ectv_fdncnn,36.310456768557955,0.9293195605278015,0.966271162033081,0.008419061079621315,0.052177414298057556,0.052135713398456573,0,1.9688404000007722,4.1702811093297264e-05,4.1700899600982666e-05,0.9981761865402705,0.32,,0.3333333333333333,0.0089988112449646,0.0
real_camera,polyu_full,NikonD800_5_125_6400_stair_3,1.4489030154944607,-1,noisy,36.91613281629619,0.9129765629768372,0.9526662826538086,0.006501475349068642,0.04067781940102577,0.04067781940102577,0,0.0,0.0,0.0,0.0,,,,,
real_camera,polyu_full,NikonD800_5_125_6400_stair_3,1.4489030154944607,-1,ectv,36.91676741107389,0.912989616394043,0.9526697397232056,0.006500658113509417,0.04067781940102577,0.04067336767911911,1,0.031007499999759602,4.4542867870567236e-06,4.451721906661987e-06,0.998323361458302,0.04,,,,
real_camera,polyu_full,NikonD800_5_125_6400_stair_3,1.4489030154944607,-1,ectv_fidelity,36.92121158043066,0.9130803942680359,0.9526932239532471,0.006494938861578703,0.04067781940102577,0.040642186999320984,1,0.031745000000228174,3.563429416282922e-05,3.563240170478821e-05,0.998323361458302,0.32,0.08,0.3333333333333333,,
real_camera,polyu_full,NikonD800_5_125_6400_stair_3,1.4489030154944607,-1,tv_maxiter,34.79333988878235,0.8154733777046204,0.6937549710273743,0.012990541756153107,0.04067781940102577,0.007164738606661558,22,0.09825529999943683,inf,0.033513080794364214,0.998323361458302,,,,,
real_camera,polyu_full,NikonD800_5_125_6400_stair_3,1.4489030154944607,-1,tv_fixedk_val,34.729942764546266,0.8136565685272217,0.6778371334075928,0.01325481291860342,0.04067781940102577,0.006245152559131384,40,0.1799802000005002,,0.03443266684189439,0.998323361458302,,,,,
real_camera,polyu_full,NikonD800_5_125_6400_stair_3,1.4489030154944607,-1,tv_discrepancy,38.255702933297314,0.9366157650947571,0.9535375833511353,0.005649410653859377,0.04067781940102577,0.02457687072455883,3,0.016920000000027358,,0.016100948676466942,0.998323361458302,,,,,
real_camera,polyu_full,NikonD800_5_125_6400_stair_3,1.4489030154944607,-1,tv_chambolle_val,38.34109298353462,0.9401865601539612,0.9560635089874268,0.005152502097189426,0.04067781940102577,0.025985926389694214,0,0.0147106000003987,,,0.0,,,,,
real_camera,polyu_full,NikonD800_5_125_6400_stair_3,1.4489030154944607,-1,gaussian_val,37.32609356327472,0.9147189259529114,0.914074718952179,0.008028542622923851,0.04067781940102577,0.017866982147097588,0,0.00023150000015448313,,,0.0,,,,,
real_camera,polyu_full,NikonD800_5_125_6400_stair_3,1.4489030154944607,-1,median_val,34.76726217769455,0.8262923359870911,0.8042570948600769,0.01032272633165121,0.04067781940102577,0.014654786325991154,0,0.0010390999996161554,,,0.0,,,,,
real_camera,polyu_full,NikonD800_5_125_6400_stair_3,1.4489030154944607,-1,bilateral_val,38.12769901981281,0.935113251209259,0.9557054042816162,0.005579754710197449,0.04067781940102577,0.03512931987643242,0,0.240034000000378,,,0.0,,,,,
real_camera,polyu_full,NikonD800_5_125_6400_stair_3,1.4489030154944607,-1,pm_diff_val,38.134363107889456,0.9387077689170837,0.9505895376205444,0.005350717343389988,0.04067781940102577,0.0264225322753191,5,0.009465699999054777,,,0.0,,,,,
real_camera,polyu_full,NikonD800_5_125_6400_stair_3,1.4489030154944607,-1,wavelet_bayes,37.40188981945769,0.9240021705627441,0.956453800201416,0.0058916471898555756,0.04067781940102577,0.03707113489508629,0,0.004666299999371404,,,0.0,,,,,
real_camera,polyu_full,NikonD800_5_125_6400_stair_3,1.4489030154944607,-1,nlm,37.2593573145142,0.9230902791023254,0.9561761021614075,0.005996265448629856,0.04067781940102577,0.03789479285478592,0,0.04118600000037986,,,0.0,,,,,
real_camera,polyu_full,NikonD800_5_125_6400_stair_3,1.4489030154944607,-1,bm3d,37.277863186344675,0.9217486381530762,0.9544491767883301,0.006296924781054258,0.04067781940102577,0.03846146538853645,0,1.7304157999988092,,,0.0,,,,,
real_camera,polyu_full,NikonD800_5_125_6400_stair_3,1.4489030154944607,-1,fdncnn_color,37.64847537365991,0.9287886619567871,0.9557968974113464,0.006103568244725466,0.04067781940102577,0.036849185824394226,0,1.925004300001092,,,0.0,,,,,
real_camera,polyu_full,NikonD800_5_125_6400_stair_3,1.4489030154944607,-1,ectv_fdncnn,36.92278296497955,0.9131312966346741,0.9526984095573425,0.006497623398900032,0.04067781940102577,0.040642186999320984,0,1.963402400000632,3.563429416282922e-05,3.563240170478821e-05,0.998323361458302,0.32,,0.3333333333333333,0.008169949054718018,0.0
real_camera,polyu_full,NikonD800_5_125_6400_stair_6,1.57748298780948,-1,noisy,36.13303489009284,0.9246943593025208,0.9656397700309753,0.008179323747754097,0.052483052015304565,0.052483052015304565,0,0.0,0.0,0.0,0.0,,,,,
real_camera,polyu_full,NikonD800_5_125_6400_stair_6,1.57748298780948,-1,ectv,36.13396490448672,0.9247103333473206,0.9656442403793335,0.008177826181054115,0.052483052015304565,0.05247693881392479,1,0.03383680000115419,6.116665107571426e-06,6.113201379776001e-06,0.9980131958175833,0.04,,,,
real_camera,polyu_full,NikonD800_5_125_6400_stair_6,1.57748298780948,-1,ectv_fidelity,36.140476648296605,0.924821674823761,0.9656738042831421,0.00816733855754137,0.052483052015304565,0.05243412405252457,1,0.0315496000002895,4.893332051455563e-05,4.892796277999878e-05,0.9980131958175833,0.32,0.08,0.3333333333333333,,
real_camera,polyu_full,NikonD800_5_125_6400_stair_6,1.57748298780948,-1,tv_maxiter,33.536275788755326,0.8385120034217834,0.8842628598213196,0.014834845438599586,0.052483052015304565,0.014764546416699886,20,0.0914546000003611,inf,0.03771850559860468,0.9980131958175833,,,,,
real_camera,polyu_full,NikonD800_5_125_6400_stair_6,1.57748298780948,-1,tv_fixedk_val,33.58426564475662,0.8474106788635254,0.8880958557128906,0.014360051602125168,0.052483052015304565,0.0137092974036932,40,0.17508040000029723,,0.038773754611611366,0.9980131958175833,,,,,
real_camera,polyu_full,NikonD800_5_125_6400_stair_6,1.57748298780948,-1,tv_discrepancy,37.591256555505765,0.9476373791694641,0.9715471267700195,0.006067964248359203,0.052483052015304565,0.04051589220762253,2,0.012240899999596877,,0.011967159807682037,0.9980131958175833,,,,,
real_camera,polyu_full,NikonD800_5_125_6400_stair_6,1.57748298780948,-1,tv_chambolle_val,37.70017881043203,0.9520823955535889,0.9708752036094666,0.00596697349101305,0.052483052015304565,0.03721587732434273,0,0.01381769999898097,,,0.0,,,,,
real_camera,polyu_full,NikonD800_5_125_6400_stair_6,1.57748298780948,-1,gaussian_val,35.85338751705455,0.9201615452766418,0.9312878847122192,0.01061110571026802,0.052483052015304565,0.02523493394255638,0,0.00042380000013508834,,,0.0,,,,,
real_camera,polyu_full,NikonD800_5_125_6400_stair_6,1.57748298780948,-1,median_val,32.139899699150604,0.8111756443977356,0.8236409425735474,0.014101149514317513,0.052483052015304565,0.019756654277443886,0,0.0011295000003883615,,,0.0,,,,,
real_camera,polyu_full,NikonD800_5_125_6400_stair_6,1.57748298780948,-1,bilateral_val,37.18839936102463,0.944378137588501,0.9673428535461426,0.007283077109605074,0.052483052015304565,0.0471079982817173,0,0.2866589999994176,,,0.0,,,,,
real_camera,polyu_full,NikonD800_5_125_6400_stair_6,1.57748298780948,-1,pm_diff_val,37.180788415925036,0.9473304152488708,0.9644219279289246,0.0068543097004294395,0.052483052015304565,0.03895910084247589,5,0.009689600001365761,,,0.0,,,,,
real_camera,polyu_full,NikonD800_5_125_6400_stair_6,1.57748298780948,-1,wavelet_bayes,36.524565075907,0.9328044056892395,0.9680091142654419,0.007571696303784847,0.052483052015304565,0.0493532195687294,0,0.005019900001570932,,,0.0,,,,,
real_camera,polyu_full,NikonD800_5_125_6400_stair_6,1.57748298780948,-1,nlm,36.514041658918075,0.9356732368469238,0.9683817028999329,0.007518784608691931,0.052483052015304565,0.04921278357505798,0,0.04490020000048389,,,0.0,,,,,
real_camera,polyu_full,NikonD800_5_125_6400_stair_6,1.57748298780948,-1,bm3d,36.496289837565826,0.9327394366264343,0.9668768644332886,0.007957370951771736,0.052483052015304565,0.05016005411744118,0,1.7570987999988574,,,0.0,,,,,
real_camera,polyu_full,NikonD800_5_125_6400_stair_6,1.57748298780948,-1,fdncnn_color,36.86748464226514,0.9394853711128235,0.9679451584815979,0.007744171191006899,0.052483052015304565,0.0484820194542408,0,1.9337591000003158,,,0.0,,,,,
real_camera,polyu_full,NikonD800_5_125_6400_stair_6,1.57748298780948,-1,ectv_fdncnn,36.14187627406589,0.9248859882354736,0.9656704664230347,0.00817381776869297,0.052483052015304565,0.05243412032723427,0,1.9741510999992897,4.893332051455563e-05,4.893168807029724e-05,0.9980131958175833,0.32,,0.3333333333333333,0.010682940483093262,0.0
real_camera,polyu_full,NikonD800_5_125_6400_stair_7,1.5024020141196934,-1,noisy,36.76937444626193,0.9053666591644287,0.9406347274780273,0.00661438750103116,0.03862616792321205,0.03862616792321205,0,0.0,0.0,0.0,0.0,,,,,
real_camera,polyu_full,NikonD800_5_125_6400_stair_7,1.5024020141196934,-1,ectv,36.77014815847767,0.905383825302124,0.9406405091285706,0.006613367237150669,0.03862616792321205,0.03862107917666435,1,0.0362213000007614,5.099665281249266e-06,5.088746547698975e-06,0.9981974874317162,0.04,,,,
real_camera,polyu_full,NikonD800_5_125_6400_stair_7,1.5024020141196934,-1,ectv_fidelity,36.775570005095155,0.9055041670799255,0.9406800270080566,0.0066062165424227715,0.03862616792321205,0.038585372269153595,1,0.03327050000007148,4.0797322049465305e-05,4.079565405845642e-05,0.9981974874317162,0.32,0.08,0.3333333333333333,,
real_camera,polyu_full,NikonD800_5_125_6400_stair_7,1.5024020141196934,-1,tv_maxiter,35.44268857769368,0.8335973620414734,0.6992229223251343,0.010898538865149021,0.03862616792321205,0.0064529115334153175,22,0.10195860000021639,inf,0.032173256389796734,0.9981974874317162,,,,,
real_camera,polyu_full,NikonD800_5_125_6400_stair_7,1.5024020141196934,-1,tv_fixedk_val,35.43060203351039,0.8357296586036682,0.6803374886512756,0.011181731708347797,0.03862616792321205,0.005491586402058601,40,0.17750129999876663,,0.03313458152115345,0.9981974874317162,,,,,
real_camera,polyu_full,NikonD800_5_125_6400_stair_7,1.5024020141196934,-1,tv_discrepancy,38.621223048310895,0.9398884773254395,0.9508959650993347,0.004579192027449608,0.03862616792321205,0.022752320393919945,3,0.017906199998833472,,0.015873847529292107,0.9981974874317162,,,,,
real_camera,polyu_full,NikonD800_5_125_6400_stair_7,1.5024020141196934,-1,tv_chambolle_val,38.546355984557216,0.9407371878623962,0.948580801486969,0.004600066225975752,0.03862616792321205,0.023359758779406548,0,0.017271099999561557,,,0.0,,,,,
real_camera,polyu_full,NikonD800_5_125_6400_stair_7,1.5024020141196934,-1,gaussian_val,38.18899102243104,0.9291885495185852,0.9243474006652832,0.006051310338079929,0.03862616792321205,0.016814235597848892,0,0.00042829999983950984,,,0.0,,,,,
real_camera,polyu_full,NikonD800_5_125_6400_stair_7,1.5024020141196934,-1,median_val,36.040753867011695,0.8739559054374695,0.8117711544036865,0.008365092799067497,0.03862616792321205,0.013756507076323032,0,0.0010404999993625097,,,0.0,,,,,
real_camera,polyu_full,NikonD800_5_125_6400_stair_7,1.5024020141196934,-1,bilateral_val,37.98717335476109,0.9300468564033508,0.943322479724884,0.005547891370952129,0.03862616792321205,0.03266683593392372,0,0.2365190000000439,,,0.0,,,,,
real_camera,polyu_full,NikonD800_5_125_6400_stair_7,1.5024020141196934,-1,pm_diff_val,38.2454227305616,0.9375397562980652,0.9403904676437378,0.004947096109390259,0.03862616792321205,0.023500066250562668,5,0.009030600000187405,,,0.0,,,,,
real_camera,polyu_full,NikonD800_5_125_6400_stair_7,1.5024020141196934,-1,wavelet_bayes,37.31615934553926,0.9183351993560791,0.9457145929336548,0.005858154967427254,0.03862616792321205,0.03455203026533127,0,0.004671299999245093,,,0.0,,,,,
real_camera,polyu_full,NikonD800_5_125_6400_stair_7,1.5024020141196934,-1,nlm,37.134526603728894,0.9164109826087952,0.9447783827781677,0.006064536981284618,0.03862616792321205,0.03556259721517563,0,0.04183499999999185,,,0.0,,,,,
real_camera,polyu_full,NikonD800_5_125_6400_stair_7,1.5024020141196934,-1,bm3d,37.1395900067631,0.9147980809211731,0.9426572322845459,0.006404136773198843,0.03862616792321205,0.03626248985528946,0,1.7453043999994406,,,0.0,,,,,
real_camera,polyu_full,NikonD800_5_125_6400_stair_7,1.5024020141196934,-1,fdncnn_color,37.56884917801936,0.9230538010597229,0.9443942904472351,0.006148191634565592,0.03862616792321205,0.03442233055830002,0,1.9586643000002368,,,0.0,,,,,
real_camera,polyu_full,NikonD800_5_125_6400_stair_7,1.5024020141196934,-1,ectv_fdncnn,36.776939232717645,0.905548095703125,0.9406753182411194,0.00660966569557786,0.03862616792321205,0.038585372269153595,0,2.001303100001678,4.0797322049465305e-05,4.079565405845642e-05,0.9981974874317162,0.32,,0.3333333333333333,0.008618295192718506,0.0
real_camera,polyu_full,NikonD800_6-3_125_5000_plant_10,1.1361863755620423,-1,noisy,38.01562195359702,0.9309160709381104,0.9792755842208862,0.005414190702140331,0.03563932701945305,0.03563932701945305,0,0.0,0.0,0.0,0.0,,,,,
real_camera,polyu_full,NikonD800_6-3_125_5000_plant_10,1.1361863755620423,-1,ectv,38.01595517796266,0.9309210181236267,0.9792771339416504,0.005413874052464962,0.03563932701945305,0.03563753515481949,1,0.031400899999425747,1.793886453682237e-06,1.7918646335601807e-06,0.9989683302248508,0.04,,,,
real_camera,polyu_full,NikonD800_6-3_125_5000_plant_10,1.1361863755620423,-1,ectv_fidelity,38.01828366844917,0.9309549331665039,0.9792866110801697,0.005411658436059952,0.03563932701945305,0.03562497720122337,1,0.029803699999320088,1.4351091620729455e-05,1.4349818229675293e-05,0.9989683302248508,0.32,0.08,0.3333333333333333,,
real_camera,polyu_full,NikonD800_6-3_125_5000_plant_10,1.1361863755620423,-1,tv_maxiter,36.85505887249509,0.9261816143989563,0.9557944536209106,0.006876214873045683,0.03563932701945305,0.016814719885587692,17,0.07855759999984002,inf,0.018824607133865356,0.9989683302248508,,,,,
real_camera,polyu_full,NikonD800_6-3_125_5000_plant_10,1.1361863755620423,-1,tv_fixedk_val,36.799236936181074,0.9269569516181946,0.955319881439209,0.006977801211178303,0.03563932701945305,0.015912659466266632,40,0.1797695000004751,,0.019726667553186417,0.9989683302248508,,,,,
real_camera,polyu_full,NikonD800_6-3_125_5000_plant_10,1.1361863755620423,-1,tv_discrepancy,39.144634726146435,0.9509153366088867,0.9822803735733032,0.004518082365393639,0.03563932701945305,0.02530783601105213,3,0.016700800000762683,,0.010331491008400917,0.9989683302248508,,,,,
real_camera,polyu_full,NikonD800_6-3_125_5000_plant_10,1.1361863755620423,-1,tv_chambolle_val,39.098034034020046,0.9518433213233948,0.9831509590148926,0.004203901160508394,0.03563932701945305,0.026619575917720795,0,0.009066099999472499,,,0.0,,,,,
real_camera,polyu_full,NikonD800_6-3_125_5000_plant_10,1.1361863755620423,-1,gaussian_val,37.2995557280533,0.9451277256011963,0.959199845790863,0.006125742103904486,0.03563932701945305,0.02145007997751236,0,0.0002280000007885974,,,0.0,,,,,
real_camera,polyu_full,NikonD800_6-3_125_5000_plant_10,1.1361863755620423,-1,median_val,36.79424791126105,0.9325882792472839,0.9576352834701538,0.005787054542452097,0.03563932701945305,0.02094091847538948,0,0.0009783999994397163,,,0.0,,,,,
real_camera,polyu_full,NikonD800_6-3_125_5000_plant_10,1.1361863755620423,-1,bilateral_val,38.616068958004654,0.9451964497566223,0.9800688624382019,0.004948172718286514,0.03563932701945305,0.03197891265153885,0,0.25498700000025565,,,0.0,,,,,
real_camera,polyu_full,NikonD800_6-3_125_5000_plant_10,1.1361863755620423,-1,pm_diff_val,38.88486568524567,0.9525015354156494,0.9819096326828003,0.004305883776396513,0.03563932701945305,0.02608400583267212,5,0.009094600000025821,,,0.0,,,,,
real_camera,polyu_full,NikonD800_6-3_125_5000_plant_10,1.1361863755620423,-1,wavelet_bayes,38.234594760376964,0.93570876121521,0.9802424907684326,0.005157718434929848,0.03563932701945305,0.03387253358960152,0,0.00459690000025148,,,0.0,,,,,
real_camera,polyu_full,NikonD800_6-3_125_5000_plant_10,1.1361863755620423,-1,nlm,38.30836971756464,0.9399575591087341,0.9807697534561157,0.004902575630694628,0.03563932701945305,0.03269132226705551,0,0.04447670000081416,,,0.0,,,,,
real_camera,polyu_full,NikonD800_6-3_125_5000_plant_10,1.1361863755620423,-1,bm3d,38.30518850691641,0.9376000761985779,0.9802582859992981,0.005141519010066986,0.03563932701945305,0.03345157951116562,0,1.721992799999498,,,0.0,,,,,
real_camera,polyu_full,NikonD800_6-3_125_5000_plant_10,1.1361863755620423,-1,fdncnn_color,38.53372192663199,0.942517101764679,0.9807119369506836,0.0049988701939582825,0.03563932701945305,0.031926900148391724,0,1.93961759999911,,,0.0,,,,,
real_camera,polyu_full,NikonD800_6-3_125_5000_plant_10,1.1361863755620423,-1,ectv_fdncnn,38.017710564841025,0.9309656620025635,0.979282021522522,0.005412510130554438,0.03563932701945305,0.03562497720122337,0,1.9799811999982921,1.4351091620729455e-05,1.4349818229675293e-05,0.9989683302248508,0.32,,0.3333333333333333,0.0033928751945495605,0.0
real_camera,polyu_full,NikonD800_6-3_125_5000_plant_1,1.1678866234229293,-1,noisy,37.695158799650656,0.9262948036193848,0.9786968231201172,0.005505968816578388,0.03605080395936966,0.03605080395936966,0,0.0,0.0,0.0,0.0,,,,,
real_camera,polyu_full,NikonD800_6-3_125_5000_plant_1,1.1678866234229293,-1,ectv,37.695518784817125,0.9263007640838623,0.9786985516548157,0.005505613051354885,0.03605080395936966,0.03604881837964058,1,0.031048000000737375,1.9887535933112796e-06,1.9855797290802e-06,0.9989100224483534,0.04,,,,
real_camera,polyu_full,NikonD800_6-3_125_5000_plant_1,1.1678866234229293,-1,ectv_fidelity,37.69803855879384,0.926342248916626,0.978709876537323,0.005503128748387098,0.03605080395936966,0.03603489696979523,1,0.03105389999836916,1.591002873459715e-05,1.5906989574432373e-05,0.9989100224483534,0.32,0.08,0.3333333333333333,,
real_camera,polyu_full,NikonD800_6-3_125_5000_plant_1,1.1678866234229293,-1,tv_maxiter,37.01537908875521,0.9281911849975586,0.961307168006897,0.006613332778215408,0.03605080395936966,0.017412465065717697,18,0.08152130000053148,inf,0.018638338893651962,0.9989100224483534,,,,,
real_camera,polyu_full,NikonD800_6-3_125_5000_plant_1,1.1678866234229293,-1,tv_fixedk_val,36.93915835147913,0.9285831451416016,0.9614859223365784,0.006695865653455257,0.03605080395936966,0.01653100550174713,40,0.17926989999978105,,0.019519798457622528,0.9989100224483534,,,,,
real_camera,polyu_full,NikonD800_6-3_125_5000_plant_1,1.1678866234229293,-1,tv_discrepancy,38.960230929816525,0.949852466583252,0.982913613319397,0.004454365000128746,0.03605080395936966,0.02589370124042034,3,0.017040900000210968,,0.010157102718949318,0.9989100224483534,,,,,
real_camera,polyu_full,NikonD800_6-3_125_5000_plant_1,1.1678866234229293,-1,tv_chambolle_val,38.836287095094285,0.9495051503181458,0.9831793308258057,0.004256842192262411,0.03605080395936966,0.02692943625152111,0,0.009637799999836716,,,0.0,,,,,
real_camera,polyu_full,NikonD800_6-3_125_5000_plant_1,1.1678866234229293,-1,gaussian_val,37.411498960942225,0.946877658367157,0.9629578590393066,0.005854904651641846,0.03605080395936966,0.02227853238582611,0,0.0004460000000108266,,,0.0,,,,,
real_camera,polyu_full,NikonD800_6-3_125_5000_plant_1,1.1678866234229293,-1,median_val,37.13983687866041,0.9378046989440918,0.9632611870765686,0.005409731529653072,0.03605080395936966,0.02183353900909424,0,0.001157700000476325,,,0.0,,,,,
real_camera,polyu_full,NikonD800_6-3_125_5000_plant_1,1.1678866234229293,-1,bilateral_val,38.33483987351843,0.9405919909477234,0.979703426361084,0.005040755495429039,0.03605080395936966,0.03231645002961159,0,0.2590583000001061,,,0.0,,,,,
real_camera,polyu_full,NikonD800_6-3_125_5000_plant_1,1.1678866234229293,-1,pm_diff_val,38.67953649598523,0.9506659507751465,0.9819841980934143,0.004335828125476837,0.03605080395936966,0.02613738738000393,5,0.00923039999906905,,,0.0,,,,,
real_camera,polyu_full,NikonD800_6-3_125_5000_plant_1,1.1678866234229293,-1,wavelet_bayes,37.9335467510727,0.9317747950553894,0.9798409342765808,0.005224362947046757,0.03605080395936966,0.03414502739906311,0,0.0051032999999733875,,,0.0,,,,,
real_camera,polyu_full,NikonD800_6-3_125_5000_plant_1,1.1678866234229293,-1,nlm,37.93338965438412,0.9337179064750671,0.9799139499664307,0.005102150142192841,0.03605080395936966,0.0335698127746582,0,0.04070259999934933,,,0.0,,,,,
real_camera,polyu_full,NikonD800_6-3_125_5000_plant_1,1.1678866234229293,-1,bm3d,37.98352237811757,0.9329409599304199,0.9796856045722961,0.005257537122815847,0.03605080395936966,0.033878978341817856,0,1.7131530000006023,,,0.0,,,,,
real_camera,polyu_full,NikonD800_6-3_125_5000_plant_1,1.1678866234229293,-1,fdncnn_color,38.20418325951918,0.9378809928894043,0.9801995158195496,0.005110878497362137,0.03605080395936966,0.032366059720516205,0,1.902710800000932,,,0.0,,,,,
real_camera,polyu_full,NikonD800_6-3_125_5000_plant_1,1.1678866234229293,-1,ectv_fdncnn,37.69742314832482,0.926349401473999,0.9787041544914246,0.005504190921783447,0.03605080395936966,0.03603489696979523,0,1.945075600000564,1.591002873459715e-05,1.5906989574432373e-05,0.9989100224483534,0.32,,0.3333333333333333,0.0037717223167419434,0.0
real_camera,polyu_full,NikonD800_6-3_125_5000_plant_3,0.7594769798238868,-1,noisy,39.386288840607726,0.9498865008354187,0.9796318411827087,0.004206378478556871,0.025180907920002937,0.025180907920002937,0,0.0,0.0,0.0,0.0,,,,,
real_camera,polyu_full,NikonD800_6-3_125_5000_plant_3,0.7594769798238868,-1,ectv,39.38637300237795,0.9498875141143799,0.9796323776245117,0.0042063151486217976,0.025180907920002937,0.025180526077747345,1,0.0336289000006218,3.9453578849175753e-07,3.818422555923462e-07,0.9995387686389794,0.04,,,,
real_camera,polyu_full,NikonD800_6-3_125_5000_plant_3,0.7594769798238868,-1,ectv_fidelity,39.38697519732047,0.9498969912528992,0.9796354174613953,0.004205856937915087,0.025180907920002937,0.02517775446176529,1,0.030007700001078774,3.156286307841204e-06,3.1534582376480103e-06,0.9995387686389794,0.32,0.08,0.3333333333333333,,
real_camera,polyu_full,NikonD800_6-3_125_5000_plant_3,0.7594769798238868,-1,tv_maxiter,39.836755117886845,0.9734597206115723,0.9734928011894226,0.003536943579092622,0.025180907920002937,0.012679390609264374,14,0.06580539999959001,inf,0.012501517310738564,0.9995387686389794,,,,,
real_camera,polyu_full,NikonD800_6-3_125_5000_plant_3,0.7594769798238868,-1,tv_fixedk_val,39.61860261787551,0.9724525809288025,0.9714126586914062,0.003685588715597987,0.025180907920002937,0.011761349625885487,40,0.17507579999983136,,0.01341955829411745,0.9995387686389794,,,,,
real_camera,polyu_full,NikonD800_6-3_125_5000_plant_3,0.7594769798238868,-1,tv_discrepancy,40.37091171301163,0.9656168818473816,0.9835799932479858,0.003487046342343092,0.025180907920002937,0.019881106913089752,2,0.01239729999906558,,0.005299801006913185,0.9995387686389794,,,,,
real_camera,polyu_full,NikonD800_6-3_125_5000_plant_3,0.7594769798238868,-1,tv_chambolle_val,40.554168040024564,0.9704809188842773,0.985755443572998,0.0031213092152029276,0.025180907920002937,0.01816072314977646,0,0.010659499999746913,,,0.0,,,,,
real_camera,polyu_full,NikonD800_6-3_125_5000_plant_3,0.7594769798238868,-1,gaussian_val,39.17065669414544,0.9728944301605225,0.9628704190254211,0.003929005470126867,0.025180907920002937,0.014991321600973606,0,0.00022569999964616727,,,0.0,,,,,
real_camera,polyu_full,NikonD800_6-3_125_5000_plant_3,0.7594769798238868,-1,median_val,39.07574441416449,0.972015917301178,0.9677910804748535,0.003382029477506876,0.025180907920002937,0.0149614829570055,0,0.0010416999994049547,,,0.0,,,,,
real_camera,polyu_full,NikonD800_6-3_125_5000_plant_3,0.7594769798238868,-1,bilateral_val,39.84302645457189,0.955866813659668,0.9808262586593628,0.0040013426914811134,0.025180907920002937,0.024098755791783333,0,0.2367272999999841,,,0.0,,,,,
real_camera,polyu_full,NikonD800_6-3_125_5000_plant_3,0.7594769798238868,-1,pm_diff_val,40.482241130541155,0.9711365699768066,0.9858088493347168,0.003061404451727867,0.025180907920002937,0.017827970907092094,5,0.00926929999877757,,,0.0,,,,,
real_camera,polyu_full,NikonD800_6-3_125_5000_plant_3,0.7594769798238868,-1,wavelet_bayes,39.55729471329824,0.9532485604286194,0.9806796908378601,0.004041871055960655,0.025180907920002937,0.02413170225918293,0,0.0048802000001160195,,,0.0,,,,,
real_camera,polyu_full,NikonD800_6-3_125_5000_plant_3,0.7594769798238868,-1,nlm,39.52762789777096,0.9533912539482117,0.9804144501686096,0.004020316060632467,0.025180907920002937,0.023849736899137497,0,0.043234700000539306,,,0.0,,,,,
real_camera,polyu_full,NikonD800_6-3_125_5000_plant_3,0.7594769798238868,-1,bm3d,39.564878272791375,0.9534339904785156,0.9802550077438354,0.004097183234989643,0.025180907920002937,0.024047141894698143,0,1.7689645000009477,,,0.0,,,,,
real_camera,polyu_full,NikonD800_6-3_125_5000_plant_3,0.7594769798238868,-1,fdncnn_color,39.76197533707084,0.95689457654953,0.9809402227401733,0.003978172317147255,0.025180907920002937,0.02302262932062149,0,1.9211749999994936,,,0.0,,,,,
real_camera,polyu_full,NikonD800_6-3_125_5000_plant_3,0.7594769798238868,-1,ectv_fdncnn,39.38684259802234,0.9498971104621887,0.9796345829963684,0.0042060362175107,0.025180907920002937,0.02517775259912014,0,1.9614473999990878,3.156286307841204e-06,3.155320882797241e-06,0.9995387686389794,0.32,,0.3333333333333333,0.0013083815574645996,0.0
real_camera,polyu_full,NikonD800_6-3_125_5000_plant_6,1.1582036918634422,-1,noisy,37.7333804511887,0.9345691800117493,0.9818002581596375,0.005447335075587034,0.03890664130449295,0.03890664130449295,0,0.0,0.0,0.0,0.0,,,,,
real_camera,polyu_full,NikonD800_6-3_125_5000_plant_6,1.1582036918634422,-1,ectv,37.73372841617267,0.9345746636390686,0.9818016886711121,0.0054469904862344265,0.03890664130449295,0.038904715329408646,1,0.031190699999569915,1.9276727819743166e-06,1.9259750843048096e-06,0.9989280021910283,0.04,,,,
real_camera,polyu_full,NikonD800_6-3_125_5000_plant_6,1.1582036918634422,-1,ectv_fidelity,37.73616081186171,0.9346146583557129,0.9818112850189209,0.005444588139653206,0.03890664130449295,0.038891226053237915,1,0.030782400001044152,1.5421382244963953e-05,1.54152512550354e-05,0.9989280021910283,0.32,0.08,0.3333333333333333,,
real_camera,polyu_full,NikonD800_6-3_125_5000_plant_6,1.1582036918634422,-1,tv_maxiter,37.012423949575684,0.9432811737060547,0.9646217226982117,0.006232672370970249,0.03890664130449295,0.020122800022363663,17,0.07567139999991923,inf,0.018783841282129288,0.9989280021910283,,,,,
real_camera,polyu_full,NikonD800_6-3_125_5000_plant_6,1.1582036918634422,-1,tv_fixedk_val,36.97906360379633,0.9442181587219238,0.9635753035545349,0.006399422883987427,0.03890664130449295,0.019153274595737457,40,0.17195929999979853,,0.019753366708755493,0.9989280021910283,,,,,
real_camera,polyu_full,NikonD800_6-3_125_5000_plant_6,1.1582036918634422,-1,tv_discrepancy,38.91539867019472,0.9579586982727051,0.9849776029586792,0.00450227502733469,0.03890664130449295,0.02849336713552475,3,0.01673579999987851,,0.0104132741689682,0.9989280021910283,,,,,
real_camera,polyu_full,NikonD800_6-3_125_5000_plant_6,1.1582036918634422,-1,tv_chambolle_val,38.80488548464209,0.9564610123634338,0.9864931106567383,0.004179660230875015,0.03890664130449295,0.03050634264945984,0,0.0031744000007165596,,,0.0,,,,,
real_camera,polyu_full,NikonD800_6-3_125_5000_plant_6,1.1582036918634422,-1,gaussian_val,37.21406100296356,0.9542670845985413,0.9650583863258362,0.0061977822333574295,0.03890664130449295,0.02482033520936966,0,0.00044040000102540944,,,0.0,,,,,
real_camera,polyu_full,NikonD800_6-3_125_5000_plant_6,1.1582036918634422,-1,median_val,36.96744173678734,0.9472272396087646,0.96458899974823,0.005510186776518822,0.03890664130449295,0.02409457415342331,0,0.0010010000005422626,,,0.0,,,,,
real_camera,polyu_full,NikonD800_6-3_125_5000_plant_6,1.1582036918634422,-1,bilateral_val,38.52916230583138,0.9517907500267029,0.984308660030365,0.004651589319109917,0.03890664130449295,0.03485044836997986,0,0.24102870000024268,,,0.0,,,,,
real_camera,polyu_full,NikonD800_6-3_125_5000_plant_6,1.1582036918634422,-1,pm_diff_val,38.781302539818974,0.9606334567070007,0.986129879951477,0.0040349457412958145,0.03890664130449295,0.028792498633265495,5,0.009425899999769172,,,0.0,,,,,
real_camera,polyu_full,NikonD800_6-3_125_5000_plant_6,1.1582036918634422,-1,wavelet_bayes,37.96253743183114,0.9398811459541321,0.9830042123794556,0.005148831754922867,0.03890664130449295,0.03705757111310959,0,0.00414699999964796,,,0.0,,,,,
real_camera,polyu_full,NikonD800_6-3_125_5000_plant_6,1.1582036918634422,-1,nlm,38.03814679312352,0.9440867304801941,0.9835494756698608,0.004840891342610121,0.03890664130449295,0.035771895200014114,0,0.04568540000036592,,,0.0,,,,,
real_camera,polyu_full,NikonD800_6-3_125_5000_plant_6,1.1582036918634422,-1,bm3d,38.02594256573245,0.9414123892784119,0.9828092455863953,0.005185076501220465,0.03890664130449295,0.03674622252583504,0,1.7314533999997366,,,0.0,,,,,
real_camera,polyu_full,NikonD800_6-3_125_5000_plant_6,1.1582036918634422,-1,fdncnn_color,38.25283948320483,0.9462592005729675,0.9834957718849182,0.0049807969480752945,0.03890664130449295,0.03526992350816727,0,1.9281049000001076,,,0.0,,,,,
real_camera,polyu_full,NikonD800_6-3_125_5000_plant_6,1.1582036918634422,-1,ectv_fdncnn,37.73565097033042,0.934622585773468,0.9818081855773926,0.0054452987387776375,0.03890664130449295,0.038891226053237915,0,1.968686299998808,1.5421382244963953e-05,1.54152512550354e-05,0.9989280021910283,0.32,,0.3333333333333333,0.003761112689971924,0.0
real_camera,polyu_full,NikonD800_6-3_125_5000_plant__4,1.1692950199565035,-1,noisy,37.764229893708475,0.929177463054657,0.9688631296157837,0.005178552120923996,0.025739774107933044,0.025739774107933044,0,0.0,0.0,0.0,0.0,,,,,
real_camera,polyu_full,NikonD800_6-3_125_5000_plant__4,1.1692950199565035,-1,ectv,37.764522765144044,0.9291852116584778,0.9688661098480225,0.005178194958716631,0.025739774107933044,0.02573777735233307,1,0.031011000000944478,1.9977539175335352e-06,1.996755599975586e-06,0.998907394853022,0.04,,,,
real_camera,polyu_full,NikonD800_6-3_125_5000_plant__4,1.1692950199565035,-1,ectv_fidelity,37.76657240831618,0.9292394518852234,0.9688853621482849,0.0051756990142166615,0.025739774107933044,0.025723792612552643,1,0.03106399999887799,1.598203132821299e-05,1.598149538040161e-05,0.998907394853022,0.32,0.08,0.3333333333333333,,
real_camera,polyu_full,NikonD800_6-3_125_5000_plant__4,1.1692950199565035,-1,tv_maxiter,39.32871939646671,0.9727134704589844,0.9766318798065186,0.0029088309966027737,0.025739774107933044,0.009461515583097935,15,0.06877700000040932,inf,0.01627825852483511,0.998907394853022,,,,,
real_camera,polyu_full,NikonD800_6-3_125_5000_plant__4,1.1692950199565035,-1,tv_fixedk_val,39.293574698902496,0.973633348941803,0.9771428108215332,0.002932088216766715,0.025739774107933044,0.008595744147896767,40,0.17416159999993397,,0.017144029960036278,0.998907394853022,,,,,
real_camera,polyu_full,NikonD800_6-3_125_5000_plant__4,1.1692950199565035,-1,tv_discrepancy,39.110145714364926,0.9634549617767334,0.9808595180511475,0.003310275264084339,0.025739774107933044,0.015237247571349144,3,0.01680289999967499,,0.0105025265365839,0.998907394853022,,,,,
real_camera,polyu_full,NikonD800_6-3_125_5000_plant__4,1.1692950199565035,-1,tv_chambolle_val,39.22167258841081,0.9683329463005066,0.9835036396980286,0.002778046764433384,0.025739774107933044,0.013811340555548668,0,0.017890699999043136,,,0.0,,,,,
real_camera,polyu_full,NikonD800_6-3_125_5000_plant__4,1.1692950199565035,-1,gaussian_val,38.49862886069723,0.969057559967041,0.9638609886169434,0.0032125134021043777,0.025739774107933044,0.012338567525148392,0,0.0003105000014329562,,,0.0,,,,,
real_camera,polyu_full,NikonD800_6-3_125_5000_plant__4,1.1692950199565035,-1,median_val,39.011263706179946,0.9696720242500305,0.977194607257843,0.0027818691451102495,0.025739774107933044,0.012279330752789974,0,0.0010087000009662006,,,0.0,,,,,
real_camera,polyu_full,NikonD800_6-3_125_5000_plant__4,1.1692950199565035,-1,bilateral_val,38.68657592494739,0.9539989829063416,0.9781404137611389,0.003867765422910452,0.025739774107933044,0.0210333913564682,0,0.22631259999980102,,,0.0,,,,,
real_camera,polyu_full,NikonD800_6-3_125_5000_plant__4,1.1692950199565035,-1,pm_diff_val,39.22281633964281,0.9701154232025146,0.9837956428527832,0.00266580143943429,0.025739774107933044,0.013070653192698956,5,0.009304000001066015,,,0.0,,,,,
real_camera,polyu_full,NikonD800_6-3_125_5000_plant__4,1.1692950199565035,-1,wavelet_bayes,38.11560597843648,0.939795970916748,0.9729062914848328,0.004634700249880552,0.025739774107933044,0.022686630487442017,0,0.005277199999909499,,,0.0,,,,,
real_camera,polyu_full,NikonD800_6-3_125_5000_plant__4,1.1692950199565035,-1,nlm,38.31275797995794,0.947256863117218,0.9757925271987915,0.00403133500367403,0.025739774107933044,0.02073221281170845,0,0.05013630000030389,,,0.0,,,,,
real_camera,polyu_full,NikonD800_6-3_125_5000_plant__4,1.1692950199565035,-1,bm3d,38.06521247258085,0.9379763007164001,0.9710164666175842,0.0048856912180781364,0.025739774107933044,0.023427708074450493,0,1.7468355999990308,,,0.0,,,,,
real_camera,polyu_full,NikonD800_6-3_125_5000_plant__4,1.1692950199565035,-1,fdncnn_color,38.38566171367307,0.9455906748771667,0.973628044128418,0.0045561594888567924,0.025739774107933044,0.02162264473736286,0,1.9044201999986399,,,0.0,,,,,
real_camera,polyu_full,NikonD800_6-3_125_5000_plant__4,1.1692950199565035,-1,ectv_fdncnn,37.76666924304659,0.9292461276054382,0.9688829183578491,0.005176111124455929,0.025739774107933044,0.025723792612552643,0,1.9463524999991932,1.598203132821299e-05,1.598149538040161e-05,0.998907394853022,0.32,,0.3333333333333333,0.0035299062728881836,0.0
real_camera,polyu_full,NikonD800_8_100_6400_bulletin_3,0.8378048650138574,-1,noisy,36.95153239667226,0.9592700004577637,0.9950688481330872,0.00540224788710475,0.05994352325797081,0.05994352325797081,0,0.0,0.0,0.0,0.0,,,,,
real_camera,polyu_full,NikonD800_8_100_6400_bulletin_3,0.8378048650138574,-1,ectv,36.95160195208811,0.9592706561088562,0.9950688481330872,0.005402181763201952,0.05994352325797081,0.059942957013845444,1,0.030861499999446096,5.711000092839652e-07,5.662441253662109e-07,0.9994387816084952,0.04,,,,
real_camera,polyu_full,NikonD800_8_100_6400_bulletin_3,0.8378048650138574,-1,ectv_fidelity,36.95208487713463,0.9592763781547546,0.9950695633888245,0.0054017119109630585,0.05994352325797081,0.059938959777355194,1,0.030933600000935257,4.568800073990086e-06,4.563480615615845e-06,0.9994387816084952,0.32,0.08,0.3333333333333333,,
real_camera,polyu_full,NikonD800_8_100_6400_bulletin_3,0.8378048650138574,-1,tv_maxiter,34.362362106692025,0.9499601721763611,0.9849345088005066,0.008004862815141678,0.05994352325797081,0.039377667009830475,17,0.07699250000041502,inf,0.020565856248140335,0.9994387816084952,,,,,
real_camera,polyu_full,NikonD800_8_100_6400_bulletin_3,0.8378048650138574,-1,tv_fixedk_val,34.48617105011934,0.9544506669044495,0.9846562743186951,0.00776504073292017,0.05994352325797081,0.03857795521616936,40,0.17472110000016983,,0.021365568041801453,0.9994387816084952,,,,,
real_camera,polyu_full,NikonD800_8_100_6400_bulletin_3,0.8378048650138574,-1,tv_discrepancy,37.10201293530482,0.96607905626297,0.9945542812347412,0.0056042904034256935,0.05994352325797081,0.05246828868985176,2,0.012711200000921963,,0.007475234568119049,0.9994387816084952,,,,,
real_camera,polyu_full,NikonD800_8_100_6400_bulletin_3,0.8378048650138574,-1,tv_chambolle_val,37.46282928354956,0.9709012508392334,0.9957426190376282,0.004475977271795273,0.05994352325797081,0.05331316590309143,0,0.00858209999933024,,,0.0,,,,,
real_camera,polyu_full,NikonD800_8_100_6400_bulletin_3,0.8378048650138574,-1,gaussian_val,30.76401739186931,0.9337660670280457,0.9488786458969116,0.014305423013865948,0.05994352325797081,0.04159829393029213,0,0.00042130000110773835,,,0.0,,,,,
real_camera,polyu_full,NikonD800_8_100_6400_bulletin_3,0.8378048650138574,-1,median_val,30.316760780703433,0.9244322180747986,0.9553800821304321,0.009888380765914917,0.05994352325797081,0.04108261317014694,0,0.001266600000235485,,,0.0,,,,,
real_camera,polyu_full,NikonD800_8_100_6400_bulletin_3,0.8378048650138574,-1,bilateral_val,37.41106148674252,0.9705352783203125,0.9955866932868958,0.004548429511487484,0.05994352325797081,0.05669853836297989,0,0.23550539999996545,,,0.0,,,,,
real_camera,polyu_full,NikonD800_8_100_6400_bulletin_3,0.8378048650138574,-1,pm_diff_val,37.35788370526808,0.9714027047157288,0.9958123564720154,0.0042841462418437,0.05994352325797081,0.05413518846035004,5,0.00930789999983972,,,0.0,,,,,
real_camera,polyu_full,NikonD800_8_100_6400_bulletin_3,0.8378048650138574,-1,wavelet_bayes,36.991367083874195,0.9602009654045105,0.9951322674751282,0.00532950647175312,0.05994352325797081,0.05951174721121788,0,0.004499799999393872,,,0.0,,,,,
real_camera,polyu_full,NikonD800_8_100_6400_bulletin_3,0.8378048650138574,-1,nlm,37.08993639259104,0.9650406837463379,0.9954274892807007,0.00477767176926136,0.05994352325797081,0.05783652514219284,0,0.04544759999953385,,,0.0,,,,,
real_camera,polyu_full,NikonD800_8_100_6400_bulletin_3,0.8378048650138574,-1,bm3d,37.07132734887908,0.9626339077949524,0.9952104687690735,0.0052196127362549305,0.05994352325797081,0.05864643678069115,0,1.7486864000002242,,,0.0,,,,,
real_camera,polyu_full,NikonD800_8_100_6400_bulletin_3,0.8378048650138574,-1,fdncnn_color,37.20181900335901,0.9653889536857605,0.9952715039253235,0.0050687845796346664,0.05994352325797081,0.05767117813229561,0,1.8992078000010224,,,0.0,,,,,
real_camera,polyu_full,NikonD800_8_100_6400_bulletin_3,0.8378048650138574,-1,ectv_fdncnn,36.95208436239321,0.9592836499214172,0.9950695037841797,0.00540155591443181,0.05994352325797081,0.059938956052064896,0,1.9396809999998368,4.568800073990086e-06,4.567205905914307e-06,0.9994387816084952,0.32,,0.3333333333333333,0.0017628073692321777,0.0
real_camera,polyu_full,NikonD800_8_100_6400_bulletin_5,0.8785906202296454,-1,noisy,35.804036635361356,0.9742417335510254,0.9961258769035339,0.007151653058826923,0.10269922018051147,0.10269922018051147,0,0.0,0.0,0.0,0.0,,,,,
real_camera,polyu_full,NikonD800_8_100_6400_bulletin_5,0.8785906202296454,-1,ectv,35.804086827331986,0.9742423892021179,0.9961258769035339,0.007151586003601551,0.10269922018051147,0.10269854962825775,1,0.03325409999888507,6.829979208188006e-07,6.705522537231445e-07,0.9993828440128563,0.04,,,,
real_camera,polyu_full,NikonD800_8_100_6400_bulletin_5,0.8785906202296454,-1,ectv_fidelity,35.804439761358694,0.9742457866668701,0.9961261749267578,0.0071511222049593925,0.10269922018051147,0.10269375890493393,1,0.031984200000806595,5.463983366068668e-06,5.461275577545166e-06,0.9993828440128563,0.32,0.08,0.3333333333333333,,
real_camera,polyu_full,NikonD800_8_100_6400_bulletin_5,0.8785906202296454,-1,tv_maxiter,32.02657254834755,0.9749570488929749,0.9927027225494385,0.01220683939754963,0.10269922018051147,0.07682882249355316,18,0.08656129999872064,inf,0.025870397686958313,0.9993828440128563,,,,,
real_camera,polyu_full,NikonD800_8_100_6400_bulletin_5,0.8785906202296454,-1,tv_fixedk_val,32.03378312642914,0.9776988625526428,0.9926398992538452,0.011927148327231407,0.10269922018051147,0.07590518891811371,40,0.17621719999988272,,0.026794031262397766,0.9993828440128563,,,,,
real_camera,polyu_full,NikonD800_8_100_6400_bulletin_5,0.8785906202296454,-1,tv_discrepancy,35.82880281560406,0.9764189720153809,0.9961196780204773,0.007331332191824913,0.10269922018051147,0.09783101826906204,1,0.007794200000716955,,0.004868201911449432,0.9993828440128563,,,,,
real_camera,polyu_full,NikonD800_8_100_6400_bulletin_5,0.8785906202296454,-1,tv_chambolle_val,36.13744246696103,0.9830949902534485,0.9963350892066956,0.006159609649330378,0.10269922018051147,0.096000537276268,0,0.00805919999947946,,,0.0,,,,,
real_camera,polyu_full,NikonD800_8_100_6400_bulletin_5,0.8785906202296454,-1,gaussian_val,25.64801445606704,0.9155586361885071,0.9482142925262451,0.030979424715042114,0.10269922018051147,0.06566762924194336,0,0.0003524000003380934,,,0.0,,,,,
real_camera,polyu_full,NikonD800_8_100_6400_bulletin_5,0.8785906202296454,-1,median_val,22.30968108903982,0.8522406220436096,0.8953160643577576,0.031533919274806976,0.10269922018051147,0.05438549816608429,0,0.0009300000001530861,,,0.0,,,,,
real_camera,polyu_full,NikonD800_8_100_6400_bulletin_5,0.8785906202296454,-1,bilateral_val,36.204427083224175,0.9838972687721252,0.9962348341941833,0.006346537731587887,0.10269922018051147,0.09894895553588867,0,0.21698060000016994,,,0.0,,,,,
real_camera,polyu_full,NikonD800_8_100_6400_bulletin_5,0.8785906202296454,-1,pm_diff_val,36.09289581636471,0.9832780957221985,0.9962934851646423,0.006252672988921404,0.10269922018051147,0.09746819734573364,5,0.01119749999998021,,,0.0,,,,,
real_camera,polyu_full,NikonD800_8_100_6400_bulletin_5,0.8785906202296454,-1,wavelet_bayes,35.819153734485845,0.9746420383453369,0.9961370229721069,0.007114551030099392,0.10269922018051147,0.10245916247367859,0,0.004785999999512569,,,0.0,,,,,
real_camera,polyu_full,NikonD800_8_100_6400_bulletin_5,0.8785906202296454,-1,nlm,35.92365445848561,0.980205237865448,0.9962484240531921,0.006408227141946554,0.10269922018051147,0.10024047642946243,0,0.04679940000096394,,,0.0,,,,,
real_camera,polyu_full,NikonD800_8_100_6400_bulletin_5,0.8785906202296454,-1,bm3d,35.9061914474972,0.9776366353034973,0.99617999792099,0.006914482451975346,0.10269922018051147,0.10112036019563675,0,1.7146220999984507,,,0.0,,,,,
real_camera,polyu_full,NikonD800_8_100_6400_bulletin_5,0.8785906202296454,-1,fdncnn_color,35.98396073511867,0.9790822863578796,0.9961886405944824,0.006821500603109598,0.10269922018051147,0.10071931779384613,0,1.9374270000007527,,,0.0,,,,,
real_camera,polyu_full,NikonD800_8_100_6400_bulletin_5,0.8785906202296454,-1,ectv_fdncnn,35.80459113981368,0.9742568135261536,0.9961257576942444,0.007150697987526655,0.10269922018051147,0.10269376635551453,0,1.982559100000799,5.463983366068668e-06,5.453824996948242e-06,0.9993828440128563,0.32,,0.3333333333333333,0.0023794174194335938,0.0
real_camera,polyu_full,NikonD800_8_100_6400_bulletin_7,0.7059779371862622,-1,noisy,37.84200714961398,0.9631875157356262,0.9948446154594421,0.004789094440639019,0.04648531228303909,0.04648531228303909,0,0.0,0.0,0.0,0.0,,,,,
real_camera,polyu_full,NikonD800_8_100_6400_bulletin_7,0.7059779371862622,-1,ectv,37.84205147767896,0.9631881713867188,0.9948447346687317,0.004789050668478012,0.04648531228303909,0.046485014259815216,1,0.03360360000078799,2.9950994268567514e-07,2.980232238769531e-07,0.9996014350602449,0.04,,,,
real_camera,polyu_full,NikonD800_8_100_6400_bulletin_7,0.7059779371862622,-1,ectv_fidelity,37.842367292666424,0.9631910920143127,0.9948450326919556,0.004788744729012251,0.04648531228303909,0.04648292064666748,1,0.03147429999989981,2.396079541444777e-06,2.391636371612549e-06,0.9996014350602449,0.32,0.08,0.3333333333333333,,
real_camera,polyu_full,NikonD800_8_100_6400_bulletin_7,0.7059779371862622,-1,tv_maxiter,36.185723780519815,0.9638833999633789,0.9891576170921326,0.0055754766799509525,0.04648531228303909,0.03049740009009838,16,0.07846489999974438,inf,0.015987912192940712,0.9996014350602449,,,,,
real_camera,polyu_full,NikonD800_8_100_6400_bulletin_7,0.7059779371862622,-1,tv_fixedk_val,36.42147914260619,0.9686551094055176,0.9889858365058899,0.005238169804215431,0.04648531228303909,0.02966494858264923,40,0.1785293000011734,,0.016820363700389862,0.9996014350602449,,,,,
real_camera,polyu_full,NikonD800_8_100_6400_bulletin_7,0.7059779371862622,-1,tv_discrepancy,38.14410953430875,0.9701928496360779,0.994688868522644,0.004705488216131926,0.04648531228303909,0.04050186276435852,2,0.012306399999943096,,0.0059834495186805725,0.9996014350602449,,,,,
real_camera,polyu_full,NikonD800_8_100_6400_bulletin_7,0.7059779371862622,-1,tv_chambolle_val,38.42215862894204,0.975336492061615,0.9960159659385681,0.0034849997609853745,0.04648531228303909,0.040197037160396576,0,0.012296099999730359,,,0.0,,,,,
real_camera,polyu_full,NikonD800_8_100_6400_bulletin_7,0.7059779371862622,-1,gaussian_val,32.790306719454584,0.9498891830444336,0.9553532600402832,0.010580725036561489,0.04648531228303909,0.03308001905679703,0,0.0004008999985671835,,,0.0,,,,,
real_camera,polyu_full,NikonD800_8_100_6400_bulletin_7,0.7059779371862622,-1,median_val,33.144740244619946,0.9508077502250671,0.9696292877197266,0.006553615443408489,0.04648531228303909,0.032733891159296036,0,0.0009671000007074326,,,0.0,,,,,
real_camera,polyu_full,NikonD800_8_100_6400_bulletin_7,0.7059779371862622,-1,bilateral_val,38.36365944308304,0.9739469885826111,0.9956676959991455,0.0038502239622175694,0.04648531228303909,0.0435781255364418,0,0.2295656999995117,,,0.0,,,,,
real_camera,polyu_full,NikonD800_8_100_6400_bulletin_7,0.7059779371862622,-1,pm_diff_val,38.29226373779779,0.975142240524292,0.9959599375724792,0.0035192163195461035,0.04648531228303909,0.04102786257863045,5,0.009583099999872502,,,0.0,,,,,
real_camera,polyu_full,NikonD800_8_100_6400_bulletin_7,0.7059779371862622,-1,wavelet_bayes,37.88527652783795,0.9641324877738953,0.9949363470077515,0.004713458940386772,0.04648531228303909,0.04608926922082901,0,0.004531399999905261,,,0.0,,,,,
real_camera,polyu_full,NikonD800_8_100_6400_bulletin_7,0.7059779371862622,-1,nlm,37.98148116750616,0.9682239890098572,0.9953141212463379,0.004178851377218962,0.04648531228303909,0.04458477720618248,0,0.049333500001012,,,0.0,,,,,
real_camera,polyu_full,NikonD800_8_100_6400_bulletin_7,0.7059779371862622,-1,bm3d,37.95339873185662,0.9659926295280457,0.9950138330459595,0.004633044824004173,0.04648531228303909,0.045424867421388626,0,1.7172611000005418,,,0.0,,,,,
real_camera,polyu_full,NikonD800_8_100_6400_bulletin_7,0.7059779371862622,-1,fdncnn_color,38.069707607408446,0.9678979516029358,0.9950895309448242,0.004512335639446974,0.04648531228303909,0.04471443220973015,0,1.9151763999998366,,,0.0,,,,,
real_camera,polyu_full,NikonD800_8_100_6400_bulletin_7,0.7059779371862622,-1,ectv_fdncnn,37.84233879442187,0.9631943106651306,0.9948452711105347,0.004788718186318874,0.04648531228303909,0.04648291692137718,0,1.9473424999996496,2.396079541444777e-06,2.3953616619110107e-06,0.9996014350602449,0.32,,0.3333333333333333,0.0012011528015136719,0.0
real_camera,polyu_full,NikonD800_8_100_6400_bulletin_8,0.9448019526748954,-1,noisy,39.42511939853356,0.9446430802345276,0.9881330728530884,0.004553551785647869,0.030459634959697723,0.030459634959697723,0,0.0,0.0,0.0,0.0,,,,,
real_camera,polyu_full,NikonD800_8_100_6400_bulletin_8,0.9448019526748954,-1,ectv,39.4252893606989,0.9446455836296082,0.9881338477134705,0.004553407896310091,0.030459634959697723,0.030458739027380943,1,0.03239649999886751,8.976212104916052e-07,8.959323167800903e-07,0.9992863891416863,0.04,,,,
real_camera,polyu_full,NikonD800_8_100_6400_bulletin_8,0.9448019526748954,-1,ectv_fidelity,39.42648562027953,0.944664478302002,0.9881373047828674,0.004552393686026335,0.030459634959697723,0.030452456325292587,1,0.034151899999415036,7.18096968283931e-06,7.178634405136108e-06,0.9992863891416863,0.32,0.08,0.3333333333333333,,
real_camera,polyu_full,NikonD800_8_100_6400_bulletin_8,0.9448019526748954,-1,tv_maxiter,39.057374751102635,0.9580718874931335,0.9781937599182129,0.004887852817773819,0.030459634959697723,0.014344082213938236,16,0.07367370000065421,inf,0.016115552745759487,0.9992863891416863,,,,,
real_camera,polyu_full,NikonD800_8_100_6400_bulletin_8,0.9448019526748954,-1,tv_fixedk_val,39.03292913490725,0.95794677734375,0.977175772190094,0.005000527948141098,0.030459634959697723,0.013494777493178844,40,0.17752179999843065,,0.01696485746651888,0.9992863891416863,,,,,
real_camera,polyu_full,NikonD800_8_100_6400_bulletin_8,0.9448019526748954,-1,tv_discrepancy,40.47344074926423,0.9661362767219543,0.9902876019477844,0.003696937346830964,0.030459634959697723,0.021140720695257187,3,0.0172363999990921,,0.009318914264440536,0.9992863891416863,,,,,
real_camera,polyu_full,NikonD800_8_100_6400_bulletin_8,0.9448019526748954,-1,tv_chambolle_val,40.8050421200739,0.9680789113044739,0.9923557639122009,0.003244403749704361,0.030459634959697723,0.02126466855406761,0,0.015419000001202221,,,0.0,,,,,
real_camera,polyu_full,NikonD800_8_100_6400_bulletin_8,0.9448019526748954,-1,gaussian_val,37.191031032001575,0.9627339839935303,0.9555047154426575,0.005374748259782791,0.030459634959697723,0.01768559403717518,0,0.0004346999994595535,,,0.0,,,,,
real_camera,polyu_full,NikonD800_8_100_6400_bulletin_8,0.9448019526748954,-1,median_val,37.10022310075673,0.9573922157287598,0.9613409042358398,0.004701186902821064,0.030459634959697723,0.017001312226057053,0,0.001043500000378117,,,0.0,,,,,
real_camera,polyu_full,NikonD800_8_100_6400_bulletin_8,0.9448019526748954,-1,bilateral_val,40.339840424080215,0.9595685005187988,0.9903537631034851,0.003850202774628997,0.030459634959697723,0.02714555338025093,0,0.24364070000046922,,,0.0,,,,,
real_camera,polyu_full,NikonD800_8_100_6400_bulletin_8,0.9448019526748954,-1,pm_diff_val,40.704136671126214,0.9683513641357422,0.9921455383300781,0.0032524513080716133,0.030459634959697723,0.021012913435697556,5,0.009133300000030431,,,0.0,,,,,
real_camera,polyu_full,NikonD800_8_100_6400_bulletin_8,0.9448019526748954,-1,wavelet_bayes,39.63818102893029,0.948727548122406,0.9889845848083496,0.004335466772317886,0.030459634959697723,0.029168035835027695,0,0.004790000000866712,,,0.0,,,,,
real_camera,polyu_full,NikonD800_8_100_6400_bulletin_8,0.9448019526748954,-1,nlm,39.759599572845936,0.9526723027229309,0.989885687828064,0.0039752149023115635,0.030459634959697723,0.027941981330513954,0,0.04852279999977327,,,0.0,,,,,
real_camera,polyu_full,NikonD800_8_100_6400_bulletin_8,0.9448019526748954,-1,bm3d,39.68327034544715,0.949476420879364,0.9887316226959229,0.004402352962642908,0.030459634959697723,0.029031876474618912,0,1.7403797000006307,,,0.0,,,,,
real_camera,polyu_full,NikonD800_8_100_6400_bulletin_8,0.9448019526748954,-1,fdncnn_color,39.971862949723146,0.9542355537414551,0.9894557595252991,0.00419997051358223,0.030459634959697723,0.027577469125390053,0,1.922014499999932,,,0.0,,,,,
real_camera,polyu_full,NikonD800_8_100_6400_bulletin_8,0.9448019526748954,-1,ectv_fdncnn,39.42649956077346,0.9446685910224915,0.9881371259689331,0.004552649334073067,0.030459634959697723,0.030452454462647438,0,1.9562729000008403,7.18096968283931e-06,7.180497050285339e-06,0.9992863891416863,0.32,,0.3333333333333333,0.0022339820861816406,0.0
real_camera,polyu_full,NikonD800_8_125_6400_photo_19,0.84002429255961,-1,noisy,38.11488587067125,0.9576940536499023,0.9887965321540833,0.005681493319571018,0.04033274948596954,0.04033274948596954,0,0.0,0.0,0.0,0.0,,,,,
real_camera,polyu_full,NikonD800_8_125_6400_photo_19,0.84002429255961,-1,ectv,38.1150082432881,0.9576945900917053,0.9887968301773071,0.005681347567588091,0.04033274948596954,0.04033217579126358,1,0.03332620000037423,5.768176026053869e-07,5.736947059631348e-07,0.9994358059049627,0.04,,,,
real_camera,polyu_full,NikonD800_8_125_6400_photo_19,0.84002429255961,-1,ectv_fidelity,38.11587648503511,0.9577047228813171,0.9887985587120056,0.00568032544106245,0.04033274948596954,0.04032813757658005,1,0.03002120000019204,4.614540820552915e-06,4.61190938949585e-06,0.9994358059049627,0.32,0.08,0.3333333333333333,,
real_camera,polyu_full,NikonD800_8_125_6400_photo_19,0.84002429255961,-1,tv_maxiter,36.41772350865687,0.9761653542518616,0.9810909032821655,0.005947766359895468,0.04033274948596954,0.022338343784213066,16,0.07227650000095309,inf,0.017994405701756477,0.9994358059049627,,,,,
real_camera,polyu_full,NikonD800_8_125_6400_photo_19,0.84002429255961,-1,tv_fixedk_val,36.4598489668,0.9781568050384521,0.9808389544487,0.005891773849725723,0.04033274948596954,0.021425113081932068,40,0.17358100000092236,,0.018907636404037476,0.9994358059049627,,,,,
real_camera,polyu_full,NikonD800_8_125_6400_photo_19,0.84002429255961,-1,tv_discrepancy,38.75417245258527,0.970849335193634,0.9901770353317261,0.004720399621874094,0.04033274948596954,0.033522188663482666,2,0.014082700001381454,,0.0068105608224868774,0.9994358059049627,,,,,
real_camera,polyu_full,NikonD800_8_125_6400_photo_19,0.84002429255961,-1,tv_chambolle_val,39.00243441647129,0.9791648387908936,0.9907498955726624,0.003965537063777447,0.04033274948596954,0.03155927360057831,0,0.01496699999916018,,,0.0,,,,,
real_camera,polyu_full,NikonD800_8_125_6400_photo_19,0.84002429255961,-1,gaussian_val,33.46958263506659,0.9634959101676941,0.9546448588371277,0.008891153149306774,0.04033274948596954,0.02361944690346718,0,0.0004642000003514113,,,0.0,,,,,
real_camera,polyu_full,NikonD800_8_125_6400_photo_19,0.84002429255961,-1,median_val,31.393602346575456,0.95082026720047,0.9241857528686523,0.00839361920952797,0.04033274948596954,0.021603871136903763,0,0.0014159999991534278,,,0.0,,,,,
real_camera,polyu_full,NikonD800_8_125_6400_photo_19,0.84002429255961,-1,bilateral_val,38.881721510573804,0.9749636650085449,0.9899406433105469,0.004572127014398575,0.04033274948596954,0.036154307425022125,0,0.21975240000028862,,,0.0,,,,,
real_camera,polyu_full,NikonD800_8_125_6400_photo_19,0.84002429255961,-1,pm_diff_val,38.87035259197588,0.9799866080284119,0.9904384016990662,0.004071400035172701,0.04033274948596954,0.031592726707458496,5,0.010022500000559376,,,0.0,,,,,
real_camera,polyu_full,NikonD800_8_125_6400_photo_19,0.84002429255961,-1,wavelet_bayes,38.18798013774578,0.9596580862998962,0.9889849424362183,0.005549383815377951,0.04033274948596954,0.03967667371034622,0,0.00468179999916174,,,0.0,,,,,
real_camera,polyu_full,NikonD800_8_125_6400_photo_19,0.84002429255961,-1,nlm,38.39475971357648,0.9667811989784241,0.9895999431610107,0.004961988423019648,0.04033274948596954,0.03731521964073181,0,0.05254349999995611,,,0.0,,,,,
real_camera,polyu_full,NikonD800_8_125_6400_photo_19,0.84002429255961,-1,bm3d,38.2791519738498,0.962131917476654,0.9890356659889221,0.005513419397175312,0.04033274948596954,0.038948290050029755,0,1.7378850999994029,,,0.0,,,,,
real_camera,polyu_full,NikonD800_8_125_6400_photo_19,0.84002429255961,-1,fdncnn_color,38.41953554511061,0.9660460352897644,0.9892793893814087,0.005289306864142418,0.04033274948596954,0.03781299293041229,0,1.9401759000011225,,,0.0,,,,,
real_camera,polyu_full,NikonD800_8_125_6400_photo_19,0.84002429255961,-1,ectv_fdncnn,38.11547300482917,0.9577100872993469,0.9887973070144653,0.0056807659566402435,0.04033274948596954,0.04032813757658005,0,1.9833888000011939,4.614540820552915e-06,4.61190938949585e-06,0.9994358059049627,0.32,,0.3333333333333333,0.0016692280769348145,0.0
real_camera,polyu_full,Sony_3-5_200_1600_classroom_10,0.7368655989304658,-1,noisy,40.070833889708325,0.9493391513824463,0.9934690594673157,0.003818269819021225,0.03970996290445328,0.03970996290445328,0,0.0,0.0,0.0,0.0,,,,,
real_camera,polyu_full,Sony_3-5_200_1600_classroom_10,0.7368655989304658,-1,ectv,40.070911376184924,0.9493396282196045,0.9934690594673157,0.0038182088173925877,0.03970996290445328,0.03970961272716522,1,0.03224170000066806,3.5203202669494876e-07,3.501772880554199e-07,0.9995658118998049,0.04,,,,
real_camera,polyu_full,Sony_3-5_200_1600_classroom_10,0.7368655989304658,-1,ectv_fidelity,40.071455479688574,0.9493435025215149,0.9934701323509216,0.0038177785463631153,0.03970996290445328,0.03970715403556824,1,0.032688399998733075,2.816256213493628e-06,2.808868885040283e-06,0.9995658118998049,0.32,0.08,0.3333333333333333,,
real_camera,polyu_full,Sony_3-5_200_1600_classroom_10,0.7368655989304658,-1,tv_maxiter,35.38737635683046,0.9176311492919922,0.9490135908126831,0.00840684399008751,0.03970996290445328,0.01812347210943699,18,0.0836834000001545,inf,0.02158649079501629,0.9995658118998049,,,,,
real_camera,polyu_full,Sony_3-5_200_1600_classroom_10,0.7368655989304658,-1,tv_fixedk_val,35.3300103467888,0.9177905917167664,0.9469237327575684,0.008417376317083836,0.03970996290445328,0.01729709282517433,40,0.1752598000002763,,0.022412870079278946,0.9995658118998049,,,,,
real_camera,polyu_full,Sony_3-5_200_1600_classroom_10,0.7368655989304658,-1,tv_discrepancy,40.51818079575355,0.9568560123443604,0.9927319884300232,0.004017202649265528,0.03970996290445328,0.03215838968753815,2,0.013420400000541122,,0.007551573216915131,0.9995658118998049,,,,,
real_camera,polyu_full,Sony_3-5_200_1600_classroom_10,0.7368655989304658,-1,tv_chambolle_val,40.999776542478116,0.9617167115211487,0.9952089786529541,0.0029477346688508987,0.03970996290445328,0.032456155866384506,0,0.013303300000188756,,,0.0,,,,,
real_camera,polyu_full,Sony_3-5_200_1600_classroom_10,0.7368655989304658,-1,gaussian_val,35.12831478554506,0.9296978116035461,0.9309694766998291,0.009131146594882011,0.03970996290445328,0.022476397454738617,0,0.00044779999916499946,,,0.0,,,,,
real_camera,polyu_full,Sony_3-5_200_1600_classroom_10,0.7368655989304658,-1,median_val,32.26565998044315,0.8840218186378479,0.853040337562561,0.009088081307709217,0.03970996290445328,0.0196610726416111,0,0.0010515000012674136,,,0.0,,,,,
real_camera,polyu_full,Sony_3-5_200_1600_classroom_10,0.7368655989304658,-1,bilateral_val,40.73757822563752,0.9595551490783691,0.9945666193962097,0.003280687378719449,0.03970996290445328,0.03671237453818321,0,0.24518170000010286,,,0.0,,,,,
real_camera,polyu_full,Sony_3-5_200_1600_classroom_10,0.7368655989304658,-1,pm_diff_val,40.96393562275989,0.9626461863517761,0.9953149557113647,0.002925905166193843,0.03970996290445328,0.03307322412729263,5,0.01005280000026687,,,0.0,,,,,
real_camera,polyu_full,Sony_3-5_200_1600_classroom_10,0.7368655989304658,-1,wavelet_bayes,40.27208761216231,0.9523354172706604,0.9938383102416992,0.00366765889339149,0.03970996290445328,0.03859833627939224,0,0.00468659999933152,,,0.0,,,,,
real_camera,polyu_full,Sony_3-5_200_1600_classroom_10,0.7368655989304658,-1,nlm,40.229262028845866,0.9525482058525085,0.9939005970954895,0.0035767406225204468,0.03970996290445328,0.03848287835717201,0,0.03936179999982414,,,0.0,,,,,
real_camera,polyu_full,Sony_3-5_200_1600_classroom_10,0.7368655989304658,-1,bm3d,40.32354461911285,0.953206479549408,0.9939857721328735,0.003597020171582699,0.03970996290445328,0.038316644728183746,0,1.7520557999996527,,,0.0,,,,,
real_camera,polyu_full,Sony_3-5_200_1600_classroom_10,0.7368655989304658,-1,fdncnn_color,40.39137593213194,0.9535136222839355,0.9939708113670349,0.0035611630883067846,0.03970996290445328,0.037260524928569794,0,1.943878100000802,,,0.0,,,,,
real_camera,polyu_full,Sony_3-5_200_1600_classroom_10,0.7368655989304658,-1,ectv_fdncnn,40.07129314575899,0.9493465423583984,0.9934698939323425,0.003817944321781397,0.03970996290445328,0.03970715403556824,0,1.9831049000003986,2.816256213493628e-06,2.808868885040283e-06,0.9995658118998049,0.32,,0.3333333333333333,0.0009915828704833984,0.0
real_camera,polyu_full,Sony_3-5_200_1600_classroom_13,0.8769660348281672,-1,noisy,41.03153788745152,0.9441709518432617,0.9914816617965698,0.003693587612360716,0.031065506860613823,0.031065506860613823,0,0.0,0.0,0.0,0.0,,,,,
real_camera,polyu_full,Sony_3-5_200_1600_classroom_13,0.8769660348281672,-1,ectv,41.03171210852682,0.9441723227500916,0.991482138633728,0.003693479113280773,0.031065506860613823,0.031064830720424652,1,0.031225000000631553,6.782577057193006e-07,6.761401891708374e-07,0.999385122843169,0.04,,,,
real_camera,polyu_full,Sony_3-5_200_1600_classroom_13,0.8769660348281672,-1,ectv_fidelity,41.03292607264595,0.9441861510276794,0.9914845824241638,0.0036927249748259783,0.031065506860613823,0.031060082837939262,1,0.03070070000103442,5.426061645282629e-06,5.424022674560547e-06,0.999385122843169,0.32,0.08,0.3333333333333333,,
real_camera,polyu_full,Sony_3-5_200_1600_classroom_13,0.8769660348281672,-1,tv_maxiter,39.15819310328027,0.95611572265625,0.9785990118980408,0.004954705946147442,0.031065506860613823,0.016114238649606705,16,0.07318709999890416,inf,0.014951268211007118,0.999385122843169,,,,,
real_camera,polyu_full,Sony_3-5_200_1600_classroom_13,0.8769660348281672,-1,tv_fixedk_val,39.055847603934986,0.9569368958473206,0.9773500561714172,0.004880641587078571,0.031065506860613823,0.015205622650682926,40,0.1780613999999332,,0.015859884209930897,0.999385122843169,,,,,
real_camera,polyu_full,Sony_3-5_200_1600_classroom_13,0.8769660348281672,-1,tv_discrepancy,42.19144191059748,0.9619725346565247,0.9924389719963074,0.003353280946612358,0.031065506860613823,0.022609934210777283,3,0.0174659000003885,,0.00845557264983654,0.999385122843169,,,,,
real_camera,polyu_full,Sony_3-5_200_1600_classroom_13,0.8769660348281672,-1,tv_chambolle_val,42.62621309583429,0.9642643928527832,0.9949066638946533,0.002655687974765897,0.031065506860613823,0.022692210972309113,0,0.016669599999659113,,,0.0,,,,,
real_camera,polyu_full,Sony_3-5_200_1600_classroom_13,0.8769660348281672,-1,gaussian_val,39.70110551384078,0.9598233699798584,0.9751505851745605,0.004947143606841564,0.031065506860613823,0.01968720555305481,0,0.00026190000062342733,,,0.0,,,,,
real_camera,polyu_full,Sony_3-5_200_1600_classroom_13,0.8769660348281672,-1,median_val,39.15657742136618,0.9537016749382019,0.9720844030380249,0.004154758993536234,0.031065506860613823,0.019198935478925705,0,0.0010449000001244713,,,0.0,,,,,
real_camera,polyu_full,Sony_3-5_200_1600_classroom_13,0.8769660348281672,-1,bilateral_val,42.18542091696917,0.9604120850563049,0.9935599565505981,0.0030649525579065084,0.031065506860613823,0.0269855298101902,0,0.23278060000120604,,,0.0,,,,,
real_camera,polyu_full,Sony_3-5_200_1600_classroom_13,0.8769660348281672,-1,pm_diff_val,42.704466392672146,0.965507447719574,0.995141327381134,0.0025596939958631992,0.031065506860613823,0.02224196121096611,5,0.009350299998914124,,,0.0,,,,,
real_camera,polyu_full,Sony_3-5_200_1600_classroom_13,0.8769660348281672,-1,wavelet_bayes,41.51009957911265,0.9508242607116699,0.9925429224967957,0.0034188544377684593,0.031065506860613823,0.02885476127266884,0,0.0046647999988636,,,0.0,,,,,
real_camera,polyu_full,Sony_3-5_200_1600_classroom_13,0.8769660348281672,-1,nlm,41.44144509751355,0.9506311416625977,0.9926736950874329,0.0033426571171730757,0.031065506860613823,0.028834400698542595,0,0.043643599999995786,,,0.0,,,,,
real_camera,polyu_full,Sony_3-5_200_1600_classroom_13,0.8769660348281672,-1,bm3d,41.46465477034908,0.9497120976448059,0.9924747347831726,0.003443096298724413,0.031065506860613823,0.029263107106089592,0,1.7601517999992211,,,0.0,,,,,
real_camera,polyu_full,Sony_3-5_200_1600_classroom_13,0.8769660348281672,-1,fdncnn_color,41.64232956347574,0.9518648982048035,0.9924803376197815,0.003418565494939685,0.031065506860613823,0.028124770149588585,0,1.924452699999165,,,0.0,,,,,
real_camera,polyu_full,Sony_3-5_200_1600_classroom_13,0.8769660348281672,-1,ectv_fdncnn,41.0327424543548,0.9441866874694824,0.9914838671684265,0.003693048842251301,0.031065506860613823,0.031060080975294113,0,1.962720099998478,5.426061645282629e-06,5.425885319709778e-06,0.999385122843169,0.32,,0.3333333333333333,0.0015976428985595703,0.0
real_camera,polyu_full,Sony_3-5_200_1600_classroom_14,0.5967620088113608,-1,noisy,40.77933832844999,0.9572811722755432,0.9958153963088989,0.0034799559507519007,0.03646028786897659,0.03646028786897659,0,0.0,0.0,0.0,0.0,,,,,
real_camera,polyu_full,Sony_3-5_200_1600_classroom_14,0.5967620088113608,-1,ectv,40.77937302357449,0.9572814106941223,0.9958152770996094,0.003479928942397237,0.03646028786897659,0.03646013140678406,1,0.034945499999594176,1.587191103427869e-07,1.564621925354004e-07,0.9997151812364194,0.04,,,,
real_camera,polyu_full,Sony_3-5_200_1600_classroom_14,0.5967620088113608,-1,ectv_fidelity,40.77960797773139,0.957283079624176,0.9958155155181885,0.0034797433763742447,0.03646028786897659,0.036459021270275116,1,0.03480889999991632,1.2697528827362498e-06,1.2665987014770508e-06,0.9997151812364194,0.32,0.08,0.3333333333333333,,
real_camera,polyu_full,Sony_3-5_200_1600_classroom_14,0.5967620088113608,-1,tv_maxiter,36.25278691621379,0.9256694912910461,0.9694361686706543,0.00732038589194417,0.03646028786897659,0.018531424924731255,17,0.08411079999859794,inf,0.01792886294424534,0.9997151812364194,,,,,
real_camera,polyu_full,Sony_3-5_200_1600_classroom_14,0.5967620088113608,-1,tv_fixedk_val,36.22422357361448,0.9258015155792236,0.968490719795227,0.007311493158340454,0.03646028786897659,0.017777418717741966,40,0.21532480000132637,,0.018682869151234627,0.9997151812364194,,,,,
real_camera,polyu_full,Sony_3-5_200_1600_classroom_14,0.5967620088113608,-1,tv_discrepancy,40.984745216882644,0.9623546600341797,0.9950485825538635,0.003684827359393239,0.03646028786897659,0.030202873051166534,2,0.013952200000858284,,0.006257414817810059,0.9997151812364194,,,,,
real_camera,polyu_full,Sony_3-5_200_1600_classroom_14,0.5967620088113608,-1,tv_chambolle_val,41.48746982931641,0.9658476710319519,0.9968094229698181,0.0028051964472979307,0.03646028786897659,0.030961090698838234,0,0.01331209999989369,,,0.0,,,,,
real_camera,polyu_full,Sony_3-5_200_1600_classroom_14,0.5967620088113608,-1,gaussian_val,34.98493448630977,0.9394449591636658,0.9474504590034485,0.00870655756443739,0.03646028786897659,0.02253008633852005,0,0.00046719999954802915,,,0.0,,,,,
real_camera,polyu_full,Sony_3-5_200_1600_classroom_14,0.5967620088113608,-1,median_val,33.42672716047132,0.9093201160430908,0.9296321272850037,0.007800925988703966,0.03646028786897659,0.020862912759184837,0,0.0010930000007647322,,,0.0,,,,,
real_camera,polyu_full,Sony_3-5_200_1600_classroom_14,0.5967620088113608,-1,bilateral_val,41.254909000576,0.9633278846740723,0.9963905811309814,0.0030984091572463512,0.03646028786897659,0.03442796319723129,0,0.29833639999924344,,,0.0,,,,,
real_camera,polyu_full,Sony_3-5_200_1600_classroom_14,0.5967620088113608,-1,pm_diff_val,41.43240633825365,0.9661152958869934,0.9968006610870361,0.0027993747498840094,0.03646028786897659,0.03173665702342987,5,0.010507400000278722,,,0.0,,,,,
real_camera,polyu_full,Sony_3-5_200_1600_classroom_14,0.5967620088113608,-1,wavelet_bayes,40.86502876212121,0.9584155082702637,0.9959152340888977,0.003423917107284069,0.03646028786897659,0.03598721697926521,0,0.0050592000006872695,,,0.0,,,,,
real_camera,polyu_full,Sony_3-5_200_1600_classroom_14,0.5967620088113608,-1,nlm,40.88929047300094,0.9592633247375488,0.9960135817527771,0.0033167919609695673,0.03646028786897659,0.03562659025192261,0,0.04641239999909885,,,0.0,,,,,
real_camera,polyu_full,Sony_3-5_200_1600_classroom_14,0.5967620088113608,-1,bm3d,40.99076060261757,0.9602968096733093,0.9961075186729431,0.0033082980662584305,0.03646028786897659,0.03532354161143303,0,4.190967900000032,,,0.0,,,,,
real_camera,polyu_full,Sony_3-5_200_1600_classroom_14,0.5967620088113608,-1,fdncnn_color,41.0804868408637,0.9616066813468933,0.9961854815483093,0.003265490522608161,0.03646028786897659,0.03457050770521164,0,2.6798511000015424,,,0.0,,,,,
real_camera,polyu_full,Sony_3-5_200_1600_classroom_14,0.5967620088113608,-1,ectv_fdncnn,40.779587088698044,0.9572851657867432,0.9958155751228333,0.0034798046108335257,0.03646028786897659,0.036459021270275116,0,2.7420554000018456,1.2697528827362498e-06,1.2665987014770508e-06,0.9997151812364194,0.32,,0.3333333333333333,0.0005753040313720703,0.0
real_camera,polyu_full,Sony_4-5_125_1600_toy_10,1.4091440987180262,-1,noisy,38.058452692773436,0.9248458743095398,0.9649851322174072,0.004832201637327671,0.03211389482021332,0.03211389482021332,0,0.0,0.0,0.0,0.0,,,,,
real_camera,polyu_full,Sony_4-5_125_1600_toy_10,1.4091440987180262,-1,ectv,38.05912529264115,0.9248599410057068,0.9649903774261475,0.004831657744944096,0.03211389482021332,0.032109882682561874,1,0.03844629999912286,4.014748343696263e-06,4.0121376514434814e-06,0.9984139711469631,0.04,,,,
real_camera,polyu_full,Sony_4-5_125_1600_toy_10,1.4091440987180262,-1,ectv_fidelity,38.06383496096073,0.924957811832428,0.9650276899337769,0.004827849566936493,0.03211389482021332,0.03208177909255028,1,0.039917599999171216,3.2117986651727785e-05,3.211572766304016e-05,0.9984139711469631,0.32,0.08,0.3333333333333333,,
real_camera,polyu_full,Sony_4-5_125_1600_toy_10,1.4091440987180262,-1,tv_maxiter,38.32973662519871,0.9505630135536194,0.9502255916595459,0.0051842061802744865,0.03211389482021332,0.012560524977743626,17,0.0924990000003163,inf,0.019553369842469692,0.9984139711469631,,,,,
real_camera,polyu_full,Sony_4-5_125_1600_toy_10,1.4091440987180262,-1,tv_fixedk_val,37.997650302761066,0.9497957825660706,0.9417964220046997,0.005465990863740444,0.03211389482021332,0.011325439438223839,40,0.21322299999883398,,0.02078845538198948,0.9984139711469631,,,,,
real_camera,polyu_full,Sony_4-5_125_1600_toy_10,1.4091440987180262,-1,tv_discrepancy,39.83034272085693,0.9582820534706116,0.9769924879074097,0.00352253345772624,0.03211389482021332,0.02047130838036537,3,0.023717500000202563,,0.011642586439847946,0.9984139711469631,,,,,
real_camera,polyu_full,Sony_4-5_125_1600_toy_10,1.4091440987180262,-1,tv_chambolle_val,39.880300126235625,0.961171567440033,0.9771594405174255,0.003464392852038145,0.03211389482021332,0.01955055259168148,0,0.019879999999830034,,,0.0,,,,,
real_camera,polyu_full,Sony_4-5_125_1600_toy_10,1.4091440987180262,-1,gaussian_val,39.63919637459099,0.9607958793640137,0.9672895073890686,0.003861816134303808,0.03211389482021332,0.01746484637260437,0,0.0004924999993818346,,,0.0,,,,,
real_camera,polyu_full,Sony_4-5_125_1600_toy_10,1.4091440987180262,-1,median_val,39.583423714378,0.9607217311859131,0.9700829982757568,0.003825080581009388,0.03211389482021332,0.017119605094194412,0,0.0011508000006870134,,,0.0,,,,,
real_camera,polyu_full,Sony_4-5_125_1600_toy_10,1.4091440987180262,-1,bilateral_val,39.762474472266035,0.9567208290100098,0.9754048585891724,0.0036816508509218693,0.03211389482021332,0.025425270199775696,0,0.32569210000110616,,,0.0,,,,,
real_camera,polyu_full,Sony_4-5_125_1600_toy_10,1.4091440987180262,-1,pm_diff_val,39.97209627372678,0.9629027843475342,0.9765620827674866,0.0034185806289315224,0.03211389482021332,0.018624022603034973,5,0.010175500001423643,,,0.0,,,,,
real_camera,polyu_full,Sony_4-5_125_1600_toy_10,1.4091440987180262,-1,wavelet_bayes,38.91384782730029,0.942431628704071,0.9721439480781555,0.004091944079846144,0.03211389482021332,0.026780948042869568,0,0.005131199999595992,,,0.0,,,,,
real_camera,polyu_full,Sony_4-5_125_1600_toy_10,1.4091440987180262,-1,nlm,38.767271126501356,0.9419007897377014,0.9711718559265137,0.004107797984033823,0.03211389482021332,0.02738533355295658,0,0.04894419999982347,,,0.0,,,,,
real_camera,polyu_full,Sony_4-5_125_1600_toy_10,1.4091440987180262,-1,bm3d,38.597765442656396,0.9363192915916443,0.9686150550842285,0.004478476010262966,0.03211389482021332,0.029155777767300606,0,1.9143780000013066,,,0.0,,,,,
real_camera,polyu_full,Sony_4-5_125_1600_toy_10,1.4091440987180262,-1,fdncnn_color,39.09716496292554,0.9449436068534851,0.9702123999595642,0.004294064827263355,0.03211389482021332,0.027219468727707863,0,1.9486610000003566,,,0.0,,,,,
real_camera,polyu_full,Sony_4-5_125_1600_toy_10,1.4091440987180262,-1,ectv_fdncnn,38.065089116789444,0.9249865412712097,0.9650241136550903,0.0048283981159329414,0.03211389482021332,0.03208177909255028,0,1.9940841999996337,3.2117986651727785e-05,3.211572766304016e-05,0.9984139711469631,0.32,,0.3333333333333333,0.005814552307128906,0.0
real_camera,polyu_full,Sony_4-5_125_1600_toy_11,1.6419077985934847,-1,noisy,38.10991770680181,0.9063898921012878,0.9225183129310608,0.0050134980119764805,0.02986716851592064,0.02986716851592064,0,0.0,0.0,0.0,0.0,,,,,
real_camera,polyu_full,Sony_4-5_125_1600_toy_11,1.6419077985934847,-1,ectv,38.111095922079556,0.9064185619354248,0.9225351214408875,0.005012517794966698,0.02986716851592064,0.02986007183790207,1,0.031033399998705136,7.100453990064136e-06,7.096678018569946e-06,0.9978479556516602,0.04,,,,
real_camera,polyu_full,Sony_4-5_125_1600_toy_11,1.6419077985934847,-1,ectv_fidelity,38.1193444468079,0.9066203236579895,0.9226516485214233,0.005005653481930494,0.02986716851592064,0.029810365289449692,1,0.032557599999563536,5.6803631379247846e-05,5.6803226470947266e-05,0.9978479556516602,0.32,0.08,0.3333333333333333,,
real_camera,polyu_full,Sony_4-5_125_1600_toy_11,1.6419077985934847,-1,tv_maxiter,39.56276083326274,0.9532597661018372,0.8966116905212402,0.005061883479356766,0.02986716851592064,0.007030277047306299,18,0.08460509999895294,inf,0.02283689146861434,0.9978479556516602,,,,,
real_camera,polyu_full,Sony_4-5_125_1600_toy_11,1.6419077985934847,-1,tv_fixedk_val,39.26459529046025,0.9519965052604675,0.8777120113372803,0.005295365117490292,0.02986716851592064,0.005876857787370682,40,0.18801870000061172,,0.023990310728549957,0.9978479556516602,,,,,
real_camera,polyu_full,Sony_4-5_125_1600_toy_11,1.6419077985934847,-1,tv_discrepancy,40.72930179187672,0.9586506485939026,0.9566915035247803,0.0030863583087921143,0.02986716851592064,0.01377127505838871,4,0.022254999999859137,,0.01609589345753193,0.9978479556516602,,,,,
real_camera,polyu_full,Sony_4-5_125_1600_toy_11,1.6419077985934847,-1,tv_chambolle_val,40.77671213727653,0.9595581889152527,0.9544395804405212,0.0031711391638964415,0.02986716851592064,0.01378672756254673,0,0.019845599999825936,,,0.0,,,,,
real_camera,polyu_full,Sony_4-5_125_1600_toy_11,1.6419077985934847,-1,gaussian_val,40.76134532526787,0.9599958062171936,0.9516071677207947,0.0032076500356197357,0.02986716851592064,0.012740007601678371,0,0.0004126999992877245,,,0.0,,,,,
real_camera,polyu_full,Sony_4-5_125_1600_toy_11,1.6419077985934847,-1,median_val,40.805222849773074,0.959714949131012,0.9428367614746094,0.003538892138749361,0.02986716851592064,0.01218386273831129,0,0.0010154999999940628,,,0.0,,,,,
real_camera,polyu_full,Sony_4-5_125_1600_toy_11,1.6419077985934847,-1,bilateral_val,40.87753513599651,0.9548425674438477,0.9504002928733826,0.003410812234506011,0.02986716851592064,0.020699407905340195,0,0.23850710000078834,,,0.0,,,,,
real_camera,polyu_full,Sony_4-5_125_1600_toy_11,1.6419077985934847,-1,pm_diff_val,40.91809168051937,0.9616833329200745,0.9560284614562988,0.003040723269805312,0.02986716851592064,0.01279253326356411,5,0.009325500001068576,,,0.0,,,,,
real_camera,polyu_full,Sony_4-5_125_1600_toy_11,1.6419077985934847,-1,wavelet_bayes,39.439981025430754,0.9360241889953613,0.9454115033149719,0.0037760897539556026,0.02986716851592064,0.02167290821671486,0,0.004362600000604289,,,0.0,,,,,
real_camera,polyu_full,Sony_4-5_125_1600_toy_11,1.6419077985934847,-1,nlm,39.61783599295863,0.9402762055397034,0.9467482566833496,0.003633691929280758,0.02986716851592064,0.021360337734222412,0,0.05298600000060105,,,0.0,,,,,
real_camera,polyu_full,Sony_4-5_125_1600_toy_11,1.6419077985934847,-1,bm3d,38.91428678368822,0.9248015284538269,0.9336580038070679,0.004477705806493759,0.02986716851592064,0.025711243972182274,0,1.756229099999473,,,0.0,,,,,
real_camera,polyu_full,Sony_4-5_125_1600_toy_11,1.6419077985934847,-1,fdncnn_color,39.55486166068837,0.9364010691642761,0.9378809332847595,0.004223506897687912,0.02986716851592064,0.023638064041733742,0,1.9617987999990874,,,0.0,,,,,
real_camera,polyu_full,Sony_4-5_125_1600_toy_11,1.6419077985934847,-1,ectv_fdncnn,38.12250705617339,0.9066850543022156,0.9226732850074768,0.0050057219341397285,0.02986716851592064,0.029810365289449692,0,2.003319699999338,5.6803631379247846e-05,5.6803226470947266e-05,0.9978479556516602,0.32,,0.3333333333333333,0.008293092250823975,0.0
real_camera,polyu_full,Sony_4-5_125_3200_plant_10,2.529966892668786,-1,noisy,33.91555847026036,0.9435134530067444,0.9945849776268005,0.007718098349869251,0.10993817448616028,0.10993817448616028,0,0.0,0.0,0.0,0.0,,,,,
real_camera,polyu_full,Sony_4-5_125_3200_plant_10,2.529966892668786,-1,ectv,33.91838801613248,0.9435449242591858,0.9945865273475647,0.007714346516877413,0.10993817448616028,0.10990288853645325,1,0.03283179999925778,3.529287483570673e-05,3.528594970703125e-05,0.994905545137893,0.04,,,,
real_camera,polyu_full,Sony_4-5_125_3200_plant_10,2.529966892668786,-1,ectv_fidelity,33.937989607851726,0.943762481212616,0.9945974349975586,0.007688689045608044,0.10993817448616028,0.10965584218502045,1,0.0313585999992938,0.0002823429322176284,0.00028233230113983154,0.994905545137893,0.32,0.08,0.3333333333333333,,
real_camera,polyu_full,Sony_4-5_125_3200_plant_10,2.529966892668786,-1,tv_maxiter,30.698131703659858,0.8976383805274963,0.9819489121437073,0.018548136577010155,0.10993817448616028,0.06640173494815826,20,0.0904776999996102,inf,0.043536439538002014,0.994905545137893,,,,,
real_camera,polyu_full,Sony_4-5_125_3200_plant_10,2.529966892668786,-1,tv_fixedk_val,30.67955432673382,0.8999735713005066,0.9817681908607483,0.018753327429294586,0.10993817448616028,0.06574052572250366,40,0.1763349000011658,,0.044197648763656616,0.994905545137893,,,,,
real_camera,polyu_full,Sony_4-5_125_3200_plant_10,2.529966892668786,-1,tv_discrepancy,33.7918255760801,0.9501035809516907,0.9929788112640381,0.01009493786841631,0.10993817448616028,0.08679728209972382,3,0.017118300000220188,,0.023140892386436462,0.994905545137893,,,,,
real_camera,polyu_full,Sony_4-5_125_3200_plant_10,2.529966892668786,-1,tv_chambolle_val,34.29937825618184,0.9534958004951477,0.9941168427467346,0.008276107721030712,0.10993817448616028,0.09098199754953384,0,0.010555600001680432,,,0.0,,,,,
real_camera,polyu_full,Sony_4-5_125_3200_plant_10,2.529966892668786,-1,gaussian_val,27.501918842742974,0.8896851539611816,0.9547948837280273,0.025293659418821335,0.10993817448616028,0.0632210373878479,0,0.0003581000000849599,,,0.0,,,,,
real_camera,polyu_full,Sony_4-5_125_3200_plant_10,2.529966892668786,-1,median_val,24.504199404725146,0.8257073760032654,0.8896028399467468,0.028680521994829178,0.10993817448616028,0.05694756656885147,0,0.000990500000625616,,,0.0,,,,,
real_camera,polyu_full,Sony_4-5_125_3200_plant_10,2.529966892668786,-1,bilateral_val,34.034023062043865,0.9493703842163086,0.993526816368103,0.008402997627854347,0.10993817448616028,0.10225538909435272,0,0.27819539999836707,,,0.0,,,,,
real_camera,polyu_full,Sony_4-5_125_3200_plant_10,2.529966892668786,-1,pm_diff_val,33.881082727396375,0.9510560035705566,0.993560254573822,0.008278120309114456,0.10993817448616028,0.09509636461734772,5,0.010541100000409642,,,0.0,,,,,
real_camera,polyu_full,Sony_4-5_125_3200_plant_10,2.529966892668786,-1,wavelet_bayes,34.05296332227519,0.9475899338722229,0.9946890473365784,0.007497236132621765,0.10993817448616028,0.10715027153491974,0,0.005023300000175368,,,0.0,,,,,
real_camera,polyu_full,Sony_4-5_125_3200_plant_10,2.529966892668786,-1,nlm,34.251091766618885,0.9581430554389954,0.9947022199630737,0.007488959468901157,0.10993817448616028,0.10344520211219788,0,0.04771230000005744,,,0.0,,,,,
real_camera,polyu_full,Sony_4-5_125_3200_plant_10,2.529966892668786,-1,bm3d,34.30788485101515,0.9567200541496277,0.9948539733886719,0.007262795232236385,0.10993817448616028,0.10491824895143509,0,1.7227805999991688,,,0.0,,,,,
real_camera,polyu_full,Sony_4-5_125_3200_plant_10,2.529966892668786,-1,fdncnn_color,34.54978224139586,0.9608566164970398,0.9948490262031555,0.0072198244743049145,0.10993817448616028,0.10272166132926941,0,1.940679100000125,,,0.0,,,,,
real_camera,polyu_full,Sony_4-5_125_3200_plant_10,2.529966892668786,-1,ectv_fdncnn,33.94384318575294,0.9443407654762268,0.9946025013923645,0.007690092548727989,0.10993817448616028,0.10965584218502045,0,1.9799762000002374,0.0002823429322176284,0.00028233230113983154,0.994905545137893,0.32,,0.3333333333333333,0.03240722417831421,0.0
real_camera,polyu_full,Sony_4-5_125_3200_plant_11,1.9227087940201628,-1,noisy,35.91292420666987,0.9268363118171692,0.9882534742355347,0.005366290919482708,0.05813266336917877,0.05813266336917877,0,0.0,0.0,0.0,0.0,,,,,
real_camera,polyu_full,Sony_4-5_125_3200_plant_11,1.9227087940201628,-1,ectv,35.914531162578946,0.9268625378608704,0.9882561564445496,0.005364976357668638,0.05813266336917877,0.058119893074035645,1,0.03165470000021742,1.2772537166537e-05,1.2770295143127441e-05,0.9970512819897693,0.04,,,,
real_camera,polyu_full,Sony_4-5_125_3200_plant_11,1.9227087940201628,-1,ectv_fidelity,35.925755036346274,0.9270436763763428,0.9882756471633911,0.005355814937502146,0.05813266336917877,0.05803048610687256,1,0.03138740000031248,0.00010218029418176832,0.00010217726230621338,0.9970512819897693,0.32,0.08,0.3333333333333333,,
real_camera,polyu_full,Sony_4-5_125_3200_plant_11,1.9227087940201628,-1,tv_maxiter,34.07214605179632,0.887921154499054,0.9544437527656555,0.010953478515148163,0.05813266336917877,0.02757963165640831,19,0.08888180000030843,inf,0.030553031712770462,0.9970512819897693,,,,,
real_camera,polyu_full,Sony_4-5_125_3200_plant_11,1.9227087940201628,-1,tv_fixedk_val,34.163687486046996,0.8939264416694641,0.9533339142799377,0.011172069236636162,0.05813266336917877,0.026806946843862534,40,0.17797000000064145,,0.03132571652531624,0.9970512819897693,,,,,
real_camera,polyu_full,Sony_4-5_125_3200_plant_11,1.9227087940201628,-1,tv_discrepancy,36.73124508657668,0.9454924464225769,0.9858909249305725,0.006035513244569302,0.05813266336917877,0.041534487158060074,3,0.017334699999992154,,0.016598176211118698,0.9970512819897693,,,,,
real_camera,polyu_full,Sony_4-5_125_3200_plant_11,1.9227087940201628,-1,tv_chambolle_val,36.939577869002946,0.9482157230377197,0.9872831106185913,0.005641530267894268,0.05813266336917877,0.041823774576187134,0,0.015958399999362882,,,0.0,,,,,
real_camera,polyu_full,Sony_4-5_125_3200_plant_11,1.9227087940201628,-1,gaussian_val,33.37039971318483,0.9201052784919739,0.9453410506248474,0.01061879564076662,0.05813266336917877,0.03425871580839157,0,0.0003555999992386205,,,0.0,,,,,
real_camera,polyu_full,Sony_4-5_125_3200_plant_11,1.9227087940201628,-1,median_val,32.79030241250558,0.8989731669425964,0.9362597465515137,0.010432331822812557,0.05813266336917877,0.031939797103405,0,0.0010684999997465638,,,0.0,,,,,
real_camera,polyu_full,Sony_4-5_125_3200_plant_11,1.9227087940201628,-1,bilateral_val,36.7485054048892,0.94880610704422,0.988126814365387,0.005163572728633881,0.05813266336917877,0.049609310925006866,0,0.24001639999914914,,,0.0,,,,,
real_camera,polyu_full,Sony_4-5_125_3200_plant_11,1.9227087940201628,-1,pm_diff_val,36.58933376821115,0.9456740021705627,0.9859148263931274,0.005680863279849291,0.05813266336917877,0.04235364869236946,5,0.009062299999641255,,,0.0,,,,,
real_camera,polyu_full,Sony_4-5_125_3200_plant_11,1.9227087940201628,-1,wavelet_bayes,36.18230316495901,0.9338529706001282,0.9890034794807434,0.005048362538218498,0.05813266336917877,0.05483994632959366,0,0.004574500000671833,,,0.0,,,,,
real_camera,polyu_full,Sony_4-5_125_3200_plant_11,1.9227087940201628,-1,nlm,36.427666615519335,0.9442163109779358,0.9889864325523376,0.005037177354097366,0.05813266336917877,0.051499441266059875,0,0.04707349999989674,,,0.0,,,,,
real_camera,polyu_full,Sony_4-5_125_3200_plant_11,1.9227087940201628,-1,bm3d,36.42410329188292,0.9407901763916016,0.9892979860305786,0.004975124262273312,0.05813266336917877,0.0537610799074173,0,1.756712599999446,,,0.0,,,,,
real_camera,polyu_full,Sony_4-5_125_3200_plant_11,1.9227087940201628,-1,fdncnn_color,36.70800622524766,0.9469857215881348,0.9896451234817505,0.004837638698518276,0.05813266336917877,0.05161389708518982,0,1.9414682000005996,,,0.0,,,,,
real_camera,polyu_full,Sony_4-5_125_3200_plant_11,1.9227087940201628,-1,ectv_fdncnn,35.926246816801246,0.9271973967552185,0.9882832169532776,0.005355628672987223,0.05813266336917877,0.05803048983216286,0,1.983724900001107,0.00010218029418176832,0.00010217353701591492,0.9970512819897693,0.32,,0.3333333333333333,0.013726949691772461,0.0
real_camera,polyu_full,Sony_4-5_125_3200_plant_13,1.8364019023435756,-1,noisy,33.701622612436296,0.957258403301239,0.9953789114952087,0.00748525420203805,0.11547798663377762,0.11547798663377762,0,0.0,0.0,0.0,0.0,,,,,
real_camera,polyu_full,Sony_4-5_125_3200_plant_13,1.8364019023435756,-1,ectv,33.702536509768116,0.9572667479515076,0.9953791499137878,0.00748397596180439,0.11547798663377762,0.11546722799539566,1,0.03209629999946628,1.0769081305039976e-05,1.0758638381958008e-05,0.9973093680199564,0.04,,,,
real_camera,polyu_full,Sony_4-5_125_3200_plant_13,1.8364019023435756,-1,ectv_fidelity,33.70890992158255,0.9573190808296204,0.9953820109367371,0.007475079968571663,0.11547798663377762,0.11539184302091599,1,0.03192549999948824,8.615264855194695e-05,8.61436128616333e-05,0.9973093680199564,0.32,0.08,0.3333333333333333,,
real_camera,polyu_full,Sony_4-5_125_3200_plant_13,1.8364019023435756,-1,tv_maxiter,30.617614476979536,0.9408183693885803,0.9871574640274048,0.017289213836193085,0.11547798663377762,0.0750076100230217,19,0.0866401000002952,inf,0.04047037661075592,0.9973093680199564,,,,,
real_camera,polyu_full,Sony_4-5_125_3200_plant_13,1.8364019023435756,-1,tv_fixedk_val,30.557044899513315,0.9411165714263916,0.9869457483291626,0.017528872936964035,0.11547798663377762,0.07432608306407928,40,0.17613660000097298,,0.041151903569698334,0.9973093680199564,,,,,
real_camera,polyu_full,Sony_4-5_125_3200_plant_13,1.8364019023435756,-1,tv_discrepancy,33.985320314430155,0.964301347732544,0.9950470924377441,0.008425237610936165,0.11547798663377762,0.10018140077590942,2,0.012493299998823204,,0.015296585857868195,0.9973093680199564,,,,,
real_camera,polyu_full,Sony_4-5_125_3200_plant_13,1.8364019023435756,-1,tv_chambolle_val,34.10877523719274,0.9693279266357422,0.9954562783241272,0.00712062232196331,0.11547798663377762,0.1025601252913475,0,0.00963189999856695,,,0.0,,,,,
real_camera,polyu_full,Sony_4-5_125_3200_plant_13,1.8364019023435756,-1,gaussian_val,26.643850248870944,0.8988143801689148,0.9590725898742676,0.028263073414564133,0.11547798663377762,0.06486356258392334,0,0.00042439999924681615,,,0.0,,,,,
real_camera,polyu_full,Sony_4-5_125_3200_plant_13,1.8364019023435756,-1,median_val,23.099145965535183,0.8190963864326477,0.8762420415878296,0.03468173369765282,0.11547798663377762,0.05589482560753822,0,0.0010249999995721737,,,0.0,,,,,
real_camera,polyu_full,Sony_4-5_125_3200_plant_13,1.8364019023435756,-1,bilateral_val,34.015075082009986,0.9670234322547913,0.9950162768363953,0.007551655638962984,0.11547798663377762,0.11100128293037415,0,0.25165890000062063,,,0.0,,,,,
real_camera,polyu_full,Sony_4-5_125_3200_plant_13,1.8364019023435756,-1,pm_diff_val,33.84466843460601,0.9698805212974548,0.9953036308288574,0.007183410692960024,0.11547798663377762,0.10702179372310638,5,0.010734800000136602,,,0.0,,,,,
real_camera,polyu_full,Sony_4-5_125_3200_plant_13,1.8364019023435756,-1,wavelet_bayes,33.761689480054734,0.9594893455505371,0.9954217076301575,0.007359015289694071,0.11547798663377762,0.11420333385467529,0,0.004660900000089896,,,0.0,,,,,
real_camera,polyu_full,Sony_4-5_125_3200_plant_13,1.8364019023435756,-1,nlm,33.88744951454954,0.9696774482727051,0.9955039024353027,0.007072288542985916,0.11547798663377762,0.11121026426553726,0,0.04758850000143866,,,0.0,,,,,
real_camera,polyu_full,Sony_4-5_125_3200_plant_13,1.8364019023435756,-1,bm3d,33.90277217048841,0.9665719866752625,0.9955148696899414,0.00709675345569849,0.11547798663377762,0.11229207366704941,0,2.1542039000014483,,,0.0,,,,,
real_camera,polyu_full,Sony_4-5_125_3200_plant_13,1.8364019023435756,-1,fdncnn_color,34.098831236648905,0.9701821208000183,0.9955024719238281,0.007052687928080559,0.11547798663377762,0.11085197329521179,0,1.93742839999868,,,0.0,,,,,
real_camera,polyu_full,Sony_4-5_125_3200_plant_13,1.8364019023435756,-1,ectv_fdncnn,33.70995956658036,0.9575404524803162,0.9953836798667908,0.007475241087377071,0.11547798663377762,0.11539183557033539,0,1.977629099998012,8.615264855194695e-05,8.615106344223022e-05,0.9973093680199564,0.32,,0.3333333333333333,0.015324831008911133,0.0
real_camera,polyu_full,Sony_4-5_125_3200_plant_14,1.183628594236232,-1,noisy,37.771174817416615,0.9423579573631287,0.9873510003089905,0.004331519361585379,0.04066621884703636,0.04066621884703636,0,0.0,0.0,0.0,0.0,,,,,
real_camera,polyu_full,Sony_4-5_125_3200_plant_14,1.183628594236232,-1,ectv,37.77153517402087,0.9423635005950928,0.9873519539833069,0.004331276286393404,0.04066621884703636,0.040664128959178925,1,0.031207900001390954,2.0910491518154175e-06,2.089887857437134e-06,0.9988804738934363,0.04,,,,
real_camera,polyu_full,Sony_4-5_125_3200_plant_14,1.183628594236232,-1,ectv_fidelity,37.77405495686489,0.942398726940155,0.9873578548431396,0.00432957150042057,0.04066621884703636,0.04064949229359627,1,0.03335080000033486,1.6728393200698997e-05,1.6726553440093994e-05,0.9988804738934363,0.32,0.08,0.3333333333333333,,
real_camera,polyu_full,Sony_4-5_125_3200_plant_14,1.183628594236232,-1,tv_maxiter,36.21275077306353,0.923579752445221,0.9571275115013123,0.007534422446042299,0.04066621884703636,0.019234761595726013,18,0.08624050000071293,inf,0.02143145725131035,0.9988804738934363,,,,,
real_camera,polyu_full,Sony_4-5_125_3200_plant_14,1.183628594236232,-1,tv_fixedk_val,36.309800202593856,0.9282145500183105,0.9559181928634644,0.00764600932598114,0.04066621884703636,0.01840560883283615,40,0.17753000000084285,,0.02226061001420021,0.9988804738934363,,,,,
real_camera,polyu_full,Sony_4-5_125_3200_plant_14,1.183628594236232,-1,tv_discrepancy,38.726873322477566,0.9569571614265442,0.9883724451065063,0.004005071707069874,0.04066621884703636,0.03275734931230545,2,0.011682399999699555,,0.007908869534730911,0.9988804738934363,,,,,
real_camera,polyu_full,Sony_4-5_125_3200_plant_14,1.183628594236232,-1,tv_chambolle_val,38.86347361498971,0.9623081684112549,0.989303708076477,0.0037135579623281956,0.04066621884703636,0.03019407019019127,0,0.015091000001120847,,,0.0,,,,,
real_camera,polyu_full,Sony_4-5_125_3200_plant_14,1.183628594236232,-1,gaussian_val,36.043170735941686,0.9481263160705566,0.9526534676551819,0.00690402090549469,0.04066621884703636,0.024655018001794815,0,0.0003892999993695412,,,0.0,,,,,
real_camera,polyu_full,Sony_4-5_125_3200_plant_14,1.183628594236232,-1,median_val,35.51628816969769,0.9370274543762207,0.9436899423599243,0.006779751740396023,0.04066621884703636,0.023057512938976288,0,0.0009430999998585321,,,0.0,,,,,
real_camera,polyu_full,Sony_4-5_125_3200_plant_14,1.183628594236232,-1,bilateral_val,38.655480883672965,0.9598519206047058,0.9885545372962952,0.0038306284695863724,0.04066621884703636,0.03554409742355347,0,0.2469249999994645,,,0.0,,,,,
real_camera,polyu_full,Sony_4-5_125_3200_plant_14,1.183628594236232,-1,pm_diff_val,38.62272534342707,0.9610118865966797,0.9887832403182983,0.003736069891601801,0.04066621884703636,0.030599353834986687,5,0.009197700001095654,,,0.0,,,,,
real_camera,polyu_full,Sony_4-5_125_3200_plant_14,1.183628594236232,-1,wavelet_bayes,37.959307635433625,0.9463432431221008,0.9881097674369812,0.004116774536669254,0.04066621884703636,0.03903903812170029,0,0.004450500000530155,,,0.0,,,,,
real_camera,polyu_full,Sony_4-5_125_3200_plant_14,1.183628594236232,-1,nlm,38.091140055113456,0.9525046348571777,0.9885416626930237,0.00389110017567873,0.04066621884703636,0.03695603832602501,0,0.04863669999940612,,,0.0,,,,,
real_camera,polyu_full,Sony_4-5_125_3200_plant_14,1.183628594236232,-1,bm3d,38.08559465436551,0.9498915076255798,0.9882948994636536,0.004056005738675594,0.04066621884703636,0.038193684071302414,0,1.7485479999995732,,,0.0,,,,,
real_camera,polyu_full,Sony_4-5_125_3200_plant_14,1.183628594236232,-1,fdncnn_color,38.31591810590013,0.9545995593070984,0.9886556267738342,0.00392055232077837,0.04066621884703636,0.036666929721832275,0,1.9613281000001734,,,0.0,,,,,
real_camera,polyu_full,Sony_4-5_125_3200_plant_14,1.183628594236232,-1,ectv_fdncnn,37.77362512755871,0.9424179196357727,0.9873582720756531,0.004329501185566187,0.04066621884703636,0.040649496018886566,0,2.0029776000010315,1.6728393200698997e-05,1.6722828149795532e-05,0.9988804738934363,0.32,,0.3333333333333333,0.0037276744842529297,0.0
real_camera,polyu_full,Sony_4-5_125_6400_waterhouse_10,1.4721093118861424,-1,noisy,36.803246626080906,0.9003608822822571,0.9851882457733154,0.004593200515955687,0.03781403228640556,0.03781403228640556,0,0.0,0.0,0.0,0.0,,,,,
real_camera,polyu_full,Sony_4-5_125_6400_waterhouse_10,1.4721093118861424,-1,ectv,36.80393894976862,0.9003787636756897,0.9851904511451721,0.00459262216463685,0.03781403228640556,0.03780931606888771,1,0.03211569999984931,4.726446922491808e-06,4.716217517852783e-06,0.9982693175306853,0.04,,,,
real_camera,polyu_full,Sony_4-5_125_6400_waterhouse_10,1.4721093118861424,-1,ectv_fidelity,36.808785588771336,0.9004979729652405,0.9852065443992615,0.0045885806903243065,0.03781403228640556,0.03777623176574707,1,0.030474799999865354,3.781157522028916e-05,3.780052065849304e-05,0.9982693175306853,0.32,0.08,0.3333333333333333,,
real_camera,polyu_full,Sony_4-5_125_6400_waterhouse_10,1.4721093118861424,-1,tv_maxiter,37.51726753710018,0.9457423090934753,0.9691011309623718,0.005989041179418564,0.03781403228640556,0.01443803496658802,19,0.08703299999979208,inf,0.023375997319817543,0.9982693175306853,,,,,
real_camera,polyu_full,Sony_4-5_125_6400_waterhouse_10,1.4721093118861424,-1,tv_fixedk_val,37.49472603544058,0.945258378982544,0.9672890305519104,0.006189878098666668,0.03781403228640556,0.013400922529399395,40,0.18304170000010345,,0.02441310975700617,0.9982693175306853,,,,,
real_camera,polyu_full,Sony_4-5_125_6400_waterhouse_10,1.4721093118861424,-1,tv_discrepancy,38.36454516900745,0.9410603642463684,0.9895352125167847,0.003649792168289423,0.03781403228640556,0.024947628378868103,3,0.01809819999834872,,0.01286640390753746,0.9982693175306853,,,,,
real_camera,polyu_full,Sony_4-5_125_6400_waterhouse_10,1.4721093118861424,-1,tv_chambolle_val,38.552706886467256,0.9434621930122375,0.9912669658660889,0.003284767270088196,0.03781403228640556,0.024828124791383743,0,0.018219899999166955,,,0.0,,,,,
real_camera,polyu_full,Sony_4-5_125_6400_waterhouse_10,1.4721093118861424,-1,gaussian_val,36.99399901180654,0.945758044719696,0.9668412208557129,0.005043819546699524,0.03781403228640556,0.020522529259324074,0,0.0005084999993414385,,,0.0,,,,,
real_camera,polyu_full,Sony_4-5_125_6400_waterhouse_10,1.4721093118861424,-1,median_val,34.979570007875566,0.9389016628265381,0.9267832636833191,0.005970833357423544,0.03781403228640556,0.018284806981682777,0,0.001270999999178457,,,0.0,,,,,
real_camera,polyu_full,Sony_4-5_125_6400_waterhouse_10,1.4721093118861424,-1,bilateral_val,38.584569672642004,0.9363727569580078,0.9893752336502075,0.0036487735342234373,0.03781403228640556,0.03145291656255722,0,0.2316425999997591,,,0.0,,,,,
real_camera,polyu_full,Sony_4-5_125_6400_waterhouse_10,1.4721093118861424,-1,pm_diff_val,38.63875490567145,0.9467963576316833,0.9914939403533936,0.0031590040307492018,0.03781403228640556,0.02418244443833828,5,0.010408099999040132,,,0.0,,,,,
real_camera,polyu_full,Sony_4-5_125_6400_waterhouse_10,1.4721093118861424,-1,wavelet_bayes,37.252617018970916,0.9130403995513916,0.9874981045722961,0.004122916609048843,0.03781403228640556,0.03411577269434929,0,0.004927600000883103,,,0.0,,,,,
real_camera,polyu_full,Sony_4-5_125_6400_waterhouse_10,1.4721093118861424,-1,nlm,37.201228960611815,0.9134902954101562,0.9872031211853027,0.004056004341691732,0.03781403228640556,0.03408930078148842,0,0.04652010000063456,,,0.0,,,,,
real_camera,polyu_full,Sony_4-5_125_6400_waterhouse_10,1.4721093118861424,-1,bm3d,37.228269072874404,0.9125588536262512,0.9869316816329956,0.004225576296448708,0.03781403228640556,0.034622762352228165,0,1.7203239999998914,,,0.0,,,,,
real_camera,polyu_full,Sony_4-5_125_6400_waterhouse_10,1.4721093118861424,-1,fdncnn_color,37.784647228960644,0.9249119758605957,0.9882184863090515,0.003946934826672077,0.03781403228640556,0.032307274639606476,0,1.9123786999989534,,,0.0,,,,,
real_camera,polyu_full,Sony_4-5_125_6400_waterhouse_10,1.4721093118861424,-1,ectv_fdncnn,36.80976156366185,0.9005413055419922,0.9852128028869629,0.004588264971971512,0.03781403228640556,0.03777622431516647,0,1.9538533999984793,3.781157522028916e-05,3.7807971239089966e-05,0.9982693175306853,0.32,,0.3333333333333333,0.00611269474029541,0.0
real_camera,polyu_full,Sony_4_200_3200_door_10,1.2988983097195426,-1,noisy,38.10326363541171,0.9336311221122742,0.9931416511535645,0.004316243343055248,0.047259360551834106,0.047259360551834106,0,0.0,0.0,0.0,0.0,,,,,
real_camera,polyu_full,Sony_4_200_3200_door_10,1.2988983097195426,-1,ectv,38.103679960633585,0.9336364269256592,0.9931422472000122,0.004315903410315514,0.047259360551834106,0.04725640267133713,1,0.033218099999430706,2.9609257755845805e-06,2.9578804969787598e-06,0.998652110622334,0.04,,,,
real_camera,polyu_full,Sony_4_200_3200_door_10,1.2988983097195426,-1,ectv_fidelity,38.10659657813672,0.9336743354797363,0.9931467175483704,0.004313528537750244,0.047259360551834106,0.047235675156116486,1,0.03139000000010128,2.3687406165427123e-05,2.368539571762085e-05,0.998652110622334,0.32,0.08,0.3333333333333333,,
real_camera,polyu_full,Sony_4_200_3200_door_10,1.2988983097195426,-1,tv_maxiter,34.83890285336648,0.8874252438545227,0.9564329385757446,0.008428504690527916,0.047259360551834106,0.018501758575439453,21,0.09689950000029057,inf,0.028757601976394653,0.998652110622334,,,,,
real_camera,polyu_full,Sony_4_200_3200_door_10,1.2988983097195426,-1,tv_fixedk_val,34.721985338636394,0.8838574290275574,0.9558642506599426,0.008532878011465073,0.047259360551834106,0.017632300034165382,40,0.1843112000005931,,0.029627060517668724,0.998652110622334,,,,,
real_camera,polyu_full,Sony_4_200_3200_door_10,1.2988983097195426,-1,tv_discrepancy,38.697755473648286,0.9468234181404114,0.9926563501358032,0.004320341162383556,0.047259360551834106,0.03647361323237419,2,0.013595799999166047,,0.010785747319459915,0.998652110622334,,,,,
real_camera,polyu_full,Sony_4_200_3200_door_10,1.2988983097195426,-1,tv_chambolle_val,39.288462474643694,0.954789936542511,0.9941123127937317,0.003583066165447235,0.047259360551834106,0.03481399267911911,0,0.01340399999935471,,,0.0,,,,,
real_camera,polyu_full,Sony_4_200_3200_door_10,1.2988983097195426,-1,gaussian_val,33.98371722994229,0.9163916707038879,0.9424368739128113,0.00914698000997305,0.047259360551834106,0.02488194964826107,0,0.0004090000002179295,,,0.0,,,,,
real_camera,polyu_full,Sony_4_200_3200_door_10,1.2988983097195426,-1,median_val,33.04815832565056,0.8777784705162048,0.9391060471534729,0.008219913579523563,0.047259360551834106,0.023303290829062462,0,0.0009624999984225724,,,0.0,,,,,
real_camera,polyu_full,Sony_4_200_3200_door_10,1.2988983097195426,-1,bilateral_val,38.9105809072238,0.9490109086036682,0.9940193891525269,0.0037694075144827366,0.047259360551834106,0.04189080744981766,0,0.23977689999992435,,,0.0,,,,,
real_camera,polyu_full,Sony_4_200_3200_door_10,1.2988983097195426,-1,pm_diff_val,39.14894201600325,0.9548484683036804,0.9943678975105286,0.003478255122900009,0.047259360551834106,0.03615829348564148,5,0.0095833000013954,,,0.0,,,,,
real_camera,polyu_full,Sony_4_200_3200_door_10,1.2988983097195426,-1,wavelet_bayes,38.357511097480824,0.938662052154541,0.9937136769294739,0.004073695279657841,0.047259360551834106,0.0453391894698143,0,0.004788999998709187,,,0.0,,,,,
real_camera,polyu_full,Sony_4_200_3200_door_10,1.2988983097195426,-1,nlm,38.60919719998768,0.9474043846130371,0.9944958090782166,0.0036035985685884953,0.047259360551834106,0.04308152571320534,0,0.047810099998969235,,,0.0,,,,,
real_camera,polyu_full,Sony_4_200_3200_door_10,1.2988983097195426,-1,bm3d,38.52154081348695,0.9427730441093445,0.9939906597137451,0.0039375657215714455,0.047259360551834106,0.0444781593978405,0,1.7454622000004747,,,0.0,,,,,
real_camera,polyu_full,Sony_4_200_3200_door_10,1.2988983097195426,-1,fdncnn_color,38.692852310837445,0.9461398124694824,0.9940831065177917,0.0038627677131444216,0.047259360551834106,0.04293770343065262,0,1.9221532000010484,,,0.0,,,,,
real_camera,polyu_full,Sony_4_200_3200_door_10,1.2988983097195426,-1,ectv_fdncnn,38.10684102838903,0.9337132573127747,0.9931483268737793,0.00431343587115407,0.047259360551834106,0.047235678881406784,0,1.9627030999999988,2.3687406165427123e-05,2.3681670427322388e-05,0.998652110622334,0.32,,0.3333333333333333,0.004855930805206299,0.0
real_camera,polyu_full,Sony_4_200_3200_door_11,1.319293563996587,-1,noisy,40.21459800725153,0.918982207775116,0.9456403255462646,0.005000500939786434,0.025315608829259872,0.025315608829259872,0,0.0,0.0,0.0,0.0,,,,,
real_camera,polyu_full,Sony_4_200_3200_door_11,1.319293563996587,-1,ectv,40.21522595864756,0.9189930558204651,0.9456448554992676,0.005000025033950806,0.025315608829259872,0.02531247027218342,1,0.031084399999599555,3.1385586825517206e-06,3.1385570764541626e-06,0.9986095086519041,0.04,,,,
real_camera,polyu_full,Sony_4_200_3200_door_11,1.319293563996587,-1,ectv_fidelity,40.219621399608926,0.9190685749053955,0.9456756711006165,0.004996694158762693,0.025315608829259872,0.02529050037264824,1,0.03243769999971846,2.5108469413667975e-05,2.51084566116333e-05,0.9986095086519041,0.32,0.08,0.3333333333333333,,
real_camera,polyu_full,Sony_4_200_3200_door_11,1.319293563996587,-1,tv_maxiter,40.06914066232834,0.9524328708648682,0.8943447470664978,0.0035696018021553755,0.025315608829259872,0.005209076218307018,17,0.07739810000020952,inf,0.020106532610952854,0.9986095086519041,,,,,
real_camera,polyu_full,Sony_4_200_3200_door_11,1.319293563996587,-1,tv_fixedk_val,40.09561571211933,0.9547541737556458,0.898480236530304,0.003476215060800314,0.025315608829259872,0.004374632146209478,40,0.17588249999971595,,0.020940976683050394,0.9986095086519041,,,,,
real_camera,polyu_full,Sony_4_200_3200_door_11,1.319293563996587,-1,tv_discrepancy,42.03073655772997,0.9518117904663086,0.9561923742294312,0.0035263127647340298,0.025315608829259872,0.012808679603040218,3,0.016128700000990648,,0.012506929226219654,0.9986095086519041,,,,,
real_camera,polyu_full,Sony_4_200_3200_door_11,1.319293563996587,-1,tv_chambolle_val,43.28623901546041,0.9625104069709778,0.9835279583930969,0.0022676822263747454,0.025315608829259872,0.010926097631454468,0,0.022509300000820076,,,0.0,,,,,
real_camera,polyu_full,Sony_4_200_3200_door_11,1.319293563996587,-1,gaussian_val,40.83611702891907,0.9523582458496094,0.9072700142860413,0.003610101994127035,0.025315608829259872,0.009274095296859741,0,0.0002521999995224178,,,0.0,,,,,
real_camera,polyu_full,Sony_4_200_3200_door_11,1.319293563996587,-1,median_val,39.14589588964589,0.945451021194458,0.8475795984268188,0.0034956629388034344,0.025315608829259872,0.008583608083426952,0,0.0010831999989022734,,,0.0,,,,,
real_camera,polyu_full,Sony_4_200_3200_door_11,1.319293563996587,-1,bilateral_val,43.00591621145054,0.9587118029594421,0.9767194390296936,0.002931102877482772,0.025315608829259872,0.0167718306183815,0,0.22146169999905396,,,0.0,,,,,
real_camera,polyu_full,Sony_4_200_3200_door_11,1.319293563996587,-1,pm_diff_val,43.243115849671476,0.9623517990112305,0.9846740961074829,0.002219128655269742,0.025315608829259872,0.010832786560058594,5,0.010385699999460485,,,0.0,,,,,
real_camera,polyu_full,Sony_4_200_3200_door_11,1.319293563996587,-1,wavelet_bayes,41.372825238879294,0.9386863708496094,0.9612488746643066,0.004016903229057789,0.025315608829259872,0.019492749124765396,0,0.005573999998887302,,,0.0,,,,,
real_camera,polyu_full,Sony_4_200_3200_door_11,1.319293563996587,-1,nlm,42.4104379246713,0.9543347954750061,0.9761095643043518,0.002884933724999428,0.025315608829259872,0.0159817673265934,0,0.0609242999998969,,,0.0,,,,,
real_camera,polyu_full,Sony_4_200_3200_door_11,1.319293563996587,-1,bm3d,41.15067962395945,0.9343622326850891,0.9581634402275085,0.004247940145432949,0.025315608829259872,0.0211893729865551,0,1.7802326000000903,,,0.0,,,,,
real_camera,polyu_full,Sony_4_200_3200_door_11,1.319293563996587,-1,fdncnn_color,41.6212065473544,0.9420061111450195,0.9588067531585693,0.004168478772044182,0.025315608829259872,0.01927700638771057,0,1.9213691000004474,,,0.0,,,,,
real_camera,polyu_full,Sony_4_200_3200_door_11,1.319293563996587,-1,ectv_fdncnn,40.22036172055303,0.9190894961357117,0.945699155330658,0.0049969470128417015,0.025315608829259872,0.02529050037264824,0,1.9619547000002058,2.5108469413667975e-05,2.51084566116333e-05,0.9986095086519041,0.32,,0.3333333333333333,0.003763437271118164,0.0
