task,dataset,image,sigma255,seed,method,psnr,ssim,grad_corr,grad_mae,tv_input,tv_output,iterations,runtime,budget,removed,p,gamma,lambda,alpha,eta,accepted
synthetic_image,kodak24,kodim01,15,0,noisy,24.61743717449121,0.693760871887207,0.9615898728370667,0.022152474150061607,0.2461383044719696,0.2461383044719696,0,0.0,0.0,0.0,0.0,,,,,
synthetic_image,kodak24,kodim01,15,0,ectv,25.4373084344895,0.7218461036682129,0.9639561176300049,0.020548945292830467,0.2461383044719696,0.22229444980621338,1,0.018292599999767845,0.023843897597316383,0.023843854665756226,0.8488381630355155,0.04,,,,
synthetic_image,kodak24,kodim01,15,0,ectv_fidelity,28.748665827852182,0.8109602332115173,0.9603780508041382,0.02379884012043476,0.2461383044719696,0.07356186211109161,9,0.03902430000016466,0.1725764484378941,0.172576442360878,0.8488381630355155,0.32,0.08,0.3333333333333333,,
synthetic_image,kodak24,kodim01,15,0,tv_maxiter,28.35666639999156,0.7865554690361023,0.9476549625396729,0.027447469532489777,0.2461383044719696,0.0631798505783081,21,0.05531580000024405,inf,0.1829584538936615,0.8488381630355155,,,,,
synthetic_image,kodak24,kodim01,15,0,tv_fixedk_val,28.359618094270438,0.7872076630592346,0.9471363425254822,0.02758830599486828,0.2461383044719696,0.06300277262926102,40,0.10165389999929175,,0.1831355318427086,0.8488381630355155,,,,,
synthetic_image,kodak24,kodim01,15,0,tv_discrepancy,28.70527247299411,0.8083724975585938,0.9593481421470642,0.024125121533870697,0.2461383044719696,0.0724148079752922,9,0.0262127000005421,,0.1737234964966774,0.8488381630355155,,,,,
synthetic_image,kodak24,kodim01,15,0,tv_chambolle_val,27.382532649168336,0.7374439239501953,0.933333158493042,0.03046589531004429,0.2461383044719696,0.058935072273015976,0,0.01458930000080727,,,0.0,,,,,
synthetic_image,kodak24,kodim01,15,0,gaussian_val,25.757692811767456,0.7234838008880615,0.8883918523788452,0.03379930928349495,0.2461383044719696,0.05941299349069595,0,0.00013790000048174988,,,0.0,,,,,
synthetic_image,kodak24,kodim01,15,0,median_val,23.594929519329963,0.5428211688995361,0.8109180927276611,0.0400325246155262,0.2461383044719696,0.05425296351313591,0,0.000521100000696606,,,0.0,,,,,
synthetic_image,kodak24,kodim01,15,0,bilateral_val,28.226570650113302,0.817776620388031,0.9579511284828186,0.022285085171461105,0.2461383044719696,0.11084987223148346,0,0.12263880000136851,,,0.0,,,,,
synthetic_image,kodak24,kodim01,15,0,pm_diff_val,27.103250561424318,0.733863353729248,0.9296308755874634,0.029528751969337463,0.2461383044719696,0.06047981232404709,5,0.004790199998751632,,,0.0,,,,,
synthetic_image,kodak24,kodim01,15,0,wavelet_bayes,28.00134631085004,0.796356201171875,0.9671123623847961,0.01869034953415394,0.2461383044719696,0.1355818212032318,0,0.0029733999999734806,,,0.0,,,,,
synthetic_image,kodak24,kodim01,15,0,nlm,28.894998275097215,0.7924747467041016,0.9436007738113403,0.02355002611875534,0.2461383044719696,0.0892600491642952,0,0.0351115999983449,,,0.0,,,,,
synthetic_image,kodak24,kodim01,15,0,bm3d,32.402586354433126,0.923337996006012,0.9835909605026245,0.012812180444598198,0.2461383044719696,0.11101987957954407,0,1.2490508999999292,,,0.0,,,,,
synthetic_image,kodak24,kodim01,15,0,fdncnn_color,32.625192563595235,0.926977813243866,0.9844953417778015,0.01240710448473692,0.2461383044719696,0.11039301007986069,0,1.119583199999397,,,0.0,,,,,
synthetic_image,kodak24,kodim01,15,0,ectv_fdncnn,32.625192563595235,0.926977813243866,0.9844953417778015,0.01240710448473692,0.2461383044719696,0.11039301007986069,0,1.1214691999994102,0.1725764484378941,0.13574529439210892,0.8488381630355155,0.32,,0.3333333333333333,1.0,1.0
synthetic_image,kodak24,kodim01,15,1,noisy,24.640510099586454,0.6946814656257629,0.9611103534698486,0.02210739068686962,0.2457503378391266,0.2457503378391266,0,0.0,0.0,0.0,0.0,,,,,
synthetic_image,kodak24,kodim01,15,1,ectv,25.460322329466432,0.7227749824523926,0.9634917974472046,0.02055610902607441,0.2457503378391266,0.22190645337104797,1,0.019683700000314275,0.023843897597316383,0.023843884468078613,0.8488381630355155,0.04,,,,
synthetic_image,kodak24,kodim01,15,1,ectv_fidelity,28.736494101492028,0.8116613030433655,0.9599112868309021,0.023858625441789627,0.2457503378391266,0.0731738954782486,9,0.038867600000230595,0.1725764484378941,0.172576442360878,0.8488381630355155,0.32,0.08,0.3333333333333333,,
synthetic_image,kodak24,kodim01,15,1,tv_maxiter,28.350633514241018,0.788090169429779,0.9474318623542786,0.027393396943807602,0.2457503378391266,0.06300563365221024,21,0.056302599999980885,inf,0.18274470418691635,0.8488381630355155,,,,,
synthetic_image,kodak24,kodim01,15,1,tv_fixedk_val,28.354326394357802,0.7887664437294006,0.9469034671783447,0.027535896748304367,0.2457503378391266,0.06282506138086319,40,0.10247329999947397,,0.1829252764582634,0.8488381630355155,,,,,
synthetic_image,kodak24,kodim01,15,1,tv_discrepancy,28.700482809180134,0.8095337748527527,0.9590584635734558,0.024128306657075882,0.2457503378391266,0.07223939150571823,9,0.02559789999941131,,0.17351094633340836,0.8488381630355155,,,,,
synthetic_image,kodak24,kodim01,15,1,tv_chambolle_val,27.367871111727872,0.7389025688171387,0.9330376386642456,0.03038686141371727,0.2457503378391266,0.05886773392558098,0,0.01503690000026836,,,0.0,,,,,
synthetic_image,kodak24,kodim01,15,1,gaussian_val,25.76774996714462,0.7238507866859436,0.8876199126243591,0.033820945769548416,0.2457503378391266,0.05943607911467552,0,0.0002184999993914971,,,0.0,,,,,
synthetic_image,kodak24,kodim01,15,1,median_val,23.63872123904004,0.5435585975646973,0.813088595867157,0.03997590392827988,0.2457503378391266,0.05415171757340431,0,0.0006435000013880199,,,0.0,,,,,
synthetic_image,kodak24,kodim01,15,1,bilateral_val,28.25304038472353,0.8197095990180969,0.9598013758659363,0.02215414121747017,0.2457503378391266,0.11030326783657074,0,0.1230532999998104,,,0.0,,,,,
synthetic_image,kodak24,kodim01,15,1,pm_diff_val,27.07847580701035,0.73460453748703,0.9292661547660828,0.029610224068164825,0.2457503378391266,0.060228437185287476,5,0.005814500000269618,,,0.0,,,,,
synthetic_image,kodak24,kodim01,15,1,wavelet_bayes,28.02723680373361,0.7976241111755371,0.9669904112815857,0.018733100965619087,0.2457503378391266,0.13514111936092377,0,0.003161700000418932,,,0.0,,,,,
synthetic_image,kodak24,kodim01,15,1,nlm,28.990909058073953,0.7974832653999329,0.9452565908432007,0.023329958319664,0.2457503378391266,0.08934985846281052,0,0.03491829999984475,,,0.0,,,,,
synthetic_image,kodak24,kodim01,15,1,bm3d,32.454849645308876,0.9237866997718811,0.9839434623718262,0.012699149549007416,0.2457503378391266,0.110956571996212,0,1.23458810000011,,,0.0,,,,,
synthetic_image,kodak24,kodim01,15,1,fdncnn_color,32.65758851770441,0.926424503326416,0.984653651714325,0.012347886338829994,0.2457503378391266,0.1101144403219223,0,1.1184213000015006,,,0.0,,,,,
synthetic_image,kodak24,kodim01,15,1,ectv_fdncnn,32.65758851770441,0.926424503326416,0.984653651714325,0.012347886338829994,0.2457503378391266,0.1101144403219223,0,1.1207194000016898,0.1725764484378941,0.13563589751720428,0.8488381630355155,0.32,,0.3333333333333333,1.0,1.0
synthetic_image,kodak24,kodim01,15,2,noisy,24.6319646649822,0.6944470405578613,0.9609683752059937,0.022060386836528778,0.24614545702934265,0.24614545702934265,0,0.0,0.0,0.0,0.0,,,,,
synthetic_image,kodak24,kodim01,15,2,ectv,25.450170409889065,0.7224225997924805,0.9633280634880066,0.02050822600722313,0.24614545702934265,0.22230157256126404,1,0.01945969999906083,0.023843897597316383,0.023843884468078613,0.8488381630355155,0.04,,,,
synthetic_image,kodak24,kodim01,15,2,ectv_fidelity,28.75167789198532,0.8119122385978699,0.9598687887191772,0.02386944741010666,0.24614545702934265,0.07356901466846466,9,0.03736930000013672,0.1725764484378941,0.172576442360878,0.8488381630355155,0.32,0.08,0.3333333333333333,,
synthetic_image,kodak24,kodim01,15,2,tv_maxiter,28.339127665991953,0.7867078185081482,0.9468236565589905,0.027576599270105362,0.24614545702934265,0.06282078474760056,21,0.054018400000131805,inf,0.1833246722817421,0.8488381630355155,,,,,
synthetic_image,kodak24,kodim01,15,2,tv_fixedk_val,28.34434733165377,0.7875821590423584,0.9463320970535278,0.027725134044885635,0.24614545702934265,0.06265950202941895,40,0.10122700000101759,,0.1834859549999237,0.8488381630355155,,,,,
synthetic_image,kodak24,kodim01,15,2,tv_discrepancy,28.693310881595686,0.808483362197876,0.9584898352622986,0.024305230006575584,0.24614545702934265,0.07200588285923004,9,0.02672089999941818,,0.1741395741701126,0.8488381630355155,,,,,
synthetic_image,kodak24,kodim01,15,2,tv_chambolle_val,27.363615959450662,0.7377384305000305,0.9324470162391663,0.030613381415605545,0.24614545702934265,0.058615583926439285,0,0.014864500000840053,,,0.0,,,,,
synthetic_image,kodak24,kodim01,15,2,gaussian_val,25.76306676134511,0.7236719727516174,0.8874318599700928,0.03388427197933197,0.24614545702934265,0.05934162065386772,0,0.00025889999960782006,,,0.0,,,,,
synthetic_image,kodak24,kodim01,15,2,median_val,23.613737762672567,0.5438440442085266,0.8118411898612976,0.0400475412607193,0.24614545702934265,0.05437064543366432,0,0.0006064999997761333,,,0.0,,,,,
synthetic_image,kodak24,kodim01,15,2,bilateral_val,28.23240609752122,0.8174972534179688,0.9591577053070068,0.022404350340366364,0.24614545702934265,0.11080987006425858,0,0.11853719999999157,,,0.0,,,,,
synthetic_image,kodak24,kodim01,15,2,pm_diff_val,27.076468523699738,0.733950674533844,0.9289328455924988,0.029759474098682404,0.24614545702934265,0.060158468782901764,5,0.004649400001653703,,,0.0,,,,,
synthetic_image,kodak24,kodim01,15,2,wavelet_bayes,28.05237276928368,0.7985723614692688,0.9660791158676147,0.01894223317503929,0.24614545702934265,0.1342477798461914,0,0.0028811000011046417,,,0.0,,,,,
synthetic_image,kodak24,kodim01,15,2,nlm,28.884183999710636,0.7905798554420471,0.9427750706672668,0.023898210376501083,0.24614545702934265,0.08800762891769409,0,0.0369382000008045,,,0.0,,,,,
synthetic_image,kodak24,kodim01,15,2,bm3d,32.399932342995584,0.9229710698127747,0.9833732843399048,0.012852300889790058,0.24614545702934265,0.1104840412735939,0,1.2465969000004407,,,0.0,,,,,
synthetic_image,kodak24,kodim01,15,2,fdncnn_color,32.63232075270062,0.9263409972190857,0.9844518899917603,0.012410001829266548,0.24614545702934265,0.10982678830623627,0,1.2043498000002728,,,0.0,,,,,
synthetic_image,kodak24,kodim01,15,2,ectv_fdncnn,32.63232075270062,0.9263409972190857,0.9844518899917603,0.012410001829266548,0.24614545702934265,0.10982678830623627,0,1.2070454999993672,0.1725764484378941,0.13631866872310638,0.8488381630355155,0.32,,0.3333333333333333,1.0,1.0
synthetic_image,kodak24,kodim01,25,0,noisy,20.23713313567132,0.4939862787723541,0.9113965630531311,0.03787511959671974,0.35744088888168335,0.35744088888168335,0,0.0,0.0,0.0,0.0,,,,,
synthetic_image,kodak24,kodim01,25,0,ectv,24.892743233302497,0.6790016293525696,0.9384204149246216,0.025057828053832054,0.35744088888168335,0.16965363919734955,5,0.02908489999936137,0.18778726146140717,0.1877872496843338,0.6839397205857212,0.04,,,,
synthetic_image,kodak24,kodim01,25,0,ectv_fidelity,26.52643365977946,0.7054061889648438,0.9170085787773132,0.032591238617897034,0.35744088888168335,0.05994826927781105,80,0.21295930000087537,0.33330865074633204,0.2974926196038723,0.6839397205857212,0.32,0.12,0.3333333333333333,,
synthetic_image,kodak24,kodim01,25,0,tv_maxiter,26.5789021197073,0.7394172549247742,0.9445927739143372,0.024831779301166534,0.35744088888168335,0.10802458971738815,22,0.06308820000049309,inf,0.2494162991642952,0.6839397205857212,,,,,
synthetic_image,kodak24,kodim01,25,0,tv_fixedk_val,26.595205548435512,0.7396564483642578,0.9444938898086548,0.024905402213335037,0.35744088888168335,0.10756459087133408,40,0.11140210000121442,,0.24987629801034927,0.6839397205857212,,,,,
synthetic_image,kodak24,kodim01,25,0,tv_discrepancy,26.5789021197073,0.7394172549247742,0.9445927739143372,0.024831779301166534,0.35744088888168335,0.10802458971738815,22,0.06239120000100229,,0.2494162991642952,0.6839397205857212,,,,,
synthetic_image,kodak24,kodim01,25,0,tv_chambolle_val,25.456563900855983,0.6339430212974548,0.8832712769508362,0.03747881203889847,0.35744088888168335,0.049782492220401764,0,0.017106799999965006,,,0.0,,,,,
synthetic_image,kodak24,kodim01,25,0,gaussian_val,25.00627549582201,0.6715804934501648,0.8745632171630859,0.03434044495224953,0.35744088888168335,0.07009968906641006,0,0.0002736999995249789,,,0.0,,,,,
synthetic_image,kodak24,kodim01,25,0,median_val,23.13255145347165,0.5017704367637634,0.7902601957321167,0.04166486859321594,0.35744088888168335,0.06491530686616898,0,0.0005738000018027378,,,0.0,,,,,
synthetic_image,kodak24,kodim01,25,0,bilateral_val,24.81695619846311,0.6690459251403809,0.919175386428833,0.031279612332582474,0.35744088888168335,0.11554720252752304,0,0.12406779999946593,,,0.0,,,,,
synthetic_image,kodak24,kodim01,25,0,pm_diff_val,25.255596573656696,0.6603620052337646,0.8883386850357056,0.0351400300860405,0.35744088888168335,0.05908220261335373,5,0.006306299999778275,,,0.0,,,,,
synthetic_image,kodak24,kodim01,25,0,wavelet_bayes,25.41725924904206,0.6689584851264954,0.9169555306434631,0.028633907437324524,0.35744088888168335,0.11429841071367264,0,0.003099600000496139,,,0.0,,,,,
synthetic_image,kodak24,kodim01,25,0,nlm,26.44516491132515,0.6677842140197754,0.894479513168335,0.032903820276260376,0.35744088888168335,0.072966568171978,0,0.03904080000029353,,,0.0,,,,,
synthetic_image,kodak24,kodim01,25,0,bm3d,29.686574004663896,0.857281506061554,0.9643997550010681,0.018456732854247093,0.35744088888168335,0.09691261500120163,0,1.2866025999992416,,,0.0,,,,,
synthetic_image,kodak24,kodim01,25,0,fdncnn_color,29.98426532598494,0.8668355345726013,0.9678882360458374,0.01750427484512329,0.35744088888168335,0.09993954747915268,0,1.1472281999995175,,,0.0,,,,,
synthetic_image,kodak24,kodim01,25,0,ectv_fdncnn,29.98426532598494,0.8668355345726013,0.9678882360458374,0.01750427484512329,0.35744088888168335,0.09993954747915268,0,1.149445499999274,0.33330865074633204,0.25750134140253067,0.6839397205857212,0.32,,0.3333333333333333,1.0,1.0
synthetic_image,kodak24,kodim01,25,1,noisy,20.25682297874962,0.4952720105648041,0.9096449613571167,0.03784273564815521,0.3568364083766937,0.3568364083766937,0,0.0,0.0,0.0,0.0,,,,,
synthetic_image,kodak24,kodim01,25,1,ectv,24.912386757106788,0.6807820796966553,0.9371382594108582,0.02528863213956356,0.3568364083766937,0.16904915869235992,5,0.029790599999614642,0.18778726146140717,0.1877872496843338,0.6839397205857212,0.04,,,,
synthetic_image,kodak24,kodim01,25,1,ectv_fidelity,26.524578044473813,0.7085564732551575,0.9170764088630676,0.032460179179906845,0.3568364083766937,0.05970742926001549,80,0.20406569999977364,0.33330865074633204,0.29712897911667824,0.6839397205857212,0.32,0.12,0.3333333333333333,,
synthetic_image,kodak24,kodim01,25,1,tv_maxiter,26.595741137546433,0.7419516444206238,0.9443261623382568,0.02484826371073723,0.3568364083766937,0.10754792392253876,22,0.05829689999882248,inf,0.24928848445415497,0.6839397205857212,,,,,
synthetic_image,kodak24,kodim01,25,1,tv_fixedk_val,26.61157923167581,0.7421925663948059,0.9442287087440491,0.024920731782913208,0.3568364083766937,0.10710106045007706,40,0.10330470000008063,,0.24973534792661667,0.6839397205857212,,,,,
synthetic_image,kodak24,kodim01,25,1,tv_discrepancy,26.595741137546433,0.7419516444206238,0.9443261623382568,0.02484826371073723,0.3568364083766937,0.10754792392253876,22,0.060541599999851314,,0.24928848445415497,0.6839397205857212,,,,,
synthetic_image,kodak24,kodim01,25,1,tv_chambolle_val,25.436138858730793,0.6356176733970642,0.8836592435836792,0.037231363356113434,0.3568364083766937,0.049735743552446365,0,0.016330700000253273,,,0.0,,,,,
synthetic_image,kodak24,kodim01,25,1,gaussian_val,25.025992906050774,0.6726592183113098,0.8733096122741699,0.03437783196568489,0.3568364083766937,0.07012149691581726,0,0.000265800001216121,,,0.0,,,,,
synthetic_image,kodak24,kodim01,25,1,median_val,23.177484751379534,0.5026313662528992,0.7915812730789185,0.04158597066998482,0.3568364083766937,0.06453341990709305,0,0.0005821000013384037,,,0.0,,,,,
synthetic_image,kodak24,kodim01,25,1,bilateral_val,24.776448914657326,0.6712533831596375,0.9209986329078674,0.03156271576881409,0.3568364083766937,0.11473439633846283,0,0.126822500000344,,,0.0,,,,,
synthetic_image,kodak24,kodim01,25,1,pm_diff_val,25.236137287915057,0.6611156463623047,0.8865252733230591,0.035175252705812454,0.3568364083766937,0.05890811234712601,5,0.005146900000909227,,,0.0,,,,,
synthetic_image,kodak24,kodim01,25,1,wavelet_bayes,25.439738047224335,0.6709892749786377,0.9179307222366333,0.028480468317866325,0.3568364083766937,0.11358873546123505,0,0.003515000000334112,,,0.0,,,,,
synthetic_image,kodak24,kodim01,25,1,nlm,26.48079645466928,0.6721386909484863,0.8975763916969299,0.03286423534154892,0.3568364083766937,0.07237674295902252,0,0.04435349999948812,,,0.0,,,,,
synthetic_image,kodak24,kodim01,25,1,bm3d,29.806674660753657,0.8608531951904297,0.9657202363014221,0.018179139122366905,0.3568364083766937,0.09726262092590332,0,1.3123811000004935,,,0.0,,,,,
synthetic_image,kodak24,kodim01,25,1,fdncnn_color,30.110882507396482,0.8703473210334778,0.96940678358078,0.017184171825647354,0.3568364083766937,0.10059253871440887,0,1.1609758000013244,,,0.0,,,,,
synthetic_image,kodak24,kodim01,25,1,ectv_fdncnn,30.110882507396482,0.8703473210334778,0.96940678358078,0.017184171825647354,0.3568364083766937,0.10059253871440887,0,1.1628819000015937,0.33330865074633204,0.25624386966228485,0.6839397205857212,0.32,,0.3333333333333333,1.0,1.0
synthetic_image,kodak24,kodim01,25,2,noisy,20.25348594829878,0.49493658542633057,0.9094887971878052,0.03775812312960625,0.3575138747692108,0.3575138747692108,0,0.0,0.0,0.0,0.0,,,,,
synthetic_image,kodak24,kodim01,25,2,ectv,24.901222666114272,0.6798730492591858,0.9366532564163208,0.025239456444978714,0.3575138747692108,0.16972662508487701,5,0.03255210000133957,0.18778726146140717,0.1877872496843338,0.6839397205857212,0.04,,,,
synthetic_image,kodak24,kodim01,25,2,ectv_fidelity,26.50174911746488,0.7059952616691589,0.9151506423950195,0.032844532281160355,0.3575138747692108,0.05930120497941971,80,0.20703859999957785,0.33330865074633204,0.2982126697897911,0.6839397205857212,0.32,0.12,0.3333333333333333,,
synthetic_image,kodak24,kodim01,25,2,tv_maxiter,26.598334069617348,0.7407668232917786,0.9433711171150208,0.025070935487747192,0.3575138747692108,0.10714089125394821,22,0.05816430000049877,inf,0.2503729835152626,0.6839397205857212,,,,,
synthetic_image,kodak24,kodim01,25,2,tv_fixedk_val,26.613509360586335,0.7409232258796692,0.9432793855667114,0.02514747716486454,0.3575138747692108,0.10668855905532837,40,0.10516510000161361,,0.25082531571388245,0.6839397205857212,,,,,
synthetic_image,kodak24,kodim01,25,2,tv_discrepancy,26.598334069617348,0.7407668232917786,0.9433711171150208,0.025070935487747192,0.3575138747692108,0.10714089125394821,22,0.060052599999835365,,0.2503729835152626,0.6839397205857212,,,,,
synthetic_image,kodak24,kodim01,25,2,tv_chambolle_val,25.42668501330146,0.6340479850769043,0.8809072971343994,0.037651631981134415,0.3575138747692108,0.04936143383383751,0,0.016283900000416907,,,0.0,,,,,
synthetic_image,kodak24,kodim01,25,2,gaussian_val,25.020541516283586,0.6725378036499023,0.8731883764266968,0.03447924554347992,0.3575138747692108,0.06987594813108444,0,0.00037789999987580813,,,0.0,,,,,
synthetic_image,kodak24,kodim01,25,2,median_val,23.157857058698998,0.5030071139335632,0.788783848285675,0.04182804003357887,0.3575138747692108,0.06487159430980682,0,0.0006573999999091029,,,0.0,,,,,
synthetic_image,kodak24,kodim01,25,2,bilateral_val,24.761406153437765,0.6686725616455078,0.9182572364807129,0.03169660270214081,0.3575138747692108,0.11576834321022034,0,0.12577880000026198,,,0.0,,,,,
synthetic_image,kodak24,kodim01,25,2,pm_diff_val,25.23693037588948,0.6609432101249695,0.8848488926887512,0.03536568582057953,0.3575138747692108,0.058764420449733734,5,0.005235900000116089,,,0.0,,,,,
synthetic_image,kodak24,kodim01,25,2,wavelet_bayes,25.422431502601214,0.6689929962158203,0.9133544564247131,0.029089821502566338,0.3575138747692108,0.11106538027524948,0,0.00283560000025318,,,0.0,,,,,
synthetic_image,kodak24,kodim01,25,2,nlm,26.42200586554768,0.6661791801452637,0.894364058971405,0.03339480236172676,0.3575138747692108,0.07141169160604477,0,0.038473399999929825,,,0.0,,,,,
synthetic_image,kodak24,kodim01,25,2,bm3d,29.713522846556746,0.8579642176628113,0.9642451405525208,0.018466608598828316,0.3575138747692108,0.0960221067070961,0,1.3372990999996546,,,0.0,,,,,
synthetic_image,kodak24,kodim01,25,2,fdncnn_color,30.047015330573053,0.8679553866386414,0.9684588313102722,0.017383717000484467,0.3575138747692108,0.0997084453701973,0,1.1554617999991024,,,0.0,,,,,
synthetic_image,kodak24,kodim01,25,2,ectv_fdncnn,30.047015330573053,0.8679553866386414,0.9684588313102722,0.017383717000484467,0.3575138747692108,0.0997084453701973,0,1.1582527999999002,0.33330865074633204,0.2578054293990135,0.6839397205857212,0.32,,0.3333333333333333,1.0,1.0
synthetic_image,kodak24,kodim01,50,0,noisy,14.532959899710963,0.2415940761566162,0.8003841042518616,0.07766243815422058,0.6371269822120667,0.6371269822120667,0,0.0,0.0,0.0,0.0,,,,,
synthetic_image,kodak24,kodim01,50,0,ectv,18.93098645739249,0.38877198100090027,0.8366613984107971,0.04748918116092682,0.6371269822120667,0.3209947645664215,27,0.0753590999993321,0.3333333333333333,0.31613221764564514,0.5091578194443671,0.04,,,,
synthetic_image,kodak24,kodim01,50,0,ectv_fidelity,23.798377723425126,0.5416063666343689,0.822223961353302,0.04359221085906029,0.6371269822120667,0.04141784831881523,80,0.21307059999890043,0.75,0.5957091338932514,0.5091578194443671,0.32,0.25,0.75,,
synthetic_image,kodak24,kodim01,50,0,tv_maxiter,18.93098645739249,0.38877198100090027,0.8366613984107971,0.04748918116092682,0.6371269822120667,0.3209947645664215,27,0.07306880000032834,inf,0.31613221764564514,0.5091578194443671,,,,,
synthetic_image,kodak24,kodim01,50,0,tv_fixedk_val,18.943906780195864,0.389200359582901,0.8367926478385925,0.04740476235747337,0.6371269822120667,0.3203980326652527,40,0.1055095000010624,,0.31672894954681396,0.5091578194443671,,,,,
synthetic_image,kodak24,kodim01,50,0,tv_discrepancy,18.93098645739249,0.38877198100090027,0.8366613984107971,0.04748918116092682,0.6371269822120667,0.3209947645664215,27,0.07516150000083144,,0.31613221764564514,0.5091578194443671,,,,,
synthetic_image,kodak24,kodim01,50,0,tv_chambolle_val,23.268778478101375,0.5041090250015259,0.8034613728523254,0.04480772837996483,0.6371269822120667,0.040917932987213135,0,0.016214599998420454,,,0.0,,,,,
synthetic_image,kodak24,kodim01,50,0,gaussian_val,22.658106912374905,0.5264937877655029,0.8248329758644104,0.03775561973452568,0.6371269822120667,0.10016609728336334,0,0.00026049999905808363,,,0.0,,,,,
synthetic_image,kodak24,kodim01,50,0,median_val,21.624791604511092,0.400467187166214,0.7294526100158691,0.044183045625686646,0.6371269822120667,0.09665917605161667,0,0.0005832000006193994,,,0.0,,,,,
synthetic_image,kodak24,kodim01,50,0,bilateral_val,20.90938835310621,0.43355393409729004,0.7933310866355896,0.04213285073637962,0.6371269822120667,0.13688887655735016,0,0.12305240000023332,,,0.0,,,,,
synthetic_image,kodak24,kodim01,50,0,pm_diff_val,23.066444981020684,0.5351473689079285,0.8250926733016968,0.0384816899895668,0.6371269822120667,0.0746285542845726,5,0.006691000000500935,,,0.0,,,,,
synthetic_image,kodak24,kodim01,50,0,wavelet_bayes,22.44994710036648,0.4504120349884033,0.7158603668212891,0.04583395645022392,0.6371269822120667,0.053707268089056015,0,0.002979500000947155,,,0.0,,,,,
synthetic_image,kodak24,kodim01,50,0,nlm,23.306567906314363,0.49163326621055603,0.847135603427887,0.04426608234643936,0.6371269822120667,0.06475497782230377,0,0.04123290000097768,,,0.0,,,,,
synthetic_image,kodak24,kodim01,50,0,bm3d,26.44508735818976,0.7106741070747375,0.9123317003250122,0.028934791684150696,0.6371269822120667,0.07091718912124634,0,1.2911968000007619,,,0.0,,,,,
synthetic_image,kodak24,kodim01,50,0,fdncnn_color,26.617347936844503,0.7219483256340027,0.9205530881881714,0.027660375460982323,0.6371269822120667,0.07310782372951508,0,1.1573391999991145,,,0.0,,,,,
synthetic_image,kodak24,kodim01,50,0,ectv_fdncnn,26.617347936844503,0.7219483256340027,0.9205530881881714,0.027660375460982323,0.6371269822120667,0.07310782372951508,0,1.1597871999983909,0.75,0.5640191584825516,0.5091578194443671,0.32,,0.75,1.0,1.0
synthetic_image,kodak24,kodim01,50,1,noisy,14.552911526800987,0.24275100231170654,0.7963671684265137,0.07728584110736847,0.6360216736793518,0.6360216736793518,0,0.0,0.0,0.0,0.0,,,,,
synthetic_image,kodak24,kodim01,50,1,ectv,18.96311316073851,0.39165768027305603,0.8329504132270813,0.04768907651305199,0.6360216736793518,0.31969794631004333,27,0.07341180000003078,0.3333333333333333,0.31632372736930847,0.5091578194443671,0.04,,,,
synthetic_image,kodak24,kodim01,50,1,ectv_fidelity,23.769898454740375,0.5437698364257812,0.8191971778869629,0.0434378907084465,0.6360216736793518,0.040952786803245544,80,0.2120875000000524,0.75,0.5950688868761063,0.5091578194443671,0.32,0.25,0.75,,
synthetic_image,kodak24,kodim01,50,1,tv_maxiter,18.96311316073851,0.39165768027305603,0.8329504132270813,0.04768907651305199,0.6360216736793518,0.31969794631004333,27,0.07330720000027213,inf,0.31632372736930847,0.5091578194443671,,,,,
synthetic_image,kodak24,kodim01,50,1,tv_fixedk_val,18.976055352884057,0.3920912742614746,0.8330864906311035,0.047604821622371674,0.6360216736793518,0.3191013038158417,40,0.10585589999936929,,0.31692036986351013,0.5091578194443671,,,,,
synthetic_image,kodak24,kodim01,50,1,tv_discrepancy,18.96311316073851,0.39165768027305603,0.8329504132270813,0.04768907651305199,0.6360216736793518,0.31969794631004333,27,0.07382680000046093,,0.31632372736930847,0.5091578194443671,,,,,
synthetic_image,kodak24,kodim01,50,1,tv_chambolle_val,23.254270047964,0.5065963268280029,0.8014240860939026,0.044664569199085236,0.6360216736793518,0.0410592295229435,0,0.015982299999450333,,,0.0,,,,,
synthetic_image,kodak24,kodim01,50,1,gaussian_val,22.69298141329388,0.5295779705047607,0.8238018751144409,0.03772662580013275,0.6360216736793518,0.10003155469894409,0,0.00028340000062598847,,,0.0,,,,,
synthetic_image,kodak24,kodim01,50,1,median_val,21.678333880933387,0.4026065766811371,0.734369158744812,0.04391904175281525,0.6360216736793518,0.0963655412197113,0,0.0006475000009231735,,,0.0,,,,,
synthetic_image,kodak24,kodim01,50,1,bilateral_val,20.852067124850645,0.4350106716156006,0.7888157367706299,0.04260542616248131,0.6360216736793518,0.13608331978321075,0,0.12370329999976093,,,0.0,,,,,
synthetic_image,kodak24,kodim01,50,1,pm_diff_val,23.08114698236473,0.5382347106933594,0.8244283199310303,0.03841257840394974,0.6360216736793518,0.07446843385696411,5,0.005291800000122748,,,0.0,,,,,
synthetic_image,kodak24,kodim01,50,1,wavelet_bayes,22.406545166108266,0.4506181478500366,0.7062098383903503,0.04607345908880234,0.6360216736793518,0.05233389139175415,0,0.002918399999543908,,,0.0,,,,,
synthetic_image,kodak24,kodim01,50,1,nlm,23.230924940626192,0.491042822599411,0.8446449041366577,0.04473065584897995,0.6360216736793518,0.06292971968650818,0,0.03811700000005658,,,0.0,,,,,
synthetic_image,kodak24,kodim01,50,1,bm3d,26.55550428429705,0.7160553336143494,0.9151695370674133,0.02872946858406067,0.6360216736793518,0.07028966397047043,0,1.8503665999996883,,,0.0,,,,,
synthetic_image,kodak24,kodim01,50,1,fdncnn_color,26.679680737917934,0.7277458310127258,0.9234302639961243,0.02748408541083336,0.6360216736793518,0.07270301878452301,0,1.3290608999996039,,,0.0,,,,,
synthetic_image,kodak24,kodim01,50,1,ectv_fdncnn,26.679680737917934,0.7277458310127258,0.9234302639961243,0.02748408541083336,0.6360216736793518,0.07270301878452301,0,1.332406899999114,0.75,0.5633186548948288,0.5091578194443671,0.32,,0.75,1.0,1.0
synthetic_image,kodak24,kodim01,50,2,noisy,14.54034140830176,0.24167978763580322,0.7961300611495972,0.0775354877114296,0.6379445791244507,0.6379445791244507,0,0.0,0.0,0.0,0.0,,,,,
synthetic_image,kodak24,kodim01,50,2,ectv,18.959200606311416,0.3906976282596588,0.8320739269256592,0.04753668233752251,0.6379445791244507,0.3202827572822571,27,0.0750527999989572,0.3333333333333333,0.3176618218421936,0.5091578194443671,0.04,,,,
synthetic_image,kodak24,kodim01,50,2,ectv_fidelity,23.744273582117266,0.5407269597053528,0.8128955364227295,0.04392649978399277,0.6379445791244507,0.040531598031520844,80,0.2223535000011907,0.75,0.5974129810929298,0.5091578194443671,0.32,0.25,0.75,,
synthetic_image,kodak24,kodim01,50,2,tv_maxiter,18.959200606311416,0.3906976282596588,0.8320739269256592,0.04753668233752251,0.6379445791244507,0.3202827572822571,27,0.07659530000091763,inf,0.3176618218421936,0.5091578194443671,,,,,
synthetic_image,kodak24,kodim01,50,2,tv_fixedk_val,18.972175760191956,0.39113080501556396,0.8322078585624695,0.047452375292778015,0.6379445791244507,0.3196815550327301,40,0.11151450000033947,,0.3182630240917206,0.5091578194443671,,,,,
synthetic_image,kodak24,kodim01,50,2,tv_discrepancy,18.959200606311416,0.3906976282596588,0.8320739269256592,0.04753668233752251,0.6379445791244507,0.3202827572822571,27,0.0799695999994583,,0.3176618218421936,0.5091578194443671,,,,,
synthetic_image,kodak24,kodim01,50,2,tv_chambolle_val,23.251248327560084,0.5059427618980408,0.7980703711509705,0.04506416246294975,0.6379445791244507,0.04074686020612717,0,0.018146700000215787,,,0.0,,,,,
synthetic_image,kodak24,kodim01,50,2,gaussian_val,22.686169147587925,0.5296794772148132,0.8230963945388794,0.0378204844892025,0.6379445791244507,0.09963257610797882,0,0.000327899999319925,,,0.0,,,,,
synthetic_image,kodak24,kodim01,50,2,median_val,21.64666766121656,0.4038344919681549,0.7270016670227051,0.04438410699367523,0.6379445791244507,0.0964803397655487,0,0.0006481000000349013,,,0.0,,,,,
synthetic_image,kodak24,kodim01,50,2,bilateral_val,20.84959666482703,0.434598833322525,0.7891132831573486,0.04243805631995201,0.6379445791244507,0.13716287910938263,0,0.12780469999961497,,,0.0,,,,,
synthetic_image,kodak24,kodim01,50,2,pm_diff_val,23.077691977955666,0.5384148955345154,0.8234190940856934,0.038667961955070496,0.6379445791244507,0.07424191385507584,5,0.0068400000000110595,,,0.0,,,,,
synthetic_image,kodak24,kodim01,50,2,wavelet_bayes,22.433212536189227,0.4532349407672882,0.6961999535560608,0.04675907641649246,0.6379445791244507,0.051491301506757736,0,0.0032427000005554873,,,0.0,,,,,
synthetic_image,kodak24,kodim01,50,2,nlm,23.217319741441237,0.4887271821498871,0.841733455657959,0.04478303715586662,0.6379445791244507,0.06326983869075775,0,0.03812650000145368,,,0.0,,,,,
synthetic_image,kodak24,kodim01,50,2,bm3d,26.415741918279743,0.7092912793159485,0.9130696058273315,0.029099855571985245,0.6379445791244507,0.06995512545108795,0,1.732324399999925,,,0.0,,,,,
synthetic_image,kodak24,kodim01,50,2,fdncnn_color,26.565367735047598,0.7190818786621094,0.9190108776092529,0.028220096603035927,0.6379445791244507,0.0715978592634201,0,1.2780461000002106,,,0.0,,,,,
synthetic_image,kodak24,kodim01,50,2,ectv_fdncnn,26.565367735047598,0.7190818786621094,0.9190108776092529,0.028220096603035927,0.6379445791244507,0.0715978592634201,0,1.280528700001014,0.75,0.5663467198610306,0.5091578194443671,0.32,,0.75,1.0,1.0
synthetic_image,kodak24,kodim02,15,0,noisy,24.72167941664553,0.4140157997608185,0.8345191478729248,0.025634154677391052,0.2064797431230545,0.2064797431230545,0,0.0,0.0,0.0,0.0,,,,,
synthetic_image,kodak24,kodim02,15,0,ectv,25.618515749884732,0.45329150557518005,0.8443078994750977,0.023579983040690422,0.2064797431230545,0.1826358586549759,1,0.020494399999734014,0.023843897597316383,0.023843884468078613,0.8488381630355155,0.04,,,,
synthetic_image,kodak24,kodim02,15,0,ectv_fidelity,32.50572036402011,0.8250805735588074,0.9369505643844604,0.009787826798856258,0.2064797431230545,0.033903297036886215,11,0.04704990000027465,0.1725764484378941,0.1725764460861683,0.8488381630355155,0.32,0.08,0.3333333333333333,,
synthetic_image,kodak24,kodim02,15,0,tv_maxiter,32.50111483156164,0.836678683757782,0.9280802607536316,0.01044994592666626,0.2064797431230545,0.02738790586590767,22,0.06417610000062268,inf,0.17909183725714684,0.8488381630355155,,,,,
synthetic_image,kodak24,kodim02,15,0,tv_fixedk_val,32.5468864197629,0.839834451675415,0.9278751015663147,0.010559596121311188,0.2064797431230545,0.027231663465499878,40,0.10882129999845347,,0.17924807965755463,0.8488381630355155,,,,,
synthetic_image,kodak24,kodim02,15,0,tv_discrepancy,32.50111483156164,0.836678683757782,0.9280802607536316,0.01044994592666626,0.2064797431230545,0.02738790586590767,22,0.061998299999686424,,0.17909183725714684,0.8488381630355155,,,,,
synthetic_image,kodak24,kodim02,15,0,tv_chambolle_val,32.06858310512075,0.8193979263305664,0.9231637120246887,0.010779314674437046,0.2064797431230545,0.032435979694128036,0,0.011295700000118813,,,0.0,,,,,
synthetic_image,kodak24,kodim02,15,0,gaussian_val,30.47943354952797,0.7815604209899902,0.8834595084190369,0.012421431951224804,0.2064797431230545,0.03958357125520706,0,0.00028030000066792127,,,0.0,,,,,
synthetic_image,kodak24,kodim02,15,0,median_val,29.681053424337737,0.7295926213264465,0.8393732905387878,0.0132976695895195,0.2064797431230545,0.037782616913318634,0,0.0006278000000747852,,,0.0,,,,,
synthetic_image,kodak24,kodim02,15,0,bilateral_val,29.666075121280837,0.7677469253540039,0.9074820280075073,0.011118515394628048,0.2064797431230545,0.05679265037178993,0,0.12417749999985972,,,0.0,,,,,
synthetic_image,kodak24,kodim02,15,0,pm_diff_val,31.573865612416107,0.8032929301261902,0.9075278639793396,0.011404524557292461,0.2064797431230545,0.0343501940369606,5,0.005785699999250937,,,0.0,,,,,
synthetic_image,kodak24,kodim02,15,0,wavelet_bayes,30.778266939299513,0.7580404281616211,0.8986955285072327,0.012185582891106606,0.2064797431230545,0.05565363168716431,0,0.003342599999086815,,,0.0,,,,,
synthetic_image,kodak24,kodim02,15,0,nlm,32.37903956998137,0.8337113857269287,0.9314002990722656,0.00967987161129713,0.2064797431230545,0.03806110471487045,0,0.043375100000048405,,,0.0,,,,,
synthetic_image,kodak24,kodim02,15,0,bm3d,34.71984747479861,0.8848382830619812,0.9596890211105347,0.007621971424669027,0.2064797431230545,0.037487588822841644,0,1.688593699998819,,,0.0,,,,,
synthetic_image,kodak24,kodim02,15,0,fdncnn_color,35.17539083300429,0.892346203327179,0.9659378528594971,0.007106238044798374,0.2064797431230545,0.03953804448246956,0,1.3197510999998485,,,0.0,,,,,
synthetic_image,kodak24,kodim02,15,0,ectv_fdncnn,35.17539083300429,0.892346203327179,0.9659378528594971,0.007106238044798374,0.2064797431230545,0.03953804448246956,0,1.32221059999938,0.1725764484378941,0.16694169864058495,0.8488381630355155,0.32,,0.3333333333333333,1.0,1.0
synthetic_image,kodak24,kodim02,15,1,noisy,24.740283283414605,0.41296207904815674,0.831795334815979,0.025447925552725792,0.20570695400238037,0.20570695400238037,0,0.0,0.0,0.0,0.0,,,,,
synthetic_image,kodak24,kodim02,15,1,ectv,25.637531000968373,0.45236077904701233,0.8415620923042297,0.02343490906059742,0.20570695400238037,0.18186306953430176,1,0.019740900001124828,0.023843897597316383,0.023843884468078613,0.8488381630355155,0.04,,,,
synthetic_image,kodak24,kodim02,15,1,ectv_fidelity,32.443958925116775,0.8242930769920349,0.9331165552139282,0.009915487840771675,0.20570695400238037,0.03313050791621208,11,0.06754559999899357,0.1725764484378941,0.1725764460861683,0.8488381630355155,0.32,0.08,0.3333333333333333,,
synthetic_image,kodak24,kodim02,15,1,tv_maxiter,32.446265307077894,0.834743082523346,0.9246695637702942,0.010525531135499477,0.20570695400238037,0.027288218960165977,22,0.07054009999956179,inf,0.1784187350422144,0.8488381630355155,,,,,
synthetic_image,kodak24,kodim02,15,1,tv_fixedk_val,32.50020637982243,0.8382236361503601,0.9245972633361816,0.01061847060918808,0.20570695400238037,0.02718876488506794,40,0.10862189999897964,,0.17851818911731243,0.8488381630355155,,,,,
synthetic_image,kodak24,kodim02,15,1,tv_discrepancy,32.446265307077894,0.834743082523346,0.9246695637702942,0.010525531135499477,0.20570695400238037,0.027288218960165977,22,0.06107229999906849,,0.1784187350422144,0.8488381630355155,,,,,
synthetic_image,kodak24,kodim02,15,1,tv_chambolle_val,32.017747828668185,0.8179029822349548,0.9187609553337097,0.010891770012676716,0.20570695400238037,0.0322883240878582,0,0.011665500000162865,,,0.0,,,,,
synthetic_image,kodak24,kodim02,15,1,gaussian_val,30.456654846181873,0.7805380821228027,0.8797481656074524,0.012549038976430893,0.20570695400238037,0.03940931707620621,0,0.0003246000014769379,,,0.0,,,,,
synthetic_image,kodak24,kodim02,15,1,median_val,29.726901114730452,0.7327253222465515,0.8405047655105591,0.013115541078150272,0.20570695400238037,0.03755920007824898,0,0.00072829999953683,,,0.0,,,,,
synthetic_image,kodak24,kodim02,15,1,bilateral_val,29.59340276965808,0.7662447094917297,0.9034222960472107,0.011239446699619293,0.20570695400238037,0.05615772679448128,0,0.12585679999938293,,,0.0,,,,,
synthetic_image,kodak24,kodim02,15,1,pm_diff_val,31.523308332041275,0.8024210929870605,0.902864933013916,0.011470167897641659,0.20570695400238037,0.03414810076355934,5,0.005142399999385816,,,0.0,,,,,
synthetic_image,kodak24,kodim02,15,1,wavelet_bayes,30.76470444612967,0.7588398456573486,0.8990522623062134,0.012155450880527496,0.20570695400238037,0.054439667612314224,0,0.003202100000635255,,,0.0,,,,,
synthetic_image,kodak24,kodim02,15,1,nlm,32.19656833870755,0.8312477469444275,0.9256545305252075,0.00994466245174408,0.20570695400238037,0.03696948662400246,0,0.04073629999948025,,,0.0,,,,,
synthetic_image,kodak24,kodim02,15,1,bm3d,34.64610716818174,0.8833903670310974,0.9582368731498718,0.007756248582154512,0.20570695400238037,0.03677194193005562,0,1.726742100001502,,,0.0,,,,,
synthetic_image,kodak24,kodim02,15,1,fdncnn_color,35.14609814183606,0.891560971736908,0.9652215838432312,0.007130877114832401,0.20570695400238037,0.03848123177886009,0,1.3038998000010906,,,0.0,,,,,
synthetic_image,kodak24,kodim02,15,1,ectv_fdncnn,35.14609814183606,0.891560971736908,0.9652215838432312,0.007130877114832401,0.20570695400238037,0.03848123177886009,0,1.3061449000015273,0.1725764484378941,0.16722572222352028,0.8488381630355155,0.32,,0.3333333333333333,1.0,1.0
synthetic_image,kodak24,kodim02,15,2,noisy,24.728056856354023,0.4153774082660675,0.8309590220451355,0.025746069848537445,0.2066476196050644,0.2066476196050644,0,0.0,0.0,0.0,0.0,,,,,
synthetic_image,kodak24,kodim02,15,2,ectv,25.62563060342184,0.4548395872116089,0.8407723307609558,0.023683857172727585,0.2066476196050644,0.18280373513698578,1,0.020284100000935723,0.023843897597316383,0.023843884468078613,0.8488381630355155,0.04,,,,
synthetic_image,kodak24,kodim02,15,2,ectv_fidelity,32.465781694238785,0.8260855674743652,0.9360737800598145,0.009902166202664375,0.2066476196050644,0.0340711735188961,10,0.04482789999929082,0.1725764484378941,0.1725764460861683,0.8488381630355155,0.32,0.08,0.3333333333333333,,
synthetic_image,kodak24,kodim02,15,2,tv_maxiter,32.45095874889672,0.8375102877616882,0.9268682599067688,0.010552735067903996,0.2066476196050644,0.027190128341317177,22,0.06233470000006491,inf,0.17945749126374722,0.8488381630355155,,,,,
synthetic_image,kodak24,kodim02,15,2,tv_fixedk_val,32.49921857449531,0.840704619884491,0.9267780184745789,0.010650294832885265,0.2066476196050644,0.027073390781879425,40,0.1125332999999955,,0.17957422882318497,0.8488381630355155,,,,,
synthetic_image,kodak24,kodim02,15,2,tv_discrepancy,32.45095874889672,0.8375102877616882,0.9268682599067688,0.010552735067903996,0.2066476196050644,0.027190128341317177,22,0.0655438999983744,,0.17945749126374722,0.8488381630355155,,,,,
synthetic_image,kodak24,kodim02,15,2,tv_chambolle_val,32.022599269462255,0.820025622844696,0.9215109348297119,0.01094295084476471,0.2066476196050644,0.032188110053539276,0,0.01188700000056997,,,0.0,,,,,
synthetic_image,kodak24,kodim02,15,2,gaussian_val,30.475544115847036,0.7838783860206604,0.8798828125,0.012589288875460625,0.2066476196050644,0.03939681127667427,0,0.00030419999893638305,,,0.0,,,,,
synthetic_image,kodak24,kodim02,15,2,median_val,29.684168859310955,0.7312047481536865,0.8370643258094788,0.013338052667677402,0.2066476196050644,0.03731754049658775,0,0.0006972000010136981,,,0.0,,,,,
synthetic_image,kodak24,kodim02,15,2,bilateral_val,29.603313267539356,0.7674639821052551,0.9061093926429749,0.011219482868909836,0.2066476196050644,0.05660971626639366,0,0.13715740000043297,,,0.0,,,,,
synthetic_image,kodak24,kodim02,15,2,pm_diff_val,31.549698453745407,0.8050990104675293,0.9052271842956543,0.011537115089595318,0.2066476196050644,0.03413800895214081,5,0.005611299999145558,,,0.0,,,,,
synthetic_image,kodak24,kodim02,15,2,wavelet_bayes,30.80845512390507,0.7621158957481384,0.8984778523445129,0.012216332368552685,0.2066476196050644,0.05461995676159859,0,0.0034635000010894146,,,0.0,,,,,
synthetic_image,kodak24,kodim02,15,2,nlm,32.2216058375972,0.8329735398292542,0.9276646375656128,0.009908669628202915,0.2066476196050644,0.03752532973885536,0,0.03856839999934891,,,0.0,,,,,
synthetic_image,kodak24,kodim02,15,2,bm3d,34.66111762442902,0.8861618041992188,0.959897518157959,0.007533205673098564,0.2066476196050644,0.03725498542189598,0,1.3425487999993493,,,0.0,,,,,
synthetic_image,kodak24,kodim02,15,2,fdncnn_color,35.18773566450736,0.8939647078514099,0.9663517475128174,0.007010998670011759,0.2066476196050644,0.03948359191417694,0,1.1494502999994438,,,0.0,,,,,
synthetic_image,kodak24,kodim02,15,2,ectv_fdncnn,35.18773566450736,0.8939647078514099,0.9663517475128174,0.007010998670011759,0.2066476196050644,0.03948359191417694,0,1.1513371000000916,0.1725764484378941,0.16716402769088745,0.8488381630355155,0.32,,0.3333333333333333,1.0,1.0
synthetic_image,kodak24,kodim02,25,0,noisy,20.54486705473801,0.24338962137699127,0.7176505923271179,0.04459578916430473,0.31874731183052063,0.31874731183052063,0,0.0,0.0,0.0,0.0,,,,,
synthetic_image,kodak24,kodim02,25,0,ectv,25.96697930315316,0.469155877828598,0.8013163208961487,0.02496941015124321,0.31874731183052063,0.13096006214618683,5,0.028901400000904687,0.18778726146140717,0.1877872496843338,0.6839397205857212,0.04,,,,
synthetic_image,kodak24,kodim02,25,0,ectv_fidelity,30.634458953485503,0.793872594833374,0.8952502012252808,0.011881990358233452,0.31874731183052063,0.027654306963086128,80,0.20606349999980011,0.33330865074633204,0.2910930048674345,0.6839397205857212,0.32,0.12,0.3333333333333333,,
synthetic_image,kodak24,kodim02,25,0,tv_maxiter,29.435387571852175,0.683664083480835,0.8861150145530701,0.013501209206879139,0.31874731183052063,0.06448709219694138,21,0.05547909999950207,inf,0.25426021963357925,0.6839397205857212,,,,,
synthetic_image,kodak24,kodim02,25,0,tv_fixedk_val,29.501559010760452,0.6879116892814636,0.8874514698982239,0.013376390561461449,0.31874731183052063,0.0641862154006958,40,0.10544400000071619,,0.25456109642982483,0.6839397205857212,,,,,
synthetic_image,kodak24,kodim02,25,0,tv_discrepancy,29.435387571852175,0.683664083480835,0.8861150145530701,0.013501209206879139,0.31874731183052063,0.06448709219694138,21,0.05776200000036624,,0.25426021963357925,0.6839397205857212,,,,,
synthetic_image,kodak24,kodim02,25,0,tv_chambolle_val,30.094884164906752,0.7704538702964783,0.8675374388694763,0.01295255497097969,0.31874731183052063,0.028935430571436882,0,0.013156199998775264,,,0.0,,,,,
synthetic_image,kodak24,kodim02,25,0,gaussian_val,28.652287317811926,0.6602328419685364,0.8240814208984375,0.01602081023156643,0.31874731183052063,0.05224815756082535,0,0.0002755999994406011,,,0.0,,,,,
synthetic_image,kodak24,kodim02,25,0,median_val,28.1410752936109,0.6275438666343689,0.7933366894721985,0.015642786398530006,0.31874731183052063,0.05093638598918915,0,0.0006128000004537171,,,0.0,,,,,
synthetic_image,kodak24,kodim02,25,0,bilateral_val,26.950886293079627,0.6510573625564575,0.8151178956031799,0.014548144303262234,0.31874731183052063,0.06945598870515823,0,0.12316300000020419,,,0.0,,,,,
synthetic_image,kodak24,kodim02,25,0,pm_diff_val,29.461674255927118,0.7072197794914246,0.8556700348854065,0.014005716890096664,0.31874731183052063,0.04077654704451561,5,0.006203700000696699,,,0.0,,,,,
synthetic_image,kodak24,kodim02,25,0,wavelet_bayes,28.476825676758462,0.6950092315673828,0.8011317253112793,0.01514811534434557,0.31874731183052063,0.04285556450486183,0,0.0031172000017249957,,,0.0,,,,,
synthetic_image,kodak24,kodim02,25,0,nlm,29.378783788203613,0.7625861167907715,0.8755372762680054,0.012378240935504436,0.31874731183052063,0.035799819976091385,0,0.03883539999878849,,,0.0,,,,,
synthetic_image,kodak24,kodim02,25,0,bm3d,32.17022940686952,0.8381902575492859,0.925056517124176,0.009777577593922615,0.31874731183052063,0.030983177945017815,0,1.3616222000000562,,,0.0,,,,,
synthetic_image,kodak24,kodim02,25,0,fdncnn_color,32.90700791075966,0.8499262928962708,0.9405280947685242,0.008998095989227295,0.31874731183052063,0.03244147449731827,0,1.1612638999995397,,,0.0,,,,,
synthetic_image,kodak24,kodim02,25,0,ectv_fdncnn,32.90700791075966,0.8499262928962708,0.9405280947685242,0.008998095989227295,0.31874731183052063,0.03244147449731827,0,1.1632831999995688,0.33330865074633204,0.28630583733320236,0.6839397205857212,0.32,,0.3333333333333333,1.0,1.0
synthetic_image,kodak24,kodim02,25,1,noisy,20.565408186099603,0.24154110252857208,0.713012158870697,0.044209085404872894,0.3176932632923126,0.3176932632923126,0,0.0,0.0,0.0,0.0,,,,,
synthetic_image,kodak24,kodim02,25,1,ectv,25.995098474924024,0.4685574471950531,0.7966628074645996,0.02495320327579975,0.3176932632923126,0.12990601360797882,5,0.03166830000009213,0.18778726146140717,0.1877872496843338,0.6839397205857212,0.04,,,,
synthetic_image,kodak24,kodim02,25,1,ectv_fidelity,30.577284157128275,0.7918353080749512,0.8905172348022461,0.01193972397595644,0.3176932632923126,0.027545547112822533,80,0.22009070000058273,0.33330865074633204,0.2901477161794901,0.6839397205857212,0.32,0.12,0.3333333333333333,,
synthetic_image,kodak24,kodim02,25,1,tv_maxiter,29.436872645751624,0.6846752166748047,0.882495105266571,0.01358715444803238,0.3176932632923126,0.06344696879386902,21,0.05744819999927131,inf,0.2542462944984436,0.6839397205857212,,,,,
synthetic_image,kodak24,kodim02,25,1,tv_fixedk_val,29.500866731631664,0.6887707710266113,0.8837252259254456,0.01347673125565052,0.3176932632923126,0.06321603804826736,40,0.10718079999969632,,0.25447722524404526,0.6839397205857212,,,,,
synthetic_image,kodak24,kodim02,25,1,tv_discrepancy,29.436872645751624,0.6846752166748047,0.882495105266571,0.01358715444803238,0.3176932632923126,0.06344696879386902,21,0.05771129999993718,,0.2542462944984436,0.6839397205857212,,,,,
synthetic_image,kodak24,kodim02,25,1,tv_chambolle_val,30.04508817381426,0.7691563963890076,0.8634688854217529,0.012912111356854439,0.3176932632923126,0.02880353480577469,0,0.012704200000371202,,,0.0,,,,,
synthetic_image,kodak24,kodim02,25,1,gaussian_val,28.637293091836213,0.6596086025238037,0.8198762536048889,0.01616341806948185,0.3176932632923126,0.0519581213593483,0,0.0002677000011317432,,,0.0,,,,,
synthetic_image,kodak24,kodim02,25,1,median_val,28.20163018223591,0.6324746608734131,0.8026675581932068,0.015226850286126137,0.3176932632923126,0.05054404214024544,0,0.0005800999988423428,,,0.0,,,,,
synthetic_image,kodak24,kodim02,25,1,bilateral_val,26.942610008292895,0.6506124138832092,0.8134400248527527,0.014577360823750496,0.3176932632923126,0.06868574768304825,0,0.124341299999287,,,0.0,,,,,
synthetic_image,kodak24,kodim02,25,1,pm_diff_val,29.43117511206293,0.7074014544487,0.8514952659606934,0.01404349971562624,0.3176932632923126,0.04049620404839516,5,0.005838600000060978,,,0.0,,,,,
synthetic_image,kodak24,kodim02,25,1,wavelet_bayes,28.484671014395886,0.6976763606071472,0.8066040277481079,0.014908939599990845,0.3176932632923126,0.041394948959350586,0,0.0034285999990970595,,,0.0,,,,,
synthetic_image,kodak24,kodim02,25,1,nlm,29.290120082637454,0.7610618472099304,0.8651368618011475,0.0125536248087883,0.3176932632923126,0.03490658104419708,0,0.040067600000838866,,,0.0,,,,,
synthetic_image,kodak24,kodim02,25,1,bm3d,31.867109115736163,0.8356744647026062,0.9205401539802551,0.010023334994912148,0.3176932632923126,0.029834838584065437,0,1.3224601999991137,,,0.0,,,,,
synthetic_image,kodak24,kodim02,25,1,fdncnn_color,32.845208793242065,0.848275363445282,0.938901424407959,0.009085088036954403,0.3176932632923126,0.031506799161434174,0,1.1513204999992013,,,0.0,,,,,
synthetic_image,kodak24,kodim02,25,1,ectv_fdncnn,32.845208793242065,0.848275363445282,0.938901424407959,0.009085088036954403,0.3176932632923126,0.031506799161434174,0,1.1536305999998149,0.33330865074633204,0.28618646413087845,0.6839397205857212,0.32,,0.3333333333333333,1.0,1.0
synthetic_image,kodak24,kodim02,25,2,noisy,20.547940688047532,0.24396686255931854,0.7121851444244385,0.0448240302503109,0.319256454706192,0.319256454706192,0,0.0,0.0,0.0,0.0,,,,,
synthetic_image,kodak24,kodim02,25,2,ectv,25.968073218943548,0.47172975540161133,0.7949026226997375,0.025221021845936775,0.319256454706192,0.13146920502185822,5,0.03040340000006836,0.18778726146140717,0.1877872496843338,0.6839397205857212,0.04,,,,
synthetic_image,kodak24,kodim02,25,2,ectv_fidelity,30.574318887269023,0.7948126792907715,0.8921048641204834,0.012029968202114105,0.319256454706192,0.027340225875377655,80,0.21123530000113533,0.33330865074633204,0.29191622883081436,0.6839397205857212,0.32,0.12,0.3333333333333333,,
synthetic_image,kodak24,kodim02,25,2,tv_maxiter,29.455496087543224,0.6897926330566406,0.8822951912879944,0.013626732863485813,0.319256454706192,0.063900426030159,21,0.056158499999583,inf,0.255356028676033,0.6839397205857212,,,,,
synthetic_image,kodak24,kodim02,25,2,tv_fixedk_val,29.51908022239322,0.6939316391944885,0.8836264610290527,0.01351128425449133,0.319256454706192,0.0636175349354744,40,0.10606539999935194,,0.2556389197707176,0.6839397205857212,,,,,
synthetic_image,kodak24,kodim02,25,2,tv_discrepancy,29.455496087543224,0.6897926330566406,0.8822951912879944,0.013626732863485813,0.319256454706192,0.063900426030159,21,0.058995499999582535,,0.255356028676033,0.6839397205857212,,,,,
synthetic_image,kodak24,kodim02,25,2,tv_chambolle_val,30.028291629231948,0.7713579535484314,0.8640216588973999,0.013096264563500881,0.319256454706192,0.028630457818508148,0,0.012339000000793021,,,0.0,,,,,
synthetic_image,kodak24,kodim02,25,2,gaussian_val,28.668369372161692,0.6645981669425964,0.8182417154312134,0.016206607222557068,0.319256454706192,0.05190977081656456,0,0.0002678000000742031,,,0.0,,,,,
synthetic_image,kodak24,kodim02,25,2,median_val,28.14921821485447,0.628914475440979,0.7904799580574036,0.01557927206158638,0.319256454706192,0.05023643374443054,0,0.00065569999969739,,,0.0,,,,,
synthetic_image,kodak24,kodim02,25,2,bilateral_val,26.90967034149733,0.6502596735954285,0.8117758631706238,0.014718790538609028,0.319256454706192,0.06937377899885178,0,0.12200619999930495,,,0.0,,,,,
synthetic_image,kodak24,kodim02,25,2,pm_diff_val,29.469131687188334,0.7115386128425598,0.8516448140144348,0.014140940271317959,0.319256454706192,0.0404457226395607,5,0.005339199999070843,,,0.0,,,,,
synthetic_image,kodak24,kodim02,25,2,wavelet_bayes,28.474188222699993,0.700604259967804,0.7958099246025085,0.015179627574980259,0.319256454706192,0.0406666174530983,0,0.0033569999995961552,,,0.0,,,,,
synthetic_image,kodak24,kodim02,25,2,nlm,29.26285548650981,0.7608497738838196,0.8698233962059021,0.012602001428604126,0.319256454706192,0.03544478863477707,0,0.03865579999910551,,,0.0,,,,,
synthetic_image,kodak24,kodim02,25,2,bm3d,31.999595560738175,0.8389884829521179,0.9260489344596863,0.009746378287672997,0.319256454706192,0.030573176220059395,0,1.3578773999997793,,,0.0,,,,,
synthetic_image,kodak24,kodim02,25,2,fdncnn_color,32.890918336847335,0.8511553406715393,0.9398252367973328,0.008965537883341312,0.319256454706192,0.03226325288414955,0,1.161705799999254,,,0.0,,,,,
synthetic_image,kodak24,kodim02,25,2,ectv_fdncnn,32.890918336847335,0.8511553406715393,0.9398252367973328,0.008965537883341312,0.319256454706192,0.03226325288414955,0,1.163896099998965,0.33330865074633204,0.28699320182204247,0.6839397205857212,0.32,,0.3333333333333333,1.0,1.0
synthetic_image,kodak24,kodim02,50,0,noisy,15.202428458654113,0.10243106633424759,0.5913181304931641,0.0856989175081253,0.5704644918441772,0.5704644918441772,0,0.0,0.0,0.0,0.0,,,,,
synthetic_image,kodak24,kodim02,50,0,ectv,20.19080889627793,0.22091610729694366,0.6488091349601746,0.04839704930782318,0.5704644918441772,0.2540113627910614,27,0.07271720000062487,0.3333333333333333,0.31645312905311584,0.5091578194443671,0.04,,,,
synthetic_image,kodak24,kodim02,50,0,ectv_fidelity,26.860579856645398,0.7122028470039368,0.80222487449646,0.014939703978598118,0.5704644918441772,0.018390929326415062,80,0.21214019999933953,0.75,0.5520735625177622,0.5091578194443671,0.32,0.25,0.75,,
synthetic_image,kodak24,kodim02,50,0,tv_maxiter,20.19080889627793,0.22091610729694366,0.6488091349601746,0.04839704930782318,0.5704644918441772,0.2540113627910614,27,0.07365639999989071,inf,0.31645312905311584,0.5091578194443671,,,,,
synthetic_image,kodak24,kodim02,50,0,tv_fixedk_val,20.20667109799984,0.22141028940677643,0.649098813533783,0.048275575041770935,0.5704644918441772,0.25343599915504456,40,0.10411019999992277,,0.3170284926891327,0.5091578194443671,,,,,
synthetic_image,kodak24,kodim02,50,0,tv_discrepancy,20.19080889627793,0.22091610729694366,0.6488091349601746,0.04839704930782318,0.5704644918441772,0.2540113627910614,27,0.07386349999978847,,0.31645312905311584,0.5091578194443671,,,,,
synthetic_image,kodak24,kodim02,50,0,tv_chambolle_val,26.50125126957501,0.6519050002098083,0.7968928217887878,0.01520580891519785,0.5704644918441772,0.03069823794066906,0,0.010927500001344015,,,0.0,,,,,
synthetic_image,kodak24,kodim02,50,0,gaussian_val,24.46684130065242,0.4309637248516083,0.7007685899734497,0.025856656953692436,0.5704644918441772,0.08261078596115112,0,0.00027119999867863953,,,0.0,,,,,
synthetic_image,kodak24,kodim02,50,0,median_val,24.614529228203477,0.40887320041656494,0.6758059859275818,0.023438122123479843,0.5704644918441772,0.08706975728273392,0,0.0006525999997393228,,,0.0,,,,,
synthetic_image,kodak24,kodim02,50,0,bilateral_val,23.638516103846197,0.4811171591281891,0.6959790587425232,0.018595468252897263,0.5704644918441772,0.09832710027694702,0,0.1290181999993365,,,0.0,,,,,
synthetic_image,kodak24,kodim02,50,0,pm_diff_val,25.425537612541564,0.5077395439147949,0.7347850203514099,0.02024337649345398,0.5704644918441772,0.059187520295381546,5,0.005817999999635504,,,0.0,,,,,
synthetic_image,kodak24,kodim02,50,0,wavelet_bayes,25.154853668515344,0.6220717430114746,0.5500805377960205,0.018263602629303932,0.5704644918441772,0.02438969910144806,0,0.003546600000845501,,,0.0,,,,,
synthetic_image,kodak24,kodim02,50,0,nlm,26.24883068909149,0.6344001293182373,0.7928400635719299,0.01495412178337574,0.5704644918441772,0.048984382301568985,0,0.039603299999726005,,,0.0,,,,,
synthetic_image,kodak24,kodim02,50,0,bm3d,27.1410015598229,0.7468449473381042,0.8503698706626892,0.013323868624866009,0.5704644918441772,0.01786666363477707,0,1.3370555000001332,,,0.0,,,,,
synthetic_image,kodak24,kodim02,50,0,fdncnn_color,28.178257386993003,0.7616143226623535,0.8645694255828857,0.012674137949943542,0.5704644918441772,0.020354658365249634,0,1.162785200000144,,,0.0,,,,,
synthetic_image,kodak24,kodim02,50,0,ectv_fdncnn,28.178257386993003,0.7616143226623535,0.8645694255828857,0.012674137949943542,0.5704644918441772,0.020354658365249634,0,1.164726699998937,0.75,0.5501098334789276,0.5091578194443671,0.32,,0.75,1.0,1.0
synthetic_image,kodak24,kodim02,50,1,noisy,15.209761431004761,0.09990864247083664,0.5874953269958496,0.08511069416999817,0.5697872042655945,0.5697872042655945,0,0.0,0.0,0.0,0.0,,,,,
synthetic_image,kodak24,kodim02,50,1,ectv,20.209896709407175,0.2178480178117752,0.6455631256103516,0.04808724671602249,0.5697872042655945,0.2531474530696869,27,0.0715490000002319,0.3333333333333333,0.3166397511959076,0.5091578194443671,0.04,,,,
synthetic_image,kodak24,kodim02,50,1,ectv_fidelity,26.850312612339277,0.7112531661987305,0.8026790022850037,0.014877080917358398,0.5697872042655945,0.018446197733283043,80,0.21248000000014144,0.75,0.5513410065323114,0.5091578194443671,0.32,0.25,0.75,,
synthetic_image,kodak24,kodim02,50,1,tv_maxiter,20.209896709407175,0.2178480178117752,0.6455631256103516,0.04808724671602249,0.5697872042655945,0.2531474530696869,27,0.07424019999962184,inf,0.3166397511959076,0.5091578194443671,,,,,
synthetic_image,kodak24,kodim02,50,1,tv_fixedk_val,20.225829302462536,0.21834677457809448,0.6458584666252136,0.047966163605451584,0.5697872042655945,0.25256893038749695,40,0.10743040000124893,,0.31721827387809753,0.5091578194443671,,,,,
synthetic_image,kodak24,kodim02,50,1,tv_discrepancy,20.209896709407175,0.2178480178117752,0.6455631256103516,0.04808724671602249,0.5697872042655945,0.2531474530696869,27,0.07336020000002463,,0.3166397511959076,0.5091578194443671,,,,,
synthetic_image,kodak24,kodim02,50,1,tv_chambolle_val,26.501302113996665,0.6518537402153015,0.8000392317771912,0.01507817953824997,0.5697872042655945,0.03076159954071045,0,0.010223999999652733,,,0.0,,,,,
synthetic_image,kodak24,kodim02,50,1,gaussian_val,24.468551436239792,0.4298752248287201,0.698545515537262,0.025894440710544586,0.5697872042655945,0.08222891390323639,0,0.0002783999989333097,,,0.0,,,,,
synthetic_image,kodak24,kodim02,50,1,median_val,24.704307023150974,0.4161914885044098,0.6909434795379639,0.02277822047472,0.5697872042655945,0.08622276782989502,0,0.0006156999988888856,,,0.0,,,,,
synthetic_image,kodak24,kodim02,50,1,bilateral_val,23.588895018273707,0.4803827702999115,0.698711097240448,0.018550900742411613,0.5697872042655945,0.0976312905550003,0,0.12755560000005062,,,0.0,,,,,
synthetic_image,kodak24,kodim02,50,1,pm_diff_val,25.42298974670224,0.5086562633514404,0.7370542883872986,0.020139219239354134,0.5697872042655945,0.0587371364235878,5,0.005340899999282556,,,0.0,,,,,
synthetic_image,kodak24,kodim02,50,1,wavelet_bayes,25.046114907089287,0.618873655796051,0.5515477657318115,0.018311409279704094,0.5697872042655945,0.023560496047139168,0,0.003037300000869436,,,0.0,,,,,
synthetic_image,kodak24,kodim02,50,1,nlm,26.244279803404957,0.638553261756897,0.7882815599441528,0.014917131513357162,0.5697872042655945,0.04679470136761665,0,0.03657999999995809,,,0.0,,,,,
synthetic_image,kodak24,kodim02,50,1,bm3d,27.065191781004636,0.7425549626350403,0.8347065448760986,0.013442844152450562,0.5697872042655945,0.017617439851164818,0,1.9401569999990897,,,0.0,,,,,
synthetic_image,kodak24,kodim02,50,1,fdncnn_color,28.004366048386537,0.7566006779670715,0.8554630279541016,0.012875189073383808,0.5697872042655945,0.019312769174575806,0,1.3052198000004864,,,0.0,,,,,
synthetic_image,kodak24,kodim02,50,1,ectv_fdncnn,28.004366048386537,0.7566006779670715,0.8554630279541016,0.012875189073383808,0.5697872042655945,0.019312769174575806,0,1.3071861999997054,0.75,0.5504744350910187,0.5091578194443671,0.32,,0.75,1.0,1.0
synthetic_image,kodak24,kodim02,50,2,noisy,15.194796819904472,0.10159453004598618,0.5862557888031006,0.08597951382398605,0.5723319053649902,0.5723319053649902,0,0.0,0.0,0.0,0.0,,,,,
synthetic_image,kodak24,kodim02,50,2,ectv,20.204110839728095,0.22200419008731842,0.6413675546646118,0.04845552146434784,0.5723319053649902,0.25436803698539734,27,0.07374760000129754,0.3333333333333333,0.3179638683795929,0.5091578194443671,0.04,,,,
synthetic_image,kodak24,kodim02,50,2,ectv_fidelity,26.794547953374597,0.7101223468780518,0.7948501110076904,0.015102692879736423,0.5723319053649902,0.018072359263896942,80,0.2171221999997215,0.75,0.5542595461010933,0.5091578194443671,0.32,0.25,0.75,,
synthetic_image,kodak24,kodim02,50,2,tv_maxiter,20.204110839728095,0.22200419008731842,0.6413675546646118,0.04845552146434784,0.5723319053649902,0.25436803698539734,27,0.07258630000069388,inf,0.3179638683795929,0.5091578194443671,,,,,
synthetic_image,kodak24,kodim02,50,2,tv_fixedk_val,20.220061361893663,0.22250819206237793,0.641652524471283,0.04833322763442993,0.5723319053649902,0.2537856698036194,40,0.10826799999995274,,0.31854623556137085,0.5091578194443671,,,,,
synthetic_image,kodak24,kodim02,50,2,tv_discrepancy,20.204110839728095,0.22200419008731842,0.6413675546646118,0.04845552146434784,0.5723319053649902,0.25436803698539734,27,0.07413249999990512,,0.3179638683795929,0.5091578194443671,,,,,
synthetic_image,kodak24,kodim02,50,2,tv_chambolle_val,26.475349126018294,0.6550226807594299,0.789239227771759,0.015349828638136387,0.5723319053649902,0.030346950516104698,0,0.01087089999964519,,,0.0,,,,,
synthetic_image,kodak24,kodim02,50,2,gaussian_val,24.49988486792977,0.4361934959888458,0.6910073161125183,0.025871025398373604,0.5723319053649902,0.08194497227668762,0,0.0002629000009619631,,,0.0,,,,,
synthetic_image,kodak24,kodim02,50,2,median_val,24.67967118695949,0.41159549355506897,0.6683769822120667,0.023165175691246986,0.5723319053649902,0.08586491644382477,0,0.0005662999992637197,,,0.0,,,,,
synthetic_image,kodak24,kodim02,50,2,bilateral_val,23.575799480722395,0.47966107726097107,0.6984118819236755,0.01862868294119835,0.5723319053649902,0.0985247865319252,0,0.12884219999978086,,,0.0,,,,,
synthetic_image,kodak24,kodim02,50,2,pm_diff_val,25.442636594891642,0.5140393376350403,0.7264863848686218,0.020268678665161133,0.5723319053649902,0.058557040989398956,5,0.005895099999179365,,,0.0,,,,,
synthetic_image,kodak24,kodim02,50,2,wavelet_bayes,25.086396981930292,0.6222162842750549,0.5458177924156189,0.01843511499464512,0.5723319053649902,0.022670049220323563,0,0.003419700000449666,,,0.0,,,,,
synthetic_image,kodak24,kodim02,50,2,nlm,26.196474713895597,0.6368308663368225,0.7841423749923706,0.015162291936576366,0.5723319053649902,0.04696790874004364,0,0.040689299999939976,,,0.0,,,,,
synthetic_image,kodak24,kodim02,50,2,bm3d,27.009176888079026,0.7427399754524231,0.8363044261932373,0.013538871891796589,0.5723319053649902,0.01727980561554432,0,1.324606499998481,,,0.0,,,,,
synthetic_image,kodak24,kodim02,50,2,fdncnn_color,27.9683005406749,0.7565390467643738,0.8578705787658691,0.01287483237683773,0.5723319053649902,0.01923990808427334,0,1.1962375999992219,,,0.0,,,,,
synthetic_image,kodak24,kodim02,50,2,ectv_fdncnn,27.9683005406749,0.7565390467643738,0.8578705787658691,0.01287483237683773,0.5723319053649902,0.01923990808427334,0,1.1983103999991727,0.75,0.5530919972807169,0.5091578194443671,0.32,,0.75,1.0,1.0
synthetic_image,kodak24,kodim03,15,0,noisy,24.68403210364854,0.4494875967502594,0.8958387970924377,0.025065943598747253,0.20792482793331146,0.20792482793331146,0,0.0,0.0,0.0,0.0,,,,,
synthetic_image,kodak24,kodim03,15,0,ectv,25.581224637696877,0.48695310950279236,0.9037086367607117,0.023134423419833183,0.20792482793331146,0.18408094346523285,1,0.018962799998917035,0.023843897597316383,0.023843884468078613,0.8488381630355155,0.04,,,,
synthetic_image,kodak24,kodim03,15,0,ectv_fidelity,33.25836840843244,0.8909740447998047,0.9671726822853088,0.010693074204027653,0.20792482793331146,0.03534838184714317,13,0.05088830000022426,0.1725764484378941,0.1725764460861683,0.8488381630355155,0.32,0.08,0.3333333333333333,,
synthetic_image,kodak24,kodim03,15,0,tv_maxiter,33.33374518176615,0.8987551331520081,0.9652459621429443,0.010948202572762966,0.20792482793331146,0.03297017142176628,21,0.05726409999988391,inf,0.17495465651154518,0.8488381630355155,,,,,
synthetic_image,kodak24,kodim03,15,0,tv_fixedk_val,33.394137755801694,0.9010180830955505,0.9644795060157776,0.01110554113984108,0.20792482793331146,0.03287611901760101,40,0.1104193999999552,,0.17504870891571045,0.8488381630355155,,,,,
synthetic_image,kodak24,kodim03,15,0,tv_discrepancy,33.33374518176615,0.8987551331520081,0.9652459621429443,0.010948202572762966,0.20792482793331146,0.03297017142176628,21,0.05979259999912756,,0.17495465651154518,0.8488381630355155,,,,,
synthetic_image,kodak24,kodim03,15,0,tv_chambolle_val,32.57532239829348,0.8708760738372803,0.9607174396514893,0.011832267977297306,0.20792482793331146,0.04077577963471413,0,0.006660499999270542,,,0.0,,,,,
synthetic_image,kodak24,kodim03,15,0,gaussian_val,30.606284404040544,0.8199208378791809,0.9074799418449402,0.015569818206131458,0.20792482793331146,0.044231805950403214,0,0.00025520000053802505,,,0.0,,,,,
synthetic_image,kodak24,kodim03,15,0,median_val,30.367167125036598,0.8122379183769226,0.9169372320175171,0.015052755363285542,0.20792482793331146,0.04341841861605644,0,0.0005748999992647441,,,0.0,,,,,
synthetic_image,kodak24,kodim03,15,0,bilateral_val,30.142170147609754,0.8166154026985168,0.9465392827987671,0.012107621878385544,0.20792482793331146,0.06650268286466599,0,0.12902500000018335,,,0.0,,,,,
synthetic_image,kodak24,kodim03,15,0,pm_diff_val,31.720042760327463,0.8485050797462463,0.941559374332428,0.013477684929966927,0.20792482793331146,0.039098478853702545,5,0.005197299999053939,,,0.0,,,,,
synthetic_image,kodak24,kodim03,15,0,wavelet_bayes,30.417416456693452,0.77740478515625,0.9363917708396912,0.0143775325268507,0.20792482793331146,0.06326834112405777,0,0.0033191000002261717,,,0.0,,,,,
synthetic_image,kodak24,kodim03,15,0,nlm,33.4083678779248,0.8981776237487793,0.9626901149749756,0.010043211281299591,0.20792482793331146,0.04547204077243805,0,0.03748430000086955,,,0.0,,,,,
synthetic_image,kodak24,kodim03,15,0,bm3d,35.6236377019517,0.9337664246559143,0.9802396297454834,0.007674634922295809,0.20792482793331146,0.04195072501897812,0,1.4780823000000964,,,0.0,,,,,
synthetic_image,kodak24,kodim03,15,0,fdncnn_color,36.337194500281186,0.9417941570281982,0.9833280444145203,0.0070296386256814,0.20792482793331146,0.041304945945739746,0,1.3657698999995773,,,0.0,,,,,
synthetic_image,kodak24,kodim03,15,0,ectv_fdncnn,36.337194500281186,0.9417941570281982,0.9833280444145203,0.0070296386256814,0.20792482793331146,0.041304945945739746,0,1.3681446999999025,0.1725764484378941,0.16661988198757172,0.8488381630355155,0.32,,0.3333333333333333,1.0,1.0
synthetic_image,kodak24,kodim03,15,1,noisy,24.70155307616645,0.4494651257991791,0.8956940174102783,0.0250653438270092,0.20759551227092743,0.20759551227092743,0,0.0,0.0,0.0,0.0,,,,,
synthetic_image,kodak24,kodim03,15,1,ectv,25.599463940631964,0.4870852530002594,0.9034461975097656,0.023149827495217323,0.20759551227092743,0.18375164270401,1,0.019207800000003772,0.023843897597316383,0.02384386956691742,0.8488381630355155,0.04,,,,
synthetic_image,kodak24,kodim03,15,1,ectv_fidelity,33.259463685203954,0.8916314244270325,0.9663001894950867,0.010781757533550262,0.20759551227092743,0.03501906618475914,14,0.0538498999994772,0.1725764484378941,0.1725764460861683,0.8488381630355155,0.32,0.08,0.3333333333333333,,
synthetic_image,kodak24,kodim03,15,1,tv_maxiter,33.322237353312424,0.8983505368232727,0.9645586013793945,0.011020584031939507,0.20759551227092743,0.032996296882629395,21,0.057050299999900744,inf,0.17459921538829803,0.8488381630355155,,,,,
synthetic_image,kodak24,kodim03,15,1,tv_fixedk_val,33.38131853860701,0.9006864428520203,0.9639586210250854,0.011153463274240494,0.20759551227092743,0.03289764001965523,40,0.10969709999881161,,0.1746978722512722,0.8488381630355155,,,,,
synthetic_image,kodak24,kodim03,15,1,tv_discrepancy,33.322237353312424,0.8983505368232727,0.9645586013793945,0.011020584031939507,0.20759551227092743,0.032996296882629395,21,0.0600127000016073,,0.17459921538829803,0.8488381630355155,,,,,
synthetic_image,kodak24,kodim03,15,1,tv_chambolle_val,32.58551805572881,0.8714417815208435,0.9599533081054688,0.011868633329868317,0.20759551227092743,0.04072055593132973,0,0.006241399998543784,,,0.0,,,,,
synthetic_image,kodak24,kodim03,15,1,gaussian_val,30.635764523581077,0.8208222389221191,0.9080682992935181,0.015567375347018242,0.20759551227092743,0.04419279471039772,0,0.00027740000041376334,,,0.0,,,,,
synthetic_image,kodak24,kodim03,15,1,median_val,30.377119317478837,0.8144957423210144,0.9171893000602722,0.014967900700867176,0.20759551227092743,0.04325202852487564,0,0.0005983000010019168,,,0.0,,,,,
synthetic_image,kodak24,kodim03,15,1,bilateral_val,30.13407661438892,0.8167557120323181,0.9466146230697632,0.012005929835140705,0.20759551227092743,0.06616704165935516,0,0.1262406000005285,,,0.0,,,,,
synthetic_image,kodak24,kodim03,15,1,pm_diff_val,31.71987237840936,0.8489627838134766,0.9413814544677734,0.013458688743412495,0.20759551227092743,0.03905823454260826,5,0.005542200000490993,,,0.0,,,,,
synthetic_image,kodak24,kodim03,15,1,wavelet_bayes,30.429968003611933,0.7787302136421204,0.9356716871261597,0.01435158308595419,0.20759551227092743,0.06287568807601929,0,0.0031405999998241896,,,0.0,,,,,
synthetic_image,kodak24,kodim03,15,1,nlm,33.41694481082454,0.8980774879455566,0.9623575806617737,0.01002594269812107,0.20759551227092743,0.04508206993341446,0,0.03831480000008014,,,0.0,,,,,
synthetic_image,kodak24,kodim03,15,1,bm3d,35.66791480918986,0.9337825775146484,0.9803339838981628,0.007691334467381239,0.20759551227092743,0.041679587215185165,0,1.3349528999988252,,,0.0,,,,,
synthetic_image,kodak24,kodim03,15,1,fdncnn_color,36.34404183559816,0.9416230320930481,0.983262836933136,0.007082532625645399,0.20759551227092743,0.04134981706738472,0,1.1711250999996992,,,0.0,,,,,
synthetic_image,kodak24,kodim03,15,1,ectv_fdncnn,36.34404183559816,0.9416230320930481,0.983262836933136,0.007082532625645399,0.20759551227092743,0.04134981706738472,0,1.1745728000005329,0.1725764484378941,0.1662456952035427,0.8488381630355155,0.32,,0.3333333333333333,1.0,1.0
synthetic_image,kodak24,kodim03,15,2,noisy,24.691642165041895,0.45029234886169434,0.8941680788993835,0.02524576336145401,0.2081252485513687,0.2081252485513687,0,0.0,0.0,0.0,0.0,,,,,
synthetic_image,kodak24,kodim03,15,2,ectv,25.58902333354966,0.4879596531391144,0.9020967483520508,0.023317061364650726,0.2081252485513687,0.1842813789844513,1,0.02027049999924202,0.023843897597316383,0.02384386956691742,0.8488381630355155,0.04,,,,
synthetic_image,kodak24,kodim03,15,2,ectv_fidelity,33.23827660932294,0.8916016221046448,0.9672930836677551,0.010712666437029839,0.2081252485513687,0.035548802465200424,13,0.052167499999995925,0.1725764484378941,0.1725764460861683,0.8488381630355155,0.32,0.08,0.3333333333333333,,
synthetic_image,kodak24,kodim03,15,2,tv_maxiter,33.30741159002071,0.8991020321846008,0.9650740623474121,0.011006545275449753,0.2081252485513687,0.03290214017033577,21,0.058499400000073365,inf,0.17522310838103294,0.8488381630355155,,,,,
synthetic_image,kodak24,kodim03,15,2,tv_fixedk_val,33.36862549084166,0.9012699127197266,0.9643949866294861,0.011146766133606434,0.2081252485513687,0.032812077552080154,40,0.10760680000021239,,0.17531317099928856,0.8488381630355155,,,,,
synthetic_image,kodak24,kodim03,15,2,tv_discrepancy,33.30741159002071,0.8991020321846008,0.9650740623474121,0.011006545275449753,0.2081252485513687,0.03290214017033577,21,0.06265499999972235,,0.17522310838103294,0.8488381630355155,,,,,
synthetic_image,kodak24,kodim03,15,2,tv_chambolle_val,32.58055929461429,0.8734506964683533,0.9606917500495911,0.011812258511781693,0.2081252485513687,0.04068422690033913,0,0.007431899999573943,,,0.0,,,,,
synthetic_image,kodak24,kodim03,15,2,gaussian_val,30.63604248512027,0.823361337184906,0.9072971940040588,0.015560483559966087,0.2081252485513687,0.04410844296216965,0,0.00029100000028847717,,,0.0,,,,,
synthetic_image,kodak24,kodim03,15,2,median_val,30.388518466345783,0.8139371871948242,0.9170259833335876,0.014987112954258919,0.2081252485513687,0.043289441615343094,0,0.0006524000000354135,,,0.0,,,,,
synthetic_image,kodak24,kodim03,15,2,bilateral_val,30.12713684593411,0.817452609539032,0.9465279579162598,0.012024857103824615,0.2081252485513687,0.06649146974086761,0,0.11941169999954582,,,0.0,,,,,
synthetic_image,kodak24,kodim03,15,2,pm_diff_val,31.719255554833076,0.8513595461845398,0.9413800239562988,0.013470590114593506,0.2081252485513687,0.03896646946668625,5,0.00550440000006347,,,0.0,,,,,
synthetic_image,kodak24,kodim03,15,2,wavelet_bayes,30.4259353111527,0.7807666659355164,0.9363570809364319,0.014370395801961422,0.2081252485513687,0.06271667778491974,0,0.0035811000016110484,,,0.0,,,,,
synthetic_image,kodak24,kodim03,15,2,nlm,33.368162368209184,0.8980663418769836,0.9625245928764343,0.010047289542853832,0.2081252485513687,0.044794920831918716,0,0.03859499999998661,,,0.0,,,,,
synthetic_image,kodak24,kodim03,15,2,bm3d,35.60009786462494,0.9335535168647766,0.9803356528282166,0.00767088495194912,0.2081252485513687,0.04186476022005081,0,1.3377520000012737,,,0.0,,,,,
synthetic_image,kodak24,kodim03,15,2,fdncnn_color,36.31834287536868,0.9420179724693298,0.9833916425704956,0.00703158276155591,0.2081252485513687,0.04152202606201172,0,1.1571094999999332,,,0.0,,,,,
synthetic_image,kodak24,kodim03,15,2,ectv_fdncnn,36.31834287536868,0.9420179724693298,0.9833916425704956,0.00703158276155591,0.2081252485513687,0.04152202606201172,0,1.1596201000011206,0.1725764484378941,0.166603222489357,0.8488381630355155,0.32,,0.3333333333333333,1.0,1.0
synthetic_image,kodak24,kodim03,25,0,noisy,20.34299691502423,0.2831827402114868,0.785407304763794,0.04414018616080284,0.3265019357204437,0.3265019357204437,0,0.0,0.0,0.0,0.0,,,,,
synthetic_image,kodak24,kodim03,25,0,ectv,25.651931749270457,0.49607715010643005,0.8648518919944763,0.025837326422333717,0.3265019357204437,0.13871468603610992,5,0.02860099999998056,0.18778726146140717,0.1877872496843338,0.6839397205857212,0.04,,,,
synthetic_image,kodak24,kodim03,25,0,ectv_fidelity,31.075714649517913,0.8568782210350037,0.9430554509162903,0.013243909925222397,0.3265019357204437,0.03555548936128616,80,0.2133244000015111,0.33330865074633204,0.29094644635915756,0.6839397205857212,0.32,0.12,0.3333333333333333,,
synthetic_image,kodak24,kodim03,25,0,tv_maxiter,29.21064227310235,0.7077364325523376,0.9284785389900208,0.015399354510009289,0.3265019357204437,0.0725618526339531,21,0.058264400000552996,inf,0.25394008308649063,0.6839397205857212,,,,,
synthetic_image,kodak24,kodim03,25,0,tv_fixedk_val,29.281391758342576,0.7121243476867676,0.929475724697113,0.015271720476448536,0.3265019357204437,0.07229777425527573,40,0.10760579999987385,,0.254204161465168,0.6839397205857212,,,,,
synthetic_image,kodak24,kodim03,25,0,tv_discrepancy,29.21064227310235,0.7077364325523376,0.9284785389900208,0.015399354510009289,0.3265019357204437,0.0725618526339531,21,0.05925339999885182,,0.25394008308649063,0.6839397205857212,,,,,
synthetic_image,kodak24,kodim03,25,0,tv_chambolle_val,30.174702777562757,0.819484531879425,0.9321248531341553,0.014381391927599907,0.3265019357204437,0.038303226232528687,0,0.010892199999943841,,,0.0,,,,,
synthetic_image,kodak24,kodim03,25,0,gaussian_val,28.620085249009936,0.6975657343864441,0.8691802024841309,0.01932234689593315,0.3265019357204437,0.0574219785630703,0,0.0002655000007507624,,,0.0,,,,,
synthetic_image,kodak24,kodim03,25,0,median_val,28.35577640195407,0.7039201259613037,0.8619202971458435,0.018931100144982338,0.3265019357204437,0.055598098784685135,0,0.0005928999999014195,,,0.0,,,,,
synthetic_image,kodak24,kodim03,25,0,bilateral_val,26.3664409423656,0.672797679901123,0.8727031350135803,0.018096936866641045,0.3265019357204437,0.08528415113687515,0,0.1237619999992603,,,0.0,,,,,
synthetic_image,kodak24,kodim03,25,0,pm_diff_val,29.30905191406344,0.748530924320221,0.8948204517364502,0.01742503046989441,0.3265019357204437,0.04591340944170952,5,0.006135500001619221,,,0.0,,,,,
synthetic_image,kodak24,kodim03,25,0,wavelet_bayes,27.871901081387914,0.7105912566184998,0.8465010523796082,0.019632505252957344,0.3265019357204437,0.05288616940379143,0,0.003147599998555961,,,0.0,,,,,
synthetic_image,kodak24,kodim03,25,0,nlm,30.803098710112966,0.8445194363594055,0.9311857223510742,0.013344922102987766,0.3265019357204437,0.0459628626704216,0,0.03880390000085754,,,0.0,,,,,
synthetic_image,kodak24,kodim03,25,0,bm3d,33.00407576844856,0.8984596729278564,0.9615293741226196,0.010266711935400963,0.3265019357204437,0.03778480738401413,0,1.3199153000005026,,,0.0,,,,,
synthetic_image,kodak24,kodim03,25,0,fdncnn_color,33.74246241070513,0.9090848565101624,0.9670681357383728,0.009484825655817986,0.3265019357204437,0.036575812846422195,0,1.1583699000002525,,,0.0,,,,,
synthetic_image,kodak24,kodim03,25,0,ectv_fdncnn,33.74246241070513,0.9090848565101624,0.9670681357383728,0.009484825655817986,0.3265019357204437,0.036575812846422195,0,1.1603269999995973,0.33330865074633204,0.28992612287402153,0.6839397205857212,0.32,,0.3333333333333333,1.0,1.0
synthetic_image,kodak24,kodim03,25,1,noisy,20.356063811146367,0.28268495202064514,0.7862452864646912,0.043979089707136154,0.3261040151119232,0.3261040151119232,0,0.0,0.0,0.0,0.0,,,,,
synthetic_image,kodak24,kodim03,25,1,ectv,25.669133706941793,0.4966062009334564,0.8642117977142334,0.02590719237923622,0.3261040151119232,0.13831676542758942,5,0.0290050000003248,0.18778726146140717,0.1877872496843338,0.6839397205857212,0.04,,,,
synthetic_image,kodak24,kodim03,25,1,ectv_fidelity,31.03609364035052,0.8561405539512634,0.9422439336776733,0.013292835094034672,0.3261040151119232,0.03550536185503006,80,0.2115198000010423,0.33330865074633204,0.29059865325689316,0.6839397205857212,0.32,0.12,0.3333333333333333,,
synthetic_image,kodak24,kodim03,25,1,tv_maxiter,29.224324812131854,0.7095046639442444,0.9277045130729675,0.01541321724653244,0.3261040151119232,0.07219434529542923,21,0.05717510000067705,inf,0.253909669816494,0.6839397205857212,,,,,
synthetic_image,kodak24,kodim03,25,1,tv_fixedk_val,29.29291640573527,0.7137549519538879,0.9286938905715942,0.015285943634808064,0.3261040151119232,0.0719742402434349,40,0.10753160000058415,,0.2541297748684883,0.6839397205857212,,,,,
synthetic_image,kodak24,kodim03,25,1,tv_discrepancy,29.224324812131854,0.7095046639442444,0.9277045130729675,0.01541321724653244,0.3261040151119232,0.07219434529542923,21,0.06146709999848099,,0.253909669816494,0.6839397205857212,,,,,
synthetic_image,kodak24,kodim03,25,1,tv_chambolle_val,30.13362926494745,0.8173319697380066,0.9307919144630432,0.014446079730987549,0.3261040151119232,0.03844324126839638,0,0.010450100000525708,,,0.0,,,,,
synthetic_image,kodak24,kodim03,25,1,gaussian_val,28.643775624895337,0.6989036202430725,0.8696964979171753,0.019370801746845245,0.3261040151119232,0.057389553636312485,0,0.00026020000041171443,,,0.0,,,,,
synthetic_image,kodak24,kodim03,25,1,median_val,28.362946573537435,0.7070066928863525,0.8626418113708496,0.01883133314549923,0.3261040151119232,0.055336859077215195,0,0.0005877999992662808,,,0.0,,,,,
synthetic_image,kodak24,kodim03,25,1,bilateral_val,26.40851854604938,0.673673689365387,0.8761492967605591,0.01790863461792469,0.3261040151119232,0.08469420671463013,0,0.13484319999952277,,,0.0,,,,,
synthetic_image,kodak24,kodim03,25,1,pm_diff_val,29.279747035170587,0.7493694424629211,0.8946205377578735,0.01748678646981716,0.3261040151119232,0.04586227983236313,5,0.005156300001544878,,,0.0,,,,,
synthetic_image,kodak24,kodim03,25,1,wavelet_bayes,27.863578901611632,0.7113156914710999,0.8459475636482239,0.019574619829654694,0.3261040151119232,0.052747782319784164,0,0.0034433000000717584,,,0.0,,,,,
synthetic_image,kodak24,kodim03,25,1,nlm,30.796417546256812,0.8452197909355164,0.9307301044464111,0.01335122436285019,0.3261040151119232,0.04463990405201912,0,0.037171800000578514,,,0.0,,,,,
synthetic_image,kodak24,kodim03,25,1,bm3d,32.97835983167657,0.8991627097129822,0.9620806574821472,0.010241728276014328,0.3261040151119232,0.03749291971325874,0,1.3341006000009656,,,0.0,,,,,
synthetic_image,kodak24,kodim03,25,1,fdncnn_color,33.74130366516969,0.911320149898529,0.967605710029602,0.009394371882081032,0.3261040151119232,0.036743901669979095,0,1.1565774000009696,,,0.0,,,,,
synthetic_image,kodak24,kodim03,25,1,ectv_fdncnn,33.74130366516969,0.911320149898529,0.967605710029602,0.009394371882081032,0.3261040151119232,0.036743901669979095,0,1.158639300001596,0.33330865074633204,0.2893601134419441,0.6839397205857212,0.32,,0.3333333333333333,1.0,1.0
synthetic_image,kodak24,kodim03,25,2,noisy,20.35189708513836,0.2834986746311188,0.7832595109939575,0.04434585943818092,0.3268996477127075,0.3268996477127075,0,0.0,0.0,0.0,0.0,,,,,
synthetic_image,kodak24,kodim03,25,2,ectv,25.662794701599747,0.49816468358039856,0.8624425530433655,0.026108376681804657,0.3268996477127075,0.13911239802837372,5,0.03035749999980908,0.18778726146140717,0.1877872496843338,0.6839397205857212,0.04,,,,
synthetic_image,kodak24,kodim03,25,2,ectv_fidelity,31.050807563666982,0.8579251170158386,0.9426677227020264,0.01332416757941246,0.3268996477127075,0.03529498353600502,80,0.20812579999983427,0.33330865074633204,0.2916046641767025,0.6839397205857212,0.32,0.12,0.3333333333333333,,
synthetic_image,kodak24,kodim03,25,2,tv_maxiter,29.2594152073833,0.7152743935585022,0.9284231662750244,0.015317928045988083,0.3268996477127075,0.07195212692022324,21,0.0567735000004177,inf,0.2549475207924843,0.6839397205857212,,,,,
synthetic_image,kodak24,kodim03,25,2,tv_fixedk_val,29.32888050126976,0.7196334004402161,0.9294078350067139,0.015192607417702675,0.3268996477127075,0.07169779390096664,40,0.10587370000030205,,0.2552018538117409,0.6839397205857212,,,,,
synthetic_image,kodak24,kodim03,25,2,tv_discrepancy,29.2594152073833,0.7152743935585022,0.9284231662750244,0.015317928045988083,0.3268996477127075,0.07195212692022324,21,0.058059399998455774,,0.2549475207924843,0.6839397205857212,,,,,
synthetic_image,kodak24,kodim03,25,2,tv_chambolle_val,30.144227752519313,0.8216335773468018,0.9306061863899231,0.014453327283263206,0.3268996477127075,0.03802080452442169,0,0.010656000000381027,,,0.0,,,,,
synthetic_image,kodak24,kodim03,25,2,gaussian_val,28.66490443355839,0.7028348445892334,0.8686904311180115,0.01935861073434353,0.3268996477127075,0.05717027559876442,0,0.00027690000024449546,,,0.0,,,,,
synthetic_image,kodak24,kodim03,25,2,median_val,28.37098512823738,0.7063754200935364,0.8622598648071289,0.018812596797943115,0.3268996477127075,0.05520091578364372,0,0.0007559999994555255,,,0.0,,,,,
synthetic_image,kodak24,kodim03,25,2,bilateral_val,26.35512219120797,0.6739246249198914,0.8724419474601746,0.01815783977508545,0.3268996477127075,0.08531849086284637,0,0.12340380000023288,,,0.0,,,,,
synthetic_image,kodak24,kodim03,25,2,pm_diff_val,29.31573121258954,0.7535160183906555,0.8938642740249634,0.017422990873456,0.3268996477127075,0.0456799641251564,5,0.005167600000277162,,,0.0,,,,,
synthetic_image,kodak24,kodim03,25,2,wavelet_bayes,27.876543418136013,0.7139081954956055,0.8419606685638428,0.019782472401857376,0.3268996477127075,0.052675921469926834,0,0.002929700000095181,,,0.0,,,,,
synthetic_image,kodak24,kodim03,25,2,nlm,30.735716913474278,0.8445239663124084,0.9285829663276672,0.013535107485949993,0.3268996477127075,0.04520786926150322,0,0.0376949000001332,,,0.0,,,,,
synthetic_image,kodak24,kodim03,25,2,bm3d,32.960113569932005,0.8988351225852966,0.9623000621795654,0.010189038701355457,0.3268996477127075,0.037531349807977676,0,1.2896863000005396,,,0.0,,,,,
synthetic_image,kodak24,kodim03,25,2,fdncnn_color,33.749581839943716,0.9102075695991516,0.9675713777542114,0.009380954317748547,0.3268996477127075,0.03691679984331131,0,1.1484443999997893,,,0.0,,,,,
synthetic_image,kodak24,kodim03,25,2,ectv_fdncnn,33.749581839943716,0.9102075695991516,0.9675713777542114,0.009380954317748547,0.3268996477127075,0.03691679984331131,0,1.1509576000007655,0.33330865074633204,0.2899828478693962,0.6839397205857212,0.32,,0.3333333333333333,1.0,1.0
synthetic_image,kodak24,kodim03,50,0,noisy,14.73196522121355,0.1298384815454483,0.6186912655830383,0.08973236382007599,0.6053915619850159,0.6053915619850159,0,0.0,0.0,0.0,0.0,,,,,
synthetic_image,kodak24,kodim03,50,0,ectv,19.471761252196295,0.24712993204593658,0.6845082640647888,0.05401845648884773,0.6053915619850159,0.2861689627170563,27,0.07133620000058727,0.3333333333333333,0.3192225992679596,0.5091578194443671,0.04,,,,
synthetic_image,kodak24,kodim03,50,0,ectv_fidelity,27.32478215958023,0.7830987572669983,0.8754816651344299,0.017707692459225655,0.6053915619850159,0.029885679483413696,80,0.20976100000007136,0.75,0.5755058825016022,0.5091578194443671,0.32,0.25,0.75,,
synthetic_image,kodak24,kodim03,50,0,tv_maxiter,19.471761252196295,0.24712993204593658,0.6845082640647888,0.05401845648884773,0.6053915619850159,0.2861689627170563,27,0.07321679999949993,inf,0.3192225992679596,0.5091578194443671,,,,,
synthetic_image,kodak24,kodim03,50,0,tv_fixedk_val,19.48678244397007,0.24757294356822968,0.6848153471946716,0.05390160530805588,0.6053915619850159,0.2855759859085083,40,0.1056760999999824,,0.31981557607650757,0.5091578194443671,,,,,
synthetic_image,kodak24,kodim03,50,0,tv_discrepancy,19.471761252196295,0.24712993204593658,0.6845082640647888,0.05401845648884773,0.6053915619850159,0.2861689627170563,27,0.07589000000007218,,0.3192225992679596,0.5091578194443671,,,,,
synthetic_image,kodak24,kodim03,50,0,tv_chambolle_val,26.313964221262587,0.6562829613685608,0.8553416132926941,0.01881963200867176,0.6053915619850159,0.04861420765519142,0,0.007825599999705446,,,0.0,,,,,
synthetic_image,kodak24,kodim03,50,0,gaussian_val,24.38504284687777,0.46578076481819153,0.7507821917533875,0.030410682782530785,0.6053915619850159,0.09019318222999573,0,0.00030359999982465524,,,0.0,,,,,
synthetic_image,kodak24,kodim03,50,0,median_val,24.582413408317045,0.48109257221221924,0.7265985012054443,0.027999337762594223,0.6053915619850159,0.09005920588970184,0,0.0005909999999857973,,,0.0,,,,,
synthetic_image,kodak24,kodim03,50,0,bilateral_val,22.226684410922054,0.4364596903324127,0.6702080965042114,0.027015844359993935,0.6053915619850159,0.11896849423646927,0,0.12605489999987185,,,0.0,,,,,
synthetic_image,kodak24,kodim03,50,0,pm_diff_val,25.381234099189363,0.5409817099571228,0.785139799118042,0.0252127256244421,0.6053915619850159,0.06590569019317627,5,0.005459800000608084,,,0.0,,,,,
synthetic_image,kodak24,kodim03,50,0,wavelet_bayes,24.76944024844839,0.6252409219741821,0.6068432927131653,0.02647940069437027,0.6053915619850159,0.03485811874270439,0,0.003483500000584172,,,0.0,,,,,
synthetic_image,kodak24,kodim03,50,0,nlm,26.43806363986012,0.6959365010261536,0.8339099287986755,0.019697608426213264,0.6053915619850159,0.05541785806417465,0,0.04043220000130532,,,0.0,,,,,
synthetic_image,kodak24,kodim03,50,0,bm3d,28.913672431799704,0.8325865864753723,0.9099991917610168,0.01476924866437912,0.6053915619850159,0.03133039176464081,0,1.3575994999991963,,,0.0,,,,,
synthetic_image,kodak24,kodim03,50,0,fdncnn_color,29.422938174805033,0.8460233807563782,0.9209199547767639,0.01416800171136856,0.6053915619850159,0.029105588793754578,0,1.1611226000004535,,,0.0,,,,,
synthetic_image,kodak24,kodim03,50,0,ectv_fdncnn,29.422938174805033,0.8460233807563782,0.9209199547767639,0.01416800171136856,0.6053915619850159,0.029105588793754578,0,1.1633020999997825,0.75,0.5762859731912613,0.5091578194443671,0.32,,0.75,1.0,1.0
synthetic_image,kodak24,kodim03,50,1,noisy,14.741030598344903,0.12984560430049896,0.6216442584991455,0.08919697999954224,0.604849636554718,0.604849636554718,0,0.0,0.0,0.0,0.0,,,,,
synthetic_image,kodak24,kodim03,50,1,ectv,19.487725967443797,0.24698913097381592,0.6870720386505127,0.05382820591330528,0.604849636554718,0.2855110466480255,27,0.0738736000002973,0.3333333333333333,0.3193385899066925,0.5091578194443671,0.04,,,,
synthetic_image,kodak24,kodim03,50,1,ectv_fidelity,27.21894871973257,0.7816169261932373,0.8775762319564819,0.017746830359101295,0.604849636554718,0.02957124076783657,80,0.21376409999902535,0.75,0.5752783957868814,0.5091578194443671,0.32,0.25,0.75,,
synthetic_image,kodak24,kodim03,50,1,tv_maxiter,19.487725967443797,0.24698913097381592,0.6870720386505127,0.05382820591330528,0.604849636554718,0.2855110466480255,27,0.07260929999938526,inf,0.3193385899066925,0.5091578194443671,,,,,
synthetic_image,kodak24,kodim03,50,1,tv_fixedk_val,19.502775145366375,0.24743372201919556,0.6873828172683716,0.0537114292383194,0.604849636554718,0.28491657972335815,40,0.10904189999928349,,0.31993305683135986,0.5091578194443671,,,,,
synthetic_image,kodak24,kodim03,50,1,tv_discrepancy,19.487725967443797,0.24698913097381592,0.6870720386505127,0.05382820591330528,0.604849636554718,0.2855110466480255,27,0.07211089999873366,,0.3193385899066925,0.5091578194443671,,,,,
synthetic_image,kodak24,kodim03,50,1,tv_chambolle_val,25.31356968680811,0.5678234100341797,0.8249202370643616,0.022277578711509705,0.604849636554718,0.076339952647686,0,0.004788399999597459,,,0.0,,,,,
synthetic_image,kodak24,kodim03,50,1,gaussian_val,24.379754150389616,0.4668563902378082,0.7530185580253601,0.030389195308089256,0.604849636554718,0.09016602486371994,0,0.00028029999884893186,,,0.0,,,,,
synthetic_image,kodak24,kodim03,50,1,median_val,24.61526888544677,0.48470261693000793,0.7298254370689392,0.027697362005710602,0.604849636554718,0.0895262360572815,0,0.0005935999997745967,,,0.0,,,,,
synthetic_image,kodak24,kodim03,50,1,bilateral_val,22.191605765557508,0.43638554215431213,0.6800932288169861,0.02667500637471676,0.604849636554718,0.11832311004400253,0,0.12010240000017802,,,0.0,,,,,
synthetic_image,kodak24,kodim03,50,1,pm_diff_val,25.334377191874946,0.542509138584137,0.7874737977981567,0.025250092148780823,0.604849636554718,0.06580059230327606,5,0.005096099999718717,,,0.0,,,,,
synthetic_image,kodak24,kodim03,50,1,wavelet_bayes,24.70729452081583,0.6269966959953308,0.6113929152488708,0.02642807550728321,0.604849636554718,0.03422769159078598,0,0.0030624999999417923,,,0.0,,,,,
synthetic_image,kodak24,kodim03,50,1,nlm,26.379977535255556,0.6978945136070251,0.83894282579422,0.019722094759345055,0.604849636554718,0.05382014811038971,0,0.038533500000994536,,,0.0,,,,,
synthetic_image,kodak24,kodim03,50,1,bm3d,28.773112556236292,0.8311654925346375,0.9109371304512024,0.014770745299756527,0.604849636554718,0.031272124499082565,0,1.3984863000005134,,,0.0,,,,,
synthetic_image,kodak24,kodim03,50,1,fdncnn_color,29.25648782841726,0.8460564017295837,0.9216775894165039,0.014144285582005978,0.604849636554718,0.02852468378841877,0,1.251237399999809,,,0.0,,,,,
synthetic_image,kodak24,kodim03,50,1,ectv_fdncnn,29.25648782841726,0.8460564017295837,0.9216775894165039,0.014144285582005978,0.604849636554718,0.02852468378841877,0,1.253191699999661,0.75,0.5763249527662992,0.5091578194443671,0.32,,0.75,1.0,1.0
synthetic_image,kodak24,kodim03,50,2,noisy,14.741544608174344,0.12983442842960358,0.6166558265686035,0.09003639221191406,0.6063262820243835,0.6063262820243835,0,0.0,0.0,0.0,0.0,,,,,
synthetic_image,kodak24,kodim03,50,2,ectv,19.511312606929355,0.24845635890960693,0.6821501851081848,0.054220907390117645,0.6063262820243835,0.28574416041374207,27,0.07178329999987909,0.3333333333333333,0.3205821216106415,0.5091578194443671,0.04,,,,
synthetic_image,kodak24,kodim03,50,2,ectv_fidelity,27.28989931248947,0.783118724822998,0.8743350505828857,0.017833517864346504,0.6063262820243835,0.029597444459795952,80,0.21605329999874812,0.75,0.5767288375645876,0.5091578194443671,0.32,0.25,0.75,,
synthetic_image,kodak24,kodim03,50,2,tv_maxiter,19.511312606929355,0.24845635890960693,0.6821501851081848,0.054220907390117645,0.6063262820243835,0.28574416041374207,27,0.07464409999920463,inf,0.3205821216106415,0.5091578194443671,,,,,
synthetic_image,kodak24,kodim03,50,2,tv_fixedk_val,19.526440939335536,0.24890722334384918,0.6824619770050049,0.05410300940275192,0.6063262820243835,0.2851461172103882,40,0.11079740000059246,,0.32118016481399536,0.5091578194443671,,,,,
synthetic_image,kodak24,kodim03,50,2,tv_discrepancy,19.511312606929355,0.24845635890960693,0.6821501851081848,0.054220907390117645,0.6063262820243835,0.28574416041374207,27,0.07534660000055737,,0.3205821216106415,0.5091578194443671,,,,,
synthetic_image,kodak24,kodim03,50,2,tv_chambolle_val,26.131348109289426,0.6257327198982239,0.8226312398910522,0.021561427041888237,0.6063262820243835,0.054703086614608765,0,0.005331400001523434,,,0.0,,,,,
synthetic_image,kodak24,kodim03,50,2,gaussian_val,24.444268386328297,0.4708351194858551,0.7505045533180237,0.030412757769227028,0.6063262820243835,0.0896599218249321,0,0.00028469999961089343,,,0.0,,,,,
synthetic_image,kodak24,kodim03,50,2,median_val,24.618389862336212,0.4830538332462311,0.7299006581306458,0.027488164603710175,0.6063262820243835,0.08935350924730301,0,0.0005793999989691656,,,0.0,,,,,
synthetic_image,kodak24,kodim03,50,2,bilateral_val,22.193230297658225,0.43960705399513245,0.6714792847633362,0.027004299685359,0.6063262820243835,0.11892002075910568,0,0.12884870000016235,,,0.0,,,,,
synthetic_image,kodak24,kodim03,50,2,pm_diff_val,25.41783228231254,0.5474135875701904,0.7856285572052002,0.02510765939950943,0.6063262820243835,0.06542391330003738,5,0.005390899999838439,,,0.0,,,,,
synthetic_image,kodak24,kodim03,50,2,wavelet_bayes,24.817021116394663,0.6317407488822937,0.6152472496032715,0.02636106312274933,0.6063262820243835,0.03450681269168854,0,0.0030535000005329493,,,0.0,,,,,
synthetic_image,kodak24,kodim03,50,2,nlm,26.407729860946716,0.6990492939949036,0.8290157914161682,0.019872015342116356,0.6063262820243835,0.05400685593485832,0,0.042228299998896546,,,0.0,,,,,
synthetic_image,kodak24,kodim03,50,2,bm3d,28.849409311928017,0.8299548625946045,0.909664511680603,0.01496441476047039,0.6063262820243835,0.0308777317404747,0,1.3437694999993255,,,0.0,,,,,
synthetic_image,kodak24,kodim03,50,2,fdncnn_color,29.385228646355568,0.845160186290741,0.9216946363449097,0.014195973053574562,0.6063262820243835,0.028812849894165993,0,1.159291400001166,,,0.0,,,,,
synthetic_image,kodak24,kodim03,50,2,ectv_fdncnn,29.385228646355568,0.845160186290741,0.9216946363449097,0.014195973053574562,0.6063262820243835,0.028812849894165993,0,1.1613553000006505,0.75,0.5775134321302176,0.5091578194443671,0.32,,0.75,1.0,1.0
synthetic_image,kodak24,kodim04,15,0,noisy,24.633722304804238,0.5140624642372131,0.920423686504364,0.022991957142949104,0.21617931127548218,0.21617931127548218,0,0.0,0.0,0.0,0.0,,,,,
synthetic_image,kodak24,kodim04,15,0,ectv,25.51557487132372,0.5516688227653503,0.92633455991745,0.021197065711021423,0.21617931127548218,0.19233542680740356,1,0.020468000000619213,0.023843897597316383,0.023843884468078613,0.8488381630355155,0.04,,,,
synthetic_image,kodak24,kodim04,15,0,ectv_fidelity,31.599368974198843,0.8460305333137512,0.9603130221366882,0.013483989052474499,0.21617931127548218,0.04360286518931389,13,0.05100999999922351,0.1725764484378941,0.1725764460861683,0.8488381630355155,0.32,0.08,0.3333333333333333,,
synthetic_image,kodak24,kodim04,15,0,tv_maxiter,31.567331570502656,0.8492264747619629,0.957028865814209,0.014081323519349098,0.21617931127548218,0.0418844148516655,19,0.05259459999979299,inf,0.17429489642381668,0.8488381630355155,,,,,
synthetic_image,kodak24,kodim04,15,0,tv_fixedk_val,31.59100211989326,0.8510643839836121,0.9561470150947571,0.014310931786894798,0.21617931127548218,0.04216831550002098,40,0.10641089999990072,,0.1740109957754612,0.8488381630355155,,,,,
synthetic_image,kodak24,kodim04,15,0,tv_discrepancy,31.567331570502656,0.8492264747619629,0.957028865814209,0.014081323519349098,0.21617931127548218,0.0418844148516655,19,0.054151700000147684,,0.17429489642381668,0.8488381630355155,,,,,
synthetic_image,kodak24,kodim04,15,0,tv_chambolle_val,30.98997020087522,0.8387234210968018,0.9501324892044067,0.015119371004402637,0.21617931127548218,0.04264035075902939,0,0.011936000000787317,,,0.0,,,,,
synthetic_image,kodak24,kodim04,15,0,gaussian_val,29.2929536966904,0.8113415837287903,0.9052559733390808,0.016920195892453194,0.21617931127548218,0.04836804047226906,0,0.00027770000087912194,,,0.0,,,,,
synthetic_image,kodak24,kodim04,15,0,median_val,28.35453719678526,0.7594571113586426,0.8906209468841553,0.018155187368392944,0.21617931127548218,0.04685620963573456,0,0.0006757999999535969,,,0.0,,,,,
synthetic_image,kodak24,kodim04,15,0,bilateral_val,28.79990019331414,0.7831866145133972,0.9422717690467834,0.014717659913003445,0.21617931127548218,0.07693178206682205,0,0.12328660000093805,,,0.0,,,,,
synthetic_image,kodak24,kodim04,15,0,pm_diff_val,30.514385296491284,0.8239443898200989,0.9414978623390198,0.015523772686719894,0.21617931127548218,0.044681090861558914,5,0.005277199999909499,,,0.0,,,,,
synthetic_image,kodak24,kodim04,15,0,wavelet_bayes,29.577839515631112,0.7624289393424988,0.9426568150520325,0.01502895075827837,0.21617931127548218,0.07964451611042023,0,0.002971800000523217,,,0.0,,,,,
synthetic_image,kodak24,kodim04,15,0,nlm,31.841858629878594,0.8575263023376465,0.9580715894699097,0.012673922814428806,0.21617931127548218,0.053421176970005035,0,0.03764640000008512,,,0.0,,,,,
synthetic_image,kodak24,kodim04,15,0,bm3d,34.03919612204685,0.9046640396118164,0.9779787659645081,0.009201004169881344,0.21617931127548218,0.05692223832011223,0,1.3269182000003639,,,0.0,,,,,
synthetic_image,kodak24,kodim04,15,0,fdncnn_color,34.441048248665496,0.9095035195350647,0.9803215861320496,0.008652071468532085,0.21617931127548218,0.0561864860355854,0,1.151499599998715,,,0.0,,,,,
synthetic_image,kodak24,kodim04,15,0,ectv_fdncnn,34.441048248665496,0.9095035195350647,0.9803215861320496,0.008652071468532085,0.21617931127548218,0.0561864860355854,0,1.153897299998789,0.1725764484378941,0.15999282523989677,0.8488381630355155,0.32,,0.3333333333333333,1.0,1.0
synthetic_image,kodak24,kodim04,15,1,noisy,24.659474907694342,0.5151495337486267,0.9198559522628784,0.023131517693400383,0.21534773707389832,0.21534773707389832,0,0.0,0.0,0.0,0.0,,,,,
synthetic_image,kodak24,kodim04,15,1,ectv,25.544837954832794,0.5528719425201416,0.925750732421875,0.021325452253222466,0.21534773707389832,0.1915038526058197,1,0.01819660000001022,0.023843897597316383,0.023843884468078613,0.8488381630355155,0.04,,,,
synthetic_image,kodak24,kodim04,15,1,ectv_fidelity,31.573095661773532,0.8465650677680969,0.9581209421157837,0.013741978444159031,0.21534773707389832,0.042771290987730026,14,0.05514509999920847,0.1725764484378941,0.1725764460861683,0.8488381630355155,0.32,0.08,0.3333333333333333,,
synthetic_image,kodak24,kodim04,15,1,tv_maxiter,31.555309798301685,0.8487632870674133,0.9558970928192139,0.014138231053948402,0.21534773707389832,0.0418073944747448,19,0.05309240000133286,inf,0.17354034259915352,0.8488381630355155,,,,,
synthetic_image,kodak24,kodim04,15,1,tv_fixedk_val,31.58195879107212,0.8508128523826599,0.9551804065704346,0.014343494549393654,0.21534773707389832,0.042094774544239044,40,0.10610919999999169,,0.17325296252965927,0.8488381630355155,,,,,
synthetic_image,kodak24,kodim04,15,1,tv_discrepancy,31.555309798301685,0.8487632870674133,0.9558970928192139,0.014138231053948402,0.21534773707389832,0.0418073944747448,19,0.05349550000028103,,0.17354034259915352,0.8488381630355155,,,,,
synthetic_image,kodak24,kodim04,15,1,tv_chambolle_val,30.97547060445617,0.83785480260849,0.9485354423522949,0.015160695649683475,0.21534773707389832,0.042688220739364624,0,0.01126720000138448,,,0.0,,,,,
synthetic_image,kodak24,kodim04,15,1,gaussian_val,29.28319765889313,0.8100554347038269,0.9036877155303955,0.01703517697751522,0.21534773707389832,0.04843074828386307,0,0.0002627000012580538,,,0.0,,,,,
synthetic_image,kodak24,kodim04,15,1,median_val,28.343539614589574,0.7593312859535217,0.8887196183204651,0.018165413290262222,0.21534773707389832,0.047008030116558075,0,0.0006489000006695278,,,0.0,,,,,
synthetic_image,kodak24,kodim04,15,1,bilateral_val,28.81768634228591,0.7841987609863281,0.9443624019622803,0.014476966112852097,0.21534773707389832,0.07709947973489761,0,0.12530800000058662,,,0.0,,,,,
synthetic_image,kodak24,kodim04,15,1,pm_diff_val,30.506514788670806,0.8227164149284363,0.9408400654792786,0.015547162853181362,0.21534773707389832,0.04476471617817879,5,0.0049320999987685354,,,0.0,,,,,
synthetic_image,kodak24,kodim04,15,1,wavelet_bayes,29.603768171242887,0.7629261612892151,0.9425088167190552,0.015118989162147045,0.21534773707389832,0.0791039988398552,0,0.002801500000714441,,,0.0,,,,,
synthetic_image,kodak24,kodim04,15,1,nlm,31.851157147307852,0.8580777049064636,0.9575710296630859,0.01269063726067543,0.21534773707389832,0.053576987236738205,0,0.03663099999903352,,,0.0,,,,,
synthetic_image,kodak24,kodim04,15,1,bm3d,34.14278387135982,0.9058141708374023,0.9790102243423462,0.009008172899484634,0.21534773707389832,0.05643473193049431,0,1.3420932999997603,,,0.0,,,,,
synthetic_image,kodak24,kodim04,15,1,fdncnn_color,34.47615703021333,0.9103161692619324,0.9804369807243347,0.008629925549030304,0.21534773707389832,0.055913958698511124,0,1.1751382000002195,,,0.0,,,,,
synthetic_image,kodak24,kodim04,15,1,ectv_fdncnn,34.47615703021333,0.9103161692619324,0.9804369807243347,0.008629925549030304,0.21534773707389832,0.055913958698511124,0,1.177838100000372,0.1725764484378941,0.1594337783753872,0.8488381630355155,0.32,,0.3333333333333333,1.0,1.0
synthetic_image,kodak24,kodim04,15,2,noisy,24.643800331545588,0.5149063467979431,0.919523298740387,0.02315572276711464,0.21577683091163635,0.21577683091163635,0,0.0,0.0,0.0,0.0,,,,,
synthetic_image,kodak24,kodim04,15,2,ectv,25.528695433783952,0.5527427792549133,0.9254744648933411,0.02134178765118122,0.21577683091163635,0.19193294644355774,1,0.020339000000603846,0.023843897597316383,0.023843884468078613,0.8488381630355155,0.04,,,,
synthetic_image,kodak24,kodim04,15,2,ectv_fidelity,31.575161337271588,0.8469803929328918,0.9590410590171814,0.013525214046239853,0.21577683091163635,0.04320038482546806,13,0.05121150000013586,0.1725764484378941,0.1725764460861683,0.8488381630355155,0.32,0.08,0.3333333333333333,,
synthetic_image,kodak24,kodim04,15,2,tv_maxiter,31.553526468473745,0.8497588038444519,0.9561424851417542,0.014053077436983585,0.21577683091163635,0.04183671995997429,19,0.052988100000220584,inf,0.17394011095166206,0.8488381630355155,,,,,
synthetic_image,kodak24,kodim04,15,2,tv_fixedk_val,31.578706947222614,0.8518540263175964,0.9553568363189697,0.014248429797589779,0.21577683091163635,0.042113784700632095,40,0.11002910000024713,,0.17366304621100426,0.8488381630355155,,,,,
synthetic_image,kodak24,kodim04,15,2,tv_discrepancy,31.553526468473745,0.8497588038444519,0.9561424851417542,0.014053077436983585,0.21577683091163635,0.04183671995997429,19,0.05292190000000119,,0.17394011095166206,0.8488381630355155,,,,,
synthetic_image,kodak24,kodim04,15,2,tv_chambolle_val,30.971506630490527,0.8392345905303955,0.9489970207214355,0.01506849192082882,0.21577683091163635,0.04267677292227745,0,0.01175370000055409,,,0.0,,,,,
synthetic_image,kodak24,kodim04,15,2,gaussian_val,29.29267885723736,0.8120724558830261,0.9040220379829407,0.0168447308242321,0.21577683091163635,0.048347171396017075,0,0.00028819999897677917,,,0.0,,,,,
synthetic_image,kodak24,kodim04,15,2,median_val,28.323216359276564,0.7598710060119629,0.8892214894294739,0.018078936263918877,0.21577683091163635,0.047017257660627365,0,0.000722999999197782,,,0.0,,,,,
synthetic_image,kodak24,kodim04,15,2,bilateral_val,28.80516282562311,0.7845770716667175,0.943924605846405,0.014550129882991314,0.21577683091163635,0.07726754993200302,0,0.12655430000086199,,,0.0,,,,,
synthetic_image,kodak24,kodim04,15,2,pm_diff_val,30.509384808493905,0.8246065974235535,0.9409593939781189,0.015352848917245865,0.21577683091163635,0.04473545402288437,5,0.0049748000001272885,,,0.0,,,,,
synthetic_image,kodak24,kodim04,15,2,wavelet_bayes,29.59749058530769,0.7634621262550354,0.9428260922431946,0.014999601989984512,0.21577683091163635,0.07940569519996643,0,0.0028169999986857874,,,0.0,,,,,
synthetic_image,kodak24,kodim04,15,2,nlm,31.778133916374003,0.8576995730400085,0.956973671913147,0.01276108156889677,0.21577683091163635,0.05314302071928978,0,0.03827300000011746,,,0.0,,,,,
synthetic_image,kodak24,kodim04,15,2,bm3d,34.06523002457168,0.9056412577629089,0.9787503480911255,0.009055424481630325,0.21577683091163635,0.05709327012300491,0,1.3013613000002806,,,0.0,,,,,
synthetic_image,kodak24,kodim04,15,2,fdncnn_color,34.44095546493532,0.9107468724250793,0.9807088375091553,0.008588750846683979,0.21577683091163635,0.05663757026195526,0,1.1684544999989157,,,0.0,,,,,
synthetic_image,kodak24,kodim04,15,2,ectv_fdncnn,34.44095546493532,0.9107468724250793,0.9807088375091553,0.008588750846683979,0.21577683091163635,0.05663757026195526,0,1.1708974999983184,0.1725764484378941,0.1591392606496811,0.8488381630355155,0.32,,0.3333333333333333,1.0,1.0
synthetic_image,kodak24,kodim04,25,0,noisy,20.31404746302467,0.3271660804748535,0.8350663781166077,0.04016721621155739,0.33331695199012756,0.33331695199012756,0,0.0,0.0,0.0,0.0,,,,,
synthetic_image,kodak24,kodim04,25,0,ectv,25.509918885254255,0.5478310585021973,0.8956659436225891,0.023373756557703018,0.33331695199012756,0.14552970230579376,5,0.029941599999801838,0.18778726146140717,0.1877872496843338,0.6839397205857212,0.04,,,,
synthetic_image,kodak24,kodim04,25,0,ectv_fidelity,29.622487575707233,0.8023715615272522,0.9322087168693542,0.016796201467514038,0.33331695199012756,0.043781764805316925,80,0.21272890000000189,0.33330865074633204,0.28953518718481064,0.6839397205857212,0.32,0.12,0.3333333333333333,,
synthetic_image,kodak24,kodim04,25,0,tv_maxiter,28.532704201373463,0.7170376777648926,0.9350043535232544,0.015934506431221962,0.33331695199012756,0.08098696172237396,21,0.05855119999978342,inf,0.2523299902677536,0.6839397205857212,,,,,
synthetic_image,kodak24,kodim04,25,0,tv_fixedk_val,28.571215297294557,0.7191998362541199,0.9352179169654846,0.015906253829598427,0.33331695199012756,0.08079858869314194,40,0.10643590000108816,,0.2525183632969856,0.6839397205857212,,,,,
synthetic_image,kodak24,kodim04,25,0,tv_discrepancy,28.532704201373463,0.7170376777648926,0.9350043535232544,0.015934506431221962,0.33331695199012756,0.08098696172237396,21,0.058922400001392816,,0.2523299902677536,0.6839397205857212,,,,,
synthetic_image,kodak24,kodim04,25,0,tv_chambolle_val,28.92686983877575,0.776578962802887,0.9216412305831909,0.017327401787042618,0.33331695199012756,0.04604146257042885,0,0.009280600001147832,,,0.0,,,,,
synthetic_image,kodak24,kodim04,25,0,gaussian_val,27.810726767513994,0.713258683681488,0.8784700036048889,0.019287854433059692,0.33331695199012756,0.06048670411109924,0,0.00027720000070985407,,,0.0,,,,,
synthetic_image,kodak24,kodim04,25,0,median_val,27.023424677146743,0.6769061088562012,0.8502144813537598,0.02059854567050934,0.33331695199012756,0.05823519080877304,0,0.0007222999993246049,,,0.0,,,,,
synthetic_image,kodak24,kodim04,25,0,bilateral_val,25.786358023088955,0.6553571224212646,0.8870019912719727,0.019449789077043533,0.33331695199012756,0.09087904542684555,0,0.12726590000056603,,,0.0,,,,,
synthetic_image,kodak24,kodim04,25,0,pm_diff_val,28.425782400791945,0.7448142170906067,0.8985496163368225,0.018466036766767502,0.33331695199012756,0.04954098165035248,5,0.006077399999412592,,,0.0,,,,,
synthetic_image,kodak24,kodim04,25,0,wavelet_bayes,27.107400085797014,0.6847097873687744,0.8553005456924438,0.02119661122560501,0.33331695199012756,0.06254854053258896,0,0.0030537999991793185,,,0.0,,,,,
synthetic_image,kodak24,kodim04,25,0,nlm,29.186504992444963,0.7933136820793152,0.9175231456756592,0.017141034826636314,0.33331695199012756,0.049752041697502136,0,0.03869769999982964,,,0.0,,,,,
synthetic_image,kodak24,kodim04,25,0,bm3d,31.632671713071126,0.8553626537322998,0.9566284418106079,0.012424323707818985,0.33331695199012756,0.049957163631916046,0,1.3296981000003143,,,0.0,,,,,
synthetic_image,kodak24,kodim04,25,0,fdncnn_color,32.25404182579637,0.8648397326469421,0.9629262089729309,0.011596037074923515,0.33331695199012756,0.048906322568655014,0,1.166472099999737,,,0.0,,,,,
synthetic_image,kodak24,kodim04,25,0,ectv_fdncnn,32.25404182579637,0.8648397326469421,0.9629262089729309,0.011596037074923515,0.33331695199012756,0.048906322568655014,0,1.168532599998798,0.33330865074633204,0.28441062942147255,0.6839397205857212,0.32,,0.3333333333333333,1.0,1.0
synthetic_image,kodak24,kodim04,25,1,noisy,20.34544024456064,0.3281029164791107,0.8347678184509277,0.04026222601532936,0.3316124379634857,0.3316124379634857,0,0.0,0.0,0.0,0.0,,,,,
synthetic_image,kodak24,kodim04,25,1,ectv,25.577008194309286,0.5505532026290894,0.8952752947807312,0.023456871509552002,0.3316124379634857,0.14382518827915192,5,0.0291453999998339,0.18778726146140717,0.1877872496843338,0.6839397205857212,0.04,,,,
synthetic_image,kodak24,kodim04,25,1,ectv_fidelity,29.598931695747343,0.8019915223121643,0.929949939250946,0.01689591072499752,0.3316124379634857,0.04352828115224838,80,0.2102974000008544,0.33330865074633204,0.28808415681123734,0.6839397205857212,0.32,0.12,0.3333333333333333,,
synthetic_image,kodak24,kodim04,25,1,tv_maxiter,28.546936645186168,0.7171991467475891,0.9335177540779114,0.016091395169496536,0.3316124379634857,0.08072040230035782,21,0.05979800000022806,inf,0.2508920356631279,0.6839397205857212,,,,,
synthetic_image,kodak24,kodim04,25,1,tv_fixedk_val,28.585531354458578,0.7193734049797058,0.9337639808654785,0.016053995117545128,0.3316124379634857,0.08052250742912292,40,0.10587300000042887,,0.2510899305343628,0.6839397205857212,,,,,
synthetic_image,kodak24,kodim04,25,1,tv_discrepancy,28.546936645186168,0.7171991467475891,0.9335177540779114,0.016091395169496536,0.3316124379634857,0.08072040230035782,21,0.05763259999912407,,0.2508920356631279,0.6839397205857212,,,,,
synthetic_image,kodak24,kodim04,25,1,tv_chambolle_val,28.88882868269328,0.785442054271698,0.9131560921669006,0.018322298303246498,0.3316124379634857,0.040381643921136856,0,0.01241669999944861,,,0.0,,,,,
synthetic_image,kodak24,kodim04,25,1,gaussian_val,27.795646630770147,0.7112922072410583,0.8759212493896484,0.019498279318213463,0.3316124379634857,0.06056345999240875,0,0.0003069000013056211,,,0.0,,,,,
synthetic_image,kodak24,kodim04,25,1,median_val,27.032807975429904,0.6779694557189941,0.8522029519081116,0.020578159019351006,0.3316124379634857,0.05801345407962799,0,0.0007675999986531679,,,0.0,,,,,
synthetic_image,kodak24,kodim04,25,1,bilateral_val,25.80182436638625,0.6573651432991028,0.8916651010513306,0.019227247685194016,0.3316124379634857,0.0904536023736,0,0.12719140000081097,,,0.0,,,,,
synthetic_image,kodak24,kodim04,25,1,pm_diff_val,28.406858819206246,0.742887020111084,0.8970407843589783,0.01856382191181183,0.3316124379634857,0.04953690618276596,5,0.006495800000266172,,,0.0,,,,,
synthetic_image,kodak24,kodim04,25,1,wavelet_bayes,27.12076726856384,0.6858653426170349,0.8530252575874329,0.02136617712676525,0.3316124379634857,0.06148061156272888,0,0.003088400000706315,,,0.0,,,,,
synthetic_image,kodak24,kodim04,25,1,nlm,29.169654092634016,0.7929940223693848,0.9164542555809021,0.017130617052316666,0.3316124379634857,0.049628715962171555,0,0.03780870000082359,,,0.0,,,,,
synthetic_image,kodak24,kodim04,25,1,bm3d,31.6468030884472,0.8550637364387512,0.9574645161628723,0.012353329919278622,0.3316124379634857,0.04896862059831619,0,1.3016965000006167,,,0.0,,,,,
synthetic_image,kodak24,kodim04,25,1,fdncnn_color,32.26327905926642,0.8658536076545715,0.9626815319061279,0.01159908901900053,0.3316124379634857,0.048366378992795944,0,1.169966100000238,,,0.0,,,,,
synthetic_image,kodak24,kodim04,25,1,ectv_fdncnn,32.26327905926642,0.8658536076545715,0.9626815319061279,0.01159908901900053,0.3316124379634857,0.048366378992795944,0,1.1723007000018697,0.33330865074633204,0.2832460589706898,0.6839397205857212,0.32,,0.3333333333333333,1.0,1.0
synthetic_image,kodak24,kodim04,25,2,noisy,20.322575308401465,0.32762035727500916,0.8332973122596741,0.0404510572552681,0.3328068256378174,0.3328068256378174,0,0.0,0.0,0.0,0.0,,,,,
synthetic_image,kodak24,kodim04,25,2,ectv,25.543711120206368,0.5508511066436768,0.8948134183883667,0.023434149101376534,0.3328068256378174,0.14501957595348358,5,0.02838740000152029,0.18778726146140717,0.1877872496843338,0.6839397205857212,0.04,,,,
synthetic_image,kodak24,kodim04,25,2,ectv_fidelity,29.6126229003874,0.8040276169776917,0.9312475919723511,0.016686059534549713,0.3328068256378174,0.04364287853240967,80,0.21193320000020321,0.33330865074633204,0.2891639471054077,0.6839397205857212,0.32,0.12,0.3333333333333333,,
synthetic_image,kodak24,kodim04,25,2,tv_maxiter,28.551988659304286,0.7209725975990295,0.9343308210372925,0.01584315113723278,0.3328068256378174,0.08077964186668396,21,0.05815419999998994,inf,0.2520271837711334,0.6839397205857212,,,,,
synthetic_image,kodak24,kodim04,25,2,tv_fixedk_val,28.590163072317146,0.7231242060661316,0.934525728225708,0.015816709026694298,0.3328068256378174,0.08059549331665039,40,0.10886639999989711,,0.252211332321167,0.6839397205857212,,,,,
synthetic_image,kodak24,kodim04,25,2,tv_discrepancy,28.551988659304286,0.7209725975990295,0.9343308210372925,0.01584315113723278,0.3328068256378174,0.08077964186668396,21,0.05819069999961357,,0.2520271837711334,0.6839397205857212,,,,,
synthetic_image,kodak24,kodim04,25,2,tv_chambolle_val,28.917918996367643,0.7776179313659668,0.9204598069190979,0.017183899879455566,0.3328068256378174,0.04603694751858711,0,0.01055859999905806,,,0.0,,,,,
synthetic_image,kodak24,kodim04,25,2,gaussian_val,27.807374409335477,0.7144737839698792,0.8764349818229675,0.01925431378185749,0.3328068256378174,0.06045440584421158,0,0.0003269000008003786,,,0.0,,,,,
synthetic_image,kodak24,kodim04,25,2,median_val,27.02600933272776,0.6781875491142273,0.8525587916374207,0.020409641787409782,0.3328068256378174,0.05835004895925522,0,0.0007667000008950708,,,0.0,,,,,
synthetic_image,kodak24,kodim04,25,2,bilateral_val,25.763648617610034,0.6581394672393799,0.8902739882469177,0.01922598108649254,0.3328068256378174,0.09121118485927582,0,0.12911990000065998,,,0.0,,,,,
synthetic_image,kodak24,kodim04,25,2,pm_diff_val,28.436054827250487,0.7460694909095764,0.8983089327812195,0.018263889476656914,0.3328068256378174,0.04953480884432793,5,0.005369700000301236,,,0.0,,,,,
synthetic_image,kodak24,kodim04,25,2,wavelet_bayes,27.095105151469227,0.6840354800224304,0.8559413552284241,0.021161366254091263,0.3328068256378174,0.06234205141663551,0,0.0031171999999060063,,,0.0,,,,,
synthetic_image,kodak24,kodim04,25,2,nlm,29.11871430235829,0.7939438819885254,0.9168261885643005,0.0171239972114563,0.3328068256378174,0.04943029582500458,0,0.03990960000010091,,,0.0,,,,,
synthetic_image,kodak24,kodim04,25,2,bm3d,31.5996911313298,0.8544114232063293,0.9574712514877319,0.012371866032481194,0.3328068256378174,0.04934863746166229,0,1.3308624000001146,,,0.0,,,,,
synthetic_image,kodak24,kodim04,25,2,fdncnn_color,32.22062613014661,0.8660452961921692,0.9634021520614624,0.011505438946187496,0.3328068256378174,0.04912175238132477,0,1.1739333999994415,,,0.0,,,,,
synthetic_image,kodak24,kodim04,25,2,ectv_fdncnn,32.22062613014661,0.8660452961921692,0.9634021520614624,0.011505438946187496,0.3328068256378174,0.04912175238132477,0,1.1762378000003082,0.33330865074633204,0.2836850732564926,0.6839397205857212,0.32,,0.3333333333333333,1.0,1.0
synthetic_image,kodak24,kodim04,50,0,noisy,14.755683552909964,0.14884714782238007,0.6960777640342712,0.08175075054168701,0.6087064743041992,0.6087064743041992,0,0.0,0.0,0.0,0.0,,,,,
synthetic_image,kodak24,kodim04,50,0,ectv,19.49854480283667,0.27981996536254883,0.7511618733406067,0.04795468598604202,0.6087064743041992,0.28916579484939575,27,0.07228729999951611,0.3333333333333333,0.31954067945480347,0.5091578194443671,0.04,,,,
synthetic_image,kodak24,kodim04,50,0,ectv_fidelity,26.32882626746681,0.7155961394309998,0.8494911193847656,0.022607898339629173,0.6087064743041992,0.03426157683134079,80,0.2102506999999605,0.75,0.5744448974728584,0.5091578194443671,0.32,0.25,0.75,,
synthetic_image,kodak24,kodim04,50,0,tv_maxiter,19.49854480283667,0.27981996536254883,0.7511618733406067,0.04795468598604202,0.6087064743041992,0.28916579484939575,27,0.07329090000166616,inf,0.31954067945480347,0.5091578194443671,,,,,
synthetic_image,kodak24,kodim04,50,0,tv_fixedk_val,19.513332001789202,0.28030288219451904,0.7514089941978455,0.047847386449575424,0.6087064743041992,0.28857359290122986,40,0.10947230000056152,,0.32013288140296936,0.5091578194443671,,,,,
synthetic_image,kodak24,kodim04,50,0,tv_discrepancy,19.49854480283667,0.27981996536254883,0.7511618733406067,0.04795468598604202,0.6087064743041992,0.28916579484939575,27,0.07708110000021406,,0.31954067945480347,0.5091578194443671,,,,,
synthetic_image,kodak24,kodim04,50,0,tv_chambolle_val,25.894848377494213,0.6618495583534241,0.8367952108383179,0.02206559292972088,0.6087064743041992,0.04714435338973999,0,0.009412900000825175,,,0.0,,,,,
synthetic_image,kodak24,kodim04,50,0,gaussian_val,24.191587023453817,0.5025435090065002,0.7916198968887329,0.027500350028276443,0.6087064743041992,0.09151342511177063,0,0.0002851999997801613,,,0.0,,,,,
synthetic_image,kodak24,kodim04,50,0,median_val,23.985811588016198,0.48664531111717224,0.7520779371261597,0.026896074414253235,0.6087064743041992,0.09264371544122696,0,0.0006589000004169066,,,0.0,,,,,
synthetic_image,kodak24,kodim04,50,0,bilateral_val,22.077967487900306,0.4513007700443268,0.7501362562179565,0.025836681947112083,0.6087064743041992,0.12141582369804382,0,0.12418470000011439,,,0.0,,,,,
synthetic_image,kodak24,kodim04,50,0,pm_diff_val,25.080911463222616,0.5662211179733276,0.8150802254676819,0.023747606202960014,0.6087064743041992,0.06749249249696732,5,0.006323899999188143,,,0.0,,,,,
synthetic_image,kodak24,kodim04,50,0,wavelet_bayes,24.09045750244157,0.5818080306053162,0.6113764643669128,0.030586471781134605,0.6087064743041992,0.037171270698308945,0,0.003075900000112597,,,0.0,,,,,
synthetic_image,kodak24,kodim04,50,0,nlm,25.69135348650471,0.6625614762306213,0.8393903374671936,0.02318998984992504,0.6087064743041992,0.05489511042833328,0,0.04072389999964798,,,0.0,,,,,
synthetic_image,kodak24,kodim04,50,0,bm3d,27.97173695790498,0.775621235370636,0.9010085463523865,0.01787802018225193,0.6087064743041992,0.03923414647579193,0,1.3363487999995414,,,0.0,,,,,
synthetic_image,kodak24,kodim04,50,0,fdncnn_color,28.519827744223637,0.7910534739494324,0.9121924042701721,0.017261335626244545,0.6087064743041992,0.037101082503795624,0,1.1739474999994854,,,0.0,,,,,
synthetic_image,kodak24,kodim04,50,0,ectv_fdncnn,28.519827744223637,0.7910534739494324,0.9121924042701721,0.017261335626244545,0.6087064743041992,0.037101082503795624,0,1.1760288999994373,0.75,0.5716053918004036,0.5091578194443671,0.32,,0.75,1.0,1.0
synthetic_image,kodak24,kodim04,50,1,noisy,14.776376732193931,0.14899082481861115,0.695866584777832,0.08162186294794083,0.6058066487312317,0.6058066487312317,0,0.0,0.0,0.0,0.0,,,,,
synthetic_image,kodak24,kodim04,50,1,ectv,19.50925352208111,0.2795449197292328,0.7497826218605042,0.04805608466267586,0.6058066487312317,0.2879159152507782,27,0.07650389999980689,0.3333333333333333,0.3178907334804535,0.5091578194443671,0.04,,,,
synthetic_image,kodak24,kodim04,50,1,ectv_fidelity,26.273026498422603,0.7127926349639893,0.8438215851783752,0.0226967241615057,0.6058066487312317,0.03409057855606079,80,0.21180730000014591,0.75,0.5717160701751709,0.5091578194443671,0.32,0.25,0.75,,
synthetic_image,kodak24,kodim04,50,1,tv_maxiter,19.50925352208111,0.2795449197292328,0.7497826218605042,0.04805608466267586,0.6058066487312317,0.2879159152507782,27,0.07282300000042596,inf,0.3178907334804535,0.5091578194443671,,,,,
synthetic_image,kodak24,kodim04,50,1,tv_fixedk_val,19.523980636032743,0.28002679347991943,0.7500248551368713,0.0479494072496891,0.6058066487312317,0.28732818365097046,40,0.10738940000010189,,0.31847846508026123,0.5091578194443671,,,,,
synthetic_image,kodak24,kodim04,50,1,tv_discrepancy,19.50925352208111,0.2795449197292328,0.7497826218605042,0.04805608466267586,0.6058066487312317,0.2879159152507782,27,0.07374650000019756,,0.3178907334804535,0.5091578194443671,,,,,
synthetic_image,kodak24,kodim04,50,1,tv_chambolle_val,25.85305490990596,0.6575234532356262,0.831800103187561,0.022157179191708565,0.6058066487312317,0.04717184975743294,0,0.008952900001531816,,,0.0,,,,,
synthetic_image,kodak24,kodim04,50,1,gaussian_val,24.162605584343325,0.4984513819217682,0.7871607542037964,0.027918828651309013,0.6058066487312317,0.09172163158655167,0,0.0002604000001156237,,,0.0,,,,,
synthetic_image,kodak24,kodim04,50,1,median_val,24.04718760863675,0.4902690649032593,0.7645511627197266,0.02632123790681362,0.6058066487312317,0.0916205644607544,0,0.0006640000010520453,,,0.0,,,,,
synthetic_image,kodak24,kodim04,50,1,bilateral_val,22.070617895716723,0.45397672057151794,0.7579622864723206,0.02561618760228157,0.6058066487312317,0.12026721239089966,0,0.12685850000161736,,,0.0,,,,,
synthetic_image,kodak24,kodim04,50,1,pm_diff_val,25.04490180301221,0.5618060231208801,0.8099284172058105,0.02409663423895836,0.6058066487312317,0.06758812069892883,5,0.005759300000136136,,,0.0,,,,,
synthetic_image,kodak24,kodim04,50,1,wavelet_bayes,24.04461669851355,0.580102264881134,0.6031920909881592,0.030794700607657433,0.6058066487312317,0.03597737476229668,0,0.0035349999998288695,,,0.0,,,,,
synthetic_image,kodak24,kodim04,50,1,nlm,25.645030353111487,0.6584754586219788,0.8399709463119507,0.02302522584795952,0.6058066487312317,0.05509898439049721,0,0.03716299999905459,,,0.0,,,,,
synthetic_image,kodak24,kodim04,50,1,bm3d,27.9997499357777,0.7733761668205261,0.9001948237419128,0.01798415556550026,0.6058066487312317,0.038086943328380585,0,1.3646475999994436,,,0.0,,,,,
synthetic_image,kodak24,kodim04,50,1,fdncnn_color,28.46755721650075,0.7881501317024231,0.90975421667099,0.01737627387046814,0.6058066487312317,0.03618653118610382,0,1.1680543999991642,,,0.0,,,,,
synthetic_image,kodak24,kodim04,50,1,ectv_fdncnn,28.46755721650075,0.7881501317024231,0.90975421667099,0.01737627387046814,0.6058066487312317,0.03618653118610382,0,1.1702750000004016,0.75,0.5696201175451279,0.5091578194443671,0.32,,0.75,1.0,1.0
synthetic_image,kodak24,kodim04,50,2,noisy,14.754023780768133,0.14874325692653656,0.6931921243667603,0.08230925351381302,0.6085166335105896,0.6085166335105896,0,0.0,0.0,0.0,0.0,,,,,
synthetic_image,kodak24,kodim04,50,2,ectv,19.49788094863721,0.28088125586509705,0.7491564750671387,0.04824911803007126,0.6085166335105896,0.28942760825157166,27,0.07170760000008158,0.3333333333333333,0.31908902525901794,0.5091578194443671,0.04,,,,
synthetic_image,kodak24,kodim04,50,2,ectv_fidelity,26.32932162209127,0.7174215316772461,0.8521570563316345,0.022336650639772415,0.6085166335105896,0.03439970314502716,80,0.21239070000046922,0.75,0.5741169303655624,0.5091578194443671,0.32,0.25,0.75,,
synthetic_image,kodak24,kodim04,50,2,tv_maxiter,19.49788094863721,0.28088125586509705,0.7491564750671387,0.04824911803007126,0.6085166335105896,0.28942760825157166,27,0.07149960000060673,inf,0.31908902525901794,0.5091578194443671,,,,,
synthetic_image,kodak24,kodim04,50,2,tv_fixedk_val,19.512667875299677,0.28136900067329407,0.7494051456451416,0.048140499740839005,0.6085166335105896,0.28883522748947144,40,0.11163269999997283,,0.31968140602111816,0.5091578194443671,,,,,
synthetic_image,kodak24,kodim04,50,2,tv_discrepancy,19.49788094863721,0.28088125586509705,0.7491564750671387,0.04824911803007126,0.6085166335105896,0.28942760825157166,27,0.07327020000047924,,0.31908902525901794,0.5091578194443671,,,,,
synthetic_image,kodak24,kodim04,50,2,tv_chambolle_val,25.90954812598455,0.6775570511817932,0.8367167711257935,0.022250071167945862,0.6085166335105896,0.04258904978632927,0,0.011498899999423884,,,0.0,,,,,
synthetic_image,kodak24,kodim04,50,2,gaussian_val,24.176732903813193,0.5026605129241943,0.7881502509117126,0.027651457116007805,0.6085166335105896,0.09153556078672409,0,0.00028920000113430433,,,0.0,,,,,
synthetic_image,kodak24,kodim04,50,2,median_val,24.03376262826173,0.4891091287136078,0.7610868811607361,0.026457039639353752,0.6085166335105896,0.0920468345284462,0,0.000632400000540656,,,0.0,,,,,
synthetic_image,kodak24,kodim04,50,2,bilateral_val,22.039853152345756,0.45563068985939026,0.7555007934570312,0.025721829384565353,0.6085166335105896,0.12174530327320099,0,0.12732599999981176,,,0.0,,,,,
synthetic_image,kodak24,kodim04,50,2,pm_diff_val,25.060337704387635,0.5663813948631287,0.8132889270782471,0.023727040737867355,0.6085166335105896,0.0674922913312912,5,0.005200199999308097,,,0.0,,,,,
synthetic_image,kodak24,kodim04,50,2,wavelet_bayes,24.04759400881861,0.5794386267662048,0.6058728098869324,0.030473651364445686,0.6085166335105896,0.03730863332748413,0,0.0028232000004209112,,,0.0,,,,,
synthetic_image,kodak24,kodim04,50,2,nlm,25.62738205212743,0.6611316204071045,0.8430331349372864,0.023012563586235046,0.6085166335105896,0.05497411638498306,0,0.0391951000001427,,,0.0,,,,,
synthetic_image,kodak24,kodim04,50,2,bm3d,27.9777272903543,0.7756092548370361,0.9023433923721313,0.01776989921927452,0.6085166335105896,0.03881136327981949,0,1.3387457999997423,,,0.0,,,,,
synthetic_image,kodak24,kodim04,50,2,fdncnn_color,28.52643553726566,0.7914146780967712,0.9142062067985535,0.016995012760162354,0.6085166335105896,0.0371253564953804,0,1.1667923999993945,,,0.0,,,,,
synthetic_image,kodak24,kodim04,50,2,ectv_fdncnn,28.52643553726566,0.7914146780967712,0.9142062067985535,0.016995012760162354,0.6085166335105896,0.0371253564953804,0,1.1691540999981953,0.75,0.5713912770152092,0.5091578194443671,0.32,,0.75,1.0,1.0
synthetic_image,kodak24,kodim05,15,0,noisy,24.68567636123506,0.7902637124061584,0.9780252575874329,0.021206898614764214,0.27146580815315247,0.27146580815315247,0,0.0,0.0,0.0,0.0,,,,,
synthetic_image,kodak24,kodim05,15,0,ectv,25.472399176851273,0.8116364479064941,0.9795092940330505,0.019891653209924698,0.27146580815315247,0.24762192368507385,1,0.018952400001580827,0.023843897597316383,0.023843884468078613,0.8488381630355155,0.04,,,,
synthetic_image,kodak24,kodim05,15,0,ectv_fidelity,27.401155647575926,0.8546827435493469,0.9706107974052429,0.029114481061697006,0.27146580815315247,0.09888936579227448,17,0.061511600000812905,0.1725764484378941,0.172576442360878,0.8488381630355155,0.32,0.08,0.3333333333333333,,
synthetic_image,kodak24,kodim05,15,0,tv_maxiter,27.372972830065457,0.853932797908783,0.9702299237251282,0.029377156868577003,0.27146580815315247,0.09839915484189987,20,0.059193499999310006,inf,0.1730666533112526,0.8488381630355155,,,,,
synthetic_image,kodak24,kodim05,15,0,tv_fixedk_val,27.359681597867382,0.8543157577514648,0.9700735807418823,0.029551047831773758,0.27146580815315247,0.09818527847528458,40,0.10617219999949157,,0.1732805296778679,0.8488381630355155,,,,,
synthetic_image,kodak24,kodim05,15,0,tv_discrepancy,27.398556765617528,0.8546023368835449,0.9705758094787598,0.029137471690773964,0.27146580815315247,0.09884890913963318,17,0.04786419999982172,,0.1726168990135193,0.8488381630355155,,,,,
synthetic_image,kodak24,kodim05,15,0,tv_chambolle_val,26.374145350896548,0.8196892738342285,0.9615094661712646,0.03318753093481064,0.27146580815315247,0.09318530559539795,0,0.01296349999938684,,,0.0,,,,,
synthetic_image,kodak24,kodim05,15,0,gaussian_val,24.37922734881264,0.7885652184486389,0.9337628483772278,0.03957755118608475,0.27146580815315247,0.08386415988206863,0,0.0002648999998200452,,,0.0,,,,,
synthetic_image,kodak24,kodim05,15,0,median_val,22.485639197125046,0.6561459898948669,0.881711483001709,0.047178130596876144,0.27146580815315247,0.07602773606777191,0,0.0005827000004501315,,,0.0,,,,,
synthetic_image,kodak24,kodim05,15,0,bilateral_val,26.226510000904618,0.8434872031211853,0.9699360728263855,0.024794353172183037,0.27146580815315247,0.15240631997585297,0,0.12793189999865717,,,0.0,,,,,
synthetic_image,kodak24,kodim05,15,0,pm_diff_val,25.56565423669324,0.7996969223022461,0.9490414261817932,0.03466671332716942,0.27146580815315247,0.08847876638174057,5,0.006174000000100932,,,0.0,,,,,
synthetic_image,kodak24,kodim05,15,0,wavelet_bayes,26.753637495859827,0.847835123538971,0.9792469143867493,0.020011749118566513,0.27146580815315247,0.18284200131893158,0,0.0033921000012924196,,,0.0,,,,,
synthetic_image,kodak24,kodim05,15,0,nlm,27.990054952748867,0.8584136962890625,0.9710992574691772,0.02344500459730625,0.27146580815315247,0.13598209619522095,0,0.03712699999960023,,,0.0,,,,,
synthetic_image,kodak24,kodim05,15,0,bm3d,30.605820621964245,0.9341607689857483,0.9880669713020325,0.01499171182513237,0.27146580815315247,0.1567888706922531,0,1.3010725999993156,,,0.0,,,,,
synthetic_image,kodak24,kodim05,15,0,fdncnn_color,31.199784183155526,0.9396078586578369,0.9892796874046326,0.014113552868366241,0.27146580815315247,0.14963792264461517,0,1.1728557000005821,,,0.0,,,,,
synthetic_image,kodak24,kodim05,15,0,ectv_fdncnn,31.199784183155526,0.9396078586578369,0.9892796874046326,0.014113552868366241,0.27146580815315247,0.14963792264461517,0,1.175077899999451,0.1725764484378941,0.12182788550853729,0.8488381630355155,0.32,,0.3333333333333333,1.0,1.0
synthetic_image,kodak24,kodim05,15,1,noisy,24.707600150534198,0.7914318442344666,0.9783812761306763,0.02105533890426159,0.271544873714447,0.271544873714447,0,0.0,0.0,0.0,0.0,,,,,
synthetic_image,kodak24,kodim05,15,1,ectv,25.498125025170886,0.8128913044929504,0.9798678755760193,0.019690243527293205,0.271544873714447,0.2477009892463684,1,0.018208200001026853,0.023843897597316383,0.023843884468078613,0.8488381630355155,0.04,,,,
synthetic_image,kodak24,kodim05,15,1,ectv_fidelity,27.428281197265246,0.8550603985786438,0.97109055519104,0.029036134481430054,0.271544873714447,0.09896843135356903,17,0.06188490000022284,0.1725764484378941,0.172576442360878,0.8488381630355155,0.32,0.08,0.3333333333333333,,
synthetic_image,kodak24,kodim05,15,1,tv_maxiter,27.401144464970457,0.854290246963501,0.9707363247871399,0.029286498203873634,0.271544873714447,0.09849930554628372,20,0.055209199999808334,inf,0.1730455681681633,0.8488381630355155,,,,,
synthetic_image,kodak24,kodim05,15,1,tv_fixedk_val,27.38671660251313,0.8545436263084412,0.9705566167831421,0.029466532170772552,0.271544873714447,0.09827779978513718,40,0.10693160000118951,,0.17326707392930984,0.8488381630355155,,,,,
synthetic_image,kodak24,kodim05,15,1,tv_discrepancy,27.42773808126632,0.8550423979759216,0.9710835218429565,0.02904086373746395,0.271544873714447,0.09896022081375122,17,0.0468990000008489,,0.1725846529006958,0.8488381630355155,,,,,
synthetic_image,kodak24,kodim05,15,1,tv_chambolle_val,26.399547939934354,0.8201776146888733,0.9622052311897278,0.03308017551898956,0.271544873714447,0.0933987945318222,0,0.012422199999491568,,,0.0,,,,,
synthetic_image,kodak24,kodim05,15,1,gaussian_val,24.390703109212563,0.7895219922065735,0.9338021874427795,0.039523106068372726,0.271544873714447,0.08390364795923233,0,0.00026980000075127464,,,0.0,,,,,
synthetic_image,kodak24,kodim05,15,1,median_val,22.492756845590833,0.6552754044532776,0.8824781179428101,0.04703960195183754,0.271544873714447,0.07608716934919357,0,0.0006733999998687068,,,0.0,,,,,
synthetic_image,kodak24,kodim05,15,1,bilateral_val,26.256468699526256,0.8446371555328369,0.9712870121002197,0.024519359692931175,0.271544873714447,0.15300774574279785,0,0.12994380000054662,,,0.0,,,,,
synthetic_image,kodak24,kodim05,15,1,pm_diff_val,25.582332082843735,0.8006373047828674,0.9503463506698608,0.03437875956296921,0.271544873714447,0.0886605903506279,5,0.0059718000011343975,,,0.0,,,,,
synthetic_image,kodak24,kodim05,15,1,wavelet_bayes,26.793490350609126,0.849509060382843,0.9797319769859314,0.01976422406733036,0.271544873714447,0.18290351331233978,0,0.0032155000008060597,,,0.0,,,,,
synthetic_image,kodak24,kodim05,15,1,nlm,28.039606450583214,0.8594039082527161,0.9714495539665222,0.023277567699551582,0.271544873714447,0.1359443962574005,0,0.03674520000095072,,,0.0,,,,,
synthetic_image,kodak24,kodim05,15,1,bm3d,30.627202916512122,0.9341283440589905,0.9882998466491699,0.014817776158452034,0.271544873714447,0.15710993111133575,0,1.3028730000005453,,,0.0,,,,,
synthetic_image,kodak24,kodim05,15,1,fdncnn_color,31.209251754871154,0.9395973086357117,0.9895904064178467,0.013893607072532177,0.271544873714447,0.14995183050632477,0,1.1579724999992322,,,0.0,,,,,
synthetic_image,kodak24,kodim05,15,1,ectv_fdncnn,31.209251754871154,0.9395973086357117,0.9895904064178467,0.013893607072532177,0.271544873714447,0.14995183050632477,0,1.1603624999988824,0.1725764484378941,0.12159304320812225,0.8488381630355155,0.32,,0.3333333333333333,1.0,1.0
synthetic_image,kodak24,kodim05,15,2,noisy,24.700383058553914,0.790132999420166,0.9781410098075867,0.02122494764626026,0.2720560133457184,0.2720560133457184,0,0.0,0.0,0.0,0.0,,,,,
synthetic_image,kodak24,kodim05,15,2,ectv,25.491245472099315,0.8116080164909363,0.979600727558136,0.01985851861536503,0.2720560133457184,0.24821212887763977,1,0.020659499999965192,0.023843897597316383,0.023843884468078613,0.8488381630355155,0.04,,,,
synthetic_image,kodak24,kodim05,15,2,ectv_fidelity,27.478112755051114,0.8562626838684082,0.9705791473388672,0.028797147795557976,0.2720560133457184,0.09947957843542099,16,0.06090109999968263,0.1725764484378941,0.1725764349102974,0.8488381630355155,0.32,0.08,0.3333333333333333,,
synthetic_image,kodak24,kodim05,15,2,tv_maxiter,27.424912894328706,0.8545247912406921,0.969840943813324,0.029285751283168793,0.2720560133457184,0.0985548347234726,20,0.05797739999979967,inf,0.1735011786222458,0.8488381630355155,,,,,
synthetic_image,kodak24,kodim05,15,2,tv_fixedk_val,27.412614113294353,0.8548815846443176,0.969699501991272,0.029454588890075684,0.2720560133457184,0.09831581264734268,40,0.11270220000005793,,0.1737402006983757,0.8488381630355155,,,,,
synthetic_image,kodak24,kodim05,15,2,tv_discrepancy,27.464768334271078,0.8557867407798767,0.9703925848007202,0.02891509048640728,0.2720560133457184,0.09926143288612366,16,0.04559100000005856,,0.17279458045959473,0.8488381630355155,,,,,
synthetic_image,kodak24,kodim05,15,2,tv_chambolle_val,26.423506339634237,0.8204568028450012,0.9613368511199951,0.03304317966103554,0.2720560133457184,0.0933629721403122,0,0.012702899999567308,,,0.0,,,,,
synthetic_image,kodak24,kodim05,15,2,gaussian_val,24.40263970576501,0.7893502116203308,0.9337924718856812,0.03948502615094185,0.2720560133457184,0.08396798372268677,0,0.0002679999997781124,,,0.0,,,,,
synthetic_image,kodak24,kodim05,15,2,median_val,22.511143775538688,0.6581709384918213,0.8833562731742859,0.04685501754283905,0.2720560133457184,0.07639925926923752,0,0.0005662999992637197,,,0.0,,,,,
synthetic_image,kodak24,kodim05,15,2,bilateral_val,26.249973043414634,0.8442202210426331,0.9700489640235901,0.024710699915885925,0.2720560133457184,0.15357579290866852,0,0.13020089999918127,,,0.0,,,,,
synthetic_image,kodak24,kodim05,15,2,pm_diff_val,25.59228433016162,0.8005940914154053,0.9493829011917114,0.03439647704362869,0.2720560133457184,0.08876942098140717,5,0.004928000000290922,,,0.0,,,,,
synthetic_image,kodak24,kodim05,15,2,wavelet_bayes,26.81325996968225,0.8492550253868103,0.9793006181716919,0.019936056807637215,0.2720560133457184,0.18354912102222443,0,0.0035582999989856035,,,0.0,,,,,
synthetic_image,kodak24,kodim05,15,2,nlm,28.04121712204735,0.8582509160041809,0.970794141292572,0.02352573350071907,0.2720560133457184,0.13528990745544434,0,0.041371500001332606,,,0.0,,,,,
synthetic_image,kodak24,kodim05,15,2,bm3d,30.593440373906322,0.9338874816894531,0.9878535866737366,0.015039553865790367,0.2720560133457184,0.15724040567874908,0,1.3131467000002885,,,0.0,,,,,
synthetic_image,kodak24,kodim05,15,2,fdncnn_color,31.197206781086283,0.9398507475852966,0.9891796708106995,0.01417339313775301,0.2720560133457184,0.15003107488155365,0,1.2085521000008157,,,0.0,,,,,
synthetic_image,kodak24,kodim05,15,2,ectv_fdncnn,31.197206781086283,0.9398507475852966,0.9891796708106995,0.01417339313775301,0.2720560133457184,0.15003107488155365,0,1.2106265000020358,0.1725764484378941,0.12202493846416473,0.8488381630355155,0.32,,0.3333333333333333,1.0,1.0
synthetic_image,kodak24,kodim05,25,0,noisy,20.406272624175745,0.627474844455719,0.9456291198730469,0.03519446775317192,0.37116989493370056,0.37116989493370056,0,0.0,0.0,0.0,0.0,,,,,
synthetic_image,kodak24,kodim05,25,0,ectv,24.787490995747838,0.7820428013801575,0.9632494449615479,0.02606964111328125,0.37116989493370056,0.18338264524936676,6,0.03597090000039316,0.18778726146140717,0.1877872496843338,0.6839397205857212,0.04,,,,
synthetic_image,kodak24,kodim05,25,0,ectv_fidelity,25.212578052981797,0.7802980542182922,0.9493511915206909,0.03690959885716438,0.37116989493370056,0.090479776263237,80,0.23938369999996212,0.33330865074633204,0.28069011867046356,0.6839397205857212,0.32,0.12,0.3333333333333333,,
synthetic_image,kodak24,kodim05,25,0,tv_maxiter,25.63592298992988,0.8090065121650696,0.9639871120452881,0.028208347037434578,0.37116989493370056,0.1362442970275879,21,0.05954980000024079,inf,0.23492559790611267,0.6839397205857212,,,,,
synthetic_image,kodak24,kodim05,25,0,tv_fixedk_val,25.638050341666908,0.8088952898979187,0.9638945460319519,0.02832881174981594,0.37116989493370056,0.13570380210876465,40,0.11614689999987604,,0.2354660928249359,0.6839397205857212,,,,,
synthetic_image,kodak24,kodim05,25,0,tv_discrepancy,25.63592298992988,0.8090065121650696,0.9639871120452881,0.028208347037434578,0.37116989493370056,0.1362442970275879,21,0.06052079999972193,,0.23492559790611267,0.6839397205857212,,,,,
synthetic_image,kodak24,kodim05,25,0,tv_chambolle_val,24.610939205723454,0.7589226365089417,0.9508175253868103,0.03522186726331711,0.37116989493370056,0.09862365573644638,0,0.006468400000812835,,,0.0,,,,,
synthetic_image,kodak24,kodim05,25,0,gaussian_val,23.785027296206902,0.749315083026886,0.9259101152420044,0.040362779051065445,0.37116989493370056,0.09118863940238953,0,0.00029040000117674936,,,0.0,,,,,
synthetic_image,kodak24,kodim05,25,0,median_val,21.991447789449236,0.6165633797645569,0.8684402108192444,0.0492425374686718,0.37116989493370056,0.08312981575727463,0,0.0006976999993639765,,,0.0,,,,,
synthetic_image,kodak24,kodim05,25,0,bilateral_val,22.696919616283388,0.6936485171318054,0.9331642985343933,0.03740932419896126,0.37116989493370056,0.14667950570583344,0,0.12792549999903713,,,0.0,,,,,
synthetic_image,kodak24,kodim05,25,0,pm_diff_val,23.732883398260178,0.7293054461479187,0.9243195056915283,0.04211138188838959,0.37116989493370056,0.0803387314081192,5,0.005294800001138356,,,0.0,,,,,
synthetic_image,kodak24,kodim05,25,0,wavelet_bayes,23.749576059283104,0.7357182502746582,0.94441819190979,0.03211481124162674,0.37116989493370056,0.1584220826625824,0,0.0032558000002609333,,,0.0,,,,,
synthetic_image,kodak24,kodim05,25,0,nlm,25.160232063845882,0.7533279061317444,0.9367362260818481,0.03534984961152077,0.37116989493370056,0.11121245473623276,0,0.04142829999909736,,,0.0,,,,,
synthetic_image,kodak24,kodim05,25,0,bm3d,27.709206298761558,0.8762922286987305,0.9734768271446228,0.022368423640727997,0.37116989493370056,0.13412237167358398,0,1.3386541999989277,,,0.0,,,,,
synthetic_image,kodak24,kodim05,25,0,fdncnn_color,28.310347692696446,0.8880875110626221,0.9767715930938721,0.020674485713243484,0.37116989493370056,0.1336337924003601,0,1.1660140000003594,,,0.0,,,,,
synthetic_image,kodak24,kodim05,25,0,ectv_fdncnn,28.310347692696446,0.8880875110626221,0.9767715930938721,0.020674485713243484,0.37116989493370056,0.1336337924003601,0,1.168128200000865,0.33330865074633204,0.23753610253334045,0.6839397205857212,0.32,,0.3333333333333333,1.0,1.0
synthetic_image,kodak24,kodim05,25,1,noisy,20.428113484294997,0.6286826729774475,0.9468786120414734,0.034983232617378235,0.37101373076438904,0.37101373076438904,0,0.0,0.0,0.0,0.0,,,,,
synthetic_image,kodak24,kodim05,25,1,ectv,24.830044747954684,0.7845437526702881,0.96442049741745,0.025684945285320282,0.37101373076438904,0.18322648108005524,6,0.03130120000059833,0.18778726146140717,0.1877872496843338,0.6839397205857212,0.04,,,,
synthetic_image,kodak24,kodim05,25,1,ectv_fidelity,25.24631974529435,0.7819821834564209,0.9507316946983337,0.03672663867473602,0.37101373076438904,0.09056970477104187,80,0.21688580000045476,0.33330865074633204,0.28044402599334717,0.6839397205857212,0.32,0.12,0.3333333333333333,,
synthetic_image,kodak24,kodim05,25,1,tv_maxiter,25.68045868313248,0.8119067549705505,0.9653589129447937,0.02784641459584236,0.37101373076438904,0.13634255528450012,21,0.05631999999968684,inf,0.23467117547988892,0.6839397205857212,,,,,
synthetic_image,kodak24,kodim05,25,1,tv_fixedk_val,25.68238500757113,0.8117454648017883,0.9652667045593262,0.02797076106071472,0.37101373076438904,0.13580453395843506,40,0.10838220000005094,,0.23520919680595398,0.6839397205857212,,,,,
synthetic_image,kodak24,kodim05,25,1,tv_discrepancy,25.68045868313248,0.8119067549705505,0.9653589129447937,0.02784641459584236,0.37101373076438904,0.13634255528450012,21,0.058799200000066776,,0.23467117547988892,0.6839397205857212,,,,,
synthetic_image,kodak24,kodim05,25,1,tv_chambolle_val,24.64636911642788,0.7607445120811462,0.9521781802177429,0.03493175283074379,0.37101373076438904,0.09876002371311188,0,0.007220600000437116,,,0.0,,,,,
synthetic_image,kodak24,kodim05,25,1,gaussian_val,23.804091698951865,0.751460075378418,0.9262990355491638,0.04019000753760338,0.37101373076438904,0.09129305183887482,0,0.000264600001173676,,,0.0,,,,,
synthetic_image,kodak24,kodim05,25,1,median_val,22.00435717191902,0.6165463924407959,0.8692919015884399,0.048954181373119354,0.37101373076438904,0.08327390998601913,0,0.0005822999992233235,,,0.0,,,,,
synthetic_image,kodak24,kodim05,25,1,bilateral_val,22.76258898438353,0.6978171467781067,0.9358924627304077,0.037063419818878174,0.37101373076438904,0.14743030071258545,0,0.12439319999975851,,,0.0,,,,,
synthetic_image,kodak24,kodim05,25,1,pm_diff_val,23.760104745551594,0.7317407727241516,0.9262118339538574,0.04187675192952156,0.37101373076438904,0.08046286553144455,5,0.005720400000427617,,,0.0,,,,,
synthetic_image,kodak24,kodim05,25,1,wavelet_bayes,23.762406251641607,0.7376625537872314,0.9455696940422058,0.03180314972996712,0.37101373076438904,0.15882425010204315,0,0.0036873000008199597,,,0.0,,,,,
synthetic_image,kodak24,kodim05,25,1,nlm,25.170823460084737,0.7525811195373535,0.9361663460731506,0.035742077976465225,0.37101373076438904,0.10889441519975662,0,0.03885169999921345,,,0.0,,,,,
synthetic_image,kodak24,kodim05,25,1,bm3d,27.776212035968587,0.8779203295707703,0.9745763540267944,0.02190564200282097,0.37101373076438904,0.13506051898002625,0,1.3168456000003061,,,0.0,,,,,
synthetic_image,kodak24,kodim05,25,1,fdncnn_color,28.358430946252774,0.8897539973258972,0.9777689576148987,0.020254947245121002,0.37101373076438904,0.134575754404068,0,1.1872883999985788,,,0.0,,,,,
synthetic_image,kodak24,kodim05,25,1,ectv_fdncnn,28.358430946252774,0.8897539973258972,0.9777689576148987,0.020254947245121002,0.37101373076438904,0.134575754404068,0,1.1899882999987312,0.33330865074633204,0.23643797636032104,0.6839397205857212,0.32,,0.3333333333333333,1.0,1.0
synthetic_image,kodak24,kodim05,25,2,noisy,20.427582498994504,0.628257691860199,0.9462745189666748,0.035294149070978165,0.371961772441864,0.371961772441864,0,0.0,0.0,0.0,0.0,,,,,
synthetic_image,kodak24,kodim05,25,2,ectv,24.846542843947116,0.7843969464302063,0.963713526725769,0.025815533474087715,0.371961772441864,0.1841745227575302,6,0.03268200000093202,0.18778726146140717,0.1877872496843338,0.6839397205857212,0.04,,,,
synthetic_image,kodak24,kodim05,25,2,ectv_fidelity,25.286829074343284,0.7820479869842529,0.9492429494857788,0.0367097407579422,0.371961772441864,0.09057913720607758,80,0.2108857999992324,0.33330865074633204,0.28138263523578644,0.6839397205857212,0.32,0.12,0.3333333333333333,,
synthetic_image,kodak24,kodim05,25,2,tv_maxiter,25.72630240793197,0.8125839829444885,0.9643704295158386,0.027910051867365837,0.371961772441864,0.13615961372852325,21,0.05751319999944826,inf,0.23580215871334076,0.6839397205857212,,,,,
synthetic_image,kodak24,kodim05,25,2,tv_fixedk_val,25.728347335172792,0.8123920559883118,0.9642653465270996,0.028033021837472916,0.371961772441864,0.13562780618667603,40,0.11163540000052308,,0.236333966255188,0.6839397205857212,,,,,
synthetic_image,kodak24,kodim05,25,2,tv_discrepancy,25.72630240793197,0.8125839829444885,0.9643704295158386,0.027910051867365837,0.371961772441864,0.13615961372852325,21,0.05915880000065954,,0.23580215871334076,0.6839397205857212,,,,,
synthetic_image,kodak24,kodim05,25,2,tv_chambolle_val,24.678298233859685,0.761085033416748,0.951310932636261,0.03488510847091675,0.371961772441864,0.09869647026062012,0,0.007964299999002833,,,0.0,,,,,
synthetic_image,kodak24,kodim05,25,2,gaussian_val,23.825979623039206,0.7514603734016418,0.9263796806335449,0.0401369072496891,0.371961772441864,0.09128683805465698,0,0.0002951000005850801,,,0.0,,,,,
synthetic_image,kodak24,kodim05,25,2,median_val,22.041266399670096,0.6210686564445496,0.8712261915206909,0.048755086958408356,0.371961772441864,0.0834924653172493,0,0.0006313000012596603,,,0.0,,,,,
synthetic_image,kodak24,kodim05,25,2,bilateral_val,22.761843204125064,0.697782039642334,0.9338430762290955,0.03704174980521202,0.371961772441864,0.14853325486183167,0,0.13386190000164788,,,0.0,,,,,
synthetic_image,kodak24,kodim05,25,2,pm_diff_val,23.779209936586795,0.7315528392791748,0.9248656034469604,0.041832733899354935,0.371961772441864,0.08058241009712219,5,0.00547520000145596,,,0.0,,,,,
synthetic_image,kodak24,kodim05,25,2,wavelet_bayes,23.80292764202942,0.738955020904541,0.9444321393966675,0.03197552636265755,0.371961772441864,0.15865057706832886,0,0.0035458000002108747,,,0.0,,,,,
synthetic_image,kodak24,kodim05,25,2,nlm,25.222507835420195,0.7540482878684998,0.9360002875328064,0.035439763218164444,0.371961772441864,0.11063630133867264,0,0.04163469999912195,,,0.0,,,,,
synthetic_image,kodak24,kodim05,25,2,bm3d,27.723021196227563,0.876620352268219,0.9727278351783752,0.02246422879397869,0.371961772441864,0.13469566404819489,0,1.3176686999995582,,,0.0,,,,,
synthetic_image,kodak24,kodim05,25,2,fdncnn_color,28.338611056027023,0.8891904950141907,0.9766878485679626,0.020706569775938988,0.371961772441864,0.13445940613746643,0,1.163568199999645,,,0.0,,,,,
synthetic_image,kodak24,kodim05,25,2,ectv_fdncnn,28.338611056027023,0.8891904950141907,0.9766878485679626,0.020706569775938988,0.371961772441864,0.13445940613746643,0,1.1656581000006554,0.33330865074633204,0.23750236630439758,0.6839397205857212,0.32,,0.3333333333333333,1.0,1.0
synthetic_image,kodak24,kodim05,50,0,noisy,14.958960175630839,0.367586612701416,0.8526188731193542,0.06825487315654755,0.6143355369567871,0.6143355369567871,0,0.0,0.0,0.0,0.0,,,,,
synthetic_image,kodak24,kodim05,50,0,ectv,19.221534155907804,0.533888041973114,0.8890833854675293,0.04484265297651291,0.6143355369567871,0.30839505791664124,26,0.06994900000063353,0.3333333333333333,0.3059404790401459,0.5091578194443671,0.04,,,,
synthetic_image,kodak24,kodim05,50,0,ectv_fidelity,21.808851458481513,0.5814638733863831,0.8786245584487915,0.054717738181352615,0.6143355369567871,0.05975005403161049,80,0.21319489999950747,0.75,0.5545854829251766,0.5091578194443671,0.32,0.25,0.75,,
synthetic_image,kodak24,kodim05,50,0,tv_maxiter,19.221534155907804,0.533888041973114,0.8890833854675293,0.04484265297651291,0.6143355369567871,0.30839505791664124,26,0.07481910000024072,inf,0.3059404790401459,0.5091578194443671,,,,,
synthetic_image,kodak24,kodim05,50,0,tv_fixedk_val,19.235044886868707,0.5343475937843323,0.8892253041267395,0.04477902501821518,0.6143355369567871,0.307724267244339,40,0.10912239999925077,,0.3066112697124481,0.5091578194443671,,,,,
synthetic_image,kodak24,kodim05,50,0,tv_discrepancy,19.221534155907804,0.533888041973114,0.8890833854675293,0.04484265297651291,0.6143355369567871,0.30839505791664124,26,0.07284660000004806,,0.3059404790401459,0.5091578194443671,,,,,
synthetic_image,kodak24,kodim05,50,0,tv_chambolle_val,21.421477978753302,0.5659239888191223,0.8681551814079285,0.05657219886779785,0.6143355369567871,0.06600945442914963,0,0.012400800000250456,,,0.0,,,,,
synthetic_image,kodak24,kodim05,50,0,gaussian_val,21.811438858941447,0.6311464905738831,0.891784131526947,0.044297873973846436,0.6143355369567871,0.11149691790342331,0,0.0002919999988080235,,,0.0,,,,,
synthetic_image,kodak24,kodim05,50,0,median_val,20.60121750106624,0.5210077166557312,0.8239486813545227,0.05240735784173012,0.6143355369567871,0.10921882092952728,0,0.0006873999991512392,,,0.0,,,,,
synthetic_image,kodak24,kodim05,50,0,bilateral_val,18.946235957115853,0.4153164327144623,0.8358065485954285,0.056075792759656906,0.6143355369567871,0.13961052894592285,0,0.13028809999923396,,,0.0,,,,,
synthetic_image,kodak24,kodim05,50,0,pm_diff_val,21.714665911079294,0.6167104840278625,0.8840411901473999,0.04783918708562851,0.6143355369567871,0.08652978390455246,5,0.005759400000897585,,,0.0,,,,,
synthetic_image,kodak24,kodim05,50,0,wavelet_bayes,20.291490410655083,0.4942677915096283,0.7948134541511536,0.05531342327594757,0.6143355369567871,0.08315038681030273,0,0.003393000000869506,,,0.0,,,,,
synthetic_image,kodak24,kodim05,50,0,nlm,21.54287940365997,0.5402106642723083,0.8671313524246216,0.054338376969099045,0.6143355369567871,0.08238551020622253,0,0.040367600000536186,,,0.0,,,,,
synthetic_image,kodak24,kodim05,50,0,bm3d,23.701388010053538,0.7167107462882996,0.9214173555374146,0.03966242074966431,0.6143355369567871,0.08677598834037781,0,1.3461821999990207,,,0.0,,,,,
synthetic_image,kodak24,kodim05,50,0,fdncnn_color,24.208176125469652,0.7424080967903137,0.9321788549423218,0.036483727395534515,0.6143355369567871,0.09278540313243866,0,1.1826780999999755,,,0.0,,,,,
synthetic_image,kodak24,kodim05,50,0,ectv_fdncnn,24.208176125469652,0.7424080967903137,0.9321788549423218,0.036483727395534515,0.6143355369567871,0.09278540313243866,0,1.18487180000011,0.75,0.5215501338243484,0.5091578194443671,0.32,,0.75,1.0,1.0
synthetic_image,kodak24,kodim05,50,1,noisy,14.980157576393879,0.3697684705257416,0.855714738368988,0.06809448450803757,0.6138535737991333,0.6138535737991333,0,0.0,0.0,0.0,0.0,,,,,
synthetic_image,kodak24,kodim05,50,1,ectv,19.258522954524725,0.5370791554450989,0.8917451500892639,0.0444934256374836,0.6138535737991333,0.30839020013809204,26,0.0724396000005072,0.3333333333333333,0.30546337366104126,0.5091578194443671,0.04,,,,
synthetic_image,kodak24,kodim05,50,1,ectv_fidelity,21.830179489970526,0.5855298638343811,0.8804914951324463,0.054606843739748,0.6138535737991333,0.05975596234202385,80,0.2136995000000752,0.75,0.5540976114571095,0.5091578194443671,0.32,0.25,0.75,,
synthetic_image,kodak24,kodim05,50,1,tv_maxiter,19.258522954524725,0.5370791554450989,0.8917451500892639,0.0444934256374836,0.6138535737991333,0.30839020013809204,26,0.07281499999953667,inf,0.30546337366104126,0.5091578194443671,,,,,
synthetic_image,kodak24,kodim05,50,1,tv_fixedk_val,19.272094137638625,0.5375433564186096,0.8918901085853577,0.04442783445119858,0.6138535737991333,0.30771923065185547,40,0.10956289999921864,,0.30613434314727783,0.5091578194443671,,,,,
synthetic_image,kodak24,kodim05,50,1,tv_discrepancy,19.258522954524725,0.5370791554450989,0.8917451500892639,0.0444934256374836,0.6138535737991333,0.30839020013809204,26,0.07250070000009146,,0.30546337366104126,0.5091578194443671,,,,,
synthetic_image,kodak24,kodim05,50,1,tv_chambolle_val,21.436999015752036,0.5701436400413513,0.8698107600212097,0.0565473698079586,0.6138535737991333,0.0661388710141182,0,0.012253599999894504,,,0.0,,,,,
synthetic_image,kodak24,kodim05,50,1,gaussian_val,21.84351638550131,0.636160671710968,0.8934378623962402,0.04396917298436165,0.6138535737991333,0.11162086576223373,0,0.00026360000083514024,,,0.0,,,,,
synthetic_image,kodak24,kodim05,50,1,median_val,20.615062013079616,0.5217441916465759,0.8229445815086365,0.05236072838306427,0.6138535737991333,0.10977267473936081,0,0.0005793000000267057,,,0.0,,,,,
synthetic_image,kodak24,kodim05,50,1,bilateral_val,18.992752797268807,0.4217970371246338,0.8435479998588562,0.05556255951523781,0.6138535737991333,0.13975122570991516,0,0.12922790000084206,,,0.0,,,,,
synthetic_image,kodak24,kodim05,50,1,pm_diff_val,21.74019231380964,0.6220952868461609,0.8854395747184753,0.04750756546854973,0.6138535737991333,0.08658714592456818,5,0.005919799999901443,,,0.0,,,,,
synthetic_image,kodak24,kodim05,50,1,wavelet_bayes,20.312600022725537,0.4999483823776245,0.7968485355377197,0.055173736065626144,0.6138535737991333,0.0845985859632492,0,0.003570400000171503,,,0.0,,,,,
synthetic_image,kodak24,kodim05,50,1,nlm,21.52498719967499,0.5394269824028015,0.8646818399429321,0.05494800955057144,0.6138535737991333,0.0795576274394989,0,0.04172870000002149,,,0.0,,,,,
synthetic_image,kodak24,kodim05,50,1,bm3d,23.762927601949947,0.7242348790168762,0.9240418076515198,0.03888944536447525,0.6138535737991333,0.08816685527563095,0,1.3217875999998796,,,0.0,,,,,
synthetic_image,kodak24,kodim05,50,1,fdncnn_color,24.26156531783977,0.7469931244850159,0.9343071579933167,0.0361279621720314,0.6138535737991333,0.09378460794687271,0,1.1654505000005884,,,0.0,,,,,
synthetic_image,kodak24,kodim05,50,1,ectv_fdncnn,24.26156531783977,0.7469931244850159,0.9343071579933167,0.0361279621720314,0.6138535737991333,0.09378460794687271,0,1.1675407000002451,0.75,0.5200689658522606,0.5091578194443671,0.32,,0.75,1.0,1.0
synthetic_image,kodak24,kodim05,50,2,noisy,14.980083300082342,0.37047263979911804,0.8555948734283447,0.06840725988149643,0.6157259345054626,0.6157259345054626,0,0.0,0.0,0.0,0.0,,,,,
synthetic_image,kodak24,kodim05,50,2,ectv,19.287011791722556,0.5380878448486328,0.8922861814498901,0.0444510355591774,0.6157259345054626,0.3089694380760193,26,0.07379979999859643,0.3333333333333333,0.30675649642944336,0.5091578194443671,0.04,,,,
synthetic_image,kodak24,kodim05,50,2,ectv_fidelity,21.891646875019035,0.5860474705696106,0.8800744414329529,0.05434075742959976,0.6157259345054626,0.06003715097904205,80,0.2161856999991869,0.75,0.5556887835264206,0.5091578194443671,0.32,0.25,0.75,,
synthetic_image,kodak24,kodim05,50,2,tv_maxiter,19.287011791722556,0.5380878448486328,0.8922861814498901,0.0444510355591774,0.6157259345054626,0.3089694380760193,26,0.07373129999905359,inf,0.30675649642944336,0.5091578194443671,,,,,
synthetic_image,kodak24,kodim05,50,2,tv_fixedk_val,19.300747397814458,0.5385568737983704,0.892429530620575,0.044385138899087906,0.6157259345054626,0.3082932233810425,40,0.11111080000046059,,0.30743271112442017,0.5091578194443671,,,,,
synthetic_image,kodak24,kodim05,50,2,tv_discrepancy,19.287011791722556,0.5380878448486328,0.8922861814498901,0.0444510355591774,0.6157259345054626,0.3089694380760193,26,0.07562310000139405,,0.30675649642944336,0.5091578194443671,,,,,
synthetic_image,kodak24,kodim05,50,2,tv_chambolle_val,21.498971679299963,0.5777227878570557,0.8749845623970032,0.055547647178173065,0.6157259345054626,0.0868886336684227,0,0.011559900000065682,,,0.0,,,,,
synthetic_image,kodak24,kodim05,50,2,gaussian_val,21.885432096943717,0.6359627842903137,0.8946534991264343,0.0438249334692955,0.6157259345054626,0.11148753762245178,0,0.00030160000096657313,,,0.0,,,,,
synthetic_image,kodak24,kodim05,50,2,median_val,20.659449459078736,0.5268868207931519,0.8249804377555847,0.052142802625894547,0.6157259345054626,0.10974356532096863,0,0.0006202000004122965,,,0.0,,,,,
synthetic_image,kodak24,kodim05,50,2,bilateral_val,19.006191558092095,0.42337098717689514,0.8427239060401917,0.05520278960466385,0.6157259345054626,0.14129693806171417,0,0.1322173999997176,,,0.0,,,,,
synthetic_image,kodak24,kodim05,50,2,pm_diff_val,21.780726684227417,0.6217147707939148,0.8865301012992859,0.04747339338064194,0.6157259345054626,0.08664967864751816,5,0.00514370000018971,,,0.0,,,,,
synthetic_image,kodak24,kodim05,50,2,wavelet_bayes,20.34020383944568,0.5023053288459778,0.7963274717330933,0.054951395839452744,0.6157259345054626,0.08415461331605911,0,0.0034759999998641433,,,0.0,,,,,
synthetic_image,kodak24,kodim05,50,2,nlm,21.631312174363494,0.5441599488258362,0.867605984210968,0.054058074951171875,0.6157259345054626,0.08209218084812164,0,0.04561529999955383,,,0.0,,,,,
synthetic_image,kodak24,kodim05,50,2,bm3d,23.723351976159854,0.7159595489501953,0.9186801314353943,0.0394449308514595,0.6157259345054626,0.08759647607803345,0,1.33899829999973,,,0.0,,,,,
synthetic_image,kodak24,kodim05,50,2,fdncnn_color,24.269177395980872,0.7442502379417419,0.9321184754371643,0.03622013330459595,0.6157259345054626,0.09377901256084442,0,1.1697435999994923,,,0.0,,,,,
synthetic_image,kodak24,kodim05,50,2,ectv_fdncnn,24.269177395980872,0.7442502379417419,0.9321184754371643,0.03622013330459595,0.6157259345054626,0.09377901256084442,0,1.1720800000002782,0.75,0.5219469219446182,0.5091578194443671,0.32,,0.75,1.0,1.0
synthetic_image,kodak24,kodim06,15,0,noisy,24.756065349354543,0.533149778842926,0.9443573951721191,0.02215484157204628,0.2214677631855011,0.2214677631855011,0,0.0,0.0,0.0,0.0,,,,,
synthetic_image,kodak24,kodim06,15,0,ectv,25.610086975161757,0.5682454705238342,0.9486425518989563,0.02045734040439129,0.2214677631855011,0.19762387871742249,1,0.018977700001414632,0.023843897597316383,0.023843884468078613,0.8488381630355155,0.04,,,,
synthetic_image,kodak24,kodim06,15,0,ectv_fidelity,30.073364803592003,0.7896921038627625,0.9566788673400879,0.01779734529554844,0.2214677631855011,0.04889131709933281,10,0.043273699999190285,0.1725764484378941,0.1725764460861683,0.8488381630355155,0.32,0.08,0.3333333333333333,,
synthetic_image,kodak24,kodim06,15,0,tv_maxiter,29.917448996386437,0.7854914665222168,0.9436335563659668,0.020222563296556473,0.2214677631855011,0.03959210589528084,21,0.059435400000438676,inf,0.18187565729022026,0.8488381630355155,,,,,
synthetic_image,kodak24,kodim06,15,0,tv_fixedk_val,29.941536542315784,0.7877771258354187,0.9427955150604248,0.020379124209284782,0.2214677631855011,0.03955353796482086,40,0.1068505000002915,,0.18191422522068024,0.8488381630355155,,,,,
synthetic_image,kodak24,kodim06,15,0,tv_discrepancy,29.917448996386437,0.7854914665222168,0.9436335563659668,0.020222563296556473,0.2214677631855011,0.03959210589528084,21,0.06283780000012484,,0.18187565729022026,0.8488381630355155,,,,,
synthetic_image,kodak24,kodim06,15,0,tv_chambolle_val,29.210897955772253,0.7599434852600098,0.9322515726089478,0.021787850186228752,0.2214677631855011,0.038771964609622955,0,0.016956899999058805,,,0.0,,,,,
synthetic_image,kodak24,kodim06,15,0,gaussian_val,27.183451429167,0.7427436709403992,0.8737991452217102,0.02395518682897091,0.2214677631855011,0.04628309980034828,0,0.0003068000005441718,,,0.0,,,,,
synthetic_image,kodak24,kodim06,15,0,median_val,26.694600940451156,0.6441879868507385,0.8777201771736145,0.02513076737523079,0.2214677631855011,0.04491729289293289,0,0.0006608000003325287,,,0.0,,,,,
synthetic_image,kodak24,kodim06,15,0,bilateral_val,30.032177478192523,0.7974051833152771,0.9500719904899597,0.017058953642845154,0.2214677631855011,0.07564006745815277,0,0.12794170000051963,,,0.0,,,,,
synthetic_image,kodak24,kodim06,15,0,pm_diff_val,28.82499484299951,0.7501375675201416,0.9279638528823853,0.0204982478171587,0.2214677631855011,0.043328844010829926,5,0.0055827000014687655,,,0.0,,,,,
synthetic_image,kodak24,kodim06,15,0,wavelet_bayes,29.030252663837203,0.7461627125740051,0.9597795009613037,0.01596810296177864,0.2214677631855011,0.09420207142829895,0,0.0030315999993035803,,,0.0,,,,,
synthetic_image,kodak24,kodim06,15,0,nlm,30.62959716465695,0.8050701022148132,0.953140377998352,0.016790635883808136,0.2214677631855011,0.06341055780649185,0,0.040022000001044944,,,0.0,,,,,
synthetic_image,kodak24,kodim06,15,0,bm3d,33.146915250367954,0.8957340121269226,0.9805472493171692,0.010984599590301514,0.2214677631855011,0.07044998556375504,0,1.3258695999993506,,,0.0,,,,,
synthetic_image,kodak24,kodim06,15,0,fdncnn_color,33.42904731030315,0.9022759795188904,0.9819300174713135,0.010431635193526745,0.2214677631855011,0.07156390696763992,0,1.1818719999992027,,,0.0,,,,,
synthetic_image,kodak24,kodim06,15,0,ectv_fdncnn,33.42904731030315,0.9022759795188904,0.9819300174713135,0.010431635193526745,0.2214677631855011,0.07156390696763992,0,1.1837404999987484,0.1725764484378941,0.14990385621786118,0.8488381630355155,0.32,,0.3333333333333333,1.0,1.0
synthetic_image,kodak24,kodim06,15,1,noisy,24.778356052874507,0.5334535241127014,0.9441609382629395,0.022026054561138153,0.2210690677165985,0.2210690677165985,0,0.0,0.0,0.0,0.0,,,,,
synthetic_image,kodak24,kodim06,15,1,ectv,25.634637227135567,0.5687962174415588,0.9484333992004395,0.020339325070381165,0.2210690677165985,0.1972251832485199,1,0.02140789999975823,0.023843897597316383,0.023843884468078613,0.8488381630355155,0.04,,,,
synthetic_image,kodak24,kodim06,15,1,ectv_fidelity,30.07951172848305,0.7894692420959473,0.9566602110862732,0.01781262457370758,0.2210690677165985,0.04849262163043022,10,0.044178699999974924,0.1725764484378941,0.1725764460861683,0.8488381630355155,0.32,0.08,0.3333333333333333,,
synthetic_image,kodak24,kodim06,15,1,tv_maxiter,29.91373056915064,0.7845080494880676,0.9435709118843079,0.020271796733140945,0.2210690677165985,0.03936139866709709,21,0.05691070000102627,inf,0.18170766904950142,0.8488381630355155,,,,,
synthetic_image,kodak24,kodim06,15,1,tv_fixedk_val,29.936964405461588,0.7867860198020935,0.9427523016929626,0.020433131605386734,0.2210690677165985,0.03930806741118431,40,0.11060670000006212,,0.1817610003054142,0.8488381630355155,,,,,
synthetic_image,kodak24,kodim06,15,1,tv_discrepancy,29.91373056915064,0.7845080494880676,0.9435709118843079,0.020271796733140945,0.2210690677165985,0.03936139866709709,21,0.06141919999936363,,0.18170766904950142,0.8488381630355155,,,,,
synthetic_image,kodak24,kodim06,15,1,tv_chambolle_val,29.230446585729,0.7607135772705078,0.9326217770576477,0.021806633099913597,0.2210690677165985,0.0385579988360405,0,0.015420699999594945,,,0.0,,,,,
synthetic_image,kodak24,kodim06,15,1,gaussian_val,27.20156922979715,0.7436679005622864,0.8741834759712219,0.0239502415060997,0.2210690677165985,0.046291645616292953,0,0.00030110000079730526,,,0.0,,,,,
synthetic_image,kodak24,kodim06,15,1,median_val,26.676033586527623,0.643623411655426,0.8746922612190247,0.0252890232950449,0.2210690677165985,0.0445435605943203,0,0.000619800001004478,,,0.0,,,,,
synthetic_image,kodak24,kodim06,15,1,bilateral_val,30.050739281715337,0.7969387173652649,0.9510483741760254,0.017071358859539032,0.2210690677165985,0.07529479265213013,0,0.12777850000020408,,,0.0,,,,,
synthetic_image,kodak24,kodim06,15,1,pm_diff_val,28.822307752347463,0.7506237030029297,0.9282951354980469,0.02052288129925728,0.2210690677165985,0.043244123458862305,5,0.005743199999415083,,,0.0,,,,,
synthetic_image,kodak24,kodim06,15,1,wavelet_bayes,29.028428136011787,0.7466574311256409,0.9596037268638611,0.015954086557030678,0.2210690677165985,0.0940522849559784,0,0.0037212999995972496,,,0.0,,,,,
synthetic_image,kodak24,kodim06,15,1,nlm,30.661497271581858,0.804959237575531,0.9530001282691956,0.01682332158088684,0.2210690677165985,0.06239858269691467,0,0.03711980000116455,,,0.0,,,,,
synthetic_image,kodak24,kodim06,15,1,bm3d,33.12276319969705,0.8948171138763428,0.9801192283630371,0.011066420935094357,0.2210690677165985,0.06998535990715027,0,1.3660469000005833,,,0.0,,,,,
synthetic_image,kodak24,kodim06,15,1,fdncnn_color,33.410724930871666,0.9011997580528259,0.981788694858551,0.010462513193488121,0.2210690677165985,0.07110977172851562,0,1.180019600000378,,,0.0,,,,,
synthetic_image,kodak24,kodim06,15,1,ectv_fdncnn,33.410724930871666,0.9011997580528259,0.981788694858551,0.010462513193488121,0.2210690677165985,0.07110977172851562,0,1.18226500000128,0.1725764484378941,0.14995929598808289,0.8488381630355155,0.32,,0.3333333333333333,1.0,1.0
synthetic_image,kodak24,kodim06,15,2,noisy,24.77537174257987,0.5337448716163635,0.9444931745529175,0.02214702032506466,0.22150911390781403,0.22150911390781403,0,0.0,0.0,0.0,0.0,,,,,
synthetic_image,kodak24,kodim06,15,2,ectv,25.63240326855025,0.5690658688545227,0.9487696886062622,0.02043244242668152,0.22150911390781403,0.1976652294397354,1,0.021389100000305916,0.023843897597316383,0.023843884468078613,0.8488381630355155,0.04,,,,
synthetic_image,kodak24,kodim06,15,2,ectv_fidelity,30.097956434285244,0.7904797196388245,0.9568168520927429,0.017765488475561142,0.22150911390781403,0.04893266782164574,10,0.0467038999995566,0.1725764484378941,0.1725764460861683,0.8488381630355155,0.32,0.08,0.3333333333333333,,
synthetic_image,kodak24,kodim06,15,2,tv_maxiter,29.92088465587794,0.7847428321838379,0.9434396028518677,0.020260829478502274,0.22150911390781403,0.039402175694704056,21,0.05993510000007518,inf,0.18210693821310997,0.8488381630355155,,,,,
synthetic_image,kodak24,kodim06,15,2,tv_fixedk_val,29.944698668785,0.7869978547096252,0.9425654411315918,0.020429838448762894,0.22150911390781403,0.03934519365429878,40,0.1089828000003763,,0.18216392025351524,0.8488381630355155,,,,,
synthetic_image,kodak24,kodim06,15,2,tv_discrepancy,29.92088465587794,0.7847428321838379,0.9434396028518677,0.020260829478502274,0.22150911390781403,0.039402175694704056,21,0.05899869999848306,,0.18210693821310997,0.8488381630355155,,,,,
synthetic_image,kodak24,kodim06,15,2,tv_chambolle_val,29.23278472083883,0.7604606747627258,0.932684063911438,0.021776549518108368,0.22150911390781403,0.03860219568014145,0,0.01593940000020666,,,0.0,,,,,
synthetic_image,kodak24,kodim06,15,2,gaussian_val,27.206693478051985,0.7439635396003723,0.8753326535224915,0.023871896788477898,0.22150911390781403,0.04612492024898529,0,0.00031149999995250255,,,0.0,,,,,
synthetic_image,kodak24,kodim06,15,2,median_val,26.656019992215917,0.6428481936454773,0.874964714050293,0.025255780667066574,0.22150911390781403,0.044708527624607086,0,0.0006590999983018264,,,0.0,,,,,
synthetic_image,kodak24,kodim06,15,2,bilateral_val,30.026179201122552,0.7970929741859436,0.9508019089698792,0.01700114831328392,0.22150911390781403,0.07583928108215332,0,0.13380319999851054,,,0.0,,,,,
synthetic_image,kodak24,kodim06,15,2,pm_diff_val,28.817294301096435,0.7509977221488953,0.9277341365814209,0.020572196692228317,0.22150911390781403,0.043182358145713806,5,0.005843900000400026,,,0.0,,,,,
synthetic_image,kodak24,kodim06,15,2,wavelet_bayes,29.08200927821367,0.7499349117279053,0.9604601860046387,0.01583392359316349,0.22150911390781403,0.09351256489753723,0,0.0033392999994248385,,,0.0,,,,,
synthetic_image,kodak24,kodim06,15,2,nlm,30.653374874435325,0.8042306303977966,0.9526109099388123,0.016894565895199776,0.22150911390781403,0.06242205575108528,0,0.037974900000335765,,,0.0,,,,,
synthetic_image,kodak24,kodim06,15,2,bm3d,33.12953128912308,0.8960378766059875,0.9803912043571472,0.011005431413650513,0.22150911390781403,0.07068659365177155,0,1.3689472999994905,,,0.0,,,,,
synthetic_image,kodak24,kodim06,15,2,fdncnn_color,33.42339671627924,0.9016205668449402,0.9819195866584778,0.010410850867629051,0.22150911390781403,0.07162604480981827,0,1.171578800000134,,,0.0,,,,,
synthetic_image,kodak24,kodim06,15,2,ectv_fdncnn,33.42339671627924,0.9016205668449402,0.9819195866584778,0.010410850867629051,0.22150911390781403,0.07162604480981827,0,1.1738528999994742,0.1725764484378941,0.14988306909799576,0.8488381630355155,0.32,,0.3333333333333333,1.0,1.0
synthetic_image,kodak24,kodim06,25,0,noisy,20.379520556179337,0.3423655927181244,0.8727362155914307,0.038564398884773254,0.3347497880458832,0.3347497880458832,0,0.0,0.0,0.0,0.0,,,,,
synthetic_image,kodak24,kodim06,25,0,ectv,25.28274852792176,0.5519847273826599,0.921422004699707,0.023258527740836143,0.3347497880458832,0.14696253836154938,5,0.03098429999954533,0.18778726146140717,0.1877872496843338,0.6839397205857212,0.04,,,,
synthetic_image,kodak24,kodim06,25,0,ectv_fidelity,28.16007182178264,0.7316455841064453,0.9197793006896973,0.023096852004528046,0.3347497880458832,0.039432331919670105,80,0.21785889999955543,0.33330865074633204,0.2953174561262131,0.6839397205857212,0.32,0.12,0.3333333333333333,,
synthetic_image,kodak24,kodim06,25,0,tv_maxiter,27.683658631639073,0.6951146125793457,0.9436527490615845,0.018602509051561356,0.3347497880458832,0.08154381066560745,22,0.0632010999997874,inf,0.2532059773802757,0.6839397205857212,,,,,
synthetic_image,kodak24,kodim06,25,0,tv_fixedk_val,27.719929661063514,0.6972435116767883,0.9437469840049744,0.01858649216592312,0.3347497880458832,0.08116131275892258,40,0.11183539999910863,,0.2535884752869606,0.6839397205857212,,,,,
synthetic_image,kodak24,kodim06,25,0,tv_discrepancy,27.683658631639073,0.6951146125793457,0.9436527490615845,0.018602509051561356,0.3347497880458832,0.08154381066560745,22,0.06345839999994496,,0.2532059773802757,0.6839397205857212,,,,,
synthetic_image,kodak24,kodim06,25,0,tv_chambolle_val,27.366711166054287,0.6863133311271667,0.9229038953781128,0.022758953273296356,0.3347497880458832,0.04870351776480675,0,0.007871600000726175,,,0.0,,,,,
synthetic_image,kodak24,kodim06,25,0,gaussian_val,26.111128039198505,0.6499690413475037,0.8508872389793396,0.02534182369709015,0.3347497880458832,0.058656029403209686,0,0.0003916000005119713,,,0.0,,,,,
synthetic_image,kodak24,kodim06,25,0,median_val,25.702018732922973,0.570930540561676,0.8572475910186768,0.026990681886672974,0.3347497880458832,0.056257933378219604,0,0.0006492000011348864,,,0.0,,,,,
synthetic_image,kodak24,kodim06,25,0,bilateral_val,26.926789723617468,0.6765192151069641,0.9006888270378113,0.02197803556919098,0.3347497880458832,0.08609946072101593,0,0.13186039999891364,,,0.0,,,,,
synthetic_image,kodak24,kodim06,25,0,pm_diff_val,26.909700987504188,0.6679210066795349,0.9070974588394165,0.02406751550734043,0.3347497880458832,0.04789045825600624,5,0.005741900000430178,,,0.0,,,,,
synthetic_image,kodak24,kodim06,25,0,wavelet_bayes,26.48567624594064,0.6467724442481995,0.8979889154434204,0.0232512466609478,0.3347497880458832,0.07182575017213821,0,0.003628299999036244,,,0.0,,,,,
synthetic_image,kodak24,kodim06,25,0,nlm,28.12786603737361,0.7145169377326965,0.908280611038208,0.022702641785144806,0.3347497880458832,0.05477349832653999,0,0.0365576999993209,,,0.0,,,,,
synthetic_image,kodak24,kodim06,25,0,bm3d,30.444752006186203,0.8281951546669006,0.9603091478347778,0.015457388944923878,0.3347497880458832,0.05752034857869148,0,1.4257799999995768,,,0.0,,,,,
synthetic_image,kodak24,kodim06,25,0,fdncnn_color,30.78690827443935,0.842510461807251,0.9650829434394836,0.014235720969736576,0.3347497880458832,0.06164194270968437,0,1.1839734999994107,,,0.0,,,,,
synthetic_image,kodak24,kodim06,25,0,ectv_fdncnn,30.78690827443935,0.842510461807251,0.9650829434394836,0.014235720969736576,0.3347497880458832,0.06164194270968437,0,1.1859190999985003,0.33330865074633204,0.2731078453361988,0.6839397205857212,0.32,,0.3333333333333333,1.0,1.0
synthetic_image,kodak24,kodim06,25,1,noisy,20.4032308254768,0.34220990538597107,0.8718640804290771,0.03834989294409752,0.33403462171554565,0.33403462171554565,0,0.0,0.0,0.0,0.0,,,,,
synthetic_image,kodak24,kodim06,25,1,ectv,25.332931056570004,0.5538215041160583,0.9212630391120911,0.023162556812167168,0.33403462171554565,0.14624737203121185,5,0.030488899999909336,0.18778726146140717,0.1877872496843338,0.6839397205857212,0.04,,,,
synthetic_image,kodak24,kodim06,25,1,ectv_fidelity,28.166922069967512,0.7317559123039246,0.9206537008285522,0.023113131523132324,0.33403462171554565,0.03900832310318947,80,0.21694060000118043,0.33330865074633204,0.2950262986123562,0.6839397205857212,0.32,0.12,0.3333333333333333,,
synthetic_image,kodak24,kodim06,25,1,tv_maxiter,27.727182968677077,0.6985194683074951,0.9444127678871155,0.018472615629434586,0.33403462171554565,0.08093833923339844,22,0.06043100000169943,inf,0.2530962824821472,0.6839397205857212,,,,,
synthetic_image,kodak24,kodim06,25,1,tv_fixedk_val,27.762574396309986,0.7005918025970459,0.9445164203643799,0.018462838605046272,0.33403462171554565,0.08056377619504929,40,0.1136530000003404,,0.25347084552049637,0.6839397205857212,,,,,
synthetic_image,kodak24,kodim06,25,1,tv_discrepancy,27.727182968677077,0.6985194683074951,0.9444127678871155,0.018472615629434586,0.33403462171554565,0.08093833923339844,22,0.06221509999886621,,0.2530962824821472,0.6839397205857212,,,,,
synthetic_image,kodak24,kodim06,25,1,tv_chambolle_val,27.370913753150553,0.6870880722999573,0.923690915107727,0.022697102278470993,0.33403462171554565,0.04865281656384468,0,0.008523100001184503,,,0.0,,,,,
synthetic_image,kodak24,kodim06,25,1,gaussian_val,26.141866054068416,0.6519982218742371,0.8518503904342651,0.025286627933382988,0.33403462171554565,0.05868228152394295,0,0.0002859999985957984,,,0.0,,,,,
synthetic_image,kodak24,kodim06,25,1,median_val,25.717874743058765,0.5710192322731018,0.855708658695221,0.027034513652324677,0.33403462171554565,0.05571223795413971,0,0.0006114999996498227,,,0.0,,,,,
synthetic_image,kodak24,kodim06,25,1,bilateral_val,26.983606438337063,0.6771848797798157,0.9055077433586121,0.021973680704832077,0.33403462171554565,0.08564384281635284,0,0.12715560000106052,,,0.0,,,,,
synthetic_image,kodak24,kodim06,25,1,pm_diff_val,26.9292774654869,0.6698459982872009,0.907611072063446,0.02401725947856903,0.33403462171554565,0.04781109094619751,5,0.00530100000105449,,,0.0,,,,,
synthetic_image,kodak24,kodim06,25,1,wavelet_bayes,26.483476123747415,0.648628294467926,0.896727979183197,0.023061417043209076,0.33403462171554565,0.07238896936178207,0,0.003417599999011145,,,0.0,,,,,
synthetic_image,kodak24,kodim06,25,1,nlm,28.15650028747616,0.7158489227294922,0.9087236523628235,0.022694075480103493,0.33403462171554565,0.05365918204188347,0,0.04252189999897382,,,0.0,,,,,
synthetic_image,kodak24,kodim06,25,1,bm3d,30.38694777074101,0.8267841935157776,0.9589462280273438,0.015663841739296913,0.33403462171554565,0.05717765539884567,0,1.3628848000007565,,,0.0,,,,,
synthetic_image,kodak24,kodim06,25,1,fdncnn_color,30.742772072636892,0.8400279879570007,0.9642574787139893,0.014401028864085674,0.33403462171554565,0.06105838343501091,0,1.1598759000007703,,,0.0,,,,,
synthetic_image,kodak24,kodim06,25,1,ectv_fdncnn,30.742772072636892,0.8400279879570007,0.9642574787139893,0.014401028864085674,0.33403462171554565,0.06105838343501091,0,1.1620884999992995,0.33330865074633204,0.27297623828053474,0.6839397205857212,0.32,,0.3333333333333333,1.0,1.0
synthetic_image,kodak24,kodim06,25,2,noisy,20.39872534688662,0.3421196937561035,0.8731842637062073,0.03860289976000786,0.33492743968963623,0.33492743968963623,0,0.0,0.0,0.0,0.0,,,,,
synthetic_image,kodak24,kodim06,25,2,ectv,25.33061243000563,0.553555428981781,0.9220977425575256,0.02311873622238636,0.33492743968963623,0.14714019000530243,5,0.03000919999976759,0.18778726146140717,0.1877872496843338,0.6839397205857212,0.04,,,,
synthetic_image,kodak24,kodim06,25,2,ectv_fidelity,28.190532746880276,0.7325009703636169,0.9200575351715088,0.02312929555773735,0.33492743968963623,0.039027512073516846,80,0.21526339999945776,0.33330865074633204,0.2958999276161194,0.6839397205857212,0.32,0.12,0.3333333333333333,,
synthetic_image,kodak24,kodim06,25,2,tv_maxiter,27.76206075547097,0.7007912993431091,0.9446986317634583,0.018427260220050812,0.33492743968963623,0.0806988924741745,22,0.06369049999921117,inf,0.25422854721546173,0.6839397205857212,,,,,
synthetic_image,kodak24,kodim06,25,2,tv_fixedk_val,27.797205428004602,0.7027879357337952,0.9447650909423828,0.018422584980726242,0.33492743968963623,0.08032527565956116,40,0.11000550000062503,,0.2546021640300751,0.6839397205857212,,,,,
synthetic_image,kodak24,kodim06,25,2,tv_discrepancy,27.76206075547097,0.7007912993431091,0.9446986317634583,0.018427260220050812,0.33492743968963623,0.0806988924741745,22,0.06455449999884877,,0.25422854721546173,0.6839397205857212,,,,,
synthetic_image,kodak24,kodim06,25,2,tv_chambolle_val,27.485923728355743,0.6943919062614441,0.9277575016021729,0.02216484025120735,0.33492743968963623,0.05385693162679672,0,0.004344300001321244,,,0.0,,,,,
synthetic_image,kodak24,kodim06,25,2,gaussian_val,26.1543539631035,0.6523241400718689,0.8538612127304077,0.02518128789961338,0.33492743968963623,0.05842746049165726,0,0.00027829999999084976,,,0.0,,,,,
synthetic_image,kodak24,kodim06,25,2,median_val,25.689968012782508,0.5720064043998718,0.8541014790534973,0.02702895738184452,0.33492743968963623,0.05587034672498703,0,0.0007810000006429618,,,0.0,,,,,
synthetic_image,kodak24,kodim06,25,2,bilateral_val,26.91231381843196,0.6772168278694153,0.9024121165275574,0.0219503752887249,0.33492743968963623,0.08650834113359451,0,0.13052549999883922,,,0.0,,,,,
synthetic_image,kodak24,kodim06,25,2,pm_diff_val,26.94450926705983,0.6704892516136169,0.9082647562026978,0.02394327148795128,0.33492743968963623,0.04770178720355034,5,0.005849400000442984,,,0.0,,,,,
synthetic_image,kodak24,kodim06,25,2,wavelet_bayes,26.492736744096543,0.6519747376441956,0.8981602191925049,0.023072661831974983,0.33492743968963623,0.07124379277229309,0,0.0034403000008751405,,,0.0,,,,,
synthetic_image,kodak24,kodim06,25,2,nlm,28.147853616901223,0.715378999710083,0.9064638614654541,0.022666918113827705,0.33492743968963623,0.054389093071222305,0,0.036832800000411225,,,0.0,,,,,
synthetic_image,kodak24,kodim06,25,2,bm3d,30.425970794222703,0.8285109996795654,0.9599674940109253,0.015543922781944275,0.33492743968963623,0.057471465319395065,0,1.3206067999999505,,,0.0,,,,,
synthetic_image,kodak24,kodim06,25,2,fdncnn_color,30.790301975516723,0.841658890247345,0.9650869369506836,0.01426029484719038,0.33492743968963623,0.06171606481075287,0,1.16675259999829,,,0.0,,,,,
synthetic_image,kodak24,kodim06,25,2,ectv_fdncnn,30.790301975516723,0.841658890247345,0.9650869369506836,0.01426029484719038,0.33492743968963623,0.06171606481075287,0,1.1691133999975136,0.33330865074633204,0.27321137487888336,0.6839397205857212,0.32,,0.3333333333333333,1.0,1.0
synthetic_image,kodak24,kodim06,50,0,noisy,14.751682348506616,0.15534187853336334,0.7271772027015686,0.08015549182891846,0.6071925759315491,0.6071925759315491,0,0.0,0.0,0.0,0.0,,,,,
synthetic_image,kodak24,kodim06,50,0,ectv,19.318355316261552,0.2802967429161072,0.786493718624115,0.04732817783951759,0.6071925759315491,0.28983643651008606,27,0.07787680000001274,0.3333333333333333,0.317356139421463,0.5091578194443671,0.04,,,,
synthetic_image,kodak24,kodim06,50,0,ectv_fidelity,25.218595076133038,0.6292486786842346,0.847392737865448,0.029765481129288673,0.6071925759315491,0.028325382620096207,80,0.2251388999993651,0.75,0.5788671933114529,0.5091578194443671,0.32,0.25,0.75,,
synthetic_image,kodak24,kodim06,50,0,tv_maxiter,19.318355316261552,0.2802967429161072,0.786493718624115,0.04732817783951759,0.6071925759315491,0.28983643651008606,27,0.078123900000719,inf,0.317356139421463,0.5091578194443671,,,,,
synthetic_image,kodak24,kodim06,50,0,tv_fixedk_val,19.332414242997014,0.280763179063797,0.786761462688446,0.04722604155540466,0.6071925759315491,0.2892453074455261,40,0.10630099999980303,,0.31794726848602295,0.5091578194443671,,,,,
synthetic_image,kodak24,kodim06,50,0,tv_discrepancy,19.318355316261552,0.2802967429161072,0.786493718624115,0.04732817783951759,0.6071925759315491,0.28983643651008606,27,0.07613110000056622,,0.317356139421463,0.5091578194443671,,,,,
synthetic_image,kodak24,kodim06,50,0,tv_chambolle_val,24.46621619450617,0.5618662238121033,0.8560962677001953,0.028810136020183563,0.6071925759315491,0.05092966556549072,0,0.008196099999622675,,,0.0,,,,,
synthetic_image,kodak24,kodim06,50,0,gaussian_val,23.166777545897826,0.4521583616733551,0.7697030901908875,0.03185759112238884,0.6071925759315491,0.09044494479894638,0,0.0002669000004971167,,,0.0,,,,,
synthetic_image,kodak24,kodim06,50,0,median_val,23.21106374626727,0.4047835171222687,0.7661063075065613,0.03191634267568588,0.6071925759315491,0.08966199308633804,0,0.000577899998461362,,,0.0,,,,,
synthetic_image,kodak24,kodim06,50,0,bilateral_val,23.072743426145394,0.4826009273529053,0.8218656778335571,0.02754468470811844,0.6071925759315491,0.11627369374036789,0,0.1308939000009559,,,0.0,,,,,
synthetic_image,kodak24,kodim06,50,0,pm_diff_val,23.89028073732897,0.49907174706459045,0.816569447517395,0.029072094708681107,0.6071925759315491,0.0662822350859642,5,0.005173300000024028,,,0.0,,,,,
synthetic_image,kodak24,kodim06,50,0,wavelet_bayes,23.183432544888774,0.5231654047966003,0.5831882953643799,0.0361919142305851,0.6071925759315491,0.03155289590358734,0,0.003237700000681798,,,0.0,,,,,
synthetic_image,kodak24,kodim06,50,0,nlm,24.494781913595,0.5767362713813782,0.8081280589103699,0.029757505282759666,0.6071925759315491,0.058387018740177155,0,0.0392809999993915,,,0.0,,,,,
synthetic_image,kodak24,kodim06,50,0,bm3d,26.81641076471386,0.7086394429206848,0.9076750874519348,0.02290516532957554,0.6071925759315491,0.038261111825704575,0,1.4877434000009089,,,0.0,,,,,
synthetic_image,kodak24,kodim06,50,0,fdncnn_color,27.028844120512773,0.7176225781440735,0.9117443561553955,0.022351248189806938,0.6071925759315491,0.038964349776506424,0,1.1696357000000717,,,0.0,,,,,
synthetic_image,kodak24,kodim06,50,0,ectv_fdncnn,27.028844120512773,0.7176225781440735,0.9117443561553955,0.022351248189806938,0.6071925759315491,0.038964349776506424,0,1.1718283999998675,0.75,0.5682282261550426,0.5091578194443671,0.32,,0.75,1.0,1.0
synthetic_image,kodak24,kodim06,50,1,noisy,14.778361454096242,0.1553909331560135,0.7264003753662109,0.0795663446187973,0.6057263016700745,0.6057263016700745,0,0.0,0.0,0.0,0.0,,,,,
synthetic_image,kodak24,kodim06,50,1,ectv,19.365162845174456,0.280450701713562,0.7872442007064819,0.04695160686969757,0.6057263016700745,0.2884805500507355,27,0.07270530000096187,0.3333333333333333,0.317245751619339,0.5091578194443671,0.04,,,,
synthetic_image,kodak24,kodim06,50,1,ectv_fidelity,25.18344753718981,0.6292731165885925,0.8483611941337585,0.029831374064087868,0.6057263016700745,0.027886653319001198,80,0.21466859999964072,0.75,0.5778396483510733,0.5091578194443671,0.32,0.25,0.75,,
synthetic_image,kodak24,kodim06,50,1,tv_maxiter,19.365162845174456,0.280450701713562,0.7872442007064819,0.04695160686969757,0.6057263016700745,0.2884805500507355,27,0.07348850000016682,inf,0.317245751619339,0.5091578194443671,,,,,
synthetic_image,kodak24,kodim06,50,1,tv_fixedk_val,19.379282606162008,0.28092145919799805,0.7875217795372009,0.04684831202030182,0.6057263016700745,0.2878878712654114,40,0.10883260000082373,,0.3178384304046631,0.5091578194443671,,,,,
synthetic_image,kodak24,kodim06,50,1,tv_discrepancy,19.365162845174456,0.280450701713562,0.7872442007064819,0.04695160686969757,0.6057263016700745,0.2884805500507355,27,0.07570180000038818,,0.317245751619339,0.5091578194443671,,,,,
synthetic_image,kodak24,kodim06,50,1,tv_chambolle_val,24.4660939627784,0.572939395904541,0.8433277010917664,0.02986248768866062,0.6057263016700745,0.0423901304602623,0,0.01165680000121938,,,0.0,,,,,
synthetic_image,kodak24,kodim06,50,1,gaussian_val,23.195561003135815,0.45518890023231506,0.7732974886894226,0.031684551388025284,0.6057263016700745,0.09045308828353882,0,0.0002987000007124152,,,0.0,,,,,
synthetic_image,kodak24,kodim06,50,1,median_val,23.298728545168174,0.4069919288158417,0.7774239778518677,0.03133430331945419,0.6057263016700745,0.08910857141017914,0,0.0006329999996523838,,,0.0,,,,,
synthetic_image,kodak24,kodim06,50,1,bilateral_val,23.09741849255222,0.4844907820224762,0.8314254879951477,0.027385594323277473,0.6057263016700745,0.11563926935195923,0,0.13045649999912712,,,0.0,,,,,
synthetic_image,kodak24,kodim06,50,1,pm_diff_val,23.897423818899046,0.5033075213432312,0.8191108703613281,0.028844906017184258,0.6057263016700745,0.06611528247594833,5,0.006042999999408494,,,0.0,,,,,
synthetic_image,kodak24,kodim06,50,1,wavelet_bayes,23.230296850935726,0.5313926339149475,0.6066296696662903,0.03541828319430351,0.6057263016700745,0.031947676092386246,0,0.0036431999997148523,,,0.0,,,,,
synthetic_image,kodak24,kodim06,50,1,nlm,24.460446561725803,0.5805303454399109,0.8062732815742493,0.029903411865234375,0.6057263016700745,0.05675745755434036,0,0.03895680000096036,,,0.0,,,,,
synthetic_image,kodak24,kodim06,50,1,bm3d,26.764378894486054,0.7085191607475281,0.9066863059997559,0.023057274520397186,0.6057263016700745,0.037890855222940445,0,1.4052900000006048,,,0.0,,,,,
synthetic_image,kodak24,kodim06,50,1,fdncnn_color,26.986773281438097,0.7170936465263367,0.9116734266281128,0.022551678121089935,0.6057263016700745,0.038727931678295135,0,1.1705462999998417,,,0.0,,,,,
synthetic_image,kodak24,kodim06,50,1,ectv_fdncnn,26.986773281438097,0.7170936465263367,0.9116734266281128,0.022551678121089935,0.6057263016700745,0.038727931678295135,0,1.1727537999995548,0.75,0.5669983699917793,0.5091578194443671,0.32,,0.75,1.0,1.0
synthetic_image,kodak24,kodim06,50,2,noisy,14.770618482348867,0.15522050857543945,0.729526937007904,0.08029372990131378,0.6077110171318054,0.6077110171318054,0,0.0,0.0,0.0,0.0,,,,,
synthetic_image,kodak24,kodim06,50,2,ectv,19.374355918124685,0.28071096539497375,0.7894426584243774,0.04711140692234039,0.6077110171318054,0.2893867790699005,27,0.07442579999951704,0.3333333333333333,0.3183242380619049,0.5091578194443671,0.04,,,,
synthetic_image,kodak24,kodim06,50,2,ectv_fidelity,25.253563667354722,0.631533682346344,0.8504040837287903,0.02968866191804409,0.6077110171318054,0.028093872591853142,80,0.2126351999995677,0.75,0.5796171445399523,0.5091578194443671,0.32,0.25,0.75,,
synthetic_image,kodak24,kodim06,50,2,tv_maxiter,19.374355918124685,0.28071096539497375,0.7894426584243774,0.04711140692234039,0.6077110171318054,0.2893867790699005,27,0.0733524999996007,inf,0.3183242380619049,0.5091578194443671,,,,,
synthetic_image,kodak24,kodim06,50,2,tv_fixedk_val,19.388566816339928,0.28118595480918884,0.7897167801856995,0.04700643569231033,0.6077110171318054,0.2887909412384033,40,0.10575900000003458,,0.3189200758934021,0.5091578194443671,,,,,
synthetic_image,kodak24,kodim06,50,2,tv_discrepancy,19.374355918124685,0.28071096539497375,0.7894426584243774,0.04711140692234039,0.6077110171318054,0.2893867790699005,27,0.07474379999985103,,0.3183242380619049,0.5091578194443671,,,,,
synthetic_image,kodak24,kodim06,50,2,tv_chambolle_val,24.514779473148817,0.5742083191871643,0.8480432629585266,0.02962895669043064,0.6077110171318054,0.04227353632450104,0,0.0125620999988314,,,0.0,,,,,
synthetic_image,kodak24,kodim06,50,2,gaussian_val,23.229784726648695,0.4543600380420685,0.7762006521224976,0.03146940469741821,0.6077110171318054,0.09003140032291412,0,0.00030499999957100954,,,0.0,,,,,
synthetic_image,kodak24,kodim06,50,2,median_val,23.2763141083283,0.4095272123813629,0.7709587812423706,0.031386587768793106,0.6077110171318054,0.0887880027294159,0,0.0006551000005856622,,,0.0,,,,,
synthetic_image,kodak24,kodim06,50,2,bilateral_val,23.05705316962534,0.4852459728717804,0.829069972038269,0.027329226955771446,0.6077110171318054,0.11640382558107376,0,0.12225720000060392,,,0.0,,,,,
synthetic_image,kodak24,kodim06,50,2,pm_diff_val,23.936731544055334,0.502660870552063,0.8226235508918762,0.028760703280568123,0.6077110171318054,0.06587867438793182,5,0.006177900000693626,,,0.0,,,,,
synthetic_image,kodak24,kodim06,50,2,wavelet_bayes,23.230918774044746,0.5300220847129822,0.5956907272338867,0.03599105030298233,0.6077110171318054,0.0313149131834507,0,0.0034773000006680377,,,0.0,,,,,
synthetic_image,kodak24,kodim06,50,2,nlm,24.485369028762815,0.5799510478973389,0.8079947829246521,0.02987724170088768,0.6077110171318054,0.05736483260989189,0,0.036796300000787596,,,0.0,,,,,
synthetic_image,kodak24,kodim06,50,2,bm3d,26.808106079090813,0.709315836429596,0.9068033695220947,0.023018045350909233,0.6077110171318054,0.037832532078027725,0,1.4345183000004909,,,0.0,,,,,
synthetic_image,kodak24,kodim06,50,2,fdncnn_color,27.100606465718087,0.7190188765525818,0.9134936928749084,0.02235511876642704,0.6077110171318054,0.03880864009261131,0,1.1859131999990495,,,0.0,,,,,
synthetic_image,kodak24,kodim06,50,2,ectv_fdncnn,27.100606465718087,0.7190188765525818,0.9134936928749084,0.02235511876642704,0.6077110171318054,0.03880864009261131,0,1.187811599998895,0.75,0.5689023770391941,0.5091578194443671,0.32,,0.75,1.0,1.0
synthetic_image,kodak24,kodim07,15,0,noisy,24.640114534028598,0.6254942417144775,0.9460087418556213,0.023880811408162117,0.23324212431907654,0.23324212431907654,0,0.0,0.0,0.0,0.0,,,,,
synthetic_image,kodak24,kodim07,15,0,ectv,25.50558506370328,0.6564444899559021,0.9491704106330872,0.022173075005412102,0.23324212431907654,0.20939823985099792,1,0.019778300000325544,0.023843897597316383,0.023843884468078613,0.8488381630355155,0.04,,,,
synthetic_image,kodak24,kodim07,15,0,ectv_fidelity,29.627102172167078,0.873950719833374,0.9477764368057251,0.020424004644155502,0.23324212431907654,0.06066567823290825,16,0.061719600000287755,0.1725764484378941,0.1725764460861683,0.8488381630355155,0.32,0.08,0.3333333333333333,,
synthetic_image,kodak24,kodim07,15,0,tv_maxiter,29.573148850659656,0.8744935989379883,0.9457098245620728,0.02070712111890316,0.23324212431907654,0.05942007899284363,21,0.05978110000069137,inf,0.1738220453262329,0.8488381630355155,,,,,
synthetic_image,kodak24,kodim07,15,0,tv_fixedk_val,29.582019361819114,0.8762893676757812,0.9452473521232605,0.020797278732061386,0.23324212431907654,0.05924509838223457,40,0.11255549999987124,,0.17399702593684196,0.8488381630355155,,,,,
synthetic_image,kodak24,kodim07,15,0,tv_discrepancy,29.573148850659656,0.8744935989379883,0.9457098245620728,0.02070712111890316,0.23324212431907654,0.05942007899284363,21,0.06002210000042396,,0.1738220453262329,0.8488381630355155,,,,,
synthetic_image,kodak24,kodim07,15,0,tv_chambolle_val,28.55806666054586,0.8401010036468506,0.9268151521682739,0.023723242804408073,0.23324212431907654,0.05719330906867981,0,0.013684999999895808,,,0.0,,,,,
synthetic_image,kodak24,kodim07,15,0,gaussian_val,27.28691938449699,0.795924723148346,0.8943108916282654,0.0277419276535511,0.23324212431907654,0.05916241183876991,0,0.00030359999982465524,,,0.0,,,,,
synthetic_image,kodak24,kodim07,15,0,median_val,25.07867054896487,0.6782984137535095,0.8651352524757385,0.03040432743728161,0.23324212431907654,0.0575760081410408,0,0.0006159999993542442,,,0.0,,,,,
synthetic_image,kodak24,kodim07,15,0,bilateral_val,28.53705585818983,0.8399865627288818,0.9547155499458313,0.018421005457639694,0.23324212431907654,0.10241672396659851,0,0.13111680000110937,,,0.0,,,,,
synthetic_image,kodak24,kodim07,15,0,pm_diff_val,27.750205837106563,0.8074089884757996,0.9052146673202515,0.026487315073609352,0.23324212431907654,0.05531187355518341,5,0.005435900000520633,,,0.0,,,,,
synthetic_image,kodak24,kodim07,15,0,wavelet_bayes,28.384217151575427,0.795113742351532,0.9555034637451172,0.01876089535653591,0.23324212431907654,0.11743699759244919,0,0.0030286000001069624,,,0.0,,,,,
synthetic_image,kodak24,kodim07,15,0,nlm,30.47623757942916,0.9030752182006836,0.9634968042373657,0.015333226881921291,0.23324212431907654,0.09205161035060883,0,0.038059700000303565,,,0.0,,,,,
synthetic_image,kodak24,kodim07,15,0,bm3d,33.27228667971256,0.9506773352622986,0.9835682511329651,0.01029795128852129,0.23324212431907654,0.09357784688472748,0,1.3911912000003213,,,0.0,,,,,
synthetic_image,kodak24,kodim07,15,0,fdncnn_color,34.11839750301557,0.9581074714660645,0.9860941171646118,0.009477742947638035,0.23324212431907654,0.0901724323630333,0,1.2785225999996328,,,0.0,,,,,
synthetic_image,kodak24,kodim07,15,0,ectv_fdncnn,34.11839750301557,0.9581074714660645,0.9860941171646118,0.009477742947638035,0.23324212431907654,0.0901724323630333,0,1.2805940999987797,0.1725764484378941,0.14306969195604324,0.8488381630355155,0.32,,0.3333333333333333,1.0,1.0
synthetic_image,kodak24,kodim07,15,1,noisy,24.6631427528343,0.6267955899238586,0.9459013938903809,0.023842543363571167,0.2326519638299942,0.2326519638299942,0,0.0,0.0,0.0,0.0,,,,,
synthetic_image,kodak24,kodim07,15,1,ectv,25.530618569938213,0.6577033400535583,0.9490383863449097,0.022159894928336143,0.2326519638299942,0.2088080793619156,1,0.019141699998726835,0.023843897597316383,0.023843884468078613,0.8488381630355155,0.04,,,,
synthetic_image,kodak24,kodim07,15,1,ectv_fidelity,29.613341908513785,0.8744333386421204,0.9465766549110413,0.020542975515127182,0.2326519638299942,0.06007552146911621,17,0.06200709999939136,0.1725764484378941,0.172576442360878,0.8488381630355155,0.32,0.08,0.3333333333333333,,
synthetic_image,kodak24,kodim07,15,1,tv_maxiter,29.57555466466346,0.8747041821479797,0.9450842142105103,0.02075464278459549,0.2326519638299942,0.05914749577641487,21,0.05716500000016822,inf,0.17350446805357933,0.8488381630355155,,,,,
synthetic_image,kodak24,kodim07,15,1,tv_fixedk_val,29.583418949206177,0.8761644959449768,0.9446748495101929,0.020852291956543922,0.2326519638299942,0.058955371379852295,40,0.10973749999902793,,0.1736965924501419,0.8488381630355155,,,,,
synthetic_image,kodak24,kodim07,15,1,tv_discrepancy,29.57555466466346,0.8747041821479797,0.9450842142105103,0.02075464278459549,0.2326519638299942,0.05914749577641487,21,0.05879880000065896,,0.17350446805357933,0.8488381630355155,,,,,
synthetic_image,kodak24,kodim07,15,1,tv_chambolle_val,28.572947935157135,0.8411650657653809,0.9271501898765564,0.02374362386763096,0.2326519638299942,0.05712122842669487,0,0.012912500000311411,,,0.0,,,,,
synthetic_image,kodak24,kodim07,15,1,gaussian_val,27.295651415730813,0.797077476978302,0.8942091464996338,0.02779184654355049,0.2326519638299942,0.05931777134537697,0,0.00027129999944008887,,,0.0,,,,,
synthetic_image,kodak24,kodim07,15,1,median_val,25.11223724835864,0.6821046471595764,0.8650808930397034,0.030251173302531242,0.2326519638299942,0.05747164413332939,0,0.0006210999999893829,,,0.0,,,,,
synthetic_image,kodak24,kodim07,15,1,bilateral_val,28.558556236393944,0.8410792350769043,0.9552059769630432,0.01843135431408882,0.2326519638299942,0.10190122574567795,0,0.1277866999989783,,,0.0,,,,,
synthetic_image,kodak24,kodim07,15,1,pm_diff_val,27.763003391700273,0.808637797832489,0.9059553742408752,0.02649509161710739,0.2326519638299942,0.0554206520318985,5,0.005233599998973659,,,0.0,,,,,
synthetic_image,kodak24,kodim07,15,1,wavelet_bayes,28.394265819448098,0.7950486540794373,0.95486980676651,0.018968725576996803,0.2326519638299942,0.11684182286262512,0,0.0031321000005846145,,,0.0,,,,,
synthetic_image,kodak24,kodim07,15,1,nlm,30.537175196641808,0.9030469059944153,0.9628869891166687,0.015600140206515789,0.2326519638299942,0.08921071887016296,0,0.037287499999365536,,,0.0,,,,,
synthetic_image,kodak24,kodim07,15,1,bm3d,33.36629625507576,0.9527859687805176,0.9842328429222107,0.01010656263679266,0.2326519638299942,0.09328962862491608,0,1.351503899999443,,,0.0,,,,,
synthetic_image,kodak24,kodim07,15,1,fdncnn_color,34.18174233012814,0.9597128033638,0.9864135384559631,0.009403815492987633,0.2326519638299942,0.08994349092245102,0,1.162968099999489,,,0.0,,,,,
synthetic_image,kodak24,kodim07,15,1,ectv_fdncnn,34.18174233012814,0.9597128033638,0.9864135384559631,0.009403815492987633,0.2326519638299942,0.08994349092245102,0,1.1650159000000713,0.1725764484378941,0.14270847290754318,0.8488381630355155,0.32,,0.3333333333333333,1.0,1.0
synthetic_image,kodak24,kodim07,15,2,noisy,24.64755392042204,0.6261795163154602,0.9447601437568665,0.024019500240683556,0.23327310383319855,0.23327310383319855,0,0.0,0.0,0.0,0.0,,,,,
synthetic_image,kodak24,kodim07,15,2,ectv,25.513640283733178,0.6570414304733276,0.9479628205299377,0.022342801094055176,0.23327310383319855,0.20942921936511993,1,0.022717300000294927,0.023843897597316383,0.023843884468078613,0.8488381630355155,0.04,,,,
synthetic_image,kodak24,kodim07,15,2,ectv_fidelity,29.64269183543815,0.8742631077766418,0.9481756091117859,0.02048668824136257,0.23327310383319855,0.06069666147232056,15,0.06122990000039863,0.1725764484378941,0.172576442360878,0.8488381630355155,0.32,0.08,0.3333333333333333,,
synthetic_image,kodak24,kodim07,15,2,tv_maxiter,29.572343228914665,0.8746320605278015,0.9457879066467285,0.020806824788451195,0.23327310383319855,0.059186775237321854,21,0.06225979999908304,inf,0.1740863285958767,0.8488381630355155,,,,,
synthetic_image,kodak24,kodim07,15,2,tv_fixedk_val,29.579975985330105,0.8763018250465393,0.9453798532485962,0.020888855680823326,0.23327310383319855,0.05900733917951584,40,0.11402979999911622,,0.1742657646536827,0.8488381630355155,,,,,
synthetic_image,kodak24,kodim07,15,2,tv_discrepancy,29.572343228914665,0.8746320605278015,0.9457879066467285,0.020806824788451195,0.23327310383319855,0.059186775237321854,21,0.06298509999942326,,0.1740863285958767,0.8488381630355155,,,,,
synthetic_image,kodak24,kodim07,15,2,tv_chambolle_val,28.718968352742653,0.8404878973960876,0.9320321083068848,0.02324678562581539,0.23327310383319855,0.06315959244966507,0,0.01017400000091584,,,0.0,,,,,
synthetic_image,kodak24,kodim07,15,2,gaussian_val,27.292859379513818,0.7963661551475525,0.8944422602653503,0.027854710817337036,0.23327310383319855,0.05918681249022484,0,0.00032559999999648426,,,0.0,,,,,
synthetic_image,kodak24,kodim07,15,2,median_val,25.09717528827245,0.6805430054664612,0.8671342134475708,0.03039783425629139,0.23327310383319855,0.05727286636829376,0,0.0007729999997536652,,,0.0,,,,,
synthetic_image,kodak24,kodim07,15,2,bilateral_val,28.481580216030913,0.8396353125572205,0.9548799395561218,0.018542513251304626,0.23327310383319855,0.1025298610329628,0,0.13642579999941518,,,0.0,,,,,
synthetic_image,kodak24,kodim07,15,2,pm_diff_val,27.75703192483042,0.8079867362976074,0.9049610495567322,0.026661548763513565,0.23327310383319855,0.05532364547252655,5,0.0058368000009068055,,,0.0,,,,,
synthetic_image,kodak24,kodim07,15,2,wavelet_bayes,28.413825343865366,0.7958788871765137,0.9543311595916748,0.019044674932956696,0.23327310383319855,0.11674095690250397,0,0.00356389999979001,,,0.0,,,,,
synthetic_image,kodak24,kodim07,15,2,nlm,30.49062861656938,0.9026513695716858,0.9622815847396851,0.015801643952727318,0.23327310383319855,0.08916077762842178,0,0.039569099999425816,,,0.0,,,,,
synthetic_image,kodak24,kodim07,15,2,bm3d,33.276567940920316,0.9514371752738953,0.9838916063308716,0.010239539667963982,0.23327310383319855,0.09368963539600372,0,1.375442500000645,,,0.0,,,,,
synthetic_image,kodak24,kodim07,15,2,fdncnn_color,34.16261940717755,0.9590283036231995,0.9864128828048706,0.009411697275936604,0.23327310383319855,0.09007276594638824,0,1.177533800000674,,,0.0,,,,,
synthetic_image,kodak24,kodim07,15,2,ectv_fdncnn,34.16261940717755,0.9590283036231995,0.9864128828048706,0.009411697275936604,0.23327310383319855,0.09007276594638824,0,1.1797550000010233,0.1725764484378941,0.1432003378868103,0.8488381630355155,0.32,,0.3333333333333333,1.0,1.0
synthetic_image,kodak24,kodim07,25,0,noisy,20.26888598129389,0.4495124816894531,0.877988874912262,0.04104357212781906,0.34690189361572266,0.34690189361572266,0,0.0,0.0,0.0,0.0,,,,,
synthetic_image,kodak24,kodim07,25,0,ectv,25.21576110102483,0.6448701024055481,0.915275514125824,0.026434706524014473,0.34690189361572266,0.15911464393138885,5,0.030767399999604095,0.18778726146140717,0.1877872496843338,0.6839397205857212,0.04,,,,
synthetic_image,kodak24,kodim07,25,0,ectv_fidelity,27.437093510031453,0.8055002093315125,0.9053625464439392,0.025553472340106964,0.34690189361572266,0.057250335812568665,80,0.21841539999877568,0.33330865074633204,0.289651557803154,0.6839397205857212,0.32,0.12,0.3333333333333333,,
synthetic_image,kodak24,kodim07,25,0,tv_maxiter,27.19904269389655,0.7550897002220154,0.9300184845924377,0.022579317912459373,0.34690189361572266,0.10079584270715714,22,0.06343029999879946,inf,0.24610605090856552,0.6839397205857212,,,,,
synthetic_image,kodak24,kodim07,25,0,tv_fixedk_val,27.21950172056536,0.756600558757782,0.9299707412719727,0.02258281782269478,0.34690189361572266,0.10045374184846878,40,0.10905120000097668,,0.24644815176725388,0.6839397205857212,,,,,
synthetic_image,kodak24,kodim07,25,0,tv_discrepancy,27.19904269389655,0.7550897002220154,0.9300184845924377,0.022579317912459373,0.34690189361572266,0.10079584270715714,22,0.0625716000013199,,0.24610605090856552,0.6839397205857212,,,,,
synthetic_image,kodak24,kodim07,25,0,tv_chambolle_val,26.44872867850939,0.7566836476325989,0.8741509318351746,0.029690317809581757,0.34690189361572266,0.050660159438848495,0,0.014476199999990058,,,0.0,,,,,
synthetic_image,kodak24,kodim07,25,0,gaussian_val,26.247799249542165,0.7182300090789795,0.8746610283851624,0.02982809580862522,0.34690189361572266,0.07024189084768295,0,0.0002523000002838671,,,0.0,,,,,
synthetic_image,kodak24,kodim07,25,0,median_val,24.399991220648257,0.6120708584785461,0.8318540453910828,0.03355694189667702,0.34690189361572266,0.06705735623836517,0,0.0005751000007876428,,,0.0,,,,,
synthetic_image,kodak24,kodim07,25,0,bilateral_val,25.101789664679394,0.7012090086936951,0.9025282263755798,0.02681059017777443,0.34690189361572266,0.11110140383243561,0,0.12592210000002524,,,0.0,,,,,
synthetic_image,kodak24,kodim07,25,0,pm_diff_val,26.18654684159997,0.7267587780952454,0.8696724772453308,0.030465323477983475,0.34690189361572266,0.05810603126883507,5,0.005671999999321997,,,0.0,,,,,
synthetic_image,kodak24,kodim07,25,0,wavelet_bayes,25.589771393952198,0.6919857859611511,0.8819482326507568,0.02822413109242916,0.34690189361572266,0.0971394032239914,0,0.0031577000008837786,,,0.0,,,,,
synthetic_image,kodak24,kodim07,25,0,nlm,27.469039183541575,0.8059828281402588,0.9088245630264282,0.024980774149298668,0.34690189361572266,0.07242956012487411,0,0.038775600000008126,,,0.0,,,,,
synthetic_image,kodak24,kodim07,25,0,bm3d,30.433375322348745,0.9133655428886414,0.965461015701294,0.014615010470151901,0.34690189361572266,0.0855637863278389,0,1.3946335000000545,,,0.0,,,,,
synthetic_image,kodak24,kodim07,25,0,fdncnn_color,31.118399057201827,0.9216473698616028,0.9699862003326416,0.013661044649779797,0.34690189361572266,0.08435717970132828,0,1.1809092000003147,,,0.0,,,,,
synthetic_image,kodak24,kodim07,25,0,ectv_fdncnn,31.118399057201827,0.9216473698616028,0.9699862003326416,0.013661044649779797,0.34690189361572266,0.08435717970132828,0,1.1829835000007733,0.33330865074633204,0.2625447139143944,0.6839397205857212,0.32,,0.3333333333333333,1.0,1.0
synthetic_image,kodak24,kodim07,25,1,noisy,20.28868882995738,0.4516673982143402,0.8771538734436035,0.04103030264377594,0.3461020290851593,0.3461020290851593,0,0.0,0.0,0.0,0.0,,,,,
synthetic_image,kodak24,kodim07,25,1,ectv,25.25686387396666,0.6469055414199829,0.9142605066299438,0.02663774974644184,0.3461020290851593,0.1583147794008255,5,0.029571899998700246,0.18778726146140717,0.1877872496843338,0.6839397205857212,0.04,,,,
synthetic_image,kodak24,kodim07,25,1,ectv_fidelity,27.468665277543426,0.8071115612983704,0.9057793021202087,0.025611214339733124,0.3461020290851593,0.057062968611717224,80,0.21070390000022599,0.33330865074633204,0.2890390604734421,0.6839397205857212,0.32,0.12,0.3333333333333333,,
synthetic_image,kodak24,kodim07,25,1,tv_maxiter,27.230982165136144,0.7556952834129333,0.9294515252113342,0.022778935730457306,0.3461020290851593,0.10049763321876526,22,0.06028639999931329,inf,0.24560439586639404,0.6839397205857212,,,,,
synthetic_image,kodak24,kodim07,25,1,tv_fixedk_val,27.251651754226067,0.7572028040885925,0.9294292330741882,0.022781819105148315,0.3461020290851593,0.10016149282455444,40,0.10527419999925769,,0.24594053626060486,0.6839397205857212,,,,,
synthetic_image,kodak24,kodim07,25,1,tv_discrepancy,27.230982165136144,0.7556952834129333,0.9294515252113342,0.022778935730457306,0.3461020290851593,0.10049763321876526,22,0.06128019999960088,,0.24560439586639404,0.6839397205857212,,,,,
synthetic_image,kodak24,kodim07,25,1,tv_chambolle_val,26.47174570540144,0.7591031193733215,0.8745310306549072,0.02971775270998478,0.3461020290851593,0.050728414207696915,0,0.013819899999361951,,,0.0,,,,,
synthetic_image,kodak24,kodim07,25,1,gaussian_val,26.26403848705065,0.7203249931335449,0.8739292025566101,0.029994498938322067,0.3461020290851593,0.07043298333883286,0,0.00027939999927184545,,,0.0,,,,,
synthetic_image,kodak24,kodim07,25,1,median_val,24.43782852948786,0.6169372200965881,0.8322941064834595,0.03333336114883423,0.3461020290851593,0.06679202616214752,0,0.0006372999996528961,,,0.0,,,,,
synthetic_image,kodak24,kodim07,25,1,bilateral_val,25.106529359810125,0.7032945156097412,0.9033402800559998,0.026832489296793938,0.3461020290851593,0.11072223633527756,0,0.12697280000065803,,,0.0,,,,,
synthetic_image,kodak24,kodim07,25,1,pm_diff_val,26.205908448141166,0.7291420102119446,0.8697668313980103,0.030545342713594437,0.3461020290851593,0.05830157920718193,5,0.005026700000598794,,,0.0,,,,,
synthetic_image,kodak24,kodim07,25,1,wavelet_bayes,25.562104050943802,0.6906093955039978,0.8806313872337341,0.028585679829120636,0.3461020290851593,0.09680888801813126,0,0.002923799998825416,,,0.0,,,,,
synthetic_image,kodak24,kodim07,25,1,nlm,27.438176837202594,0.8048791885375977,0.908033013343811,0.025355640798807144,0.3461020290851593,0.0702800378203392,0,0.03945969999949739,,,0.0,,,,,
synthetic_image,kodak24,kodim07,25,1,bm3d,30.5199579301831,0.9163484573364258,0.966462254524231,0.014429157599806786,0.3461020290851593,0.08500290662050247,0,1.3829437999993388,,,0.0,,,,,
synthetic_image,kodak24,kodim07,25,1,fdncnn_color,31.21788063380825,0.9243977665901184,0.9709290862083435,0.013514751568436623,0.3461020290851593,0.08363626897335052,0,1.1833653000012418,,,0.0,,,,,
synthetic_image,kodak24,kodim07,25,1,ectv_fdncnn,31.21788063380825,0.9243977665901184,0.9709290862083435,0.013514751568436623,0.3461020290851593,0.08363626897335052,0,1.1857405000027939,0.33330865074633204,0.2624657601118088,0.6839397205857212,0.32,,0.3333333333333333,1.0,1.0
synthetic_image,kodak24,kodim07,25,2,noisy,20.27344419708074,0.45032432675361633,0.8754044771194458,0.04118700325489044,0.34724172949790955,0.34724172949790955,0,0.0,0.0,0.0,0.0,,,,,
synthetic_image,kodak24,kodim07,25,2,ectv,25.232817547807322,0.6452980637550354,0.9131305813789368,0.026783689856529236,0.34724172949790955,0.15945447981357574,5,0.029564100001152838,0.18778726146140717,0.1877872496843338,0.6839397205857212,0.04,,,,
synthetic_image,kodak24,kodim07,25,2,ectv_fidelity,27.454820048354005,0.8065134882926941,0.906399130821228,0.025714483112096786,0.34724172949790955,0.057021815329790115,80,0.2148524999993242,0.33330865074633204,0.29021991416811943,0.6839397205857212,0.32,0.12,0.3333333333333333,,
synthetic_image,kodak24,kodim07,25,2,tv_maxiter,27.226767353748688,0.7544925808906555,0.9291460514068604,0.02289712429046631,0.34724172949790955,0.10074146836996078,21,0.058675999998740735,inf,0.24650026112794876,0.6839397205857212,,,,,
synthetic_image,kodak24,kodim07,25,2,tv_fixedk_val,27.252323175576155,0.7563989758491516,0.929149329662323,0.022896813228726387,0.34724172949790955,0.10027162730693817,40,0.115187600000354,,0.24697010219097137,0.6839397205857212,,,,,
synthetic_image,kodak24,kodim07,25,2,tv_discrepancy,27.226767353748688,0.7544925808906555,0.9291460514068604,0.02289712429046631,0.34724172949790955,0.10074146836996078,21,0.06245230000058655,,0.24650026112794876,0.6839397205857212,,,,,
synthetic_image,kodak24,kodim07,25,2,tv_chambolle_val,26.45168363767935,0.7570061087608337,0.8735992312431335,0.02993180975317955,0.34724172949790955,0.05056757852435112,0,0.014808899999479763,,,0.0,,,,,
synthetic_image,kodak24,kodim07,25,2,gaussian_val,26.261225619141,0.7190346717834473,0.874057412147522,0.03008134663105011,0.34724172949790955,0.0701950415968895,0,0.0003025999994861195,,,0.0,,,,,
synthetic_image,kodak24,kodim07,25,2,median_val,24.426765549066825,0.615295946598053,0.8342254757881165,0.03340493142604828,0.34724172949790955,0.06646906584501266,0,0.0006835000003775349,,,0.0,,,,,
synthetic_image,kodak24,kodim07,25,2,bilateral_val,25.021964418974278,0.699375331401825,0.9028700590133667,0.026991546154022217,0.34724172949790955,0.11134111136198044,0,0.1314561999988655,,,0.0,,,,,
synthetic_image,kodak24,kodim07,25,2,pm_diff_val,26.199294079121948,0.7275664806365967,0.8700262904167175,0.03068668581545353,0.34724172949790955,0.058078374713659286,5,0.005222400001002825,,,0.0,,,,,
synthetic_image,kodak24,kodim07,25,2,wavelet_bayes,25.59772124935845,0.6927232146263123,0.8800765872001648,0.028629017993807793,0.34724172949790955,0.09606805443763733,0,0.0030031000005692476,,,0.0,,,,,
synthetic_image,kodak24,kodim07,25,2,nlm,27.392172418726688,0.8032686114311218,0.9067186713218689,0.025685856118798256,0.34724172949790955,0.06962692737579346,0,0.040820500000336324,,,0.0,,,,,
synthetic_image,kodak24,kodim07,25,2,bm3d,30.436236262495605,0.9149172902107239,0.9657292366027832,0.014603772200644016,0.34724172949790955,0.08543028682470322,0,1.3246545000001788,,,0.0,,,,,
synthetic_image,kodak24,kodim07,25,2,fdncnn_color,31.14746592494145,0.9223470687866211,0.9705348014831543,0.01361400168389082,0.34724172949790955,0.08391249924898148,0,1.165512800000215,,,0.0,,,,,
synthetic_image,kodak24,kodim07,25,2,ectv_fdncnn,31.14746592494145,0.9223470687866211,0.9705348014831543,0.01361400168389082,0.34724172949790955,0.08391249924898148,0,1.16750520000096,0.33330865074633204,0.26332923024892807,0.6839397205857212,0.32,,0.3333333333333333,1.0,1.0
synthetic_image,kodak24,kodim07,50,0,noisy,14.583457723902068,0.22896160185337067,0.7406964898109436,0.0832163617014885,0.6268259286880493,0.6268259286880493,0,0.0,0.0,0.0,0.0,,,,,
synthetic_image,kodak24,kodim07,50,0,ectv,19.05973737673904,0.37059640884399414,0.779898464679718,0.05212017521262169,0.6268259286880493,0.31113722920417786,27,0.07626919999893289,0.3333333333333333,0.31568869948387146,0.5091578194443671,0.04,,,,
synthetic_image,kodak24,kodim07,50,0,ectv_fidelity,24.43886756611167,0.6678783893585205,0.807145357131958,0.034881532192230225,0.6268259286880493,0.04226385056972504,80,0.2082487999996374,0.75,0.5845620781183243,0.5091578194443671,0.32,0.25,0.75,,
synthetic_image,kodak24,kodim07,50,0,tv_maxiter,19.05973737673904,0.37059640884399414,0.779898464679718,0.05212017521262169,0.6268259286880493,0.31113722920417786,27,0.07362789999933739,inf,0.31568869948387146,0.5091578194443671,,,,,
synthetic_image,kodak24,kodim07,50,0,tv_fixedk_val,19.072952988085568,0.3710024356842041,0.7800525426864624,0.0520302839577198,0.6268259286880493,0.3105507791042328,40,0.10661749999962922,,0.31627514958381653,0.5091578194443671,,,,,
synthetic_image,kodak24,kodim07,50,0,tv_discrepancy,19.05973737673904,0.37059640884399414,0.779898464679718,0.05212017521262169,0.6268259286880493,0.31113722920417786,27,0.0741768999996566,,0.31568869948387146,0.5091578194443671,,,,,
synthetic_image,kodak24,kodim07,50,0,tv_chambolle_val,24.003305963894487,0.6160763502120972,0.8009651899337769,0.036462750285863876,0.6268259286880493,0.05281819403171539,0,0.011392600001272513,,,0.0,,,,,
synthetic_image,kodak24,kodim07,50,0,gaussian_val,23.3132022315235,0.5407686829566956,0.8059111833572388,0.03681144490838051,0.6268259286880493,0.10009004920721054,0,0.00026200000138487667,,,0.0,,,,,
synthetic_image,kodak24,kodim07,50,0,median_val,22.44659243970017,0.4645512104034424,0.7530279755592346,0.038989316672086716,0.6268259286880493,0.09793365001678467,0,0.0005918999995628837,,,0.0,,,,,
synthetic_image,kodak24,kodim07,50,0,bilateral_val,21.164594607579353,0.44331613183021545,0.7489707469940186,0.03902961313724518,0.6268259286880493,0.13362479209899902,0,0.12532779999855848,,,0.0,,,,,
synthetic_image,kodak24,kodim07,50,0,pm_diff_val,23.76629271501148,0.5704829096794128,0.8093641400337219,0.03558219596743584,0.6268259286880493,0.07494515180587769,5,0.00589860000036424,,,0.0,,,,,
synthetic_image,kodak24,kodim07,50,0,wavelet_bayes,22.66203604903627,0.5268735885620117,0.6763072609901428,0.04109841212630272,0.6268259286880493,0.0545436292886734,0,0.003281999999671825,,,0.0,,,,,
synthetic_image,kodak24,kodim07,50,0,nlm,23.828895293816284,0.6012075543403625,0.8118904232978821,0.036964379251003265,0.6268259286880493,0.06423214077949524,0,0.0373182999992423,,,0.0,,,,,
synthetic_image,kodak24,kodim07,50,0,bm3d,26.57566879979092,0.8109808564186096,0.909484326839447,0.024009613320231438,0.6268259286880493,0.0636221393942833,0,1.3587330000009388,,,0.0,,,,,
synthetic_image,kodak24,kodim07,50,0,fdncnn_color,26.71256639819164,0.805650532245636,0.9038827419281006,0.02423841878771782,0.6268259286880493,0.059961989521980286,0,1.195959299999231,,,0.0,,,,,
synthetic_image,kodak24,kodim07,50,0,ectv_fdncnn,26.71256639819164,0.805650532245636,0.9038827419281006,0.02423841878771782,0.6268259286880493,0.059961989521980286,0,1.1978105999987747,0.75,0.566863939166069,0.5091578194443671,0.32,,0.75,1.0,1.0
synthetic_image,kodak24,kodim07,50,1,noisy,14.600089602326602,0.23123522102832794,0.7376821637153625,0.08321645855903625,0.6257946491241455,0.6257946491241455,0,0.0,0.0,0.0,0.0,,,,,
synthetic_image,kodak24,kodim07,50,1,ectv,19.090455715705197,0.37430834770202637,0.776441216468811,0.052483826875686646,0.6257946491241455,0.31031563878059387,27,0.0741042000008747,0.3333333333333333,0.31547901034355164,0.5091578194443671,0.04,,,,
synthetic_image,kodak24,kodim07,50,1,ectv_fidelity,24.48032221229846,0.6718952655792236,0.8062810897827148,0.0350441113114357,0.6257946491241455,0.04215815290808678,80,0.21200709999902756,0.75,0.5836364962160587,0.5091578194443671,0.32,0.25,0.75,,
synthetic_image,kodak24,kodim07,50,1,tv_maxiter,19.090455715705197,0.37430834770202637,0.776441216468811,0.052483826875686646,0.6257946491241455,0.31031563878059387,27,0.07801920000019891,inf,0.31547901034355164,0.5091578194443671,,,,,
synthetic_image,kodak24,kodim07,50,1,tv_fixedk_val,19.103693586088404,0.3747139871120453,0.7765979766845703,0.05239404737949371,0.6257946491241455,0.309731125831604,40,0.10875259999920672,,0.3160635232925415,0.5091578194443671,,,,,
synthetic_image,kodak24,kodim07,50,1,tv_discrepancy,19.090455715705197,0.37430834770202637,0.776441216468811,0.052483826875686646,0.6257946491241455,0.31031563878059387,27,0.0780642000008811,,0.31547901034355164,0.5091578194443671,,,,,
synthetic_image,kodak24,kodim07,50,1,tv_chambolle_val,24.035185628524324,0.6205782294273376,0.798652708530426,0.036543186753988266,0.6257946491241455,0.053164876997470856,0,0.013208799999119947,,,0.0,,,,,
synthetic_image,kodak24,kodim07,50,1,gaussian_val,23.35294090705179,0.5449952483177185,0.8035905361175537,0.03714427351951599,0.6257946491241455,0.10038585215806961,0,0.00031739999940327834,,,0.0,,,,,
synthetic_image,kodak24,kodim07,50,1,median_val,22.511933287996225,0.47267815470695496,0.7591531872749329,0.03846887871623039,0.6257946491241455,0.09787220507860184,0,0.0007097999987308867,,,0.0,,,,,
synthetic_image,kodak24,kodim07,50,1,bilateral_val,21.138955223660666,0.4461897313594818,0.7511311173439026,0.03894999995827675,0.6257946491241455,0.133392795920372,0,0.13300650000019232,,,0.0,,,,,
synthetic_image,kodak24,kodim07,50,1,pm_diff_val,23.811825837364058,0.5752552151679993,0.8078986406326294,0.03578284755349159,0.6257946491241455,0.07521813362836838,5,0.006106599999839091,,,0.0,,,,,
synthetic_image,kodak24,kodim07,50,1,wavelet_bayes,22.68518195203208,0.5307191014289856,0.6800046563148499,0.04094262048602104,0.6257946491241455,0.05590856075286865,0,0.0035301000007166294,,,0.0,,,,,
synthetic_image,kodak24,kodim07,50,1,nlm,23.806159065295617,0.6002368330955505,0.8071288466453552,0.03740135580301285,0.6257946491241455,0.062066081911325455,0,0.039808699999412056,,,0.0,,,,,
synthetic_image,kodak24,kodim07,50,1,bm3d,26.622826837552505,0.8115186095237732,0.9087427258491516,0.023958448320627213,0.6257946491241455,0.06308645755052567,0,1.3387233000012202,,,0.0,,,,,
synthetic_image,kodak24,kodim07,50,1,fdncnn_color,26.80797074702152,0.8059776425361633,0.9033060073852539,0.02407563291490078,0.6257946491241455,0.05918063223361969,0,1.1839949000004708,,,0.0,,,,,
synthetic_image,kodak24,kodim07,50,1,ectv_fdncnn,26.80797074702152,0.8059776425361633,0.9033060073852539,0.02407563291490078,0.6257946491241455,0.05918063223361969,0,1.1861073000000033,0.75,0.5666140168905258,0.5091578194443671,0.32,,0.75,1.0,1.0
synthetic_image,kodak24,kodim07,50,2,noisy,14.578850626945448,0.22929145395755768,0.7364380359649658,0.08375189453363419,0.6285238862037659,0.6285238862037659,0,0.0,0.0,0.0,0.0,,,,,
synthetic_image,kodak24,kodim07,50,2,ectv,19.077252195678742,0.373071551322937,0.7746703028678894,0.0526139959692955,0.6285238862037659,0.31172844767570496,27,0.07322320000093896,0.3333333333333333,0.3167954385280609,0.5091578194443671,0.04,,,,
synthetic_image,kodak24,kodim07,50,2,ectv_fidelity,24.43142003960756,0.6683740615844727,0.8073748350143433,0.03523159399628639,0.6285238862037659,0.041909102350473404,80,0.2145037999998749,0.75,0.5866147838532925,0.5091578194443671,0.32,0.25,0.75,,
synthetic_image,kodak24,kodim07,50,2,tv_maxiter,19.077252195678742,0.373071551322937,0.7746703028678894,0.0526139959692955,0.6285238862037659,0.31172844767570496,27,0.0767426999991585,inf,0.3167954385280609,0.5091578194443671,,,,,
synthetic_image,kodak24,kodim07,50,2,tv_fixedk_val,19.09052203375504,0.37348005175590515,0.7748196721076965,0.05252356454730034,0.6285238862037659,0.3111381530761719,40,0.11047180000059598,,0.317385733127594,0.5091578194443671,,,,,
synthetic_image,kodak24,kodim07,50,2,tv_discrepancy,19.077252195678742,0.373071551322937,0.7746703028678894,0.0526139959692955,0.6285238862037659,0.31172844767570496,27,0.0746928000007756,,0.3167954385280609,0.5091578194443671,,,,,
synthetic_image,kodak24,kodim07,50,2,tv_chambolle_val,23.7155931139956,0.5968592166900635,0.804205060005188,0.036573074758052826,0.6285238862037659,0.07552066445350647,0,0.011619100001553306,,,0.0,,,,,
synthetic_image,kodak24,kodim07,50,2,gaussian_val,23.352641789894015,0.5433955192565918,0.8024614453315735,0.03724322468042374,0.6285238862037659,0.09987518936395645,0,0.0002770000010059448,,,0.0,,,,,
synthetic_image,kodak24,kodim07,50,2,median_val,22.469053681679107,0.4686606228351593,0.7516653537750244,0.038871731609106064,0.6285238862037659,0.09699445217847824,0,0.0006408999997802312,,,0.0,,,,,
synthetic_image,kodak24,kodim07,50,2,bilateral_val,21.100856454445896,0.44185900688171387,0.7509745955467224,0.039024826139211655,0.6285238862037659,0.13440380990505219,0,0.12707880000016303,,,0.0,,,,,
synthetic_image,kodak24,kodim07,50,2,pm_diff_val,23.799618517481562,0.5729153156280518,0.8080917596817017,0.03593671694397926,0.6285238862037659,0.07475370168685913,5,0.005976600001304178,,,0.0,,,,,
synthetic_image,kodak24,kodim07,50,2,wavelet_bayes,22.67786660078467,0.52684086561203,0.6730323433876038,0.041424401104450226,0.6285238862037659,0.05474960431456566,0,0.003557300000466057,,,0.0,,,,,
synthetic_image,kodak24,kodim07,50,2,nlm,23.719067235171075,0.5963502526283264,0.8080788254737854,0.03766758739948273,0.6285238862037659,0.06200561672449112,0,0.039966399999684654,,,0.0,,,,,
synthetic_image,kodak24,kodim07,50,2,bm3d,26.569357561710323,0.8078479170799255,0.9077141880989075,0.02434452436864376,0.6285238862037659,0.06311239302158356,0,1.384565599999405,,,0.0,,,,,
synthetic_image,kodak24,kodim07,50,2,fdncnn_color,26.785735961021988,0.8055352568626404,0.9078444838523865,0.024042094126343727,0.6285238862037659,0.0603795126080513,0,1.190144700000019,,,0.0,,,,,
synthetic_image,kodak24,kodim07,50,2,ectv_fdncnn,26.785735961021988,0.8055352568626404,0.9078444838523865,0.024042094126343727,0.6285238862037659,0.0603795126080513,0,1.192458199999237,0.75,0.5681443735957146,0.5091578194443671,0.32,,0.75,1.0,1.0
synthetic_image,kodak24,kodim08,15,0,noisy,24.683286769433074,0.7864001393318176,0.9838586449623108,0.021697334945201874,0.29096442461013794,0.29096442461013794,0,0.0,0.0,0.0,0.0,,,,,
synthetic_image,kodak24,kodim08,15,0,ectv,25.479467401832594,0.80696040391922,0.9849907159805298,0.02044280432164669,0.29096442461013794,0.2671205401420593,1,0.020111499999984517,0.023843897597316383,0.023843884468078613,0.8488381630355155,0.04,,,,
synthetic_image,kodak24,kodim08,15,0,ectv_fidelity,27.183782495610874,0.8846635818481445,0.9777473211288452,0.03030918724834919,0.29096442461013794,0.1198805645108223,80,0.2164370999998937,0.1725764484378941,0.17108386009931564,0.8488381630355155,0.32,0.08,0.3333333333333333,,
synthetic_image,kodak24,kodim08,15,0,tv_maxiter,27.193460662920025,0.8833903670310974,0.9779433608055115,0.030128587037324905,0.29096442461013794,0.12010899931192398,21,0.05872570000065025,inf,0.17085542529821396,0.8488381630355155,,,,,
synthetic_image,kodak24,kodim08,15,0,tv_fixedk_val,27.17909178373231,0.8841986656188965,0.977729856967926,0.030322493985295296,0.29096442461013794,0.11980545520782471,40,0.1097193999994488,,0.17115896940231323,0.8488381630355155,,,,,
synthetic_image,kodak24,kodim08,15,0,tv_discrepancy,27.231627725326895,0.8839252591133118,0.9783473610877991,0.02979974076151848,0.29096442461013794,0.12086338549852371,17,0.04986049999934039,,0.17010103911161423,0.8488381630355155,,,,,
synthetic_image,kodak24,kodim08,15,0,tv_chambolle_val,25.981669302367457,0.8522250056266785,0.9701025485992432,0.03479262441396713,0.29096442461013794,0.11369112133979797,0,0.0119449000012537,,,0.0,,,,,
synthetic_image,kodak24,kodim08,15,0,gaussian_val,22.615758711393074,0.7732412219047546,0.913576602935791,0.051008597016334534,0.29096442461013794,0.09227742999792099,0,0.00027579999914451037,,,0.0,,,,,
synthetic_image,kodak24,kodim08,15,0,median_val,20.087340726709137,0.5969358086585999,0.8412148356437683,0.05889497324824333,0.29096442461013794,0.08435089886188507,0,0.0006078000005800277,,,0.0,,,,,
synthetic_image,kodak24,kodim08,15,0,bilateral_val,27.78108164504291,0.889983594417572,0.9831573963165283,0.021356474608182907,0.29096442461013794,0.17774558067321777,0,0.12701769999875978,,,0.0,,,,,
synthetic_image,kodak24,kodim08,15,0,pm_diff_val,25.47940440846868,0.8349409103393555,0.9617077708244324,0.03525472804903984,0.29096442461013794,0.112245112657547,5,0.0061745000002702,,,0.0,,,,,
synthetic_image,kodak24,kodim08,15,0,wavelet_bayes,26.97128286089123,0.8536623120307922,0.9859140515327454,0.019895492121577263,0.29096442461013794,0.211600661277771,0,0.004262600001311512,,,0.0,,,,,
synthetic_image,kodak24,kodim08,15,0,nlm,28.65956585587083,0.905350387096405,0.9871343970298767,0.018122060224413872,0.29096442461013794,0.18138891458511353,0,0.035309299999426,,,0.0,,,,,
synthetic_image,kodak24,kodim08,15,0,bm3d,31.714794318072236,0.9533261656761169,0.9932608008384705,0.01344297081232071,0.29096442461013794,0.17938697338104248,0,1.3153753000005963,,,0.0,,,,,
synthetic_image,kodak24,kodim08,15,0,fdncnn_color,32.09281131419359,0.9556943774223328,0.9936442971229553,0.0129152936860919,0.29096442461013794,0.17328336834907532,0,1.1966118000000279,,,0.0,,,,,
synthetic_image,kodak24,kodim08,15,0,ectv_fdncnn,32.09281131419359,0.9556943774223328,0.9936442971229553,0.0129152936860919,0.29096442461013794,0.17328336834907532,0,1.1988071000014315,0.1725764484378941,0.11768105626106262,0.8488381630355155,0.32,,0.3333333333333333,1.0,1.0
synthetic_image,kodak24,kodim08,15,1,noisy,24.704928845739055,0.7864735722541809,0.9838166236877441,0.021747590973973274,0.2904512286186218,0.2904512286186218,0,0.0,0.0,0.0,0.0,,,,,
synthetic_image,kodak24,kodim08,15,1,ectv,25.501107121057757,0.8070127964019775,0.9849419593811035,0.020472660660743713,0.2904512286186218,0.2666073441505432,1,0.021406500000011874,0.023843897597316383,0.023843884468078613,0.8488381630355155,0.04,,,,
synthetic_image,kodak24,kodim08,15,1,ectv_fidelity,27.172505524484937,0.8839432597160339,0.9779703617095947,0.030333243310451508,0.2904512286186218,0.11975189298391342,80,0.2151309000000765,0.1725764484378941,0.1706993356347084,0.8488381630355155,0.32,0.08,0.3333333333333333,,
synthetic_image,kodak24,kodim08,15,1,tv_maxiter,27.184274387743763,0.8829877972602844,0.9781778454780579,0.030150581151247025,0.2904512286186218,0.11996296048164368,21,0.057064300001002266,inf,0.17048826813697815,0.8488381630355155,,,,,
synthetic_image,kodak24,kodim08,15,1,tv_fixedk_val,27.16839880654589,0.8835545182228088,0.9779567718505859,0.030344616621732712,0.2904512286186218,0.11967352032661438,40,0.10810959999980696,,0.17077770829200745,0.8488381630355155,,,,,
synthetic_image,kodak24,kodim08,15,1,tv_discrepancy,27.190415059992507,0.883050262928009,0.9782449007034302,0.0300951786339283,0.2904512286186218,0.12008197605609894,20,0.05610509999860369,,0.1703692525625229,0.8488381630355155,,,,,
synthetic_image,kodak24,kodim08,15,1,tv_chambolle_val,25.96962598673069,0.8516365885734558,0.9704073071479797,0.034788716584444046,0.2904512286186218,0.11356782913208008,0,0.01181410000026517,,,0.0,,,,,
synthetic_image,kodak24,kodim08,15,1,gaussian_val,22.62097728894645,0.772477388381958,0.9141554236412048,0.05098844692111015,0.2904512286186218,0.09225954115390778,0,0.000265800001216121,,,0.0,,,,,
synthetic_image,kodak24,kodim08,15,1,median_val,20.085034308849536,0.5972847938537598,0.8429819345474243,0.05882668122649193,0.2904512286186218,0.08437227457761765,0,0.0006321999990177574,,,0.0,,,,,
synthetic_image,kodak24,kodim08,15,1,bilateral_val,27.753462672741882,0.8891763687133789,0.9831998944282532,0.021280381828546524,0.2904512286186218,0.1777038276195526,0,0.13024099999893224,,,0.0,,,,,
synthetic_image,kodak24,kodim08,15,1,pm_diff_val,25.463835688169446,0.8336017727851868,0.9615604877471924,0.03534562513232231,0.2904512286186218,0.11223925650119781,5,0.005370700000639772,,,0.0,,,,,
synthetic_image,kodak24,kodim08,15,1,wavelet_bayes,26.97410574800323,0.8537461161613464,0.9858403205871582,0.019921179860830307,0.2904512286186218,0.2110459804534912,0,0.003468599999905564,,,0.0,,,,,
synthetic_image,kodak24,kodim08,15,1,nlm,28.605593118825038,0.9052155613899231,0.9871538877487183,0.01804145611822605,0.2904512286186218,0.18256132304668427,0,0.03732320000017353,,,0.0,,,,,
synthetic_image,kodak24,kodim08,15,1,bm3d,31.723077493982256,0.9528611302375793,0.993236243724823,0.013447065837681293,0.2904512286186218,0.17855407297611237,0,1.3855992999997397,,,0.0,,,,,
synthetic_image,kodak24,kodim08,15,1,fdncnn_color,32.064783438716084,0.9545435905456543,0.9935733675956726,0.01302840281277895,0.2904512286186218,0.1725677102804184,0,1.1703364999993937,,,0.0,,,,,
synthetic_image,kodak24,kodim08,15,1,ectv_fdncnn,32.064783438716084,0.9545435905456543,0.9935733675956726,0.01302840281277895,0.2904512286186218,0.1725677102804184,0,1.1725571000006312,0.1725764484378941,0.11788351833820343,0.8488381630355155,0.32,,0.3333333333333333,1.0,1.0
synthetic_image,kodak24,kodim08,15,2,noisy,24.692901490904813,0.7871797680854797,0.9837883114814758,0.021770574152469635,0.29095330834388733,0.29095330834388733,0,0.0,0.0,0.0,0.0,,,,,
synthetic_image,kodak24,kodim08,15,2,ectv,25.48893967052278,0.8077033162117004,0.9849284291267395,0.0205032080411911,0.29095330834388733,0.2671094238758087,1,0.019927699999243487,0.023843897597316383,0.023843884468078613,0.8488381630355155,0.04,,,,
synthetic_image,kodak24,kodim08,15,2,ectv_fidelity,27.182523836844492,0.885317325592041,0.9781118035316467,0.03026537038385868,0.29095330834388733,0.11985863745212555,80,0.21307750000050873,0.1725764484378941,0.17109467089176178,0.8488381630355155,0.32,0.08,0.3333333333333333,,
synthetic_image,kodak24,kodim08,15,2,tv_maxiter,27.193530418115053,0.8842658996582031,0.9783199429512024,0.03007078729569912,0.29095330834388733,0.12006543576717377,21,0.061809299999367795,inf,0.17088787257671356,0.8488381630355155,,,,,
synthetic_image,kodak24,kodim08,15,2,tv_fixedk_val,27.17818838349505,0.8849081993103027,0.9780979752540588,0.03027711622416973,0.29095330834388733,0.11977735906839371,40,0.10974910000004456,,0.17117594927549362,0.8488381630355155,,,,,
synthetic_image,kodak24,kodim08,15,2,tv_discrepancy,27.217433521854815,0.8845389485359192,0.9785730242729187,0.029856182634830475,0.29095330834388733,0.1205446794629097,18,0.051717699998334865,,0.17040862888097763,0.8488381630355155,,,,,
synthetic_image,kodak24,kodim08,15,2,tv_chambolle_val,25.989411008719493,0.8534669876098633,0.9708044528961182,0.034675274044275284,0.29095330834388733,0.1137353852391243,0,0.012319399998887093,,,0.0,,,,,
synthetic_image,kodak24,kodim08,15,2,gaussian_val,22.620495670857032,0.7736790180206299,0.9138604998588562,0.05106198787689209,0.29095330834388733,0.09230734407901764,0,0.0003211999992345227,,,0.0,,,,,
synthetic_image,kodak24,kodim08,15,2,median_val,20.07403514198495,0.5970746874809265,0.8414114713668823,0.058913491666316986,0.29095330834388733,0.0846644937992096,0,0.000697299999956158,,,0.0,,,,,
synthetic_image,kodak24,kodim08,15,2,bilateral_val,27.745877944832703,0.8909757733345032,0.9831854701042175,0.021326862275600433,0.29095330834388733,0.17840467393398285,0,0.13154620000022987,,,0.0,,,,,
synthetic_image,kodak24,kodim08,15,2,pm_diff_val,25.485104488566996,0.8356215953826904,0.9621104598045349,0.03517885506153107,0.29095330834388733,0.11242612451314926,5,0.006142800000816351,,,0.0,,,,,
synthetic_image,kodak24,kodim08,15,2,wavelet_bayes,26.998212362011635,0.8556234836578369,0.9858427047729492,0.019941305741667747,0.29095330834388733,0.21133026480674744,0,0.0036920000002282904,,,0.0,,,,,
synthetic_image,kodak24,kodim08,15,2,nlm,28.647259919292907,0.9052140116691589,0.9864903688430786,0.01847943291068077,0.29095330834388733,0.1798544079065323,0,0.03669669999908365,,,0.0,,,,,
synthetic_image,kodak24,kodim08,15,2,bm3d,31.695975519721454,0.9532299041748047,0.9932721853256226,0.013324652798473835,0.29095330834388733,0.17950819432735443,0,1.3126257000003534,,,0.0,,,,,
synthetic_image,kodak24,kodim08,15,2,fdncnn_color,32.0496551377654,0.9552905559539795,0.993598222732544,0.012913260608911514,0.29095330834388733,0.1732722669839859,0,1.1736249000005046,,,0.0,,,,,
synthetic_image,kodak24,kodim08,15,2,ectv_fdncnn,32.0496551377654,0.9552905559539795,0.993598222732544,0.012913260608911514,0.29095330834388733,0.1732722669839859,0,1.175815500000681,0.1725764484378941,0.11768104135990143,0.8488381630355155,0.32,,0.3333333333333333,1.0,1.0
synthetic_image,kodak24,kodim08,25,0,noisy,20.340010462457023,0.6444599628448486,0.9581725001335144,0.03637000918388367,0.39053454995155334,0.39053454995155334,0,0.0,0.0,0.0,0.0,,,,,
synthetic_image,kodak24,kodim08,25,0,ectv,24.628748483801573,0.791790246963501,0.9724978804588318,0.027891915291547775,0.39053454995155334,0.20274730026721954,6,0.032299000000421074,0.18778726146140717,0.1877872496843338,0.6839397205857212,0.04,,,,
synthetic_image,kodak24,kodim08,25,0,ectv_fidelity,24.785025986138074,0.8218290209770203,0.9597644805908203,0.03906815126538277,0.39053454995155334,0.11089760065078735,80,0.21406349999961094,0.33330865074633204,0.279636949300766,0.6839397205857212,0.32,0.12,0.3333333333333333,,
synthetic_image,kodak24,kodim08,25,0,tv_maxiter,25.30214342081824,0.829278290271759,0.9728681445121765,0.029844142496585846,0.39053454995155334,0.1592712104320526,22,0.059569000000919914,inf,0.23126333951950073,0.6839397205857212,,,,,
synthetic_image,kodak24,kodim08,25,0,tv_fixedk_val,25.304241559098315,0.8295754790306091,0.9727822542190552,0.029951145872473717,0.39053454995155334,0.15878456830978394,40,0.11032669999985956,,0.2317499816417694,0.6839397205857212,,,,,
synthetic_image,kodak24,kodim08,25,0,tv_discrepancy,25.30214342081824,0.829278290271759,0.9728681445121765,0.029844142496585846,0.39053454995155334,0.1592712104320526,22,0.06500939999932598,,0.23126333951950073,0.6839397205857212,,,,,
synthetic_image,kodak24,kodim08,25,0,tv_chambolle_val,23.345294994174584,0.7596399188041687,0.9378951191902161,0.047377318143844604,0.39053454995155334,0.09610064327716827,0,0.014596299999539042,,,0.0,,,,,
synthetic_image,kodak24,kodim08,25,0,gaussian_val,22.203421248046197,0.7343513369560242,0.907355546951294,0.05190524086356163,0.39053454995155334,0.09997420012950897,0,0.00027660000159812625,,,0.0,,,,,
synthetic_image,kodak24,kodim08,25,0,median_val,19.85982935925736,0.560494601726532,0.8324214816093445,0.0618918277323246,0.39053454995155334,0.09185441583395004,0,0.0008432000013272045,,,0.0,,,,,
synthetic_image,kodak24,kodim08,25,0,bilateral_val,24.027871928435136,0.7919517159461975,0.9604917764663696,0.03364407271146774,0.39053454995155334,0.1785469353199005,0,0.13337399999909394,,,0.0,,,,,
synthetic_image,kodak24,kodim08,25,0,pm_diff_val,22.696892967267416,0.739819347858429,0.9254447817802429,0.0500224269926548,0.39053454995155334,0.09344401955604553,5,0.005819899999551126,,,0.0,,,,,
synthetic_image,kodak24,kodim08,25,0,wavelet_bayes,23.807176691294003,0.7637292742729187,0.9623338580131531,0.03228636458516121,0.39053454995155334,0.2035423368215561,0,0.0033100000000558794,,,0.0,,,,,
synthetic_image,kodak24,kodim08,25,0,nlm,25.768663258403677,0.8347054123878479,0.9671581387519836,0.029346663504838943,0.39053454995155334,0.15958614647388458,0,0.038703000000168686,,,0.0,,,,,
synthetic_image,kodak24,kodim08,25,0,bm3d,28.854475318608802,0.9209612011909485,0.9853628873825073,0.019580740481615067,0.39053454995155334,0.16878733038902283,0,1.3978248000003077,,,0.0,,,,,
synthetic_image,kodak24,kodim08,25,0,fdncnn_color,29.177748897883223,0.9238758087158203,0.9862439036369324,0.018779583275318146,0.39053454995155334,0.1635815054178238,0,1.3897114999999758,,,0.0,,,,,
synthetic_image,kodak24,kodim08,25,0,ectv_fdncnn,29.177748897883223,0.9238758087158203,0.9862439036369324,0.018779583275318146,0.39053454995155334,0.1635815054178238,0,1.392194300000483,0.33330865074633204,0.22695304453372955,0.6839397205857212,0.32,,0.3333333333333333,1.0,1.0
synthetic_image,kodak24,kodim08,25,1,noisy,20.362620605785185,0.6445276141166687,0.9579147696495056,0.036460939794778824,0.38956817984580994,0.38956817984580994,0,0.0,0.0,0.0,0.0,,,,,
synthetic_image,kodak24,kodim08,25,1,ectv,24.642241776492064,0.7912580370903015,0.9722439646720886,0.02803322672843933,0.38956817984580994,0.20178093016147614,6,0.034953300000779564,0.18778726146140717,0.1877872496843338,0.6839397205857212,0.04,,,,
synthetic_image,kodak24,kodim08,25,1,ectv_fidelity,24.76834876038257,0.820564329624176,0.9597788453102112,0.03917180001735687,0.38956817984580994,0.11060808598995209,80,0.23748539999905915,0.33330865074633204,0.27896009385585785,0.6839397205857212,0.32,0.12,0.3333333333333333,,
synthetic_image,kodak24,kodim08,25,1,tv_maxiter,25.299920244418928,0.8283190727233887,0.9727709293365479,0.02999943122267723,0.38956817984580994,0.15860168635845184,22,0.06763920000048529,inf,0.2309664934873581,0.6839397205857212,,,,,
synthetic_image,kodak24,kodim08,25,1,tv_fixedk_val,25.30140750899692,0.8285816311836243,0.9726876020431519,0.030105477198958397,0.38956817984580994,0.1581254005432129,40,0.11868130000038946,,0.23144277930259705,0.6839397205857212,,,,,
synthetic_image,kodak24,kodim08,25,1,tv_discrepancy,25.299920244418928,0.8283190727233887,0.9727709293365479,0.02999943122267723,0.38956817984580994,0.15860168635845184,22,0.06834359999993467,,0.2309664934873581,0.6839397205857212,,,,,
synthetic_image,kodak24,kodim08,25,1,tv_chambolle_val,23.329461758403504,0.7580321431159973,0.9377275109291077,0.0475517138838768,0.38956817984580994,0.09577492624521255,0,0.015055100000608945,,,0.0,,,,,
synthetic_image,kodak24,kodim08,25,1,gaussian_val,22.212535144310536,0.7333242297172546,0.907955527305603,0.05191592127084732,0.38956817984580994,0.0999695211648941,0,0.00030589999914809596,,,0.0,,,,,
synthetic_image,kodak24,kodim08,25,1,median_val,19.867607112436055,0.5613811016082764,0.8340304493904114,0.06211568042635918,0.38956817984580994,0.09141349792480469,0,0.0006553000002895715,,,0.0,,,,,
synthetic_image,kodak24,kodim08,25,1,bilateral_val,24.037043855289,0.7913587093353271,0.9614338278770447,0.03337608650326729,0.38956817984580994,0.1784498244524002,0,0.13524470000083966,,,0.0,,,,,
synthetic_image,kodak24,kodim08,25,1,pm_diff_val,22.693942648601166,0.7383134961128235,0.9256924390792847,0.05012683570384979,0.38956817984580994,0.09339985996484756,5,0.006071800000427174,,,0.0,,,,,
synthetic_image,kodak24,kodim08,25,1,wavelet_bayes,23.81685370033333,0.7647047638893127,0.9621025919914246,0.0324387289583683,0.38956817984580994,0.20243799686431885,0,0.0036039999995409744,,,0.0,,,,,
synthetic_image,kodak24,kodim08,25,1,nlm,25.77293382848172,0.8336868286132812,0.9672913551330566,0.029258890077471733,0.38956817984580994,0.15931284427642822,0,0.04094719999920926,,,0.0,,,,,
synthetic_image,kodak24,kodim08,25,1,bm3d,28.817165703978873,0.9187420010566711,0.9851140379905701,0.019745321944355965,0.38956817984580994,0.16751748323440552,0,1.907217900001342,,,0.0,,,,,
synthetic_image,kodak24,kodim08,25,1,fdncnn_color,29.102684497596222,0.9218201041221619,0.986083447933197,0.018944798037409782,0.38956817984580994,0.16259022057056427,0,1.3547240999996575,,,0.0,,,,,
synthetic_image,kodak24,kodim08,25,1,ectv_fdncnn,29.102684497596222,0.9218201041221619,0.986083447933197,0.018944798037409782,0.38956817984580994,0.16259022057056427,0,1.3570813999995153,0.33330865074633204,0.22697795927524567,0.6839397205857212,0.32,,0.3333333333333333,1.0,1.0
synthetic_image,kodak24,kodim08,25,2,noisy,20.354099769363835,0.6457962393760681,0.9579068422317505,0.03649064153432846,0.3904690146446228,0.3904690146446228,0,0.0,0.0,0.0,0.0,,,,,
synthetic_image,kodak24,kodim08,25,2,ectv,24.6412715787461,0.7926164269447327,0.9723912477493286,0.02796117402613163,0.3904690146446228,0.202681764960289,6,0.03353640000023006,0.18778726146140717,0.1877872496843338,0.6839397205857212,0.04,,,,
synthetic_image,kodak24,kodim08,25,2,ectv_fidelity,24.78201500266166,0.8232495188713074,0.9604683518409729,0.03907182067632675,0.3904690146446228,0.11075907945632935,80,0.23081340000135242,0.33330865074633204,0.27970993518829346,0.6839397205857212,0.32,0.12,0.3333333333333333,,
synthetic_image,kodak24,kodim08,25,2,tv_maxiter,25.312333019410104,0.830700159072876,0.9730697870254517,0.02987648919224739,0.3904690146446228,0.15875244140625,22,0.06762999999955355,inf,0.2317165732383728,0.6839397205857212,,,,,
synthetic_image,kodak24,kodim08,25,2,tv_fixedk_val,25.31366112317073,0.8309642672538757,0.9729839563369751,0.029983678832650185,0.3904690146446228,0.1582765132188797,40,0.11534480000045733,,0.2321925014257431,0.6839397205857212,,,,,
synthetic_image,kodak24,kodim08,25,2,tv_discrepancy,25.312333019410104,0.830700159072876,0.9730697870254517,0.02987648919224739,0.3904690146446228,0.15875244140625,22,0.06553310000163037,,0.2317165732383728,0.6839397205857212,,,,,
synthetic_image,kodak24,kodim08,25,2,tv_chambolle_val,23.343069793579293,0.7613877654075623,0.9391114711761475,0.04739325866103172,0.3904690146446228,0.09605040401220322,0,0.014711599998918246,,,0.0,,,,,
synthetic_image,kodak24,kodim08,25,2,gaussian_val,22.211987997394992,0.7350916862487793,0.9076490998268127,0.05206858739256859,0.3904690146446228,0.09995787590742111,0,0.00037599999996018596,,,0.0,,,,,
synthetic_image,kodak24,kodim08,25,2,median_val,19.85613065538447,0.5608590245246887,0.8318700790405273,0.06208336725831032,0.3904690146446228,0.09221018105745316,0,0.000715199999831384,,,0.0,,,,,
synthetic_image,kodak24,kodim08,25,2,bilateral_val,24.00476814378431,0.7937962412834167,0.9613965153694153,0.033342014998197556,0.3904690146446228,0.17922618985176086,0,0.13476079999963986,,,0.0,,,,,
synthetic_image,kodak24,kodim08,25,2,pm_diff_val,22.697405448868494,0.7405899167060852,0.9257478713989258,0.05010383948683739,0.3904690146446228,0.09343160688877106,5,0.006119800000305986,,,0.0,,,,,
synthetic_image,kodak24,kodim08,25,2,wavelet_bayes,23.83964784108574,0.7679200768470764,0.9621432423591614,0.03238609805703163,0.3904690146446228,0.2018963098526001,0,0.003538700000717654,,,0.0,,,,,
synthetic_image,kodak24,kodim08,25,2,nlm,25.764076134418808,0.8347647786140442,0.9667544364929199,0.029539410024881363,0.3904690146446228,0.15782305598258972,0,0.03976620000139519,,,0.0,,,,,
synthetic_image,kodak24,kodim08,25,2,bm3d,28.82400026668209,0.9204325675964355,0.9853075742721558,0.01952931098639965,0.3904690146446228,0.1689286231994629,0,1.717402399999628,,,0.0,,,,,
synthetic_image,kodak24,kodim08,25,2,fdncnn_color,29.101943704489898,0.9230504035949707,0.9861509799957275,0.018809493631124496,0.3904690146446228,0.16341304779052734,0,1.3540474000001268,,,0.0,,,,,
synthetic_image,kodak24,kodim08,25,2,ectv_fdncnn,29.101943704489898,0.9230504035949707,0.9861509799957275,0.018809493631124496,0.3904690146446228,0.16341304779052734,0,1.3561305000002903,0.33330865074633204,0.22705596685409546,0.6839397205857212,0.32,,0.3333333333333333,1.0,1.0
synthetic_image,kodak24,kodim08,50,0,noisy,14.75790545741501,0.4096149504184723,0.8751640319824219,0.07097692787647247,0.6411570310592651,0.6411570310592651,0,0.0,0.0,0.0,0.0,,,,,
synthetic_image,kodak24,kodim08,50,0,ectv,18.81438869182556,0.5561617612838745,0.9082955121994019,0.04907296225428581,0.6411570310592651,0.33947110176086426,26,0.07782570000017586,0.3333333333333333,0.3016859292984009,0.5091578194443671,0.04,,,,
synthetic_image,kodak24,kodim08,50,0,ectv_fidelity,21.105636501562802,0.6483170390129089,0.8837605118751526,0.06088792160153389,0.6411570310592651,0.07523248344659805,80,0.22788279999986116,0.75,0.5659245476126671,0.5091578194443671,0.32,0.25,0.75,,
synthetic_image,kodak24,kodim08,50,0,tv_maxiter,18.81438869182556,0.5561617612838745,0.9082955121994019,0.04907296225428581,0.6411570310592651,0.33947110176086426,26,0.07295110000086424,inf,0.3016859292984009,0.5091578194443671,,,,,
synthetic_image,kodak24,kodim08,50,0,tv_fixedk_val,18.826968937815774,0.5565780997276306,0.9084189534187317,0.049015626311302185,0.6411570310592651,0.33879169821739197,40,0.11912119999942661,,0.30236533284187317,0.5091578194443671,,,,,
synthetic_image,kodak24,kodim08,50,0,tv_discrepancy,18.81438869182556,0.5561617612838745,0.9082955121994019,0.04907296225428581,0.6411570310592651,0.33947110176086426,26,0.07834989999901154,,0.3016859292984009,0.5091578194443671,,,,,
synthetic_image,kodak24,kodim08,50,0,tv_chambolle_val,20.50213572332302,0.6042479872703552,0.8880025148391724,0.05872492864727974,0.6411570310592651,0.08406461030244827,0,0.014075900000534602,,,0.0,,,,,
synthetic_image,kodak24,kodim08,50,0,gaussian_val,20.70865265575452,0.6256116032600403,0.8800908327102661,0.056058358401060104,0.6411570310592651,0.1211967021226883,0,0.00033830000029411167,,,0.0,,,,,
synthetic_image,kodak24,kodim08,50,0,median_val,18.99866431983289,0.47336187958717346,0.7924721837043762,0.0670161172747612,0.6411570310592651,0.1176847517490387,0,0.0007483999997930368,,,0.0,,,,,
synthetic_image,kodak24,kodim08,50,0,bilateral_val,18.94325734901105,0.5404343008995056,0.8763010501861572,0.059626735746860504,0.6411570310592651,0.17460060119628906,0,0.13816080000106012,,,0.0,,,,,
synthetic_image,kodak24,kodim08,50,0,pm_diff_val,20.586672557600853,0.615912914276123,0.8728113770484924,0.05980595946311951,0.6411570310592651,0.09596031904220581,5,0.005344799999875249,,,0.0,,,,,
synthetic_image,kodak24,kodim08,50,0,wavelet_bayes,19.717058522969346,0.5597233176231384,0.8238685131072998,0.06140371412038803,0.6411570310592651,0.11749397218227386,0,0.0036285999995016027,,,0.0,,,,,
synthetic_image,kodak24,kodim08,50,0,nlm,21.152430832868504,0.634728729724884,0.8958133459091187,0.05871666967868805,0.6411570310592651,0.1058071181178093,0,0.039975799998501316,,,0.0,,,,,
synthetic_image,kodak24,kodim08,50,0,bm3d,24.76616464849199,0.8294858932495117,0.9579101204872131,0.033766232430934906,0.6411570310592651,0.13425305485725403,0,1.743592599999829,,,0.0,,,,,
synthetic_image,kodak24,kodim08,50,0,fdncnn_color,24.971666856852117,0.8334483504295349,0.9605675339698792,0.032862309366464615,0.6411570310592651,0.13168485462665558,0,1.3132952999985719,,,0.0,,,,,
synthetic_image,kodak24,kodim08,50,0,ectv_fdncnn,24.971666856852117,0.8334483504295349,0.9605675339698792,0.032862309366464615,0.6411570310592651,0.13168485462665558,0,1.3153678999988188,0.75,0.5094721764326096,0.5091578194443671,0.32,,0.75,1.0,1.0
synthetic_image,kodak24,kodim08,50,1,noisy,14.778964140705515,0.40946874022483826,0.8739286661148071,0.07121416181325912,0.6397546529769897,0.6397546529769897,0,0.0,0.0,0.0,0.0,,,,,
synthetic_image,kodak24,kodim08,50,1,ectv,18.845461872106448,0.5559535026550293,0.906867265701294,0.04947405308485031,0.6397546529769897,0.3379576802253723,26,0.07299319999947329,0.3333333333333333,0.30179697275161743,0.5091578194443671,0.04,,,,
synthetic_image,kodak24,kodim08,50,1,ectv_fidelity,21.101729098363155,0.6460656523704529,0.8846899271011353,0.061083320528268814,0.6397546529769897,0.07475532591342926,80,0.2210663999994722,0.75,0.5649993270635605,0.5091578194443671,0.32,0.25,0.75,,
synthetic_image,kodak24,kodim08,50,1,tv_maxiter,18.845461872106448,0.5559535026550293,0.906867265701294,0.04947405308485031,0.6397546529769897,0.3379576802253723,26,0.07305209999867657,inf,0.30179697275161743,0.5091578194443671,,,,,
synthetic_image,kodak24,kodim08,50,1,tv_fixedk_val,18.858045436483792,0.5563696026802063,0.906995415687561,0.04941461980342865,0.6397546529769897,0.33728092908859253,40,0.11627790000056848,,0.3024737238883972,0.5091578194443671,,,,,
synthetic_image,kodak24,kodim08,50,1,tv_discrepancy,18.845461872106448,0.5559535026550293,0.906867265701294,0.04947405308485031,0.6397546529769897,0.3379576802253723,26,0.07659649999914109,,0.30179697275161743,0.5091578194443671,,,,,
synthetic_image,kodak24,kodim08,50,1,tv_chambolle_val,20.489395703230116,0.6054766178131104,0.8693650364875793,0.06426586210727692,0.6397546529769897,0.08380652219057083,0,0.013474500001393608,,,0.0,,,,,
synthetic_image,kodak24,kodim08,50,1,gaussian_val,20.733569182728267,0.6248525977134705,0.8802201747894287,0.05623500049114227,0.6397546529769897,0.12124259769916534,0,0.00030619999961345457,,,0.0,,,,,
synthetic_image,kodak24,kodim08,50,1,median_val,19.027850379606033,0.47526314854621887,0.7940986156463623,0.0673118531703949,0.6397546529769897,0.1162191703915596,0,0.0007000999994488666,,,0.0,,,,,
synthetic_image,kodak24,kodim08,50,1,bilateral_val,18.94916503816687,0.5409052968025208,0.8813039064407349,0.059114351868629456,0.6397546529769897,0.17438416182994843,0,0.1298507999999856,,,0.0,,,,,
synthetic_image,kodak24,kodim08,50,1,pm_diff_val,20.600142593519294,0.6152610182762146,0.8735730051994324,0.05988427624106407,0.6397546529769897,0.09588741511106491,5,0.00517519999993965,,,0.0,,,,,
synthetic_image,kodak24,kodim08,50,1,wavelet_bayes,19.690952467471345,0.5567283034324646,0.8220731019973755,0.06181703135371208,0.6397546529769897,0.11522503942251205,0,0.0038555999999516644,,,0.0,,,,,
synthetic_image,kodak24,kodim08,50,1,nlm,21.16654552310063,0.6341230869293213,0.8960059881210327,0.05855466052889824,0.6397546529769897,0.10447831451892853,0,0.040849099999832106,,,0.0,,,,,
synthetic_image,kodak24,kodim08,50,1,bm3d,24.78710655917045,0.8311517238616943,0.9584022164344788,0.033475156873464584,0.6397546529769897,0.1338791847229004,0,1.4215086000003794,,,0.0,,,,,
synthetic_image,kodak24,kodim08,50,1,fdncnn_color,24.90670809797074,0.8325417041778564,0.9601369500160217,0.03276509791612625,0.6397546529769897,0.1313486397266388,0,1.327584399999978,,,0.0,,,,,
synthetic_image,kodak24,kodim08,50,1,ectv_fdncnn,24.90670809797074,0.8325417041778564,0.9601369500160217,0.03276509791612625,0.6397546529769897,0.1313486397266388,0,1.3302882999996655,0.75,0.508406013250351,0.5091578194443671,0.32,,0.75,1.0,1.0
synthetic_image,kodak24,kodim08,50,2,noisy,14.766552659816073,0.4107232093811035,0.8735345005989075,0.07146155089139938,0.6417312622070312,0.6417312622070312,0,0.0,0.0,0.0,0.0,,,,,
synthetic_image,kodak24,kodim08,50,2,ectv,18.84115676981757,0.5587261319160461,0.9067126512527466,0.04953949898481369,0.6417312622070312,0.338678240776062,26,0.07421489999978803,0.3333333333333333,0.30305302143096924,0.5091578194443671,0.04,,,,
synthetic_image,kodak24,kodim08,50,2,ectv_fidelity,21.089850797480032,0.6493467688560486,0.8852238059043884,0.061105187982320786,0.6417312622070312,0.07492198795080185,80,0.2170192000012321,0.75,0.5668092742562294,0.5091578194443671,0.32,0.25,0.75,,
synthetic_image,kodak24,kodim08,50,2,tv_maxiter,18.84115676981757,0.5587261319160461,0.9067126512527466,0.04953949898481369,0.6417312622070312,0.338678240776062,26,0.06986690000121598,inf,0.30305302143096924,0.5091578194443671,,,,,
synthetic_image,kodak24,kodim08,50,2,tv_fixedk_val,18.85374486407336,0.5591438412666321,0.9068398475646973,0.04948049411177635,0.6417312622070312,0.3379972577095032,40,0.10970389999965846,,0.3037340044975281,0.5091578194443671,,,,,
synthetic_image,kodak24,kodim08,50,2,tv_discrepancy,18.84115676981757,0.5587261319160461,0.9067126512527466,0.04953949898481369,0.6417312622070312,0.338678240776062,26,0.0749785999996675,,0.30305302143096924,0.5091578194443671,,,,,
synthetic_image,kodak24,kodim08,50,2,tv_chambolle_val,20.67309033624599,0.6223741173744202,0.872553825378418,0.0636034607887268,0.6417312622070312,0.09609639644622803,0,0.00803990000167687,,,0.0,,,,,
synthetic_image,kodak24,kodim08,50,2,gaussian_val,20.732775511297746,0.6279104351997375,0.8800526857376099,0.0564635805785656,0.6417312622070312,0.1210423931479454,0,0.00029010000071139075,,,0.0,,,,,
synthetic_image,kodak24,kodim08,50,2,median_val,19.013760846229268,0.4769972264766693,0.7935444116592407,0.0670948326587677,0.6417312622070312,0.11777375638484955,0,0.0006630999996559694,,,0.0,,,,,
synthetic_image,kodak24,kodim08,50,2,bilateral_val,18.907475516611257,0.5430193543434143,0.8792994022369385,0.05907077714800835,0.6417312622070312,0.1751350313425064,0,0.12448589999985415,,,0.0,,,,,
synthetic_image,kodak24,kodim08,50,2,pm_diff_val,20.601558514216777,0.6184959411621094,0.8732224702835083,0.06011876463890076,0.6417312622070312,0.0958375334739685,5,0.00601239999923564,,,0.0,,,,,
synthetic_image,kodak24,kodim08,50,2,wavelet_bayes,19.72619784751592,0.5637832880020142,0.8203591704368591,0.061939138919115067,0.6417312622070312,0.11491785198450089,0,0.003347800000483403,,,0.0,,,,,
synthetic_image,kodak24,kodim08,50,2,nlm,21.048020322964717,0.6316604018211365,0.8911136388778687,0.059616830199956894,0.6417312622070312,0.10219710320234299,0,0.04195179999987886,,,0.0,,,,,
synthetic_image,kodak24,kodim08,50,2,bm3d,24.808148306651283,0.8319699168205261,0.9595258235931396,0.03332574665546417,0.6417312622070312,0.1346319168806076,0,1.3484455999987404,,,0.0,,,,,
synthetic_image,kodak24,kodim08,50,2,fdncnn_color,24.943341050889387,0.8346288800239563,0.961371123790741,0.032420478761196136,0.6417312622070312,0.13286055624485016,0,1.1773835999993025,,,0.0,,,,,
synthetic_image,kodak24,kodim08,50,2,ectv_fdncnn,24.943341050889387,0.8346288800239563,0.961371123790741,0.032420478761196136,0.6417312622070312,0.13286055624485016,0,1.1800070999997843,0.75,0.5088707059621811,0.5091578194443671,0.32,,0.75,1.0,1.0
synthetic_image,kodak24,kodim09,15,0,noisy,24.60234564690161,0.47742295265197754,0.9274001717567444,0.025362838059663773,0.22061587870121002,0.22061587870121002,0,0.0,0.0,0.0,0.0,,,,,
synthetic_image,kodak24,kodim09,15,0,ectv,25.476917189934376,0.5118796229362488,0.9328425526618958,0.023494519293308258,0.22061587870121002,0.1967719942331314,1,0.020802199998797732,0.023843897597316383,0.023843884468078613,0.8488381630355155,0.04,,,,
synthetic_image,kodak24,kodim09,15,0,ectv_fidelity,31.73462452855972,0.8808484673500061,0.9684131741523743,0.01371055282652378,0.22061587870121002,0.04803943261504173,10,0.042980700000043726,0.1725764484378941,0.1725764460861683,0.8488381630355155,0.32,0.08,0.3333333333333333,,
synthetic_image,kodak24,kodim09,15,0,tv_maxiter,31.716737009641687,0.8976762890815735,0.9645152688026428,0.014176073484122753,0.22061587870121002,0.04150944575667381,21,0.06147109999983513,inf,0.1791064329445362,0.8488381630355155,,,,,
synthetic_image,kodak24,kodim09,15,0,tv_fixedk_val,31.73574295186269,0.8984272480010986,0.9641625881195068,0.014350386336445808,0.22061587870121002,0.04145115986466408,40,0.11490660000163189,,0.17916471883654594,0.8488381630355155,,,,,
synthetic_image,kodak24,kodim09,15,0,tv_discrepancy,31.716737009641687,0.8976762890815735,0.9645152688026428,0.014176073484122753,0.22061587870121002,0.04150944575667381,21,0.05881960000078834,,0.1791064329445362,0.8488381630355155,,,,,
synthetic_image,kodak24,kodim09,15,0,tv_chambolle_val,30.7316822972672,0.8765760064125061,0.9552847743034363,0.0158257856965065,0.22061587870121002,0.04135319963097572,0,0.013860000000931905,,,0.0,,,,,
synthetic_image,kodak24,kodim09,15,0,gaussian_val,28.30509700411479,0.7980181574821472,0.8964356184005737,0.021550524979829788,0.22061587870121002,0.04790187254548073,0,0.0003184000015608035,,,0.0,,,,,
synthetic_image,kodak24,kodim09,15,0,median_val,26.438582004498613,0.7452437877655029,0.8332487940788269,0.023135101422667503,0.22061587870121002,0.04450686275959015,0,0.0006893999998283107,,,0.0,,,,,
synthetic_image,kodak24,kodim09,15,0,bilateral_val,29.90430329883928,0.8383761048316956,0.9549537301063538,0.014315116219222546,0.22061587870121002,0.07546116411685944,0,0.12932809999983874,,,0.0,,,,,
synthetic_image,kodak24,kodim09,15,0,pm_diff_val,30.029873198765088,0.8359677791595459,0.9434071779251099,0.01758159138262272,0.22061587870121002,0.04573123902082443,5,0.005501699999513221,,,0.0,,,,,
synthetic_image,kodak24,kodim09,15,0,wavelet_bayes,29.64859741332118,0.7509875893592834,0.9556580781936646,0.016253456473350525,0.22061587870121002,0.08872363716363907,0,0.0031025000007502967,,,0.0,,,,,
synthetic_image,kodak24,kodim09,15,0,nlm,31.80314029437701,0.8948509693145752,0.9612430334091187,0.0123434541746974,0.22061587870121002,0.05982169881463051,0,0.03990770000018529,,,0.0,,,,,
synthetic_image,kodak24,kodim09,15,0,bm3d,35.335712059156116,0.9516003727912903,0.9871389865875244,0.007720357272773981,0.22061587870121002,0.060727208852767944,0,1.3915885999995226,,,0.0,,,,,
synthetic_image,kodak24,kodim09,15,0,fdncnn_color,35.859461836719795,0.9560203552246094,0.9881460070610046,0.007294891867786646,0.22061587870121002,0.05878584459424019,0,1.1754246999989846,,,0.0,,,,,
synthetic_image,kodak24,kodim09,15,0,ectv_fdncnn,35.859461836719795,0.9560203552246094,0.9881460070610046,0.007294891867786646,0.22061587870121002,0.05878584459424019,0,1.1776491999989958,0.1725764484378941,0.16183003410696983,0.8488381630355155,0.32,,0.3333333333333333,1.0,1.0
synthetic_image,kodak24,kodim09,15,1,noisy,24.62854614927909,0.47918736934661865,0.9273288249969482,0.025380326434969902,0.21983440220355988,0.21983440220355988,0,0.0,0.0,0.0,0.0,,,,,
synthetic_image,kodak24,kodim09,15,1,ectv,25.507436179542083,0.5138048529624939,0.9327869415283203,0.023507416248321533,0.21983440220355988,0.19599051773548126,1,0.02069630000005418,0.023843897597316383,0.023843884468078613,0.8488381630355155,0.04,,,,
synthetic_image,kodak24,kodim09,15,1,ectv_fidelity,31.74938736932441,0.8830419182777405,0.9673922657966614,0.013772672042250633,0.21983440220355988,0.047257959842681885,11,0.047452299999349634,0.1725764484378941,0.172576442360878,0.8488381630355155,0.32,0.08,0.3333333333333333,,
synthetic_image,kodak24,kodim09,15,1,tv_maxiter,31.727537905683015,0.8976814150810242,0.9635179042816162,0.014277152717113495,0.21983440220355988,0.04151551052927971,21,0.060456600000179606,inf,0.17831889167428017,0.8488381630355155,,,,,
synthetic_image,kodak24,kodim09,15,1,tv_fixedk_val,31.746565095283387,0.8985979557037354,0.9631546139717102,0.014435412362217903,0.21983440220355988,0.04142170026898384,40,0.11141680000037013,,0.17841270193457603,0.8488381630355155,,,,,
synthetic_image,kodak24,kodim09,15,1,tv_discrepancy,31.727537905683015,0.8976814150810242,0.9635179042816162,0.014277152717113495,0.21983440220355988,0.04151551052927971,21,0.060168500000145286,,0.17831889167428017,0.8488381630355155,,,,,
synthetic_image,kodak24,kodim09,15,1,tv_chambolle_val,30.7494214909546,0.8769869208335876,0.9538325667381287,0.01590885780751705,0.21983440220355988,0.04134409502148628,0,0.013837600001352257,,,0.0,,,,,
synthetic_image,kodak24,kodim09,15,1,gaussian_val,28.301074282888955,0.7977900505065918,0.8947264552116394,0.021557219326496124,0.21983440220355988,0.048031680285930634,0,0.0003000999986397801,,,0.0,,,,,
synthetic_image,kodak24,kodim09,15,1,median_val,26.476404966637173,0.7482804656028748,0.8370950818061829,0.022866103798151016,0.21983440220355988,0.04457039758563042,0,0.0006876999996165978,,,0.0,,,,,
synthetic_image,kodak24,kodim09,15,1,bilateral_val,29.941416065209015,0.8402379155158997,0.9551533460617065,0.014294158667325974,0.21983440220355988,0.07560741156339645,0,0.13050049999947078,,,0.0,,,,,
synthetic_image,kodak24,kodim09,15,1,pm_diff_val,30.02649730407282,0.8362131118774414,0.9419138431549072,0.01759827695786953,0.21983440220355988,0.04578845947980881,5,0.0057112000013148645,,,0.0,,,,,
synthetic_image,kodak24,kodim09,15,1,wavelet_bayes,29.73470469752719,0.7546989917755127,0.956257164478302,0.01613438129425049,0.21983440220355988,0.08873800933361053,0,0.0030481000012514414,,,0.0,,,,,
synthetic_image,kodak24,kodim09,15,1,nlm,31.79362959908382,0.8954327702522278,0.9617198705673218,0.012283594347536564,0.21983440220355988,0.060943279415369034,0,0.03815310000027239,,,0.0,,,,,
synthetic_image,kodak24,kodim09,15,1,bm3d,35.3566763606785,0.9530090689659119,0.9873931407928467,0.007603618316352367,0.21983440220355988,0.06112021207809448,0,1.38129409999965,,,0.0,,,,,
synthetic_image,kodak24,kodim09,15,1,fdncnn_color,35.90117283531029,0.9568352103233337,0.9881615042686462,0.007271073758602142,0.21983440220355988,0.0590750053524971,0,1.1941349999997328,,,0.0,,,,,
synthetic_image,kodak24,kodim09,15,1,ectv_fdncnn,35.90117283531029,0.9568352103233337,0.9881615042686462,0.007271073758602142,0.21983440220355988,0.0590750053524971,0,1.196288099999947,0.1725764484378941,0.16075939685106277,0.8488381630355155,0.32,,0.3333333333333333,1.0,1.0
synthetic_image,kodak24,kodim09,15,2,noisy,24.615407976419725,0.47767558693885803,0.9277262091636658,0.025441495701670647,0.22054411470890045,0.22054411470890045,0,0.0,0.0,0.0,0.0,,,,,
synthetic_image,kodak24,kodim09,15,2,ectv,25.49292183040563,0.5122533440589905,0.9330868721008301,0.02355607971549034,0.22054411470890045,0.19670023024082184,1,0.02070639999874402,0.023843897597316383,0.023843884468078613,0.8488381630355155,0.04,,,,
synthetic_image,kodak24,kodim09,15,2,ectv_fidelity,31.76527226450764,0.880761444568634,0.9679476618766785,0.01362556591629982,0.22054411470890045,0.04796767234802246,11,0.047197699999742326,0.1725764484378941,0.172576442360878,0.8488381630355155,0.32,0.08,0.3333333333333333,,
synthetic_image,kodak24,kodim09,15,2,tv_maxiter,31.74954617396456,0.8973574638366699,0.9638611078262329,0.01414634007960558,0.22054411470890045,0.04150047525763512,21,0.05914669999947364,inf,0.17904363945126534,0.8488381630355155,,,,,
synthetic_image,kodak24,kodim09,15,2,tv_fixedk_val,31.771079238785262,0.8984768986701965,0.9635137915611267,0.014308148995041847,0.22054411470890045,0.041426386684179306,40,0.11158939999950235,,0.17911772802472115,0.8488381630355155,,,,,
synthetic_image,kodak24,kodim09,15,2,tv_discrepancy,31.74954617396456,0.8973574638366699,0.9638611078262329,0.01414634007960558,0.22054411470890045,0.04150047525763512,21,0.059302400000888156,,0.17904363945126534,0.8488381630355155,,,,,
synthetic_image,kodak24,kodim09,15,2,tv_chambolle_val,30.753616933381114,0.8763577938079834,0.9542808532714844,0.015780018642544746,0.22054411470890045,0.041355639696121216,0,0.014095400001679081,,,0.0,,,,,
synthetic_image,kodak24,kodim09,15,2,gaussian_val,28.30973619085714,0.7970989346504211,0.8953995108604431,0.02154930867254734,0.22054411470890045,0.047958407551050186,0,0.0003006000006280374,,,0.0,,,,,
synthetic_image,kodak24,kodim09,15,2,median_val,26.437249439740484,0.7465322017669678,0.8347330093383789,0.022952701896429062,0.22054411470890045,0.04431416466832161,0,0.0007280999998329207,,,0.0,,,,,
synthetic_image,kodak24,kodim09,15,2,bilateral_val,29.920707349181733,0.8393991589546204,0.9554840326309204,0.01424905750900507,0.22054411470890045,0.07597436010837555,0,0.1286299000003055,,,0.0,,,,,
synthetic_image,kodak24,kodim09,15,2,pm_diff_val,30.05592941131619,0.8354195952415466,0.9428468346595764,0.01747184991836548,0.22054411470890045,0.045795124024152756,5,0.00596390000100655,,,0.0,,,,,
synthetic_image,kodak24,kodim09,15,2,wavelet_bayes,29.669095267194972,0.7527327537536621,0.9555846452713013,0.0162192415446043,0.22054411470890045,0.08839244395494461,0,0.0033494999988761265,,,0.0,,,,,
synthetic_image,kodak24,kodim09,15,2,nlm,31.80686407687828,0.8948983550071716,0.960999608039856,0.01235147938132286,0.22054411470890045,0.060108307749032974,0,0.03971329999876616,,,0.0,,,,,
synthetic_image,kodak24,kodim09,15,2,bm3d,35.26400745592754,0.9510288834571838,0.986956775188446,0.0077096447348594666,0.22054411470890045,0.0611676461994648,0,1.3859465999994427,,,0.0,,,,,
synthetic_image,kodak24,kodim09,15,2,fdncnn_color,35.83842887444984,0.9555320739746094,0.9882794618606567,0.00723335612565279,0.22054411470890045,0.05928443744778633,0,1.193020599999727,,,0.0,,,,,
synthetic_image,kodak24,kodim09,15,2,ectv_fdncnn,35.83842887444984,0.9555320739746094,0.9882794618606567,0.00723335612565279,0.22054411470890045,0.05928443744778633,0,1.1957407999998395,0.1725764484378941,0.16125967726111412,0.8488381630355155,0.32,,0.3333333333333333,1.0,1.0
synthetic_image,kodak24,kodim09,25,0,noisy,20.192176165966252,0.3144519329071045,0.836405336856842,0.04422503709793091,0.34133896231651306,0.34133896231651306,0,0.0,0.0,0.0,0.0,,,,,
synthetic_image,kodak24,kodim09,25,0,ectv,25.271195099043453,0.5086982250213623,0.8983325958251953,0.027202198281884193,0.34133896231651306,0.15355171263217926,5,0.030327399999805493,0.18778726146140717,0.1877872496843338,0.6839397205857212,0.04,,,,
synthetic_image,kodak24,kodim09,25,0,ectv_fidelity,29.536522772229684,0.8467378616333008,0.9418811798095703,0.017531225457787514,0.34133896231651306,0.0428621843457222,80,0.22194740000122692,0.33330865074633204,0.29847677797079086,0.6839397205857212,0.32,0.12,0.3333333333333333,,
synthetic_image,kodak24,kodim09,25,0,tv_maxiter,28.401030896369114,0.7078561782836914,0.9418738484382629,0.018287312239408493,0.34133896231651306,0.08453239500522614,22,0.06265890000031504,inf,0.2568065673112869,0.6839397205857212,,,,,
synthetic_image,kodak24,kodim09,25,0,tv_fixedk_val,28.448493506060473,0.7113396525382996,0.9423096776008606,0.018213527277112007,0.34133896231651306,0.08421963453292847,40,0.10983320000013919,,0.2571193277835846,0.6839397205857212,,,,,
synthetic_image,kodak24,kodim09,25,0,tv_discrepancy,28.401030896369114,0.7078561782836914,0.9418738484382629,0.018287312239408493,0.34133896231651306,0.08453239500522614,22,0.06403780000073311,,0.2568065673112869,0.6839397205857212,,,,,
synthetic_image,kodak24,kodim09,25,0,tv_chambolle_val,28.336955053978897,0.790726363658905,0.9209365844726562,0.019964881241321564,0.34133896231651306,0.0458667054772377,0,0.01166689999990922,,,0.0,,,,,
synthetic_image,kodak24,kodim09,25,0,gaussian_val,27.05241462596867,0.68168044090271,0.8665805459022522,0.0250403955578804,0.34133896231651306,0.061232682317495346,0,0.00031690000105299987,,,0.0,,,,,
synthetic_image,kodak24,kodim09,25,0,median_val,25.58755314469705,0.6460182070732117,0.7956258058547974,0.026697956025600433,0.34133896231651306,0.05700427666306496,0,0.0008075999994616723,,,0.0,,,,,
synthetic_image,kodak24,kodim09,25,0,bilateral_val,26.602713200471765,0.7017116546630859,0.9070838093757629,0.020453905686736107,0.34133896231651306,0.09085126221179962,0,0.13288899999861314,,,0.0,,,,,
synthetic_image,kodak24,kodim09,25,0,pm_diff_val,27.573647635946582,0.7291367650032043,0.8926246166229248,0.02314167097210884,0.34133896231651306,0.049948882311582565,5,0.005622200000289013,,,0.0,,,,,
synthetic_image,kodak24,kodim09,25,0,wavelet_bayes,27.06744601365561,0.6803388595581055,0.8898331522941589,0.022964324802160263,0.34133896231651306,0.07214875519275665,0,0.0033903000003192574,,,0.0,,,,,
synthetic_image,kodak24,kodim09,25,0,nlm,29.14089050673361,0.8260936737060547,0.9207655191421509,0.01767328940331936,0.34133896231651306,0.05522681027650833,0,0.038410799999837764,,,0.0,,,,,
synthetic_image,kodak24,kodim09,25,0,bm3d,32.5790565716352,0.9177051186561584,0.9727129340171814,0.010795868001878262,0.34133896231651306,0.05568414553999901,0,1.3948297999995702,,,0.0,,,,,
synthetic_image,kodak24,kodim09,25,0,fdncnn_color,33.10515221509068,0.9275217056274414,0.9755696654319763,0.010042419657111168,0.34133896231651306,0.05468669533729553,0,1.2018038999995042,,,0.0,,,,,
synthetic_image,kodak24,kodim09,25,0,ectv_fdncnn,33.10515221509068,0.9275217056274414,0.9755696654319763,0.010042419657111168,0.34133896231651306,0.05468669533729553,0,1.2049398999988625,0.33330865074633204,0.28665226697921753,0.6839397205857212,0.32,,0.3333333333333333,1.0,1.0
synthetic_image,kodak24,kodim09,25,1,noisy,20.21744588330435,0.31634509563446045,0.8362569808959961,0.044276077300310135,0.3398606777191162,0.3398606777191162,0,0.0,0.0,0.0,0.0,,,,,
synthetic_image,kodak24,kodim09,25,1,ectv,25.322009710858424,0.5122783184051514,0.8983463048934937,0.02715567871928215,0.3398606777191162,0.1520734280347824,5,0.02964090000023134,0.18778726146140717,0.1877872496843338,0.6839397205857212,0.04,,,,
synthetic_image,kodak24,kodim09,25,1,ectv_fidelity,29.550174367784404,0.8475411534309387,0.9395235776901245,0.017612377181649208,0.3398606777191162,0.042849451303482056,80,0.2182663000003231,0.33330865074633204,0.29701122641563416,0.6839397205857212,0.32,0.12,0.3333333333333333,,
synthetic_image,kodak24,kodim09,25,1,tv_maxiter,28.409915647155415,0.7085034847259521,0.9405245780944824,0.018388189375400543,0.3398606777191162,0.08453784137964249,22,0.06181959999958053,inf,0.2553228363394737,0.6839397205857212,,,,,
synthetic_image,kodak24,kodim09,25,1,tv_fixedk_val,28.4578266565736,0.7120063900947571,0.9409589767456055,0.018311841413378716,0.3398606777191162,0.08420807868242264,40,0.1104429999995773,,0.2556525990366936,0.6839397205857212,,,,,
synthetic_image,kodak24,kodim09,25,1,tv_discrepancy,28.409915647155415,0.7085034847259521,0.9405245780944824,0.018388189375400543,0.3398606777191162,0.08453784137964249,22,0.062029599999732454,,0.2553228363394737,0.6839397205857212,,,,,
synthetic_image,kodak24,kodim09,25,1,tv_chambolle_val,28.31744439540218,0.7685557007789612,0.9199506640434265,0.020750850439071655,0.3398606777191162,0.05193714052438736,0,0.007443099999363767,,,0.0,,,,,
synthetic_image,kodak24,kodim09,25,1,gaussian_val,27.04288581905828,0.6811689734458923,0.8639691472053528,0.025054601952433586,0.3398606777191162,0.06145546957850456,0,0.0002984000002470566,,,0.0,,,,,
synthetic_image,kodak24,kodim09,25,1,median_val,25.641852824639603,0.6514067053794861,0.8007701635360718,0.026321567595005035,0.3398606777191162,0.05684395134449005,0,0.000811400001111906,,,0.0,,,,,
synthetic_image,kodak24,kodim09,25,1,bilateral_val,26.652945673312107,0.7057667374610901,0.9097659587860107,0.020336536690592766,0.3398606777191162,0.09059914946556091,0,0.13167360000079498,,,0.0,,,,,
synthetic_image,kodak24,kodim09,25,1,pm_diff_val,27.556751895788917,0.7289711833000183,0.8888851404190063,0.023181864991784096,0.3398606777191162,0.05001983791589737,5,0.005631399999401765,,,0.0,,,,,
synthetic_image,kodak24,kodim09,25,1,wavelet_bayes,27.119015153028716,0.6862809658050537,0.8893287181854248,0.022816812619566917,0.3398606777191162,0.07142380625009537,0,0.0030495000009977957,,,0.0,,,,,
synthetic_image,kodak24,kodim09,25,1,nlm,29.144345758571617,0.8268845677375793,0.9210509657859802,0.017551451921463013,0.3398606777191162,0.05639543756842613,0,0.03917829999954847,,,0.0,,,,,
synthetic_image,kodak24,kodim09,25,1,bm3d,32.62811586564312,0.919404923915863,0.9731824398040771,0.010642463341355324,0.3398606777191162,0.05574773624539375,0,1.361396700000114,,,0.0,,,,,
synthetic_image,kodak24,kodim09,25,1,fdncnn_color,33.205019751752374,0.9292731285095215,0.9760119318962097,0.009969391860067844,0.3398606777191162,0.055000148713588715,0,1.2033000999999786,,,0.0,,,,,
synthetic_image,kodak24,kodim09,25,1,ectv_fdncnn,33.205019751752374,0.9292731285095215,0.9760119318962097,0.009969391860067844,0.3398606777191162,0.055000148713588715,0,1.2057785999986663,0.33330865074633204,0.2848605290055275,0.6839397205857212,0.32,,0.3333333333333333,1.0,1.0
synthetic_image,kodak24,kodim09,25,2,noisy,20.201231989024876,0.3145771324634552,0.8377196788787842,0.04437389597296715,0.3412453532218933,0.3412453532218933,0,0.0,0.0,0.0,0.0,,,,,
synthetic_image,kodak24,kodim09,25,2,ectv,25.29895900622551,0.5096055865287781,0.8987894654273987,0.027247760444879532,0.3412453532218933,0.1534581035375595,5,0.03177829999913229,0.18778726146140717,0.1877872496843338,0.6839397205857212,0.04,,,,
synthetic_image,kodak24,kodim09,25,2,ectv_fidelity,29.580507001487355,0.8479781746864319,0.9403419494628906,0.01743166521191597,0.3412453532218933,0.04274960979819298,80,0.2207395000004908,0.33330865074633204,0.29849574342370033,0.6839397205857212,0.32,0.12,0.3333333333333333,,
synthetic_image,kodak24,kodim09,25,2,tv_maxiter,28.447271697023893,0.7096672058105469,0.941415011882782,0.01821255497634411,0.3412453532218933,0.0844990611076355,22,0.06564400000024762,inf,0.2567462921142578,0.6839397205857212,,,,,
synthetic_image,kodak24,kodim09,25,2,tv_fixedk_val,28.49586885387111,0.7132982611656189,0.941811740398407,0.018134694546461105,0.3412453532218933,0.08417318761348724,40,0.10654380000050878,,0.25707216560840607,0.6839397205857212,,,,,
synthetic_image,kodak24,kodim09,25,2,tv_discrepancy,28.447271697023893,0.7096672058105469,0.941415011882782,0.01821255497634411,0.3412453532218933,0.0844990611076355,22,0.061405099999319646,,0.2567462921142578,0.6839397205857212,,,,,
synthetic_image,kodak24,kodim09,25,2,tv_chambolle_val,28.33919603904283,0.7690107226371765,0.9215864539146423,0.020561086013913155,0.3412453532218933,0.05166519060730934,0,0.008036400000491994,,,0.0,,,,,
synthetic_image,kodak24,kodim09,25,2,gaussian_val,27.05563445214297,0.6800817847251892,0.8652719259262085,0.025062499567866325,0.3412453532218933,0.061335351318120956,0,0.00028509999901871197,,,0.0,,,,,
synthetic_image,kodak24,kodim09,25,2,median_val,25.590718304997186,0.6483423709869385,0.7991999387741089,0.02630327269434929,0.3412453532218933,0.05666406452655792,0,0.0006703999988530995,,,0.0,,,,,
synthetic_image,kodak24,kodim09,25,2,bilateral_val,26.634859709832213,0.7041683197021484,0.9098829030990601,0.020234260708093643,0.3412453532218933,0.09173503518104553,0,0.12728310000056808,,,0.0,,,,,
synthetic_image,kodak24,kodim09,25,2,pm_diff_val,27.574532749806625,0.7274508476257324,0.8910715579986572,0.02307211048901081,0.3412453532218933,0.04995647072792053,5,0.0055934000010893214,,,0.0,,,,,
synthetic_image,kodak24,kodim09,25,2,wavelet_bayes,27.052467943297867,0.6805455088615417,0.8898351192474365,0.022926049306988716,0.3412453532218933,0.07188376784324646,0,0.0028086999991501216,,,0.0,,,,,
synthetic_image,kodak24,kodim09,25,2,nlm,29.13027717910424,0.8260817527770996,0.9188137650489807,0.017580611631274223,0.3412453532218933,0.05577763170003891,0,0.03867100000024948,,,0.0,,,,,
synthetic_image,kodak24,kodim09,25,2,bm3d,32.549482031411316,0.9167051315307617,0.9721666574478149,0.010741951875388622,0.3412453532218933,0.05631531774997711,0,1.357567500001096,,,0.0,,,,,
synthetic_image,kodak24,kodim09,25,2,fdncnn_color,33.1567262587337,0.9268667101860046,0.9759963750839233,0.00991255883127451,0.3412453532218933,0.055440813302993774,0,1.198853500000041,,,0.0,,,,,
synthetic_image,kodak24,kodim09,25,2,ectv_fdncnn,33.1567262587337,0.9268667101860046,0.9759963750839233,0.00991255883127451,0.3412453532218933,0.055440813302993774,0,1.2009895000010147,0.33330865074633204,0.28580453991889954,0.6839397205857212,0.32,,0.3333333333333333,1.0,1.0
synthetic_image,kodak24,kodim09,50,0,noisy,14.435844090546343,0.15407443046569824,0.6610901355743408,0.0906306728720665,0.6362361907958984,0.6362361907958984,0,0.0,0.0,0.0,0.0,,,,,
synthetic_image,kodak24,kodim09,50,0,ectv,19.009900656814644,0.26052966713905334,0.7241143584251404,0.05665605515241623,0.6362361907958984,0.31464701890945435,27,0.07806979999986652,0.3333333333333333,0.3215891718864441,0.5091578194443671,0.04,,,,
synthetic_image,kodak24,kodim09,50,0,ectv_fidelity,26.29247272283113,0.7543525695800781,0.8630098104476929,0.024330783635377884,0.6362361907958984,0.033508483320474625,80,0.2257450000015524,0.75,0.6027277074754238,0.5091578194443671,0.32,0.25,0.75,,
synthetic_image,kodak24,kodim09,50,0,tv_maxiter,19.009900656814644,0.26052966713905334,0.7241143584251404,0.05665605515241623,0.6362361907958984,0.31464701890945435,27,0.0749216999993223,inf,0.3215891718864441,0.5091578194443671,,,,,
synthetic_image,kodak24,kodim09,50,0,tv_fixedk_val,19.024347832071754,0.26090511679649353,0.7243995666503906,0.05654582753777504,0.6362361907958984,0.31402742862701416,40,0.1134340999997221,,0.3222087621688843,0.5091578194443671,,,,,
synthetic_image,kodak24,kodim09,50,0,tv_discrepancy,19.009900656814644,0.26052966713905334,0.7241143584251404,0.05665605515241623,0.6362361907958984,0.31464701890945435,27,0.0795763000005536,,0.3215891718864441,0.5091578194443671,,,,,
synthetic_image,kodak24,kodim09,50,0,tv_chambolle_val,25.495174053275633,0.698464572429657,0.8287336230278015,0.02628539502620697,0.6362361907958984,0.03623216599225998,0,0.01696290000109002,,,0.0,,,,,
synthetic_image,kodak24,kodim09,50,0,gaussian_val,23.773788170069352,0.4573933184146881,0.7624381184577942,0.035342875868082047,0.6362361907958984,0.09547087550163269,0,0.0002994999995280523,,,0.0,,,,,
synthetic_image,kodak24,kodim09,50,0,median_val,23.251190380246676,0.4421144425868988,0.6939679980278015,0.03444521501660347,0.6362361907958984,0.0919339656829834,0,0.000763300000471645,,,0.0,,,,,
synthetic_image,kodak24,kodim09,50,0,bilateral_val,22.35059858782239,0.44605758786201477,0.7314060926437378,0.03157615289092064,0.6362361907958984,0.13191506266593933,0,0.13086119999934454,,,0.0,,,,,
synthetic_image,kodak24,kodim09,50,0,pm_diff_val,24.53344342515697,0.5216188430786133,0.7843899130821228,0.031210556626319885,0.6362361907958984,0.06997446715831757,5,0.005275499999697786,,,0.0,,,,,
synthetic_image,kodak24,kodim09,50,0,wavelet_bayes,24.090799500751142,0.5978429913520813,0.6718624830245972,0.03185982629656792,0.6362361907958984,0.04157627001404762,0,0.003161199998430675,,,0.0,,,,,
synthetic_image,kodak24,kodim09,50,0,nlm,25.303870997238363,0.6648145914077759,0.826271116733551,0.026918506249785423,0.6362361907958984,0.056161489337682724,0,0.03866050000033283,,,0.0,,,,,
synthetic_image,kodak24,kodim09,50,0,bm3d,28.856915908776028,0.8417372107505798,0.9274507164955139,0.01692708022892475,0.6362361907958984,0.04401474818587303,0,1.3658286000008957,,,0.0,,,,,
synthetic_image,kodak24,kodim09,50,0,fdncnn_color,29.257590121724157,0.8590920567512512,0.9353814125061035,0.015971237793564796,0.6362361907958984,0.04184830188751221,0,1.1864232999996602,,,0.0,,,,,
synthetic_image,kodak24,kodim09,50,0,ectv_fdncnn,29.257590121724157,0.8590920567512512,0.9353814125061035,0.015971237793564796,0.6362361907958984,0.04184830188751221,0,1.1885365999987698,0.75,0.5943878889083862,0.5091578194443671,0.32,,0.75,1.0,1.0
synthetic_image,kodak24,kodim09,50,1,noisy,14.458318524242951,0.15600086748600006,0.6622185707092285,0.09060930460691452,0.633212685585022,0.633212685585022,0,0.0,0.0,0.0,0.0,,,,,
synthetic_image,kodak24,kodim09,50,1,ectv,19.02521903655016,0.2633640468120575,0.7252747416496277,0.056682050228118896,0.633212685585022,0.31329527497291565,27,0.07901370000035968,0.3333333333333333,0.3199174106121063,0.5091578194443671,0.04,,,,
synthetic_image,kodak24,kodim09,50,1,ectv_fidelity,26.306669574667893,0.756598174571991,0.8554306030273438,0.02421867847442627,0.633212685585022,0.03370371460914612,80,0.21654080000007525,0.75,0.5995089709758759,0.5091578194443671,0.32,0.25,0.75,,
synthetic_image,kodak24,kodim09,50,1,tv_maxiter,19.02521903655016,0.2633640468120575,0.7252747416496277,0.056682050228118896,0.633212685585022,0.31329527497291565,27,0.07646810000005644,inf,0.3199174106121063,0.5091578194443671,,,,,
synthetic_image,kodak24,kodim09,50,1,tv_fixedk_val,19.039639208365678,0.2637428939342499,0.7255560755729675,0.05657157674431801,0.633212685585022,0.31268128752708435,40,0.10984389999975974,,0.3205313980579376,0.5091578194443671,,,,,
synthetic_image,kodak24,kodim09,50,1,tv_discrepancy,19.02521903655016,0.2633640468120575,0.7252747416496277,0.056682050228118896,0.633212685585022,0.31329527497291565,27,0.07625820000066597,,0.3199174106121063,0.5091578194443671,,,,,
synthetic_image,kodak24,kodim09,50,1,tv_chambolle_val,25.520431417305275,0.7017071843147278,0.8226253986358643,0.026112910360097885,0.633212685585022,0.03630165755748749,0,0.016483599998537102,,,0.0,,,,,
synthetic_image,kodak24,kodim09,50,1,gaussian_val,23.76180916401829,0.4580729901790619,0.7610320448875427,0.03540752828121185,0.633212685585022,0.09596018493175507,0,0.0003214999996998813,,,0.0,,,,,
synthetic_image,kodak24,kodim09,50,1,median_val,23.31473208748082,0.44908407330513,0.698302686214447,0.03411394730210304,0.633212685585022,0.09141675382852554,0,0.0008121999999275431,,,0.0,,,,,
synthetic_image,kodak24,kodim09,50,1,bilateral_val,22.412884962625483,0.4528850317001343,0.7395901679992676,0.031136294826865196,0.633212685585022,0.13137434422969818,0,0.13145500000064203,,,0.0,,,,,
synthetic_image,kodak24,kodim09,50,1,pm_diff_val,24.532482677004154,0.5229020714759827,0.7825716137886047,0.03121524676680565,0.633212685585022,0.07036766409873962,5,0.00561320000088017,,,0.0,,,,,
synthetic_image,kodak24,kodim09,50,1,wavelet_bayes,24.06681493233435,0.6025359034538269,0.669670820236206,0.03154102712869644,0.633212685585022,0.040054745972156525,0,0.0028775999999197666,,,0.0,,,,,
synthetic_image,kodak24,kodim09,50,1,nlm,25.324509517666023,0.666132390499115,0.8246642351150513,0.026746345683932304,0.633212685585022,0.056864965707063675,0,0.03914540000005218,,,0.0,,,,,
synthetic_image,kodak24,kodim09,50,1,bm3d,28.834666823155434,0.8413302898406982,0.9254856705665588,0.017081182450056076,0.633212685585022,0.0435904860496521,0,1.3789627999994991,,,0.0,,,,,
synthetic_image,kodak24,kodim09,50,1,fdncnn_color,29.359980662374173,0.8616850972175598,0.9355985522270203,0.01597164385020733,0.633212685585022,0.04225015640258789,0,1.18965770000068,,,0.0,,,,,
synthetic_image,kodak24,kodim09,50,1,ectv_fdncnn,29.359980662374173,0.8616850972175598,0.9355985522270203,0.01597164385020733,0.633212685585022,0.04225015640258789,0,1.1918893000001844,0.75,0.5909625291824341,0.5091578194443671,0.32,,0.75,1.0,1.0
synthetic_image,kodak24,kodim09,50,2,noisy,14.43783322150593,0.15449880063533783,0.6654157638549805,0.09105519205331802,0.6363494992256165,0.6363494992256165,0,0.0,0.0,0.0,0.0,,,,,
synthetic_image,kodak24,kodim09,50,2,ectv,19.0166017409658,0.2611626088619232,0.7280960083007812,0.05690553039312363,0.6363494992256165,0.3150635063648224,27,0.07612220000009984,0.3333333333333333,0.32128599286079407,0.5091578194443671,0.04,,,,
synthetic_image,kodak24,kodim09,50,2,ectv_fidelity,26.329826728088488,0.7557812333106995,0.859778106212616,0.024090507999062538,0.6363494992256165,0.03345223516225815,80,0.2177451999996265,0.75,0.6028972640633583,0.5091578194443671,0.32,0.25,0.75,,
synthetic_image,kodak24,kodim09,50,2,tv_maxiter,19.0166017409658,0.2611626088619232,0.7280960083007812,0.05690553039312363,0.6363494992256165,0.3150635063648224,27,0.0745891999995365,inf,0.32128599286079407,0.5091578194443671,,,,,
synthetic_image,kodak24,kodim09,50,2,tv_fixedk_val,19.031089426184877,0.2615399658679962,0.7283757925033569,0.056794095784425735,0.6363494992256165,0.31444409489631653,40,0.11008249999940745,,0.3219054043292999,0.5091578194443671,,,,,
synthetic_image,kodak24,kodim09,50,2,tv_discrepancy,19.0166017409658,0.2611626088619232,0.7280960083007812,0.05690553039312363,0.6363494992256165,0.3150635063648224,27,0.07546089999959804,,0.32128599286079407,0.5091578194443671,,,,,
synthetic_image,kodak24,kodim09,50,2,tv_chambolle_val,25.529558249888925,0.6984350681304932,0.8316140174865723,0.02593458816409111,0.6363494992256165,0.03601458668708801,0,0.01570700000047509,,,0.0,,,,,
synthetic_image,kodak24,kodim09,50,2,gaussian_val,23.775292817803816,0.4563823938369751,0.7642533779144287,0.03535766154527664,0.6363494992256165,0.09571580588817596,0,0.00027569999838306103,,,0.0,,,,,
synthetic_image,kodak24,kodim09,50,2,median_val,23.2813702381115,0.444195419549942,0.7034045457839966,0.03384578227996826,0.6363494992256165,0.09144047647714615,0,0.0006629999988945201,,,0.0,,,,,
synthetic_image,kodak24,kodim09,50,2,bilateral_val,22.377585857880568,0.44966208934783936,0.7424557209014893,0.031228233128786087,0.6363494992256165,0.132710799574852,0,0.12899329999891052,,,0.0,,,,,
synthetic_image,kodak24,kodim09,50,2,pm_diff_val,24.537353649831832,0.5198082327842712,0.7868387699127197,0.031121382489800453,0.6363494992256165,0.07021401822566986,5,0.005246499998975196,,,0.0,,,,,
synthetic_image,kodak24,kodim09,50,2,wavelet_bayes,24.100789214668332,0.5955759882926941,0.6880029439926147,0.031299374997615814,0.6363494992256165,0.04292060807347298,0,0.002887999999074964,,,0.0,,,,,
synthetic_image,kodak24,kodim09,50,2,nlm,25.331600164511464,0.6655447483062744,0.8267139792442322,0.026695381850004196,0.6363494992256165,0.056301552802324295,0,0.03708100000039849,,,0.0,,,,,
synthetic_image,kodak24,kodim09,50,2,bm3d,28.876358404129398,0.84038907289505,0.9252763390541077,0.017010429874062538,0.6363494992256165,0.044863563030958176,0,1.392428099999961,,,0.0,,,,,
synthetic_image,kodak24,kodim09,50,2,fdncnn_color,29.386529531762765,0.8598940968513489,0.9349546432495117,0.015904614701867104,0.6363494992256165,0.04364117607474327,0,1.1879103999999643,,,0.0,,,,,
synthetic_image,kodak24,kodim09,50,2,ectv_fdncnn,29.386529531762765,0.8598940968513489,0.9349546432495117,0.015904614701867104,0.6363494992256165,0.04364117607474327,0,1.1910124000005453,0.75,0.5927083231508732,0.5091578194443671,0.32,,0.75,1.0,1.0
synthetic_image,kodak24,kodim10,15,0,noisy,24.61940686515537,0.5111874938011169,0.9265655875205994,0.024030776694417,0.21729280054569244,0.21729280054569244,0,0.0,0.0,0.0,0.0,,,,,
synthetic_image,kodak24,kodim10,15,0,ectv,25.49729609225716,0.5478267669677734,0.932069718837738,0.02222420461475849,0.21729280054569244,0.19344891607761383,1,0.020177200000034645,0.023843897597316383,0.023843884468078613,0.8488381630355155,0.04,,,,
synthetic_image,kodak24,kodim10,15,0,ectv_fidelity,31.591615211769643,0.8628800511360168,0.9590846300125122,0.015053323470056057,0.21729280054569244,0.044716354459524155,11,0.046310399999129004,0.1725764484378941,0.1725764460861683,0.8488381630355155,0.32,0.08,0.3333333333333333,,
synthetic_image,kodak24,kodim10,15,0,tv_maxiter,31.51057060271052,0.8678237795829773,0.9535660147666931,0.015889156609773636,0.21729280054569244,0.040031950920820236,20,0.05573530000037863,inf,0.1772608496248722,0.8488381630355155,,,,,
synthetic_image,kodak24,kodim10,15,0,tv_fixedk_val,31.531507196795268,0.8693657517433167,0.953223466873169,0.01600823737680912,0.21729280054569244,0.040072932839393616,40,0.11223860000063723,,0.17721986770629883,0.8488381630355155,,,,,
synthetic_image,kodak24,kodim10,15,0,tv_discrepancy,31.51057060271052,0.8678237795829773,0.9535660147666931,0.015889156609773636,0.21729280054569244,0.040031950920820236,20,0.05919959999846469,,0.1772608496248722,0.8488381630355155,,,,,
synthetic_image,kodak24,kodim10,15,0,tv_chambolle_val,30.690567750019078,0.8453386425971985,0.9444736838340759,0.017247779294848442,0.21729280054569244,0.04045519232749939,0,0.013262300000860705,,,0.0,,,,,
synthetic_image,kodak24,kodim10,15,0,gaussian_val,28.855975721311438,0.8080732226371765,0.9013968110084534,0.02006102353334427,0.21729280054569244,0.04784725233912468,0,0.00030309999965538736,,,0.0,,,,,
synthetic_image,kodak24,kodim10,15,0,median_val,27.855207375902037,0.742419421672821,0.8823471665382385,0.02179853618144989,0.21729280054569244,0.04550844058394432,0,0.0006611999997403473,,,0.0,,,,,
synthetic_image,kodak24,kodim10,15,0,bilateral_val,29.597399385255105,0.8009993433952332,0.9433805346488953,0.016140015795826912,0.21729280054569244,0.07419706881046295,0,0.1328520999995817,,,0.0,,,,,
synthetic_image,kodak24,kodim10,15,0,pm_diff_val,30.135038676672426,0.8247529864311218,0.9338630437850952,0.018032988533377647,0.21729280054569244,0.04338464140892029,5,0.006196000000272761,,,0.0,,,,,
synthetic_image,kodak24,kodim10,15,0,wavelet_bayes,29.5156918382883,0.7657268643379211,0.9482980966567993,0.016433896496891975,0.21729280054569244,0.0818910077214241,0,0.0030631000008725096,,,0.0,,,,,
synthetic_image,kodak24,kodim10,15,0,nlm,31.569750797836363,0.8624293804168701,0.9500460624694824,0.014751388691365719,0.21729280054569244,0.05388910695910454,0,0.03994160000002012,,,0.0,,,,,
synthetic_image,kodak24,kodim10,15,0,bm3d,34.68887496671089,0.9355716705322266,0.9821188449859619,0.009250217117369175,0.21729280054569244,0.05925707146525383,0,1.4143629999998666,,,0.0,,,,,
synthetic_image,kodak24,kodim10,15,0,fdncnn_color,35.10879411742251,0.9408566355705261,0.9838190674781799,0.008808744139969349,0.21729280054569244,0.0577530674636364,0,1.2119868000008864,,,0.0,,,,,
synthetic_image,kodak24,kodim10,15,0,ectv_fdncnn,35.10879411742251,0.9408566355705261,0.9838190674781799,0.008808744139969349,0.21729280054569244,0.0577530674636364,0,1.2141720000017813,0.1725764484378941,0.15953973308205605,0.8488381630355155,0.32,,0.3333333333333333,1.0,1.0
synthetic_image,kodak24,kodim10,15,1,noisy,24.64272148935983,0.5136521458625793,0.9274924993515015,0.023895544931292534,0.21635638177394867,0.21635638177394867,0,0.0,0.0,0.0,0.0,,,,,
synthetic_image,kodak24,kodim10,15,1,ectv,25.52381789717723,0.5506098866462708,0.9329909086227417,0.022075923159718513,0.21635638177394867,0.19251249730587006,1,0.021341000001484645,0.023843897597316383,0.023843884468078613,0.8488381630355155,0.04,,,,
synthetic_image,kodak24,kodim10,15,1,ectv_fidelity,31.575372083477372,0.8651155829429626,0.9578939080238342,0.015145683661103249,0.21635638177394867,0.04377993941307068,12,0.05183749999923748,0.1725764484378941,0.172576442360878,0.8488381630355155,0.32,0.08,0.3333333333333333,,
synthetic_image,kodak24,kodim10,15,1,tv_maxiter,31.512931360949207,0.8693039417266846,0.953124463558197,0.0158604234457016,0.21635638177394867,0.04015731438994408,20,0.05572310000025027,inf,0.1761990673840046,0.8488381630355155,,,,,
synthetic_image,kodak24,kodim10,15,1,tv_fixedk_val,31.53729921685919,0.8709359169006348,0.952826976776123,0.015971485525369644,0.21635638177394867,0.04019015654921532,40,0.10995790000015404,,0.17616622522473335,0.8488381630355155,,,,,
synthetic_image,kodak24,kodim10,15,1,tv_discrepancy,31.512931360949207,0.8693039417266846,0.953124463558197,0.0158604234457016,0.21635638177394867,0.04015731438994408,20,0.05988470000011148,,0.1761990673840046,0.8488381630355155,,,,,
synthetic_image,kodak24,kodim10,15,1,tv_chambolle_val,30.709593306208234,0.8476633429527283,0.9441370964050293,0.017185360193252563,0.21635638177394867,0.04050639644265175,0,0.013753299999734736,,,0.0,,,,,
synthetic_image,kodak24,kodim10,15,1,gaussian_val,28.85048688507757,0.8088135123252869,0.900959312915802,0.020019900053739548,0.21635638177394867,0.04794108495116234,0,0.00033399999847461004,,,0.0,,,,,
synthetic_image,kodak24,kodim10,15,1,median_val,27.87041061815004,0.7444245219230652,0.8813279271125793,0.021923083811998367,0.21635638177394867,0.04520450159907341,0,0.0007267999990290264,,,0.0,,,,,
synthetic_image,kodak24,kodim10,15,1,bilateral_val,29.623931730931822,0.8040764927864075,0.9427379965782166,0.01605409011244774,0.21635638177394867,0.07382764667272568,0,0.1321661000001768,,,0.0,,,,,
synthetic_image,kodak24,kodim10,15,1,pm_diff_val,30.123809414679265,0.8254210948944092,0.9337935447692871,0.017946043983101845,0.21635638177394867,0.043471530079841614,5,0.005455200000142213,,,0.0,,,,,
synthetic_image,kodak24,kodim10,15,1,wavelet_bayes,29.540831265636456,0.7689683437347412,0.9479533433914185,0.016324201598763466,0.21635638177394867,0.08183775097131729,0,0.0034969999996974366,,,0.0,,,,,
synthetic_image,kodak24,kodim10,15,1,nlm,31.570495911388207,0.865295946598053,0.9506494402885437,0.014583369717001915,0.21635638177394867,0.054846540093421936,0,0.03960449999976845,,,0.0,,,,,
synthetic_image,kodak24,kodim10,15,1,bm3d,34.63345908037991,0.935676097869873,0.9813355803489685,0.009288004599511623,0.21635638177394867,0.05934567376971245,0,1.3653732000002492,,,0.0,,,,,
synthetic_image,kodak24,kodim10,15,1,fdncnn_color,35.071580659095076,0.9406628012657166,0.9831305742263794,0.008871910162270069,0.21635638177394867,0.057957589626312256,0,1.1907443000000058,,,0.0,,,,,
synthetic_image,kodak24,kodim10,15,1,ectv_fdncnn,35.071580659095076,0.9406628012657166,0.9831305742263794,0.008871910162270069,0.21635638177394867,0.057957589626312256,0,1.192791400000715,0.1725764484378941,0.1583987921476364,0.8488381630355155,0.32,,0.3333333333333333,1.0,1.0
synthetic_image,kodak24,kodim10,15,2,noisy,24.631283320578508,0.512111246585846,0.9272232055664062,0.024048857390880585,0.21710580587387085,0.21710580587387085,0,0.0,0.0,0.0,0.0,,,,,
synthetic_image,kodak24,kodim10,15,2,ectv,25.511813453896703,0.5489353537559509,0.9326149225234985,0.0222343560308218,0.21710580587387085,0.19326193630695343,1,0.02144820000103209,0.023843897597316383,0.02384386956691742,0.8488381630355155,0.04,,,,
synthetic_image,kodak24,kodim10,15,2,ectv_fidelity,31.605656848718592,0.8629334568977356,0.9575120806694031,0.015134765766561031,0.21710580587387085,0.04452935978770256,11,0.04495150000002468,0.1725764484378941,0.1725764460861683,0.8488381630355155,0.32,0.08,0.3333333333333333,,
synthetic_image,kodak24,kodim10,15,2,tv_maxiter,31.514121824662652,0.8671340942382812,0.951826810836792,0.015979953110218048,0.21710580587387085,0.04001898691058159,21,0.056757100001050276,inf,0.17708681896328926,0.8488381630355155,,,,,
synthetic_image,kodak24,kodim10,15,2,tv_fixedk_val,31.53347353574039,0.8684613108634949,0.9515544772148132,0.016087474301457405,0.21710580587387085,0.04008851572871208,40,0.11079960000097344,,0.17701729014515877,0.8488381630355155,,,,,
synthetic_image,kodak24,kodim10,15,2,tv_discrepancy,31.514121824662652,0.8671340942382812,0.951826810836792,0.015979953110218048,0.21710580587387085,0.04001898691058159,21,0.058746000000610366,,0.17708681896328926,0.8488381630355155,,,,,
synthetic_image,kodak24,kodim10,15,2,tv_chambolle_val,30.693417687855067,0.8446135520935059,0.9421877861022949,0.017329877242445946,0.21710580587387085,0.04043659195303917,0,0.013107900000250083,,,0.0,,,,,
synthetic_image,kodak24,kodim10,15,2,gaussian_val,28.870680834418295,0.8079258799552917,0.9009292721748352,0.020131776109337807,0.21710580587387085,0.047852322459220886,0,0.00028500000007625204,,,0.0,,,,,
synthetic_image,kodak24,kodim10,15,2,median_val,27.880689939963542,0.7431245446205139,0.8820787072181702,0.021854253485798836,0.21710580587387085,0.045198023319244385,0,0.0007072000007610768,,,0.0,,,,,
synthetic_image,kodak24,kodim10,15,2,bilateral_val,29.598192284250967,0.8013765811920166,0.9420222640037537,0.016240455210208893,0.21710580587387085,0.0742863193154335,0,0.12577860000055807,,,0.0,,,,,
synthetic_image,kodak24,kodim10,15,2,pm_diff_val,30.131490247990985,0.8241307139396667,0.9319385886192322,0.018078075721859932,0.21710580587387085,0.04346663877367973,5,0.004949000000124215,,,0.0,,,,,
synthetic_image,kodak24,kodim10,15,2,wavelet_bayes,29.529659614906283,0.7660848498344421,0.9478513598442078,0.01647104322910309,0.21710580587387085,0.08223538845777512,0,0.0027157999993505655,,,0.0,,,,,
synthetic_image,kodak24,kodim10,15,2,nlm,31.463478165010642,0.8611340522766113,0.9482688903808594,0.014862307347357273,0.21710580587387085,0.05447237566113472,0,0.039806200000384706,,,0.0,,,,,
synthetic_image,kodak24,kodim10,15,2,bm3d,34.659870892985325,0.9353585243225098,0.9812067747116089,0.009363915771245956,0.21710580587387085,0.059698689728975296,0,1.3675588000005519,,,0.0,,,,,
synthetic_image,kodak24,kodim10,15,2,fdncnn_color,35.12665461332177,0.9409188628196716,0.9832127690315247,0.008828469552099705,0.21710580587387085,0.058425165712833405,0,1.1873797999996896,,,0.0,,,,,
synthetic_image,kodak24,kodim10,15,2,ectv_fdncnn,35.12665461332177,0.9409188628196716,0.9832127690315247,0.008828469552099705,0.21710580587387085,0.058425165712833405,0,1.1895536000010907,0.1725764484378941,0.15868064016103745,0.8488381630355155,0.32,,0.3333333333333333,1.0,1.0
synthetic_image,kodak24,kodim10,25,0,noisy,20.210607170210686,0.3276374638080597,0.8382998108863831,0.04208610951900482,0.3377695679664612,0.3377695679664612,0,0.0,0.0,0.0,0.0,,,,,
synthetic_image,kodak24,kodim10,25,0,ectv,25.31335012979078,0.5375921130180359,0.8976069688796997,0.025545261800289154,0.3377695679664612,0.14998231828212738,5,0.031208300000798772,0.18778726146140717,0.1877872496843338,0.6839397205857212,0.04,,,,
synthetic_image,kodak24,kodim10,25,0,ectv_fidelity,29.488713352254866,0.8124305605888367,0.9285768270492554,0.01899603009223938,0.3377695679664612,0.04157250002026558,80,0.22867549999864423,0.33330865074633204,0.2961970679461956,0.6839397205857212,0.32,0.12,0.3333333333333333,,
synthetic_image,kodak24,kodim10,25,0,tv_maxiter,28.382473171229417,0.7120311856269836,0.9356045126914978,0.01813618838787079,0.3377695679664612,0.08258011192083359,21,0.059837400000105845,inf,0.2551894560456276,0.6839397205857212,,,,,
synthetic_image,kodak24,kodim10,25,0,tv_fixedk_val,28.43418794578543,0.7152004241943359,0.9360346794128418,0.01807294972240925,0.3377695679664612,0.08218806236982346,40,0.10995120000006864,,0.2555815055966377,0.6839397205857212,,,,,
synthetic_image,kodak24,kodim10,25,0,tv_discrepancy,28.382473171229417,0.7120311856269836,0.9356045126914978,0.01813618838787079,0.3377695679664612,0.08258011192083359,21,0.0633135999996739,,0.2551894560456276,0.6839397205857212,,,,,
synthetic_image,kodak24,kodim10,25,0,tv_chambolle_val,28.553726606322634,0.7577908039093018,0.9164105653762817,0.020477088168263435,0.3377695679664612,0.050338014960289,0,0.008472299999993993,,,0.0,,,,,
synthetic_image,kodak24,kodim10,25,0,gaussian_val,27.45046396696647,0.7036597728729248,0.8737688064575195,0.022808803245425224,0.3377695679664612,0.06067375838756561,0,0.0003010000000358559,,,0.0,,,,,
synthetic_image,kodak24,kodim10,25,0,median_val,26.616064180024143,0.6562307476997375,0.8482937216758728,0.024612287059426308,0.3377695679664612,0.05736393854022026,0,0.0008880000004864996,,,0.0,,,,,
synthetic_image,kodak24,kodim10,25,0,bilateral_val,26.68239862691458,0.6713629364967346,0.8961191177368164,0.021230502054095268,0.3377695679664612,0.08832747489213943,0,0.12931279999975231,,,0.0,,,,,
synthetic_image,kodak24,kodim10,25,0,pm_diff_val,28.08128517616881,0.7366318702697754,0.9022279977798462,0.02171509712934494,0.3377695679664612,0.04912939295172691,5,0.004914499999358668,,,0.0,,,,,
synthetic_image,kodak24,kodim10,25,0,wavelet_bayes,27.003119234323997,0.676405131816864,0.8761640787124634,0.02311226911842823,0.3377695679664612,0.06649528443813324,0,0.002791599999909522,,,0.0,,,,,
synthetic_image,kodak24,kodim10,25,0,nlm,28.783629008246272,0.7745742797851562,0.8947609066963196,0.020619859918951988,0.3377695679664612,0.04823541268706322,0,0.037135099999431986,,,0.0,,,,,
synthetic_image,kodak24,kodim10,25,0,bm3d,31.886959011457673,0.8899168372154236,0.9620009064674377,0.01297144964337349,0.3377695679664612,0.05211871862411499,0,1.361182300001019,,,0.0,,,,,
synthetic_image,kodak24,kodim10,25,0,fdncnn_color,32.30162886562684,0.8987066149711609,0.9654423594474792,0.01240339782088995,0.3377695679664612,0.05182168632745743,0,1.175218500000483,,,0.0,,,,,
synthetic_image,kodak24,kodim10,25,0,ectv_fdncnn,32.30162886562684,0.8987066149711609,0.9654423594474792,0.01240339782088995,0.3377695679664612,0.05182168632745743,0,1.1773722000016278,0.33330865074633204,0.28594788163900375,0.6839397205857212,0.32,,0.3333333333333333,1.0,1.0
synthetic_image,kodak24,kodim10,25,1,noisy,20.236542699998495,0.3298579156398773,0.840646505355835,0.04176361858844757,0.33599337935447693,0.33599337935447693,0,0.0,0.0,0.0,0.0,,,,,
synthetic_image,kodak24,kodim10,25,1,ectv,25.366704796040672,0.5432968139648438,0.8996623754501343,0.025234520435333252,0.33599337935447693,0.14820612967014313,5,0.030721799999810173,0.18778726146140717,0.1877872496843338,0.6839397205857212,0.04,,,,
synthetic_image,kodak24,kodim10,25,1,ectv_fidelity,29.492449148862597,0.8145079016685486,0.9275499582290649,0.018925700336694717,0.33599337935447693,0.04176616296172142,80,0.21858640000027663,0.33330865074633204,0.2942272163927555,0.6839397205857212,0.32,0.12,0.3333333333333333,,
synthetic_image,kodak24,kodim10,25,1,tv_maxiter,28.38209566702218,0.7159304022789001,0.9359042048454285,0.018005358055233955,0.33599337935447693,0.08238483220338821,21,0.060725100000126986,inf,0.2536085471510887,0.6839397205857212,,,,,
synthetic_image,kodak24,kodim10,25,1,tv_fixedk_val,28.4326044725074,0.7189269661903381,0.9362350106239319,0.017954638227820396,0.33599337935447693,0.08201456069946289,40,0.10825789999944391,,0.25397881865501404,0.6839397205857212,,,,,
synthetic_image,kodak24,kodim10,25,1,tv_discrepancy,28.38209566702218,0.7159304022789001,0.9359042048454285,0.018005358055233955,0.33599337935447693,0.08238483220338821,21,0.06122030000005907,,0.2536085471510887,0.6839397205857212,,,,,
synthetic_image,kodak24,kodim10,25,1,tv_chambolle_val,28.58450248907655,0.7520529627799988,0.9230843782424927,0.019880663603544235,0.33599337935447693,0.055254656821489334,0,0.004042500000650762,,,0.0,,,,,
synthetic_image,kodak24,kodim10,25,1,gaussian_val,27.43806495901874,0.7052653431892395,0.8737794160842896,0.02276020124554634,0.33599337935447693,0.06081463396549225,0,0.00037599999996018596,,,0.0,,,,,
synthetic_image,kodak24,kodim10,25,1,median_val,26.668689764086196,0.6602506041526794,0.8491206169128418,0.024671398103237152,0.33599337935447693,0.057080164551734924,0,0.0006474000001617242,,,0.0,,,,,
synthetic_image,kodak24,kodim10,25,1,bilateral_val,26.73332617085615,0.6760387420654297,0.8960089087486267,0.021120445802807808,0.33599337935447693,0.08745066821575165,0,0.12582649999967543,,,0.0,,,,,
synthetic_image,kodak24,kodim10,25,1,pm_diff_val,28.082713783513185,0.7383177876472473,0.9027511477470398,0.02161785215139389,0.33599337935447693,0.04927438870072365,5,0.005954899999778718,,,0.0,,,,,
synthetic_image,kodak24,kodim10,25,1,wavelet_bayes,27.039383000939928,0.6825409531593323,0.8763499855995178,0.022844884544610977,0.33599337935447693,0.06624935567378998,0,0.00333890000001702,,,0.0,,,,,
synthetic_image,kodak24,kodim10,25,1,nlm,28.838648552203388,0.7797145843505859,0.8970279693603516,0.020243274047970772,0.33599337935447693,0.04945578798651695,0,0.04003770000053919,,,0.0,,,,,
synthetic_image,kodak24,kodim10,25,1,bm3d,31.873500148989354,0.8914039134979248,0.9612463116645813,0.012857162393629551,0.33599337935447693,0.05242103338241577,0,1.372244000000137,,,0.0,,,,,
synthetic_image,kodak24,kodim10,25,1,fdncnn_color,32.2850402987964,0.8994032740592957,0.9643794894218445,0.0123823257163167,0.33599337935447693,0.05199837312102318,0,1.1907007999998314,,,0.0,,,,,
synthetic_image,kodak24,kodim10,25,1,ectv_fdncnn,32.2850402987964,0.8994032740592957,0.9643794894218445,0.0123823257163167,0.33599337935447693,0.05199837312102318,0,1.1926650000004884,0.33330865074633204,0.28399500623345375,0.6839397205857212,0.32,,0.3333333333333333,1.0,1.0
synthetic_image,kodak24,kodim10,25,2,noisy,20.22329797363572,0.32824864983558655,0.8411722183227539,0.04200397804379463,0.3374897837638855,0.3374897837638855,0,0.0,0.0,0.0,0.0,,,,,
synthetic_image,kodak24,kodim10,25,2,ectv,25.345697799399304,0.5399958491325378,0.8990567922592163,0.02551504597067833,0.3374897837638855,0.1497025340795517,5,0.030711299999893527,0.18778726146140717,0.1877872496843338,0.6839397205857212,0.04,,,,
synthetic_image,kodak24,kodim10,25,2,ectv_fidelity,29.498642277218657,0.8109859824180603,0.9252538681030273,0.01911838911473751,0.3374897837638855,0.041523244231939316,80,0.22305149999920104,0.33330865074633204,0.2959665395319462,0.6839397205857212,0.32,0.12,0.3333333333333333,,
synthetic_image,kodak24,kodim10,25,2,tv_maxiter,28.42054577019828,0.7143936157226562,0.9347884058952332,0.018228011205792427,0.3374897837638855,0.08223490417003632,21,0.057427699999607285,inf,0.2552548795938492,0.6839397205857212,,,,,
synthetic_image,kodak24,kodim10,25,2,tv_fixedk_val,28.47086327545639,0.7174212336540222,0.9351180195808411,0.01817745342850685,0.3374897837638855,0.08185221999883652,40,0.10859589999927266,,0.255637563765049,0.6839397205857212,,,,,
synthetic_image,kodak24,kodim10,25,2,tv_discrepancy,28.42054577019828,0.7143936157226562,0.9347884058952332,0.018228011205792427,0.3374897837638855,0.08223490417003632,21,0.060262999999395106,,0.2552548795938492,0.6839397205857212,,,,,
synthetic_image,kodak24,kodim10,25,2,tv_chambolle_val,28.573580661171007,0.7574977874755859,0.9131224751472473,0.02053133025765419,0.3374897837638855,0.0502263605594635,0,0.007901499999206862,,,0.0,,,,,
synthetic_image,kodak24,kodim10,25,2,gaussian_val,27.46486836645868,0.7035591006278992,0.8738935589790344,0.022887639701366425,0.3374897837638855,0.06065920740365982,0,0.0002953000002889894,,,0.0,,,,,
synthetic_image,kodak24,kodim10,25,2,median_val,26.693488870946172,0.659159779548645,0.8522135615348816,0.0244826078414917,0.3374897837638855,0.05715639144182205,0,0.0007470000000466825,,,0.0,,,,,
synthetic_image,kodak24,kodim10,25,2,bilateral_val,26.721790838115986,0.6729679107666016,0.8941594362258911,0.021299799904227257,0.3374897837638855,0.08845079690217972,0,0.13537910000013653,,,0.0,,,,,
synthetic_image,kodak24,kodim10,25,2,pm_diff_val,28.11956974581261,0.7362714409828186,0.9024232029914856,0.021705862134695053,0.3374897837638855,0.04920404404401779,5,0.005939499998930842,,,0.0,,,,,
synthetic_image,kodak24,kodim10,25,2,wavelet_bayes,27.043211010519144,0.6764817237854004,0.8779053688049316,0.023041319102048874,0.3374897837638855,0.066823311150074,0,0.003102200000284938,,,0.0,,,,,
synthetic_image,kodak24,kodim10,25,2,nlm,28.750215921369783,0.774462878704071,0.8919432163238525,0.020521130412817,0.3374897837638855,0.049117278307676315,0,0.03759790000003704,,,0.0,,,,,
synthetic_image,kodak24,kodim10,25,2,bm3d,31.896463647782912,0.8902864456176758,0.9606702327728271,0.013033117167651653,0.3374897837638855,0.0526873841881752,0,1.3636575000000448,,,0.0,,,,,
synthetic_image,kodak24,kodim10,25,2,fdncnn_color,32.389259508105404,0.8993049263954163,0.9651358127593994,0.012299871072173119,0.3374897837638855,0.0528145506978035,0,1.1820723000000726,,,0.0,,,,,
synthetic_image,kodak24,kodim10,25,2,ectv_fdncnn,32.389259508105404,0.8993049263954163,0.9651358127593994,0.012299871072173119,0.3374897837638855,0.0528145506978035,0,1.184256100001221,0.33330865074633204,0.284675233066082,0.6839397205857212,0.32,,0.3333333333333333,1.0,1.0
synthetic_image,kodak24,kodim10,50,0,noisy,14.439912534249114,0.14895249903202057,0.6760786771774292,0.08783452957868576,0.6333129405975342,0.6333129405975342,0,0.0,0.0,0.0,0.0,,,,,
synthetic_image,kodak24,kodim10,50,0,ectv,19.02052962230177,0.2660674750804901,0.7321627140045166,0.05412609875202179,0.6333129405975342,0.311516672372818,27,0.0738829000001715,0.3333333333333333,0.3217962682247162,0.5091578194443671,0.04,,,,
synthetic_image,kodak24,kodim10,50,0,ectv_fidelity,26.422575352050668,0.7068415284156799,0.8474782109260559,0.025485696271061897,0.6333129405975342,0.03285206854343414,80,0.21396079999976791,0.75,0.6004608720541,0.5091578194443671,0.32,0.25,0.75,,
synthetic_image,kodak24,kodim10,50,0,tv_maxiter,19.02052962230177,0.2660674750804901,0.7321627140045166,0.05412609875202179,0.6333129405975342,0.311516672372818,27,0.07522070000050007,inf,0.3217962682247162,0.5091578194443671,,,,,
synthetic_image,kodak24,kodim10,50,0,tv_fixedk_val,19.034997498584488,0.26647815108299255,0.7324209809303284,0.0540168434381485,0.6333129405975342,0.3109017610549927,40,0.11119739999958256,,0.3224111795425415,0.5091578194443671,,,,,
synthetic_image,kodak24,kodim10,50,0,tv_discrepancy,19.02052962230177,0.2660674750804901,0.7321627140045166,0.05412609875202179,0.6333129405975342,0.311516672372818,27,0.07676960000026156,,0.3217962682247162,0.5091578194443671,,,,,
synthetic_image,kodak24,kodim10,50,0,tv_chambolle_val,25.82397027051021,0.673093318939209,0.8364722728729248,0.026178790256381035,0.6333129405975342,0.03599552810192108,0,0.01547500000015134,,,0.0,,,,,
synthetic_image,kodak24,kodim10,50,0,gaussian_val,23.945240326750714,0.4822993278503418,0.77727872133255,0.0320889912545681,0.6333129405975342,0.0946069210767746,0,0.0002822999995260034,,,0.0,,,,,
synthetic_image,kodak24,kodim10,50,0,median_val,23.752185066521413,0.466315895318985,0.7512768507003784,0.030989455059170723,0.6333129405975342,0.09172818064689636,0,0.0006766999995306833,,,0.0,,,,,
synthetic_image,kodak24,kodim10,50,0,bilateral_val,22.607761033489627,0.43743571639060974,0.7634669542312622,0.02970746159553528,0.6333129405975342,0.13052359223365784,0,0.12729180000133056,,,0.0,,,,,
synthetic_image,kodak24,kodim10,50,0,pm_diff_val,24.835095318581452,0.5433012843132019,0.8100041151046753,0.028308510780334473,0.6333129405975342,0.06946222484111786,5,0.005106300000988995,,,0.0,,,,,
synthetic_image,kodak24,kodim10,50,0,wavelet_bayes,24.257108115235205,0.5716695785522461,0.6678406000137329,0.032160449773073196,0.6333129405975342,0.04092181473970413,0,0.002793499999825144,,,0.0,,,,,
synthetic_image,kodak24,kodim10,50,0,nlm,25.478599482618797,0.629127562046051,0.8026372194290161,0.027333367615938187,0.6333129405975342,0.054694678634405136,0,0.037449899999046465,,,0.0,,,,,
synthetic_image,kodak24,kodim10,50,0,bm3d,28.23671367698539,0.7875460982322693,0.9019027948379517,0.019816691055893898,0.6333129405975342,0.03894352540373802,0,1.3898085999990144,,,0.0,,,,,
synthetic_image,kodak24,kodim10,50,0,fdncnn_color,28.561982926858175,0.8034822940826416,0.9100683331489563,0.019216645509004593,0.6333129405975342,0.037286095321178436,0,1.1958417000005284,,,0.0,,,,,
synthetic_image,kodak24,kodim10,50,0,ectv_fdncnn,28.561982926858175,0.8034822940826416,0.9100683331489563,0.019216645509004593,0.6333129405975342,0.037286095321178436,0,1.1980316000008315,0.75,0.5960268452763557,0.5091578194443671,0.32,,0.75,1.0,1.0
synthetic_image,kodak24,kodim10,50,1,noisy,14.476371483281035,0.15059684216976166,0.6796587705612183,0.08692742139101028,0.6289376616477966,0.6289376616477966,0,0.0,0.0,0.0,0.0,,,,,
synthetic_image,kodak24,kodim10,50,1,ectv,19.058697607886696,0.26958924531936646,0.7366580963134766,0.05342240259051323,0.6289376616477966,0.30898594856262207,27,0.0794201000007888,0.3333333333333333,0.31995171308517456,0.5091578194443671,0.04,,,,
synthetic_image,kodak24,kodim10,50,1,ectv_fidelity,26.49256647885541,0.7118244767189026,0.8501904606819153,0.02525937743484974,0.6289376616477966,0.03328651562333107,80,0.2240894999995362,0.75,0.5956511460244656,0.5091578194443671,0.32,0.25,0.75,,
synthetic_image,kodak24,kodim10,50,1,tv_maxiter,19.058697607886696,0.26958924531936646,0.7366580963134766,0.05342240259051323,0.6289376616477966,0.30898594856262207,27,0.07563860000118439,inf,0.31995171308517456,0.5091578194443671,,,,,
synthetic_image,kodak24,kodim10,50,1,tv_fixedk_val,19.07316140762627,0.270007848739624,0.7369152307510376,0.053314194083213806,0.6289376616477966,0.3083769679069519,40,0.11072270000113349,,0.3205606937408447,0.5091578194443671,,,,,
synthetic_image,kodak24,kodim10,50,1,tv_discrepancy,19.058697607886696,0.26958924531936646,0.7366580963134766,0.05342240259051323,0.6289376616477966,0.30898594856262207,27,0.07812850000118488,,0.31995171308517456,0.5091578194443671,,,,,
synthetic_image,kodak24,kodim10,50,1,tv_chambolle_val,25.63738719945797,0.6290967464447021,0.8381321430206299,0.026257812976837158,0.6289376616477966,0.053683020174503326,0,0.010189299999183277,,,0.0,,,,,
synthetic_image,kodak24,kodim10,50,1,gaussian_val,23.93611757654039,0.48532727360725403,0.7790119647979736,0.031980518251657486,0.6289376616477966,0.09479139000177383,0,0.00027440000121714547,,,0.0,,,,,
synthetic_image,kodak24,kodim10,50,1,median_val,23.807280369924925,0.4722038805484772,0.7591079473495483,0.03090658225119114,0.6289376616477966,0.09133079648017883,0,0.0007218000009743264,,,0.0,,,,,
synthetic_image,kodak24,kodim10,50,1,bilateral_val,22.709844498955963,0.4434737265110016,0.7708545327186584,0.029334669932723045,0.6289376616477966,0.129042848944664,0,0.1376048999991326,,,0.0,,,,,
synthetic_image,kodak24,kodim10,50,1,pm_diff_val,24.836217866451133,0.5464678406715393,0.8114335536956787,0.028268467634916306,0.6289376616477966,0.06962031871080399,5,0.005235500000708271,,,0.0,,,,,
synthetic_image,kodak24,kodim10,50,1,wavelet_bayes,24.283324919331633,0.574789822101593,0.6765082478523254,0.0320313423871994,0.6289376616477966,0.04001082479953766,0,0.002728499999648193,,,0.0,,,,,
synthetic_image,kodak24,kodim10,50,1,nlm,25.524588330386067,0.6331216096878052,0.8046345710754395,0.02713855169713497,0.6289376616477966,0.05505022034049034,0,0.042046999999001855,,,0.0,,,,,
synthetic_image,kodak24,kodim10,50,1,bm3d,28.377070024618373,0.7946100234985352,0.9057930707931519,0.019432758912444115,0.6289376616477966,0.039217885583639145,0,1.3712914999996428,,,0.0,,,,,
synthetic_image,kodak24,kodim10,50,1,fdncnn_color,28.61976301962999,0.806631326675415,0.908155620098114,0.019062859937548637,0.6289376616477966,0.037736956030130386,0,1.181216700000732,,,0.0,,,,,
synthetic_image,kodak24,kodim10,50,1,ectv_fdncnn,28.61976301962999,0.806631326675415,0.908155620098114,0.019062859937548637,0.6289376616477966,0.037736956030130386,0,1.1840479000002233,0.75,0.5912007056176662,0.5091578194443671,0.32,,0.75,1.0,1.0
synthetic_image,kodak24,kodim10,50,2,noisy,14.455443398697884,0.1492544561624527,0.6828560829162598,0.08751800656318665,0.6323437690734863,0.6323437690734863,0,0.0,0.0,0.0,0.0,,,,,
synthetic_image,kodak24,kodim10,50,2,ectv,19.050970075220956,0.267608642578125,0.7391443848609924,0.0537453256547451,0.6323437690734863,0.3107748329639435,27,0.074500500000795,0.3333333333333333,0.32156893610954285,0.5091578194443671,0.04,,,,
synthetic_image,kodak24,kodim10,50,2,ectv_fidelity,26.497792425353765,0.7063012719154358,0.8468493223190308,0.025459738448262215,0.6323437690734863,0.03300405666232109,80,0.22262840000075812,0.75,0.5993397124111652,0.5091578194443671,0.32,0.25,0.75,,
synthetic_image,kodak24,kodim10,50,2,tv_maxiter,19.050970075220956,0.267608642578125,0.7391443848609924,0.0537453256547451,0.6323437690734863,0.3107748329639435,27,0.07617190000019036,inf,0.32156893610954285,0.5091578194443671,,,,,
synthetic_image,kodak24,kodim10,50,2,tv_fixedk_val,19.065520996531554,0.26802685856819153,0.739397406578064,0.05363636836409569,0.6323437690734863,0.3101588785648346,40,0.11084919999848353,,0.32218489050865173,0.5091578194443671,,,,,
synthetic_image,kodak24,kodim10,50,2,tv_discrepancy,19.050970075220956,0.267608642578125,0.7391443848609924,0.0537453256547451,0.6323437690734863,0.3107748329639435,27,0.07745950000025914,,0.32156893610954285,0.5091578194443671,,,,,
synthetic_image,kodak24,kodim10,50,2,tv_chambolle_val,25.543595495350978,0.6145328283309937,0.8480663299560547,0.02554461546242237,0.6323437690734863,0.054293107241392136,0,0.008372399999643676,,,0.0,,,,,
synthetic_image,kodak24,kodim10,50,2,gaussian_val,23.95929985685834,0.48232412338256836,0.7809607982635498,0.03203718736767769,0.6323437690734863,0.0945451632142067,0,0.00030109999897831585,,,0.0,,,,,
synthetic_image,kodak24,kodim10,50,2,median_val,23.84646853795453,0.4701371490955353,0.7639344334602356,0.03063708357512951,0.6323437690734863,0.09157241135835648,0,0.0006649000006291317,,,0.0,,,,,
synthetic_image,kodak24,kodim10,50,2,bilateral_val,22.675381188220154,0.4420647621154785,0.7730980515480042,0.029464643448591232,0.6323437690734863,0.13048085570335388,0,0.1367376999987755,,,0.0,,,,,
synthetic_image,kodak24,kodim10,50,2,pm_diff_val,24.857670739805787,0.5427321791648865,0.8132479786872864,0.02829916961491108,0.6323437690734863,0.06946384161710739,5,0.0053169000002526445,,,0.0,,,,,
synthetic_image,kodak24,kodim10,50,2,wavelet_bayes,24.241779093385823,0.5653867721557617,0.6761854290962219,0.03227392956614494,0.6323437690734863,0.04107634350657463,0,0.0029847999994672136,,,0.0,,,,,
synthetic_image,kodak24,kodim10,50,2,nlm,25.57006541354479,0.6320953965187073,0.8067662715911865,0.027063239365816116,0.6323437690734863,0.05460910499095917,0,0.03856739999901038,,,0.0,,,,,
synthetic_image,kodak24,kodim10,50,2,bm3d,28.267370280966574,0.781780481338501,0.8970670104026794,0.02018001489341259,0.6323437690734863,0.038526829332113266,0,1.385951500000374,,,0.0,,,,,
synthetic_image,kodak24,kodim10,50,2,fdncnn_color,28.60543147515459,0.7980861663818359,0.9035328030586243,0.019599346444010735,0.6323437690734863,0.03737536445260048,0,1.1847847000008187,,,0.0,,,,,
synthetic_image,kodak24,kodim10,50,2,ectv_fdncnn,28.60543147515459,0.7980861663818359,0.9035328030586243,0.019599346444010735,0.6323437690734863,0.03737536445260048,0,1.1870993000011367,0.75,0.5949684046208858,0.5091578194443671,0.32,,0.75,1.0,1.0
synthetic_image,kodak24,kodim11,15,0,noisy,24.708459575234762,0.5626097321510315,0.9410247802734375,0.023153457790613174,0.22208791971206665,0.22208791971206665,0,0.0,0.0,0.0,0.0,,,,,
synthetic_image,kodak24,kodim11,15,0,ectv,25.585516051992855,0.5967515110969543,0.9455661177635193,0.021391892805695534,0.22208791971206665,0.19824403524398804,1,0.01871009999922535,0.023843897597316383,0.023843884468078613,0.8488381630355155,0.04,,,,
synthetic_image,kodak24,kodim11,15,0,ectv_fidelity,30.68946392970384,0.8430988788604736,0.9620450139045715,0.01710272580385208,0.22208791971206665,0.04951147362589836,14,0.05739009999888367,0.1725764484378941,0.1725764460861683,0.8488381630355155,0.32,0.08,0.3333333333333333,,
synthetic_image,kodak24,kodim11,15,0,tv_maxiter,30.657065194628913,0.846194326877594,0.9596645832061768,0.01765989325940609,0.22208791971206665,0.047239989042282104,21,0.062426399999822024,inf,0.17484793066978455,0.8488381630355155,,,,,
synthetic_image,kodak24,kodim11,15,0,tv_fixedk_val,30.689059536039586,0.8491378426551819,0.9594658613204956,0.01774805784225464,0.22208791971206665,0.046983055770397186,40,0.11041760000080103,,0.17510486394166946,0.8488381630355155,,,,,
synthetic_image,kodak24,kodim11,15,0,tv_discrepancy,30.657065194628913,0.846194326877594,0.9596645832061768,0.01765989325940609,0.22208791971206665,0.047239989042282104,21,0.06017250000149943,,0.17484793066978455,0.8488381630355155,,,,,
synthetic_image,kodak24,kodim11,15,0,tv_chambolle_val,29.850331322778224,0.8285675644874573,0.9506903886795044,0.01930963061749935,0.22208791971206665,0.04702439904212952,0,0.013583300000391318,,,0.0,,,,,
synthetic_image,kodak24,kodim11,15,0,gaussian_val,28.23896977322103,0.794787585735321,0.9192274808883667,0.022275429219007492,0.22208791971206665,0.053142838180065155,0,0.00026870000147027895,,,0.0,,,,,
synthetic_image,kodak24,kodim11,15,0,median_val,26.545906002308854,0.7151315808296204,0.867792010307312,0.02528652921319008,0.22208791971206665,0.04968836531043053,0,0.000684200000250712,,,0.0,,,,,
synthetic_image,kodak24,kodim11,15,0,bilateral_val,29.133657021813097,0.8027489185333252,0.9534599781036377,0.016868073493242264,0.22208791971206665,0.08273820579051971,0,0.12927549999949406,,,0.0,,,,,
synthetic_image,kodak24,kodim11,15,0,pm_diff_val,29.23375363348693,0.8112208247184753,0.9402627944946289,0.01988951675593853,0.22208791971206665,0.049479901790618896,5,0.005963300000075833,,,0.0,,,,,
synthetic_image,kodak24,kodim11,15,0,wavelet_bayes,29.000139406957516,0.7679250836372375,0.9564282894134521,0.01668463833630085,0.22208791971206665,0.09534446895122528,0,0.0033524999998917338,,,0.0,,,,,
synthetic_image,kodak24,kodim11,15,0,nlm,30.595961482133024,0.8439566493034363,0.9551628232002258,0.0160052590072155,0.22208791971206665,0.0692119300365448,0,0.03716109999913897,,,0.0,,,,,
synthetic_image,kodak24,kodim11,15,0,bm3d,33.51015006842668,0.9094095230102539,0.9820897579193115,0.010388470254838467,0.22208791971206665,0.06985845416784286,0,1.3834966000013083,,,0.0,,,,,
synthetic_image,kodak24,kodim11,15,0,fdncnn_color,33.949107762476785,0.9152781367301941,0.9839617013931274,0.00978002604097128,0.22208791971206665,0.06970226019620895,0,1.194813999998587,,,0.0,,,,,
synthetic_image,kodak24,kodim11,15,0,ectv_fdncnn,33.949107762476785,0.9152781367301941,0.9839617013931274,0.00978002604097128,0.22208791971206665,0.06970226019620895,0,1.1969413999995595,0.1725764484378941,0.1523856595158577,0.8488381630355155,0.32,,0.3333333333333333,1.0,1.0
synthetic_image,kodak24,kodim11,15,1,noisy,24.735367051763134,0.5633797645568848,0.9411175847053528,0.023118671029806137,0.2218044400215149,0.2218044400215149,0,0.0,0.0,0.0,0.0,,,,,
synthetic_image,kodak24,kodim11,15,1,ectv,25.61299385654803,0.5975796580314636,0.9456192255020142,0.021347418427467346,0.2218044400215149,0.19796057045459747,1,0.02055359999940265,0.023843897597316383,0.02384386956691742,0.8488381630355155,0.04,,,,
synthetic_image,kodak24,kodim11,15,1,ectv_fidelity,30.694897067387753,0.8436975479125977,0.9622957110404968,0.017087779939174652,0.2218044400215149,0.0492279939353466,14,0.05859090000012657,0.1725764484378941,0.1725764460861683,0.8488381630355155,0.32,0.08,0.3333333333333333,,
synthetic_image,kodak24,kodim11,15,1,tv_maxiter,30.658038093839007,0.8461837768554688,0.9600648880004883,0.01763172820210457,0.2218044400215149,0.047111332416534424,21,0.0620493999995233,inf,0.17469310760498047,0.8488381630355155,,,,,
synthetic_image,kodak24,kodim11,15,1,tv_fixedk_val,30.68749692577923,0.8490519523620605,0.9599002599716187,0.01771402172744274,0.2218044400215149,0.04689689725637436,40,0.11559380000107922,,0.17490754276514053,0.8488381630355155,,,,,
synthetic_image,kodak24,kodim11,15,1,tv_discrepancy,30.658038093839007,0.8461837768554688,0.9600648880004883,0.01763172820210457,0.2218044400215149,0.047111332416534424,21,0.06375680000019202,,0.17469310760498047,0.8488381630355155,,,,,
synthetic_image,kodak24,kodim11,15,1,tv_chambolle_val,29.8463963274886,0.8282602429389954,0.9513420462608337,0.01927834376692772,0.2218044400215149,0.04703116416931152,0,0.013254299999971408,,,0.0,,,,,
synthetic_image,kodak24,kodim11,15,1,gaussian_val,28.255028113695133,0.7959752082824707,0.9193410277366638,0.022202134132385254,0.2218044400215149,0.053202591836452484,0,0.00028190000011818483,,,0.0,,,,,
synthetic_image,kodak24,kodim11,15,1,median_val,26.589714179259868,0.7169577479362488,0.8706104159355164,0.0251997672021389,0.2218044400215149,0.04937342181801796,0,0.0006539000005432172,,,0.0,,,,,
synthetic_image,kodak24,kodim11,15,1,bilateral_val,29.18591446105348,0.8045690059661865,0.9544223546981812,0.016791528090834618,0.2218044400215149,0.08250585943460464,0,0.1361704999999347,,,0.0,,,,,
synthetic_image,kodak24,kodim11,15,1,pm_diff_val,29.22041976286408,0.8117089867591858,0.9405998587608337,0.01987001858651638,0.2218044400215149,0.04934953525662422,5,0.00604630000088946,,,0.0,,,,,
synthetic_image,kodak24,kodim11,15,1,wavelet_bayes,29.02140681694343,0.7682545781135559,0.9566588997840881,0.01658688858151436,0.2218044400215149,0.09498424082994461,0,0.0034684000002016546,,,0.0,,,,,
synthetic_image,kodak24,kodim11,15,1,nlm,30.650451154896942,0.8441781997680664,0.9552667140960693,0.015992170199751854,0.2218044400215149,0.06806095689535141,0,0.039451000000553904,,,0.0,,,,,
synthetic_image,kodak24,kodim11,15,1,bm3d,33.44464815886459,0.9084000587463379,0.9814647436141968,0.010542350821197033,0.2218044400215149,0.06976314634084702,0,1.42659409999942,,,0.0,,,,,
synthetic_image,kodak24,kodim11,15,1,fdncnn_color,33.86351432501576,0.9151597023010254,0.9836076498031616,0.00983835756778717,0.2218044400215149,0.0691298246383667,0,1.2027233000007982,,,0.0,,,,,
synthetic_image,kodak24,kodim11,15,1,ectv_fdncnn,33.86351432501576,0.9151597023010254,0.9836076498031616,0.00983835756778717,0.2218044400215149,0.0691298246383667,0,1.2049526999999216,0.1725764484378941,0.1526746153831482,0.8488381630355155,0.32,,0.3333333333333333,1.0,1.0
synthetic_image,kodak24,kodim11,15,2,noisy,24.721131102001642,0.5631568431854248,0.939629316329956,0.02321668155491352,0.22239190340042114,0.22239190340042114,0,0.0,0.0,0.0,0.0,,,,,
synthetic_image,kodak24,kodim11,15,2,ectv,25.597131337526328,0.5973036885261536,0.9442577958106995,0.02146247960627079,0.22239190340042114,0.19854803383350372,1,0.021098999999594525,0.023843897597316383,0.02384386956691742,0.8488381630355155,0.04,,,,
synthetic_image,kodak24,kodim11,15,2,ectv_fidelity,30.699350424001604,0.8447638154029846,0.9627618789672852,0.017125099897384644,0.22239190340042114,0.04981545731425285,13,0.05403490000026068,0.1725764484378941,0.1725764460861683,0.8488381630355155,0.32,0.08,0.3333333333333333,,
synthetic_image,kodak24,kodim11,15,2,tv_maxiter,30.63188717508639,0.8465244770050049,0.9594467282295227,0.01789548434317112,0.22239190340042114,0.04693819209933281,21,0.06364580000081332,inf,0.17545371130108833,0.8488381630355155,,,,,
synthetic_image,kodak24,kodim11,15,2,tv_fixedk_val,30.657047806999746,0.8487904071807861,0.9591606259346008,0.017992304638028145,0.22239190340042114,0.046676378697156906,40,0.11492759999964619,,0.17571552470326424,0.8488381630355155,,,,,
synthetic_image,kodak24,kodim11,15,2,tv_discrepancy,30.63188717508639,0.8465244770050049,0.9594467282295227,0.01789548434317112,0.22239190340042114,0.04693819209933281,21,0.06368680000014137,,0.17545371130108833,0.8488381630355155,,,,,
synthetic_image,kodak24,kodim11,15,2,tv_chambolle_val,29.8206935739619,0.8286728858947754,0.9504422545433044,0.019550137221813202,0.22239190340042114,0.04675831273198128,0,0.015296999999918626,,,0.0,,,,,
synthetic_image,kodak24,kodim11,15,2,gaussian_val,28.230401567885053,0.7962617874145508,0.9182863831520081,0.022447429597377777,0.22239190340042114,0.052932512015104294,0,0.0002837000010913471,,,0.0,,,,,
synthetic_image,kodak24,kodim11,15,2,median_val,26.533531605981956,0.715230405330658,0.8690334558486938,0.025356756523251534,0.22239190340042114,0.049242760986089706,0,0.0006368000013026176,,,0.0,,,,,
synthetic_image,kodak24,kodim11,15,2,bilateral_val,29.14709271573726,0.8036150932312012,0.9552296996116638,0.01681845635175705,0.22239190340042114,0.08293061703443527,0,0.13517900000078953,,,0.0,,,,,
synthetic_image,kodak24,kodim11,15,2,pm_diff_val,29.20818401360537,0.8124715685844421,0.9398790597915649,0.020090138539671898,0.22239190340042114,0.049195852130651474,5,0.00563010000041686,,,0.0,,,,,
synthetic_image,kodak24,kodim11,15,2,wavelet_bayes,29.071383180591784,0.7718375325202942,0.9560157656669617,0.01669994369149208,0.22239190340042114,0.09461211413145065,0,0.0038758999999117805,,,0.0,,,,,
synthetic_image,kodak24,kodim11,15,2,nlm,30.585636887887517,0.8433970808982849,0.9549931287765503,0.016224462538957596,0.22239190340042114,0.06833827495574951,0,0.04012449999936507,,,0.0,,,,,
synthetic_image,kodak24,kodim11,15,2,bm3d,33.43691244228906,0.9082143902778625,0.9818187355995178,0.010437438264489174,0.22239190340042114,0.06950409710407257,0,1.3866366000002017,,,0.0,,,,,
synthetic_image,kodak24,kodim11,15,2,fdncnn_color,33.88335182242738,0.9148044586181641,0.9839704632759094,0.009787009097635746,0.22239190340042114,0.06966166198253632,0,1.1855253000012453,,,0.0,,,,,
synthetic_image,kodak24,kodim11,15,2,ectv_fdncnn,33.88335182242738,0.9148044586181641,0.9839704632759094,0.009787009097635746,0.22239190340042114,0.06966166198253632,0,1.1877641000010044,0.1725764484378941,0.15273024141788483,0.8488381630355155,0.32,,0.3333333333333333,1.0,1.0
synthetic_image,kodak24,kodim11,25,0,noisy,20.38691477138262,0.38501909375190735,0.8680717349052429,0.03979983925819397,0.33483368158340454,0.33483368158340454,0,0.0,0.0,0.0,0.0,,,,,
synthetic_image,kodak24,kodim11,25,0,ectv,25.496283073532524,0.5935330986976624,0.9195906519889832,0.023905687034130096,0.33483368158340454,0.14704643189907074,5,0.03125440000076196,0.18778726146140717,0.1877872496843338,0.6839397205857212,0.04,,,,
synthetic_image,kodak24,kodim11,25,0,ectv_fidelity,28.607287567850918,0.7941340804100037,0.9375174641609192,0.020880840718746185,0.33483368158340454,0.047145139425992966,80,0.21717940000053204,0.33330865074633204,0.2876885421574116,0.6839397205857212,0.32,0.12,0.3333333333333333,,
synthetic_image,kodak24,kodim11,25,0,tv_maxiter,27.953376714042154,0.7286663055419922,0.9454591274261475,0.018513904884457588,0.33483368158340454,0.08698445558547974,21,0.05990939999901457,inf,0.2478492259979248,0.6839397205857212,,,,,
synthetic_image,kodak24,kodim11,25,0,tv_fixedk_val,27.99332766437489,0.7312150001525879,0.9457839727401733,0.018470188602805138,0.33483368158340454,0.0866270437836647,40,0.11305820000052336,,0.24820663779973984,0.6839397205857212,,,,,
synthetic_image,kodak24,kodim11,25,0,tv_discrepancy,27.953376714042154,0.7286663055419922,0.9454591274261475,0.018513904884457588,0.33483368158340454,0.08698445558547974,21,0.05933230000118783,,0.2478492259979248,0.6839397205857212,,,,,
synthetic_image,kodak24,kodim11,25,0,tv_chambolle_val,27.707108439444816,0.7545418739318848,0.9288985133171082,0.021973000839352608,0.33483368158340454,0.04955177381634712,0,0.01089490000049409,,,0.0,,,,,
synthetic_image,kodak24,kodim11,25,0,gaussian_val,26.956363935166102,0.7039608359336853,0.8987737894058228,0.024285053834319115,0.33483368158340454,0.06453698128461838,0,0.0002855000002455199,,,0.0,,,,,
synthetic_image,kodak24,kodim11,25,0,median_val,25.6095352965213,0.6391427516937256,0.8390727043151855,0.027784960344433784,0.33483368158340454,0.06119271740317345,0,0.0006701999991491903,,,0.0,,,,,
synthetic_image,kodak24,kodim11,25,0,bilateral_val,25.91975692093833,0.6782470345497131,0.9132866859436035,0.02217843569815159,0.33483368158340454,0.09400985389947891,0,0.13335390000065672,,,0.0,,,,,
synthetic_image,kodak24,kodim11,25,0,pm_diff_val,27.21262398446934,0.7258225083351135,0.9093447327613831,0.02377525344491005,0.33483368158340454,0.053047750145196915,5,0.005821700000524288,,,0.0,,,,,
synthetic_image,kodak24,kodim11,25,0,wavelet_bayes,26.323193103172095,0.674884557723999,0.8870587348937988,0.02437063679099083,0.33483368158340454,0.07460371404886246,0,0.003655599999547121,,,0.0,,,,,
synthetic_image,kodak24,kodim11,25,0,nlm,28.081560485093387,0.763174831867218,0.9153862595558167,0.021643606945872307,0.33483368158340454,0.06063591316342354,0,0.039605699999810895,,,0.0,,,,,
synthetic_image,kodak24,kodim11,25,0,bm3d,30.799607801308184,0.8597593903541565,0.963142991065979,0.01463603600859642,0.33483368158340454,0.060289278626441956,0,1.385718600000473,,,0.0,,,,,
synthetic_image,kodak24,kodim11,25,0,fdncnn_color,31.287145656191193,0.8666837811470032,0.9675964117050171,0.013704805634915829,0.33483368158340454,0.06083942577242851,0,1.1959595999996964,,,0.0,,,,,
synthetic_image,kodak24,kodim11,25,0,ectv_fdncnn,31.287145656191193,0.8666837811470032,0.9675964117050171,0.013704805634915829,0.33483368158340454,0.06083942577242851,0,1.1979991999996855,0.33330865074633204,0.27399425581097603,0.6839397205857212,0.32,,0.3333333333333333,1.0,1.0
synthetic_image,kodak24,kodim11,25,1,noisy,20.41651098316767,0.3861578404903412,0.8680810928344727,0.039742350578308105,0.3341449797153473,0.3341449797153473,0,0.0,0.0,0.0,0.0,,,,,
synthetic_image,kodak24,kodim11,25,1,ectv,25.53575413675441,0.5952117443084717,0.9191756844520569,0.023920273408293724,0.3341449797153473,0.1463577300310135,5,0.031231099999786238,0.18778726146140717,0.1877872496843338,0.6839397205857212,0.04,,,,
synthetic_image,kodak24,kodim11,25,1,ectv_fidelity,28.585822105522677,0.7941427826881409,0.9374614953994751,0.02094203419983387,0.3341449797153473,0.04681607708334923,80,0.21976659999927506,0.33330865074633204,0.28732890263199806,0.6839397205857212,0.32,0.12,0.3333333333333333,,
synthetic_image,kodak24,kodim11,25,1,tv_maxiter,27.981618069222836,0.7316405177116394,0.9457215070724487,0.01844550296664238,0.3341449797153473,0.08639694005250931,21,0.059554299999945215,inf,0.24774803966283798,0.6839397205857212,,,,,
synthetic_image,kodak24,kodim11,25,1,tv_fixedk_val,28.020147697641093,0.7341650128364563,0.9460396766662598,0.018404772505164146,0.3341449797153473,0.08602362871170044,40,0.10817379999934928,,0.24812135100364685,0.6839397205857212,,,,,
synthetic_image,kodak24,kodim11,25,1,tv_discrepancy,27.981618069222836,0.7316405177116394,0.9457215070724487,0.01844550296664238,0.3341449797153473,0.08639694005250931,21,0.0591218999998091,,0.24774803966283798,0.6839397205857212,,,,,
synthetic_image,kodak24,kodim11,25,1,tv_chambolle_val,27.697470167231536,0.7543107867240906,0.9287417531013489,0.021987687796354294,0.3341449797153473,0.0497082844376564,0,0.012816500000553788,,,0.0,,,,,
synthetic_image,kodak24,kodim11,25,1,gaussian_val,26.98682482428731,0.70594722032547,0.8987264633178711,0.024179233238101006,0.3341449797153473,0.06458044052124023,0,0.00029580000045825727,,,0.0,,,,,
synthetic_image,kodak24,kodim11,25,1,median_val,25.647088800313966,0.6404568552970886,0.8395188450813293,0.027687471359968185,0.3341449797153473,0.06059277430176735,0,0.0006708000000799075,,,0.0,,,,,
synthetic_image,kodak24,kodim11,25,1,bilateral_val,25.921900431855455,0.6809525489807129,0.9135136604309082,0.022227056324481964,0.3341449797153473,0.09333410114049911,0,0.13642149999941466,,,0.0,,,,,
synthetic_image,kodak24,kodim11,25,1,pm_diff_val,27.214746049597338,0.7273901104927063,0.9085039496421814,0.02377740480005741,0.3341449797153473,0.053032878786325455,5,0.005589600001258077,,,0.0,,,,,
synthetic_image,kodak24,kodim11,25,1,wavelet_bayes,26.31413845814619,0.6747968792915344,0.8896886110305786,0.024153152480721474,0.3341449797153473,0.07404422014951706,0,0.0032541999989916803,,,0.0,,,,,
synthetic_image,kodak24,kodim11,25,1,nlm,28.122012055406834,0.7641512751579285,0.917057991027832,0.02169417031109333,0.3341449797153473,0.059686269611120224,0,0.03874130000076548,,,0.0,,,,,
synthetic_image,kodak24,kodim11,25,1,bm3d,30.788181851095025,0.8601155877113342,0.9626920819282532,0.014599070884287357,0.3341449797153473,0.06075645983219147,0,1.3634455999999773,,,0.0,,,,,
synthetic_image,kodak24,kodim11,25,1,fdncnn_color,31.203929656745885,0.8663074970245361,0.9667677283287048,0.013736991211771965,0.3341449797153473,0.060485996305942535,0,1.1934008999996877,,,0.0,,,,,
synthetic_image,kodak24,kodim11,25,1,ectv_fdncnn,31.203929656745885,0.8663074970245361,0.9667677283287048,0.013736991211771965,0.3341449797153473,0.060485996305942535,0,1.1957101999996667,0.33330865074633204,0.27365898340940475,0.6839397205857212,0.32,,0.3333333333333333,1.0,1.0
synthetic_image,kodak24,kodim11,25,2,noisy,20.399594205453685,0.3853001594543457,0.8645746111869812,0.03992076590657234,0.33551380038261414,0.33551380038261414,0,0.0,0.0,0.0,0.0,,,,,
synthetic_image,kodak24,kodim11,25,2,ectv,25.505731325515207,0.5944618582725525,0.917201578617096,0.024116460233926773,0.33551380038261414,0.14772655069828033,5,0.03273140000055719,0.18778726146140717,0.1877872496843338,0.6839397205857212,0.04,,,,
synthetic_image,kodak24,kodim11,25,2,ectv_fidelity,28.57221004827108,0.7942201495170593,0.936631441116333,0.021282115951180458,0.33551380038261414,0.04644567519426346,80,0.22251219999998284,0.33330865074633204,0.2890681251883507,0.6839397205857212,0.32,0.12,0.3333333333333333,,
synthetic_image,kodak24,kodim11,25,2,tv_maxiter,28.00156270797013,0.7340924143791199,0.9450833201408386,0.018635697662830353,0.33551380038261414,0.08613986521959305,21,0.058586499999364605,inf,0.2493739351630211,0.6839397205857212,,,,,
synthetic_image,kodak24,kodim11,25,2,tv_fixedk_val,28.03921634863006,0.7365854382514954,0.9454113245010376,0.01859477162361145,0.33551380038261414,0.08576346188783646,40,0.11300430000119377,,0.24975033849477768,0.6839397205857212,,,,,
synthetic_image,kodak24,kodim11,25,2,tv_discrepancy,28.00156270797013,0.7340924143791199,0.9450833201408386,0.018635697662830353,0.33551380038261414,0.08613986521959305,21,0.05959649999931571,,0.2493739351630211,0.6839397205857212,,,,,
synthetic_image,kodak24,kodim11,25,2,tv_chambolle_val,27.68580623847571,0.7559001445770264,0.9277757406234741,0.02230464667081833,0.33551380038261414,0.0492754802107811,0,0.011620299999776762,,,0.0,,,,,
synthetic_image,kodak24,kodim11,25,2,gaussian_val,26.965098811205944,0.7066265940666199,0.8971002101898193,0.02455531246960163,0.33551380038261414,0.06414832174777985,0,0.0002853999994840706,,,0.0,,,,,
synthetic_image,kodak24,kodim11,25,2,median_val,25.61908150784103,0.6402750611305237,0.8418018221855164,0.027700277045369148,0.33551380038261414,0.060336269438266754,0,0.000693199999659555,,,0.0,,,,,
synthetic_image,kodak24,kodim11,25,2,bilateral_val,25.881597639048103,0.6785351634025574,0.914229691028595,0.022354446351528168,0.33551380038261414,0.09413690119981766,0,0.13294700000005832,,,0.0,,,,,
synthetic_image,kodak24,kodim11,25,2,pm_diff_val,27.202084215204955,0.7282726764678955,0.9075532555580139,0.024035418406128883,0.33551380038261414,0.05273062735795975,5,0.00691729999925883,,,0.0,,,,,
synthetic_image,kodak24,kodim11,25,2,wavelet_bayes,26.33798470812884,0.6786894798278809,0.8865984678268433,0.024314161390066147,0.33551380038261414,0.07262299954891205,0,0.003570499999113963,,,0.0,,,,,
synthetic_image,kodak24,kodim11,25,2,nlm,28.03065456399039,0.7614434361457825,0.9131144285202026,0.022192170843482018,0.33551380038261414,0.05876621976494789,0,0.040742799999861745,,,0.0,,,,,
synthetic_image,kodak24,kodim11,25,2,bm3d,30.799562770922996,0.8587316870689392,0.963322639465332,0.014668038114905357,0.33551380038261414,0.06007681414484978,0,1.5689149999998335,,,0.0,,,,,
synthetic_image,kodak24,kodim11,25,2,fdncnn_color,31.258156712255513,0.8667641282081604,0.9677044749259949,0.013751325197517872,0.33551380038261414,0.061153918504714966,0,1.2038350999991962,,,0.0,,,,,
synthetic_image,kodak24,kodim11,25,2,ectv_fdncnn,31.258156712255513,0.8667641282081604,0.9677044749259949,0.013751325197517872,0.33551380038261414,0.061153918504714966,0,1.2060635999987426,0.33330865074633204,0.27435988187789917,0.6839397205857212,0.32,,0.3333333333333333,1.0,1.0
synthetic_image,kodak24,kodim11,50,0,noisy,14.737908011785567,0.19155703485012054,0.7191740274429321,0.08167651295661926,0.6078632473945618,0.6078632473945618,0,0.0,0.0,0.0,0.0,,,,,
synthetic_image,kodak24,kodim11,50,0,ectv,19.305361193002856,0.3271132707595825,0.7753461003303528,0.04920657351613045,0.6078632473945618,0.29268184304237366,27,0.07985560000088299,0.3333333333333333,0.3151814043521881,0.5091578194443671,0.04,,,,
synthetic_image,kodak24,kodim11,50,0,ectv_fidelity,25.142590069752192,0.6713629364967346,0.8675821423530579,0.02840283513069153,0.6078632473945618,0.03559677675366402,80,0.22536810000019614,0.75,0.5722664706408978,0.5091578194443671,0.32,0.25,0.75,,
synthetic_image,kodak24,kodim11,50,0,tv_maxiter,19.305361193002856,0.3271132707595825,0.7753461003303528,0.04920657351613045,0.6078632473945618,0.29268184304237366,27,0.07780989999992016,inf,0.3151814043521881,0.5091578194443671,,,,,
synthetic_image,kodak24,kodim11,50,0,tv_fixedk_val,19.31910845481636,0.32754993438720703,0.7755794525146484,0.04910803213715553,0.6078632473945618,0.2921074330806732,40,0.11599799999930838,,0.31575581431388855,0.5091578194443671,,,,,
synthetic_image,kodak24,kodim11,50,0,tv_discrepancy,19.305361193002856,0.3271132707595825,0.7753461003303528,0.04920657351613045,0.6078632473945618,0.29268184304237366,27,0.08424939999895287,,0.3151814043521881,0.5091578194443671,,,,,
synthetic_image,kodak24,kodim11,50,0,tv_chambolle_val,24.14395030660504,0.5868253707885742,0.8161547780036926,0.03217275068163872,0.6078632473945618,0.07127275317907333,0,0.011070100001234096,,,0.0,,,,,
synthetic_image,kodak24,kodim11,50,0,gaussian_val,23.552359542351322,0.5060119032859802,0.8187589645385742,0.032024726271629333,0.6078632473945618,0.09470903128385544,0,0.0003089000001637032,,,0.0,,,,,
synthetic_image,kodak24,kodim11,50,0,median_val,23.170698008993547,0.4705967903137207,0.7549474835395813,0.033623721450567245,0.6078632473945618,0.09395431727170944,0,0.0006950999995751772,,,0.0,,,,,
synthetic_image,kodak24,kodim11,50,0,bilateral_val,21.542803470903955,0.4391179382801056,0.7643833160400391,0.03184818476438522,0.6078632473945618,0.12136723846197128,0,0.1327493000007962,,,0.0,,,,,
synthetic_image,kodak24,kodim11,50,0,pm_diff_val,24.133954380983504,0.5502243041992188,0.8335567712783813,0.029530536383390427,0.6078632473945618,0.07024569064378738,5,0.005414200000814162,,,0.0,,,,,
synthetic_image,kodak24,kodim11,50,0,wavelet_bayes,23.16543990733394,0.5333347320556641,0.6730947494506836,0.03530967980623245,0.6078632473945618,0.04330760985612869,0,0.0034498000004532514,,,0.0,,,,,
synthetic_image,kodak24,kodim11,50,0,nlm,24.425037643548553,0.5866174101829529,0.8399050235748291,0.029939953237771988,0.6078632473945618,0.061240725219249725,0,0.04203830000005837,,,0.0,,,,,
synthetic_image,kodak24,kodim11,50,0,bm3d,26.877848524820983,0.7567537426948547,0.9087901711463928,0.022232966497540474,0.6078632473945618,0.044074006378650665,0,1.4141691000004357,,,0.0,,,,,
synthetic_image,kodak24,kodim11,50,0,fdncnn_color,27.157867668468796,0.7639955878257751,0.9173187017440796,0.02157832682132721,0.6078632473945618,0.04286456108093262,0,1.2377999000000273,,,0.0,,,,,
synthetic_image,kodak24,kodim11,50,0,ectv_fdncnn,27.157867668468796,0.7639955878257751,0.9173187017440796,0.02157832682132721,0.6078632473945618,0.04286456108093262,0,1.2400823000007222,0.75,0.5649986863136292,0.5091578194443671,0.32,,0.75,1.0,1.0
synthetic_image,kodak24,kodim11,50,1,noisy,14.761770780002799,0.19227980077266693,0.7171975374221802,0.08156140893697739,0.6066257953643799,0.6066257953643799,0,0.0,0.0,0.0,0.0,,,,,
synthetic_image,kodak24,kodim11,50,1,ectv,19.342100090662385,0.32781144976615906,0.7725516557693481,0.049326054751873016,0.6066257953643799,0.2913491129875183,27,0.08533700000043609,0.3333333333333333,0.3152766823768616,0.5091578194443671,0.04,,,,
synthetic_image,kodak24,kodim11,50,1,ectv_fidelity,25.12092599774693,0.6719401478767395,0.865923285484314,0.028590122237801552,0.6066257953643799,0.03527986258268356,80,0.233244700000796,0.75,0.5713459327816963,0.5091578194443671,0.32,0.25,0.75,,
synthetic_image,kodak24,kodim11,50,1,tv_maxiter,19.342100090662385,0.32781144976615906,0.7725516557693481,0.049326054751873016,0.6066257953643799,0.2913491129875183,27,0.07951219999995374,inf,0.3152766823768616,0.5091578194443671,,,,,
synthetic_image,kodak24,kodim11,50,1,tv_fixedk_val,19.35585650974948,0.32824525237083435,0.7727871537208557,0.04922735318541527,0.6066257953643799,0.29077571630477905,40,0.10697909999908006,,0.31585007905960083,0.5091578194443671,,,,,
synthetic_image,kodak24,kodim11,50,1,tv_discrepancy,19.342100090662385,0.32781144976615906,0.7725516557693481,0.049326054751873016,0.6066257953643799,0.2913491129875183,27,0.0774146000003384,,0.3152766823768616,0.5091578194443671,,,,,
synthetic_image,kodak24,kodim11,50,1,tv_chambolle_val,24.161132929762353,0.5756992697715759,0.8566935062408447,0.02789946086704731,0.6066257953643799,0.07766667008399963,0,0.008698600000570877,,,0.0,,,,,
synthetic_image,kodak24,kodim11,50,1,gaussian_val,23.595687673615977,0.5073312520980835,0.8178831934928894,0.032062508165836334,0.6066257953643799,0.09472429007291794,0,0.00029279999944265,,,0.0,,,,,
synthetic_image,kodak24,kodim11,50,1,median_val,23.266732692444542,0.4728184938430786,0.7566342353820801,0.03327523171901703,0.6066257953643799,0.09327013045549393,0,0.0006518000009236857,,,0.0,,,,,
synthetic_image,kodak24,kodim11,50,1,bilateral_val,21.475751995466013,0.44018733501434326,0.7591882944107056,0.0319744274020195,0.6066257953643799,0.12035877257585526,0,0.13722970000162604,,,0.0,,,,,
synthetic_image,kodak24,kodim11,50,1,pm_diff_val,24.170356752322647,0.5517125129699707,0.8314976692199707,0.029601283371448517,0.6066257953643799,0.07020940631628036,5,0.00595199999952456,,,0.0,,,,,
synthetic_image,kodak24,kodim11,50,1,wavelet_bayes,23.175561325663523,0.5365099310874939,0.6785368919372559,0.03522326424717903,0.6066257953643799,0.04303021356463432,0,0.0035886999994545477,,,0.0,,,,,
synthetic_image,kodak24,kodim11,50,1,nlm,24.434006936044895,0.5874431729316711,0.8365305662155151,0.030252451077103615,0.6066257953643799,0.0604599304497242,0,0.040851899999324814,,,0.0,,,,,
synthetic_image,kodak24,kodim11,50,1,bm3d,26.942949012720412,0.760594367980957,0.908942699432373,0.02215295284986496,0.6066257953643799,0.045047465711832047,0,1.4618742000002385,,,0.0,,,,,
synthetic_image,kodak24,kodim11,50,1,fdncnn_color,27.23666820207803,0.769297182559967,0.9179249405860901,0.021430715918540955,0.6066257953643799,0.04355648532509804,0,1.1957939000003535,,,0.0,,,,,
synthetic_image,kodak24,kodim11,50,1,ectv_fdncnn,27.23666820207803,0.769297182559967,0.9179249405860901,0.021430715918540955,0.6066257953643799,0.04355648532509804,0,1.1979577000001882,0.75,0.5630693100392818,0.5091578194443671,0.32,,0.75,1.0,1.0
synthetic_image,kodak24,kodim11,50,2,noisy,14.738227729953838,0.1906074434518814,0.7104548811912537,0.0820663794875145,0.6099601984024048,0.6099601984024048,0,0.0,0.0,0.0,0.0,,,,,
synthetic_image,kodak24,kodim11,50,2,ectv,19.331869752423756,0.32709863781929016,0.7675931453704834,0.049531009048223495,0.6099601984024048,0.2929706573486328,27,0.07743200000004435,0.3333333333333333,0.316989541053772,0.5091578194443671,0.04,,,,
synthetic_image,kodak24,kodim11,50,2,ectv_fidelity,25.110131684671117,0.6695535182952881,0.8643738031387329,0.028914468362927437,0.6099601984024048,0.03481564670801163,80,0.21947689999979048,0.75,0.5751445516943932,0.5091578194443671,0.32,0.25,0.75,,
synthetic_image,kodak24,kodim11,50,2,tv_maxiter,19.331869752423756,0.32709863781929016,0.7675931453704834,0.049531009048223495,0.6099601984024048,0.2929706573486328,27,0.07353349999903003,inf,0.316989541053772,0.5091578194443671,,,,,
synthetic_image,kodak24,kodim11,50,2,tv_fixedk_val,19.345718106470372,0.3275408446788788,0.7678353786468506,0.049431972205638885,0.6099601984024048,0.2923913896083832,40,0.11001030000079481,,0.3175688087940216,0.5091578194443671,,,,,
synthetic_image,kodak24,kodim11,50,2,tv_discrepancy,19.331869752423756,0.32709863781929016,0.7675931453704834,0.049531009048223495,0.6099601984024048,0.2929706573486328,27,0.07694350000019767,,0.316989541053772,0.5091578194443671,,,,,
synthetic_image,kodak24,kodim11,50,2,tv_chambolle_val,24.56956395516148,0.6048377752304077,0.8522579669952393,0.02845803275704384,0.6099601984024048,0.05548526719212532,0,0.008426200000030803,,,0.0,,,,,
synthetic_image,kodak24,kodim11,50,2,gaussian_val,23.603701084984785,0.5073278546333313,0.8152775168418884,0.032303500920534134,0.6099601984024048,0.09400051087141037,0,0.0002902000014728401,,,0.0,,,,,
synthetic_image,kodak24,kodim11,50,2,median_val,23.213833387991304,0.47098711133003235,0.7544261813163757,0.03323717415332794,0.6099601984024048,0.0926690325140953,0,0.0006696000000374625,,,0.0,,,,,
synthetic_image,kodak24,kodim11,50,2,bilateral_val,21.439165435199268,0.4366229772567749,0.7561330795288086,0.03231114149093628,0.6099601984024048,0.12182217836380005,0,0.12445329999900423,,,0.0,,,,,
synthetic_image,kodak24,kodim11,50,2,pm_diff_val,24.174342299382808,0.5520725846290588,0.8309977650642395,0.02983161062002182,0.6099601984024048,0.06961508095264435,5,0.00586490000023332,,,0.0,,,,,
synthetic_image,kodak24,kodim11,50,2,wavelet_bayes,23.11352482754733,0.5354107618331909,0.6596723198890686,0.035922642797231674,0.6099601984024048,0.04125554859638214,0,0.003228999999919324,,,0.0,,,,,
synthetic_image,kodak24,kodim11,50,2,nlm,24.37250780671183,0.5848767161369324,0.8366196155548096,0.03041774593293667,0.6099601984024048,0.060217950493097305,0,0.03960990000086895,,,0.0,,,,,
synthetic_image,kodak24,kodim11,50,2,bm3d,26.86277086782487,0.7551000714302063,0.9067646861076355,0.022817416116595268,0.6099601984024048,0.0431353934109211,0,1.382010100000116,,,0.0,,,,,
synthetic_image,kodak24,kodim11,50,2,fdncnn_color,27.18607533082098,0.76541668176651,0.917841374874115,0.021799100562930107,0.6099601984024048,0.04276565462350845,0,1.1754323999994085,,,0.0,,,,,
synthetic_image,kodak24,kodim11,50,2,ectv_fdncnn,27.18607533082098,0.76541668176651,0.917841374874115,0.021799100562930107,0.6099601984024048,0.04276565462350845,0,1.1774941999992734,0.75,0.5671945437788963,0.5091578194443671,0.32,,0.75,1.0,1.0
synthetic_image,kodak24,kodim12,15,0,noisy,24.662027305485562,0.4170534610748291,0.9293473362922668,0.02429201453924179,0.21218912303447723,0.21218912303447723,0,0.0,0.0,0.0,0.0,,,,,
synthetic_image,kodak24,kodim12,15,0,ectv,25.553228927163918,0.45503273606300354,0.9356882572174072,0.022384172305464745,0.21218912303447723,0.18834525346755981,1,0.01918680000017048,0.023843897597316383,0.02384386956691742,0.8488381630355155,0.04,,,,
synthetic_image,kodak24,kodim12,15,0,ectv_fidelity,32.887009362251014,0.8575890064239502,0.9762641191482544,0.011493881233036518,0.21218912303447723,0.039612676948308945,12,0.051736700001129066,0.1725764484378941,0.1725764460861683,0.8488381630355155,0.32,0.08,0.3333333333333333,,
synthetic_image,kodak24,kodim12,15,0,tv_maxiter,33.015017958359124,0.8718667030334473,0.973521888256073,0.01217032689601183,0.21218912303447723,0.03464590013027191,22,0.06273040000087349,inf,0.17754322290420532,0.8488381630355155,,,,,
synthetic_image,kodak24,kodim12,15,0,tv_fixedk_val,33.066906121525534,0.8747589588165283,0.9732879400253296,0.012318119406700134,0.21218912303447723,0.03457380458712578,40,0.10939549999966403,,0.17761531844735146,0.8488381630355155,,,,,
synthetic_image,kodak24,kodim12,15,0,tv_discrepancy,33.015017958359124,0.8718667030334473,0.973521888256073,0.01217032689601183,0.21218912303447723,0.03464590013027191,22,0.06400980000034906,,0.17754322290420532,0.8488381630355155,,,,,
synthetic_image,kodak24,kodim12,15,0,tv_chambolle_val,32.185396823034694,0.8538825511932373,0.9711246490478516,0.012603433802723885,0.21218912303447723,0.03985749930143356,0,0.010272899999108631,,,0.0,,,,,
synthetic_image,kodak24,kodim12,15,0,gaussian_val,28.44466136121834,0.795196533203125,0.8697251677513123,0.018948692828416824,0.21218912303447723,0.043995440006256104,0,0.00027740000041376334,,,0.0,,,,,
synthetic_image,kodak24,kodim12,15,0,median_val,28.958707754534046,0.7698023319244385,0.921363115310669,0.016498537734150887,0.21218912303447723,0.044376254081726074,0,0.0006059000006644055,,,0.0,,,,,
synthetic_image,kodak24,kodim12,15,0,bilateral_val,31.139328546905006,0.8169921040534973,0.9645842909812927,0.011785552836954594,0.21218912303447723,0.06465549021959305,0,0.12556510000104026,,,0.0,,,,,
synthetic_image,kodak24,kodim12,15,0,pm_diff_val,31.458803154641714,0.8288596272468567,0.9616377949714661,0.013163275085389614,0.21218912303447723,0.042347170412540436,5,0.005545299998630071,,,0.0,,,,,
synthetic_image,kodak24,kodim12,15,0,wavelet_bayes,30.239447110390252,0.7302594780921936,0.9630744457244873,0.013956543989479542,0.21218912303447723,0.07813066989183426,0,0.0032279000006383285,,,0.0,,,,,
synthetic_image,kodak24,kodim12,15,0,nlm,32.98361531363758,0.8630711436271667,0.9737793803215027,0.010845380835235119,0.21218912303447723,0.04990926384925842,0,0.03821530000095663,,,0.0,,,,,
synthetic_image,kodak24,kodim12,15,0,bm3d,35.427903836504896,0.9112493395805359,0.985572099685669,0.008388246409595013,0.21218912303447723,0.04445074498653412,0,1.398040599999149,,,0.0,,,,,
synthetic_image,kodak24,kodim12,15,0,fdncnn_color,35.85614531126864,0.9166738390922546,0.9870514273643494,0.007989217527210712,0.21218912303447723,0.04471283778548241,0,1.220869099999618,,,0.0,,,,,
synthetic_image,kodak24,kodim12,15,0,ectv_fdncnn,35.85614531126864,0.9166738390922546,0.9870514273643494,0.007989217527210712,0.21218912303447723,0.04471283778548241,0,1.223043099998904,0.1725764484378941,0.16747628524899483,0.8488381630355155,0.32,,0.3333333333333333,1.0,1.0
synthetic_image,kodak24,kodim12,15,1,noisy,24.6884945337395,0.41932162642478943,0.9282652735710144,0.02432491071522236,0.21163420379161835,0.21163420379161835,0,0.0,0.0,0.0,0.0,,,,,
synthetic_image,kodak24,kodim12,15,1,ectv,25.583084261681197,0.4574798047542572,0.9346798062324524,0.022430112585425377,0.21163420379161835,0.18779031932353973,1,0.019497900000715163,0.023843897597316383,0.023843884468078613,0.8488381630355155,0.04,,,,
synthetic_image,kodak24,kodim12,15,1,ectv_fidelity,32.940343113696386,0.8605672717094421,0.976210355758667,0.011617794632911682,0.21163420379161835,0.03905775770545006,12,0.050231800001711235,0.1725764484378941,0.1725764460861683,0.8488381630355155,0.32,0.08,0.3333333333333333,,
synthetic_image,kodak24,kodim12,15,1,tv_maxiter,33.06379768154508,0.8736303448677063,0.9738441705703735,0.012206170707941055,0.21163420379161835,0.034625303000211716,22,0.06144740000127058,inf,0.17700890079140663,0.8488381630355155,,,,,
synthetic_image,kodak24,kodim12,15,1,tv_fixedk_val,33.11360853100127,0.8764336109161377,0.9736121892929077,0.01234371867030859,0.21163420379161835,0.03455697372555733,40,0.10918630000014673,,0.17707723006606102,0.8488381630355155,,,,,
synthetic_image,kodak24,kodim12,15,1,tv_discrepancy,33.06379768154508,0.8736303448677063,0.9738441705703735,0.012206170707941055,0.21163420379161835,0.034625303000211716,22,0.06387869999889517,,0.17700890079140663,0.8488381630355155,,,,,
synthetic_image,kodak24,kodim12,15,1,tv_chambolle_val,32.15077246558346,0.8484025597572327,0.9715728163719177,0.012623744085431099,0.21163420379161835,0.042961180210113525,0,0.007230799999888404,,,0.0,,,,,
synthetic_image,kodak24,kodim12,15,1,gaussian_val,28.466527381254437,0.7968428134918213,0.8698665499687195,0.01897498220205307,0.21163420379161835,0.044149208813905716,0,0.00031739999940327834,,,0.0,,,,,
synthetic_image,kodak24,kodim12,15,1,median_val,28.96328354712078,0.77215176820755,0.9218018054962158,0.01643599197268486,0.21163420379161835,0.044341858476400375,0,0.0006708000000799075,,,0.0,,,,,
synthetic_image,kodak24,kodim12,15,1,bilateral_val,31.14478746302037,0.8192615509033203,0.9649489521980286,0.011752516031265259,0.21163420379161835,0.06464052945375443,0,0.13232440000138013,,,0.0,,,,,
synthetic_image,kodak24,kodim12,15,1,pm_diff_val,31.48867217672609,0.8306954503059387,0.9621559381484985,0.013222232460975647,0.21163420379161835,0.04241052269935608,5,0.005864500000825501,,,0.0,,,,,
synthetic_image,kodak24,kodim12,15,1,wavelet_bayes,30.24031344406953,0.7315804362297058,0.9621703028678894,0.014140965417027473,0.21163420379161835,0.07782537490129471,0,0.003294899999673362,,,0.0,,,,,
synthetic_image,kodak24,kodim12,15,1,nlm,33.057712549025084,0.8644208908081055,0.9743198156356812,0.01077271718531847,0.21163420379161835,0.04981038346886635,0,0.03786949999994249,,,0.0,,,,,
synthetic_image,kodak24,kodim12,15,1,bm3d,35.46397071338323,0.9119228720664978,0.985821008682251,0.008313748985528946,0.21163420379161835,0.044050004333257675,0,1.368282999999792,,,0.0,,,,,
synthetic_image,kodak24,kodim12,15,1,fdncnn_color,35.86190994283977,0.9170005917549133,0.9873167872428894,0.007887046784162521,0.21163420379161835,0.044082581996917725,0,1.17913370000133,,,0.0,,,,,
synthetic_image,kodak24,kodim12,15,1,ectv_fdncnn,35.86190994283977,0.9170005917549133,0.9873167872428894,0.007887046784162521,0.21163420379161835,0.044082581996917725,0,1.1811599000011483,0.1725764484378941,0.16755162179470062,0.8488381630355155,0.32,,0.3333333333333333,1.0,1.0
synthetic_image,kodak24,kodim12,15,2,noisy,24.675879835697387,0.41878196597099304,0.9291043877601624,0.02444111928343773,0.21256960928440094,0.21256960928440094,0,0.0,0.0,0.0,0.0,,,,,
synthetic_image,kodak24,kodim12,15,2,ectv,25.569514598721863,0.45691442489624023,0.9354811906814575,0.022503316402435303,0.21256960928440094,0.18872572481632233,1,0.019940500000302563,0.023843897597316383,0.023843884468078613,0.8488381630355155,0.04,,,,
synthetic_image,kodak24,kodim12,15,2,ectv_fidelity,32.95501852009993,0.8598292469978333,0.9771280884742737,0.011390864849090576,0.21256960928440094,0.03999316319823265,11,0.04612909999923431,0.1725764484378941,0.1725764460861683,0.8488381630355155,0.32,0.08,0.3333333333333333,,
synthetic_image,kodak24,kodim12,15,2,tv_maxiter,33.08013140691806,0.8743154406547546,0.9742278456687927,0.01209947932511568,0.21256960928440094,0.03462604433298111,22,0.06292980000034731,inf,0.17794356495141983,0.8488381630355155,,,,,
synthetic_image,kodak24,kodim12,15,2,tv_fixedk_val,33.131340237330534,0.8768517374992371,0.9740352630615234,0.012223886325955391,0.21256960928440094,0.0345596969127655,40,0.11092739999912737,,0.17800991237163544,0.8488381630355155,,,,,
synthetic_image,kodak24,kodim12,15,2,tv_discrepancy,33.08013140691806,0.8743154406547546,0.9742278456687927,0.01209947932511568,0.21256960928440094,0.03462604433298111,22,0.061973400001079426,,0.17794356495141983,0.8488381630355155,,,,,
synthetic_image,kodak24,kodim12,15,2,tv_chambolle_val,32.248737369713965,0.8570313453674316,0.9710986018180847,0.012734242714941502,0.21256960928440094,0.039773907512426376,0,0.011010599999281112,,,0.0,,,,,
synthetic_image,kodak24,kodim12,15,2,gaussian_val,28.497735306403747,0.7986672520637512,0.8701747059822083,0.018917227163910866,0.21256960928440094,0.04400300234556198,0,0.0002798000004986534,,,0.0,,,,,
synthetic_image,kodak24,kodim12,15,2,median_val,28.956579249814034,0.7728343605995178,0.922130286693573,0.016554508358240128,0.21256960928440094,0.04434152692556381,0,0.0006020000000717118,,,0.0,,,,,
synthetic_image,kodak24,kodim12,15,2,bilateral_val,31.13042126001364,0.8185856342315674,0.9652221202850342,0.011718175373971462,0.21256960928440094,0.064948670566082,0,0.13250740000148653,,,0.0,,,,,
synthetic_image,kodak24,kodim12,15,2,pm_diff_val,31.55663251081233,0.8327911496162415,0.9631198048591614,0.013106499798595905,0.21256960928440094,0.042262159287929535,5,0.005621800000881194,,,0.0,,,,,
synthetic_image,kodak24,kodim12,15,2,wavelet_bayes,30.284515606530256,0.7359960079193115,0.9633608460426331,0.01393081247806549,0.21256960928440094,0.0773921087384224,0,0.003180899999279063,,,0.0,,,,,
synthetic_image,kodak24,kodim12,15,2,nlm,32.98434186281068,0.8638558387756348,0.9734453558921814,0.010889794677495956,0.21256960928440094,0.0499010905623436,0,0.03831209999952989,,,0.0,,,,,
synthetic_image,kodak24,kodim12,15,2,bm3d,35.47323769326825,0.9121338725090027,0.9860445261001587,0.008246328681707382,0.21256960928440094,0.04429866373538971,0,1.4200237000004563,,,0.0,,,,,
synthetic_image,kodak24,kodim12,15,2,fdncnn_color,35.91036227642254,0.917172908782959,0.9877716898918152,0.007799685467034578,0.21256960928440094,0.04474432393908501,0,1.1888333999995666,,,0.0,,,,,
synthetic_image,kodak24,kodim12,15,2,ectv_fdncnn,35.91036227642254,0.917172908782959,0.9877716898918152,0.007799685467034578,0.21256960928440094,0.04474432393908501,0,1.190950199999861,0.1725764484378941,0.16782528534531593,0.8488381630355155,0.32,,0.3333333333333333,1.0,1.0
synthetic_image,kodak24,kodim12,25,0,noisy,20.287299931849287,0.2542066276073456,0.8381350040435791,0.042818617075681686,0.33175522089004517,0.33175522089004517,0,0.0,0.0,0.0,0.0,,,,,
synthetic_image,kodak24,kodim12,25,0,ectv,25.502696534843885,0.46060511469841003,0.9088170528411865,0.025050634518265724,0.33175522089004517,0.14396797120571136,5,0.030961200000092504,0.18778726146140717,0.1877872496843338,0.6839397205857212,0.04,,,,
synthetic_image,kodak24,kodim12,25,0,ectv_fidelity,30.73458568032274,0.8336129188537598,0.9589649438858032,0.014352706260979176,0.33175522089004517,0.03716922551393509,80,0.22000170000137587,0.33330865074633204,0.2945859953761101,0.6839397205857212,0.32,0.12,0.3333333333333333,,
synthetic_image,kodak24,kodim12,25,0,tv_maxiter,28.99676654440167,0.6793683171272278,0.955050528049469,0.015263586305081844,0.33175522089004517,0.076106958091259,22,0.06087850000039907,inf,0.25564826279878616,0.6839397205857212,,,,,
synthetic_image,kodak24,kodim12,25,0,tv_fixedk_val,29.057757039271515,0.6833922266960144,0.9555432200431824,0.0151679003611207,0.33175522089004517,0.07582923024892807,40,0.11096700000052806,,0.2559259906411171,0.6839397205857212,,,,,
synthetic_image,kodak24,kodim12,25,0,tv_discrepancy,28.99676654440167,0.6793683171272278,0.955050528049469,0.015263586305081844,0.33175522089004517,0.076106958091259,22,0.06384559999969497,,0.25564826279878616,0.6839397205857212,,,,,
synthetic_image,kodak24,kodim12,25,0,tv_chambolle_val,29.729602583272488,0.8141276240348816,0.9478373527526855,0.015669649466872215,0.33175522089004517,0.03582394868135452,0,0.01483169999846723,,,0.0,,,,,
synthetic_image,kodak24,kodim12,25,0,gaussian_val,27.116698466448188,0.6652553677558899,0.8421169519424438,0.022285234183073044,0.33175522089004517,0.05767891928553581,0,0.0002684999999473803,,,0.0,,,,,
synthetic_image,kodak24,kodim12,25,0,median_val,27.34484213060358,0.6634127497673035,0.8831474781036377,0.02017361856997013,0.33175522089004517,0.056876178830862045,0,0.0006071999996493105,,,0.0,,,,,
synthetic_image,kodak24,kodim12,25,0,bilateral_val,28.10919605790086,0.7055487036705017,0.9361462593078613,0.015037554316222668,0.33175522089004517,0.08279938995838165,0,0.13944740000079037,,,0.0,,,,,
synthetic_image,kodak24,kodim12,25,0,pm_diff_val,28.53425746941013,0.7216728329658508,0.9204677939414978,0.01841413602232933,0.33175522089004517,0.04799175634980202,5,0.005360600000130944,,,0.0,,,,,
synthetic_image,kodak24,kodim12,25,0,wavelet_bayes,27.54641331683125,0.6683130860328674,0.8987348675727844,0.019869934767484665,0.33175522089004517,0.063582643866539,0,0.0033791000005294336,,,0.0,,,,,
synthetic_image,kodak24,kodim12,25,0,nlm,29.879758539779907,0.8070648312568665,0.9360881447792053,0.014749296940863132,0.33175522089004517,0.050113484263420105,0,0.04079930000079912,,,0.0,,,,,
synthetic_image,kodak24,kodim12,25,0,bm3d,32.86969871261771,0.872678816318512,0.9743461608886719,0.01080851536244154,0.33175522089004517,0.04057576507329941,0,1.4187463999987813,,,0.0,,,,,
synthetic_image,kodak24,kodim12,25,0,fdncnn_color,33.34158243216539,0.8789424896240234,0.9758835434913635,0.010455820709466934,0.33175522089004517,0.039891794323921204,0,1.1886326999992889,,,0.0,,,,,
synthetic_image,kodak24,kodim12,25,0,ectv_fdncnn,33.34158243216539,0.8789424896240234,0.9758835434913635,0.010455820709466934,0.33175522089004517,0.039891794323921204,0,1.1907691999986127,0.33330865074633204,0.29186342656612396,0.6839397205857212,0.32,,0.3333333333333333,1.0,1.0
synthetic_image,kodak24,kodim12,25,1,noisy,20.31602127343107,0.25640442967414856,0.8357076644897461,0.04280480742454529,0.3307932913303375,0.3307932913303375,0,0.0,0.0,0.0,0.0,,,,,
synthetic_image,kodak24,kodim12,25,1,ectv,25.566248522341574,0.46516191959381104,0.9070491194725037,0.025151409208774567,0.3307932913303375,0.14300604164600372,5,0.02950810000038473,0.18778726146140717,0.1877872496843338,0.6839397205857212,0.04,,,,
synthetic_image,kodak24,kodim12,25,1,ectv_fidelity,30.781251666194706,0.8362897038459778,0.9593360424041748,0.014408675953745842,0.3307932913303375,0.03704169765114784,80,0.21632189999945695,0.33330865074633204,0.2937515936791897,0.6839397205857212,0.32,0.12,0.3333333333333333,,
synthetic_image,kodak24,kodim12,25,1,tv_maxiter,29.061804828330125,0.6838441491127014,0.9545096755027771,0.015322099439799786,0.3307932913303375,0.07574663311243057,22,0.061709800000244286,inf,0.25504665821790695,0.6839397205857212,,,,,
synthetic_image,kodak24,kodim12,25,1,tv_fixedk_val,29.12274096407057,0.6878747940063477,0.9550642371177673,0.015219861641526222,0.3307932913303375,0.07548680156469345,40,0.11121149999962654,,0.2553064897656441,0.6839397205857212,,,,,
synthetic_image,kodak24,kodim12,25,1,tv_discrepancy,29.061804828330125,0.6838441491127014,0.9545096755027771,0.015322099439799786,0.3307932913303375,0.07574663311243057,22,0.06647929999962798,,0.25504665821790695,0.6839397205857212,,,,,
synthetic_image,kodak24,kodim12,25,1,tv_chambolle_val,29.760905488695023,0.817284107208252,0.9472578167915344,0.015841016545891762,0.3307932913303375,0.03556867316365242,0,0.015886999999565887,,,0.0,,,,,
synthetic_image,kodak24,kodim12,25,1,gaussian_val,27.14819964601958,0.6683521270751953,0.8419261574745178,0.02233763225376606,0.3307932913303375,0.057866789400577545,0,0.00030950000109442044,,,0.0,,,,,
synthetic_image,kodak24,kodim12,25,1,median_val,27.36059090236847,0.6680338978767395,0.8841980695724487,0.020074447616934776,0.3307932913303375,0.0567326582968235,0,0.000698499999998603,,,0.0,,,,,
synthetic_image,kodak24,kodim12,25,1,bilateral_val,28.162611793042316,0.709141731262207,0.9391127824783325,0.014953183941543102,0.3307932913303375,0.08275210112333298,0,0.13706359999923734,,,0.0,,,,,
synthetic_image,kodak24,kodim12,25,1,pm_diff_val,28.552434561462505,0.7249467372894287,0.9186535477638245,0.01858748309314251,0.3307932913303375,0.04800722748041153,5,0.0065329000008205185,,,0.0,,,,,
synthetic_image,kodak24,kodim12,25,1,wavelet_bayes,27.536536930859157,0.6699256896972656,0.8969000577926636,0.01997440494596958,0.3307932913303375,0.06309186667203903,0,0.003557800000635325,,,0.0,,,,,
synthetic_image,kodak24,kodim12,25,1,nlm,29.946738484498347,0.8091087341308594,0.9369828701019287,0.014653985388576984,0.3307932913303375,0.04981390759348869,0,0.0410941999998613,,,0.0,,,,,
synthetic_image,kodak24,kodim12,25,1,bm3d,32.940991654420685,0.8756899833679199,0.9755141735076904,0.010645023547112942,0.3307932913303375,0.04032156243920326,0,1.4320848999996088,,,0.0,,,,,
synthetic_image,kodak24,kodim12,25,1,fdncnn_color,33.415813470231875,0.8815670013427734,0.9772701859474182,0.01022233534604311,0.3307932913303375,0.03954904526472092,0,1.190693000000465,,,0.0,,,,,
synthetic_image,kodak24,kodim12,25,1,ectv_fdncnn,33.415813470231875,0.8815670013427734,0.9772701859474182,0.01022233534604311,0.3307932913303375,0.03954904526472092,0,1.192900500000178,0.33330865074633204,0.2912442460656166,0.6839397205857212,0.32,,0.3333333333333333,1.0,1.0
synthetic_image,kodak24,kodim12,25,2,noisy,20.30284992119094,0.25586527585983276,0.8384914398193359,0.04303066432476044,0.3323793113231659,0.3323793113231659,0,0.0,0.0,0.0,0.0,,,,,
synthetic_image,kodak24,kodim12,25,2,ectv,25.542895870270165,0.4638509750366211,0.9094234704971313,0.02505708672106266,0.3323793113231659,0.1445920616388321,5,0.032540799998969305,0.18778726146140717,0.1877872496843338,0.6839397205857212,0.04,,,,
synthetic_image,kodak24,kodim12,25,2,ectv_fidelity,30.814753243930767,0.8378050923347473,0.9606273770332336,0.01422796305269003,0.3323793113231659,0.03692386671900749,80,0.21297100000083447,0.33330865074633204,0.2954554446041584,0.6839397205857212,0.32,0.12,0.3333333333333333,,
synthetic_image,kodak24,kodim12,25,2,tv_maxiter,29.113557946348433,0.6877596974372864,0.957281768321991,0.014970737509429455,0.3323793113231659,0.07572443783283234,22,0.06040429999848129,inf,0.25665487349033356,0.6839397205857212,,,,,
synthetic_image,kodak24,kodim12,25,2,tv_fixedk_val,29.174549229873186,0.6917999386787415,0.9577943086624146,0.014870848506689072,0.3323793113231659,0.07542824000120163,40,0.10897900000054506,,0.25695107132196426,0.6839397205857212,,,,,
synthetic_image,kodak24,kodim12,25,2,tv_discrepancy,29.113557946348433,0.6877596974372864,0.957281768321991,0.014970737509429455,0.3323793113231659,0.07572443783283234,22,0.06174749999991036,,0.25665487349033356,0.6839397205857212,,,,,
synthetic_image,kodak24,kodim12,25,2,tv_chambolle_val,29.798500975720593,0.818490207195282,0.9493649005889893,0.015664955601096153,0.3323793113231659,0.035535018891096115,0,0.015512899999521323,,,0.0,,,,,
synthetic_image,kodak24,kodim12,25,2,gaussian_val,27.192785927426108,0.6707465052604675,0.8438063859939575,0.02219042368233204,0.3323793113231659,0.057652171701192856,0,0.00033400000029359944,,,0.0,,,,,
synthetic_image,kodak24,kodim12,25,2,median_val,27.358492946678183,0.668903112411499,0.8850312829017639,0.020133858546614647,0.3323793113231659,0.05683758854866028,0,0.0006869999997434206,,,0.0,,,,,
synthetic_image,kodak24,kodim12,25,2,bilateral_val,28.141887557176663,0.7080438137054443,0.9387968182563782,0.01497611217200756,0.3323793113231659,0.0832001194357872,0,0.12686759999996866,,,0.0,,,,,
synthetic_image,kodak24,kodim12,25,2,pm_diff_val,28.582407217412428,0.7275218367576599,0.9217946529388428,0.01838660053908825,0.3323793113231659,0.047807883471250534,5,0.005924000000959495,,,0.0,,,,,
synthetic_image,kodak24,kodim12,25,2,wavelet_bayes,27.566552647880364,0.6761627197265625,0.9003766179084778,0.01972767896950245,0.3323793113231659,0.06268681585788727,0,0.0037793999999848893,,,0.0,,,,,
synthetic_image,kodak24,kodim12,25,2,nlm,29.931973267447315,0.809044361114502,0.935594916343689,0.014749939553439617,0.3323793113231659,0.04986939951777458,0,0.03851780000150029,,,0.0,,,,,
synthetic_image,kodak24,kodim12,25,2,bm3d,32.92548755030344,0.8749485015869141,0.9757269024848938,0.010541223920881748,0.3323793113231659,0.040769126266241074,0,1.3669676999998046,,,0.0,,,,,
synthetic_image,kodak24,kodim12,25,2,fdncnn_color,33.48028620657015,0.8824107050895691,0.977917492389679,0.010101363062858582,0.3323793113231659,0.04048793762922287,0,1.1848460000001069,,,0.0,,,,,
synthetic_image,kodak24,kodim12,25,2,ectv_fdncnn,33.48028620657015,0.8824107050895691,0.977917492389679,0.010101363062858582,0.3323793113231659,0.04048793762922287,0,1.1870517999996082,0.33330865074633204,0.291891373693943,0.6839397205857212,0.32,,0.3333333333333333,1.0,1.0
synthetic_image,kodak24,kodim12,50,0,noisy,14.696712850412876,0.12095274776220322,0.6635047793388367,0.08657296001911163,0.6105282306671143,0.6105282306671143,0,0.0,0.0,0.0,0.0,,,,,
synthetic_image,kodak24,kodim12,50,0,ectv,19.39212664069448,0.2232857346534729,0.7452412843704224,0.05222010612487793,0.6105282306671143,0.29163530468940735,27,0.07429779999984021,0.3333333333333333,0.3188929259777069,0.5091578194443671,0.04,,,,
synthetic_image,kodak24,kodim12,50,0,ectv_fidelity,27.03806181476449,0.7759347558021545,0.9049577116966248,0.019317245110869408,0.6105282306671143,0.030380630865693092,80,0.223150000001624,0.75,0.5801475998014212,0.5091578194443671,0.32,0.25,0.75,,
synthetic_image,kodak24,kodim12,50,0,tv_maxiter,19.39212664069448,0.2232857346534729,0.7452412843704224,0.05222010612487793,0.6105282306671143,0.29163530468940735,27,0.07660439999926894,inf,0.3188929259777069,0.5091578194443671,,,,,
synthetic_image,kodak24,kodim12,50,0,tv_fixedk_val,19.40705826384732,0.22369660437107086,0.7456175684928894,0.052108123898506165,0.6105282306671143,0.29103776812553406,40,0.11497419999977865,,0.3194904625415802,0.5091578194443671,,,,,
synthetic_image,kodak24,kodim12,50,0,tv_discrepancy,19.39212664069448,0.2232857346534729,0.7452412843704224,0.05222010612487793,0.6105282306671143,0.29163530468940735,27,0.07974869999998191,,0.3188929259777069,0.5091578194443671,,,,,
synthetic_image,kodak24,kodim12,50,0,tv_chambolle_val,24.861094871285697,0.5338937640190125,0.8734456300735474,0.021754354238510132,0.6105282306671143,0.0786566287279129,0,0.00481960000070103,,,0.0,,,,,
synthetic_image,kodak24,kodim12,50,0,gaussian_val,23.777206788421964,0.4289725124835968,0.7469783425331116,0.03254905715584755,0.6105282306671143,0.09103059023618698,0,0.00026480000087758526,,,0.0,,,,,
synthetic_image,kodak24,kodim12,50,0,median_val,24.01039014780129,0.441440612077713,0.7627986669540405,0.029352065175771713,0.6105282306671143,0.09185466170310974,0,0.0006271000002016081,,,0.0,,,,,
synthetic_image,kodak24,kodim12,50,0,bilateral_val,23.639558679261405,0.491163045167923,0.849521815776825,0.022711729630827904,0.6105282306671143,0.12336881458759308,0,0.132319300000745,,,0.0,,,,,
synthetic_image,kodak24,kodim12,50,0,pm_diff_val,24.811648814788715,0.5084965229034424,0.8110640048980713,0.026809360831975937,0.6105282306671143,0.0674293264746666,5,0.005140000001119915,,,0.0,,,,,
synthetic_image,kodak24,kodim12,50,0,wavelet_bayes,24.155828491545563,0.6245970726013184,0.6540803909301758,0.028160015121102333,0.6105282306671143,0.03756176307797432,0,0.0032025999989855336,,,0.0,,,,,
synthetic_image,kodak24,kodim12,50,0,nlm,25.825834595728313,0.6835703253746033,0.8288243412971497,0.021161943674087524,0.6105282306671143,0.057701099663972855,0,0.04171880000103556,,,0.0,,,,,
synthetic_image,kodak24,kodim12,50,0,bm3d,29.115186990310534,0.8140029311180115,0.9485710263252258,0.014501762576401234,0.6105282306671143,0.034174054861068726,0,1.4042410999991262,,,0.0,,,,,
synthetic_image,kodak24,kodim12,50,0,fdncnn_color,29.345534905832736,0.8230075836181641,0.9480636715888977,0.014710607938468456,0.6105282306671143,0.031775254756212234,0,1.1745738999998139,,,0.0,,,,,
synthetic_image,kodak24,kodim12,50,0,ectv_fdncnn,29.345534905832736,0.8230075836181641,0.9480636715888977,0.014710607938468456,0.6105282306671143,0.031775254756212234,0,1.1767378999993525,0.75,0.578752975910902,0.5091578194443671,0.32,,0.75,1.0,1.0
synthetic_image,kodak24,kodim12,50,1,noisy,14.712387959879742,0.12259965389966965,0.6584077477455139,0.08645889908075333,0.6096014380455017,0.6096014380455017,0,0.0,0.0,0.0,0.0,,,,,
synthetic_image,kodak24,kodim12,50,1,ectv,19.41976930816747,0.22681403160095215,0.7393354773521423,0.052362553775310516,0.6096014380455017,0.29092052578926086,27,0.07830379999904835,0.3333333333333333,0.31868091225624084,0.5091578194443671,0.04,,,,
synthetic_image,kodak24,kodim12,50,1,ectv_fidelity,27.02481809585471,0.7756360173225403,0.902239978313446,0.019538957625627518,0.6096014380455017,0.03026181273162365,80,0.21853960000044026,0.75,0.5793396253138781,0.5091578194443671,0.32,0.25,0.75,,
synthetic_image,kodak24,kodim12,50,1,tv_maxiter,19.41976930816747,0.22681403160095215,0.7393354773521423,0.052362553775310516,0.6096014380455017,0.29092052578926086,27,0.07778870000038296,inf,0.31868091225624084,0.5091578194443671,,,,,
synthetic_image,kodak24,kodim12,50,1,tv_fixedk_val,19.434723559464743,0.2272314578294754,0.7397142648696899,0.05225006863474846,0.6096014380455017,0.2903239130973816,40,0.10810859999946842,,0.3192775249481201,0.5091578194443671,,,,,
synthetic_image,kodak24,kodim12,50,1,tv_discrepancy,19.41976930816747,0.22681403160095215,0.7393354773521423,0.052362553775310516,0.6096014380455017,0.29092052578926086,27,0.07858450000094308,,0.31868091225624084,0.5091578194443671,,,,,
synthetic_image,kodak24,kodim12,50,1,tv_chambolle_val,24.868217694367605,0.5387764573097229,0.8692688345909119,0.021974096074700356,0.6096014380455017,0.078767329454422,0,0.005170700000235229,,,0.0,,,,,
synthetic_image,kodak24,kodim12,50,1,gaussian_val,23.81803265751465,0.4340997636318207,0.7452555298805237,0.03270060196518898,0.6096014380455017,0.09135279059410095,0,0.0002922000003309222,,,0.0,,,,,
synthetic_image,kodak24,kodim12,50,1,median_val,24.071292716475515,0.44894611835479736,0.7663916945457458,0.02904144674539566,0.6096014380455017,0.09133188426494598,0,0.0010039999997388804,,,0.0,,,,,
synthetic_image,kodak24,kodim12,50,1,bilateral_val,23.687034047566126,0.49633434414863586,0.8572870492935181,0.022471219301223755,0.6096014380455017,0.12330977618694305,0,0.12775719999990542,,,0.0,,,,,
synthetic_image,kodak24,kodim12,50,1,pm_diff_val,24.841107164937153,0.5140159726142883,0.8080615997314453,0.026962565258145332,0.6096014380455017,0.06760073453187943,5,0.006302199999481672,,,0.0,,,,,
synthetic_image,kodak24,kodim12,50,1,wavelet_bayes,24.15069973492862,0.6199276447296143,0.6436331868171692,0.0284035075455904,0.6096014380455017,0.03786151111125946,0,0.0035342999999556923,,,0.0,,,,,
synthetic_image,kodak24,kodim12,50,1,nlm,25.824662359242318,0.6872722506523132,0.8276291489601135,0.021142546087503433,0.6096014380455017,0.05586137995123863,0,0.04102050000074087,,,0.0,,,,,
synthetic_image,kodak24,kodim12,50,1,bm3d,29.175726306393276,0.8180018067359924,0.9488180875778198,0.014521286822855473,0.6096014380455017,0.033712632954120636,0,1.4150697999994009,,,0.0,,,,,
synthetic_image,kodak24,kodim12,50,1,fdncnn_color,29.443541542394094,0.8265911936759949,0.9513806700706482,0.014332400634884834,0.6096014380455017,0.03185698390007019,0,1.1849136000000726,,,0.0,,,,,
synthetic_image,kodak24,kodim12,50,1,ectv_fdncnn,29.443541542394094,0.8265911936759949,0.9513806700706482,0.014332400634884834,0.6096014380455017,0.03185698390007019,0,1.188097199999902,0.75,0.5777444541454315,0.5091578194443671,0.32,,0.75,1.0,1.0
synthetic_image,kodak24,kodim12,50,2,noisy,14.701124094851766,0.12256308645009995,0.6653343439102173,0.0867268443107605,0.6123073101043701,0.6123073101043701,0,0.0,0.0,0.0,0.0,,,,,
synthetic_image,kodak24,kodim12,50,2,ectv,19.425354727071596,0.22660690546035767,0.747755765914917,0.052165962755680084,0.6123073101043701,0.29228371381759644,27,0.0763848999995389,0.3333333333333333,0.3200235962867737,0.5091578194443671,0.04,,,,
synthetic_image,kodak24,kodim12,50,2,ectv_fidelity,27.125335788011533,0.7779092788696289,0.9086495041847229,0.019244341179728508,0.6123073101043701,0.03028693050146103,80,0.22080429999914486,0.75,0.5820203796029091,0.5091578194443671,0.32,0.25,0.75,,
synthetic_image,kodak24,kodim12,50,2,tv_maxiter,19.425354727071596,0.22660690546035767,0.747755765914917,0.052165962755680084,0.6123073101043701,0.29228371381759644,27,0.07417030000033265,inf,0.3200235962867737,0.5091578194443671,,,,,
synthetic_image,kodak24,kodim12,50,2,tv_fixedk_val,19.440417542395974,0.22702504694461823,0.7481399178504944,0.05205187201499939,0.6123073101043701,0.29168325662612915,40,0.11050869999962742,,0.32062405347824097,0.5091578194443671,,,,,
synthetic_image,kodak24,kodim12,50,2,tv_discrepancy,19.425354727071596,0.22660690546035767,0.747755765914917,0.052165962755680084,0.6123073101043701,0.29228371381759644,27,0.07648020000124234,,0.3200235962867737,0.5091578194443671,,,,,
synthetic_image,kodak24,kodim12,50,2,tv_chambolle_val,24.344219790320437,0.48423895239830017,0.878773033618927,0.022022925317287445,0.6123073101043701,0.09544484317302704,0,0.004079000000274391,,,0.0,,,,,
synthetic_image,kodak24,kodim12,50,2,gaussian_val,23.875180363966013,0.4355151951313019,0.7528774738311768,0.03232308477163315,0.6123073101043701,0.09100032597780228,0,0.000283800000033807,,,0.0,,,,,
synthetic_image,kodak24,kodim12,50,2,median_val,24.049485853926768,0.4469747543334961,0.7665334939956665,0.029031362384557724,0.6123073101043701,0.09137498587369919,0,0.0006873000002087792,,,0.0,,,,,
synthetic_image,kodak24,kodim12,50,2,bilateral_val,23.637847741653346,0.49404415488243103,0.8585050106048584,0.022534150630235672,0.6123073101043701,0.12466547638177872,0,0.13117109999984677,,,0.0,,,,,
synthetic_image,kodak24,kodim12,50,2,pm_diff_val,24.889853942701414,0.5157329440116882,0.816653311252594,0.02655518427491188,0.6123073101043701,0.06735315173864365,5,0.005844399998750305,,,0.0,,,,,
synthetic_image,kodak24,kodim12,50,2,wavelet_bayes,24.223456834475833,0.6316847205162048,0.6642376780509949,0.027820423245429993,0.6123073101043701,0.037338849157094955,0,0.0033839000006992137,,,0.0,,,,,
synthetic_image,kodak24,kodim12,50,2,nlm,25.90449704659077,0.6890338063240051,0.8344098329544067,0.02101842686533928,0.6123073101043701,0.05665697529911995,0,0.03923980000035954,,,0.0,,,,,
synthetic_image,kodak24,kodim12,50,2,bm3d,29.154118146997835,0.814093828201294,0.9476141929626465,0.014454957097768784,0.6123073101043701,0.034426432102918625,0,1.4207404000007955,,,0.0,,,,,
synthetic_image,kodak24,kodim12,50,2,fdncnn_color,29.539663607892095,0.825167179107666,0.9515171647071838,0.014256895519793034,0.6123073101043701,0.03211861476302147,0,1.2126544999991893,,,0.0,,,,,
synthetic_image,kodak24,kodim12,50,2,ectv_fdncnn,29.539663607892095,0.825167179107666,0.9515171647071838,0.014256895519793034,0.6123073101043701,0.03211861476302147,0,1.2157966999984637,0.75,0.5801886953413486,0.5091578194443671,0.32,,0.75,1.0,1.0
synthetic_image,kodak24,kodim13,15,0,noisy,24.652236008443317,0.7063036561012268,0.9681860208511353,0.0209246426820755,0.25575676560401917,0.25575676560401917,0,0.0,0.0,0.0,0.0,,,,,
synthetic_image,kodak24,kodim13,15,0,ectv,25.435155547272352,0.7327547073364258,0.9701319932937622,0.019509462639689445,0.25575676560401917,0.23191289603710175,1,0.019819900000584312,0.023843897597316383,0.02384386956691742,0.8488381630355155,0.04,,,,
synthetic_image,kodak24,kodim13,15,0,ectv_fidelity,28.11738112474319,0.8141858577728271,0.9649946689605713,0.024811677634716034,0.25575676560401917,0.08318032324314117,9,0.04269879999992554,0.1725764484378941,0.172576442360878,0.8488381630355155,0.32,0.08,0.3333333333333333,,
synthetic_image,kodak24,kodim13,15,0,tv_maxiter,27.666763041672663,0.7904453277587891,0.9534342288970947,0.029366634786128998,0.25575676560401917,0.07197561115026474,20,0.05550129999937781,inf,0.18378115445375443,0.8488381630355155,,,,,
synthetic_image,kodak24,kodim13,15,0,tv_fixedk_val,27.66371191395832,0.7917797565460205,0.9531301856040955,0.029534580186009407,0.25575676560401917,0.0719136968255043,40,0.10922590000154742,,0.18384306877851486,0.8488381630355155,,,,,
synthetic_image,kodak24,kodim13,15,0,tv_discrepancy,28.024567955489488,0.8091179728507996,0.9631118178367615,0.025616606697440147,0.25575676560401917,0.08062203228473663,9,0.026882100000875653,,0.17513473331928253,0.8488381630355155,,,,,
synthetic_image,kodak24,kodim13,15,0,tv_chambolle_val,26.723682084788038,0.7522363662719727,0.9419183135032654,0.03267012536525726,0.25575676560401917,0.06768045574426651,0,0.01532969999971101,,,0.0,,,,,
synthetic_image,kodak24,kodim13,15,0,gaussian_val,25.049231865862396,0.7408942580223083,0.9108735918998718,0.03468180075287819,0.25575676560401917,0.06405391544103622,0,0.000280100000964012,,,0.0,,,,,
synthetic_image,kodak24,kodim13,15,0,median_val,23.393526761313357,0.5834729075431824,0.8475632071495056,0.041537657380104065,0.25575676560401917,0.058283448219299316,0,0.0006046999988029711,,,0.0,,,,,
synthetic_image,kodak24,kodim13,15,0,bilateral_val,27.99144817500676,0.8170987963676453,0.9606135487556458,0.023710204288363457,0.25575676560401917,0.12272525578737259,0,0.130330199999662,,,0.0,,,,,
synthetic_image,kodak24,kodim13,15,0,pm_diff_val,26.091040362828743,0.7428435683250427,0.9320712089538574,0.032082248479127884,0.25575676560401917,0.06473863124847412,5,0.005501399999047862,,,0.0,,,,,
synthetic_image,kodak24,kodim13,15,0,wavelet_bayes,27.17787646304391,0.7920522093772888,0.968847393989563,0.019567221403121948,0.25575676560401917,0.1507851630449295,0,0.0029925999988336116,,,0.0,,,,,
synthetic_image,kodak24,kodim13,15,0,nlm,27.892060320716507,0.780154287815094,0.9447298049926758,0.026614738628268242,0.25575676560401917,0.09915097802877426,0,0.0406886000000668,,,0.0,,,,,
synthetic_image,kodak24,kodim13,15,0,bm3d,30.85878656133724,0.8981537818908691,0.980180561542511,0.01547858864068985,0.25575676560401917,0.12661795318126678,0,1.3935696000007738,,,0.0,,,,,
synthetic_image,kodak24,kodim13,15,0,fdncnn_color,31.203976953596545,0.9069609045982361,0.9821121096611023,0.014611358754336834,0.25575676560401917,0.1250399500131607,0,1.1981263000016042,,,0.0,,,,,
synthetic_image,kodak24,kodim13,15,0,ectv_fdncnn,31.203976953596545,0.9069609045982361,0.9821121096611023,0.014611358754336834,0.25575676560401917,0.1250399500131607,0,1.2000778000019636,0.1725764484378941,0.13071681559085846,0.8488381630355155,0.32,,0.3333333333333333,1.0,1.0
synthetic_image,kodak24,kodim13,15,1,noisy,24.675313385046252,0.7079026103019714,0.9676949381828308,0.0209655724465847,0.2555350065231323,0.2555350065231323,0,0.0,0.0,0.0,0.0,,,,,
synthetic_image,kodak24,kodim13,15,1,ectv,25.45893744487103,0.7343202233314514,0.9696194529533386,0.019593335688114166,0.2555350065231323,0.2316911220550537,1,0.02200249999987136,0.023843897597316383,0.023843884468078613,0.8488381630355155,0.04,,,,
synthetic_image,kodak24,kodim13,15,1,ectv_fidelity,28.120665631523313,0.815486490726471,0.9646808505058289,0.024929270148277283,0.2555350065231323,0.08295856416225433,9,0.044633499999690684,0.1725764484378941,0.172576442360878,0.8488381630355155,0.32,0.08,0.3333333333333333,,
synthetic_image,kodak24,kodim13,15,1,tv_maxiter,27.67586474347428,0.7917921543121338,0.9534781575202942,0.029397623613476753,0.2555350065231323,0.07205189019441605,20,0.055823299999246956,inf,0.18348311632871628,0.8488381630355155,,,,,
synthetic_image,kodak24,kodim13,15,1,tv_fixedk_val,27.6733143373647,0.7930132746696472,0.953212320804596,0.029569389298558235,0.2555350065231323,0.07197266817092896,40,0.11554299999988871,,0.18356233835220337,0.8488381630355155,,,,,
synthetic_image,kodak24,kodim13,15,1,tv_discrepancy,28.036681930160064,0.8109038472175598,0.9630138278007507,0.025648396462202072,0.2555350065231323,0.08068986237049103,9,0.02959509999891452,,0.1748451441526413,0.8488381630355155,,,,,
synthetic_image,kodak24,kodim13,15,1,tv_chambolle_val,26.73777431480002,0.7542868256568909,0.9420587420463562,0.03266339376568794,0.2555350065231323,0.06778374314308167,0,0.014587899999241927,,,0.0,,,,,
synthetic_image,kodak24,kodim13,15,1,gaussian_val,25.05443238459053,0.7422873377799988,0.9101230502128601,0.03468520566821098,0.2555350065231323,0.06419790536165237,0,0.000300900001093396,,,0.0,,,,,
synthetic_image,kodak24,kodim13,15,1,median_val,23.425765271038674,0.5859946608543396,0.8488903045654297,0.04156162962317467,0.2555350065231323,0.05812087655067444,0,0.0006606999995710794,,,0.0,,,,,
synthetic_image,kodak24,kodim13,15,1,bilateral_val,28.012448406371195,0.8184648156166077,0.9614214897155762,0.023598063737154007,0.2555350065231323,0.12292899936437607,0,0.13156139999955485,,,0.0,,,,,
synthetic_image,kodak24,kodim13,15,1,pm_diff_val,26.08701339809704,0.7440144419670105,0.9326047301292419,0.03213397413492203,0.2555350065231323,0.06473761796951294,5,0.005578899999818532,,,0.0,,,,,
synthetic_image,kodak24,kodim13,15,1,wavelet_bayes,27.193891949576617,0.7928760051727295,0.9680383205413818,0.019845930859446526,0.2555350065231323,0.15050901472568512,0,0.003110799998466973,,,0.0,,,,,
synthetic_image,kodak24,kodim13,15,1,nlm,27.9207119474167,0.7815253138542175,0.9456200003623962,0.026465939357876778,0.2555350065231323,0.09961189329624176,0,0.038846100000228034,,,0.0,,,,,
synthetic_image,kodak24,kodim13,15,1,bm3d,30.904495534942175,0.8994656205177307,0.9805159568786621,0.015343233942985535,0.2555350065231323,0.12618599832057953,0,1.402879799999937,,,0.0,,,,,
synthetic_image,kodak24,kodim13,15,1,fdncnn_color,31.24424486692,0.9079537391662598,0.9822649359703064,0.014588202349841595,0.2555350065231323,0.12489298731088638,0,1.1907441000003018,,,0.0,,,,,
synthetic_image,kodak24,kodim13,15,1,ectv_fdncnn,31.24424486692,0.9079537391662598,0.9822649359703064,0.014588202349841595,0.2555350065231323,0.12489298731088638,0,1.1929980000004434,0.1725764484378941,0.13064201921224594,0.8488381630355155,0.32,,0.3333333333333333,1.0,1.0
synthetic_image,kodak24,kodim13,15,2,noisy,24.662411110157784,0.7074254155158997,0.9672473669052124,0.021158598363399506,0.25525736808776855,0.25525736808776855,0,0.0,0.0,0.0,0.0,,,,,
synthetic_image,kodak24,kodim13,15,2,ectv,25.446946650045554,0.7339637875556946,0.9692637324333191,0.019743412733078003,0.25525736808776855,0.23141349852085114,1,0.02132040000105917,0.023843897597316383,0.02384386956691742,0.8488381630355155,0.04,,,,
synthetic_image,kodak24,kodim13,15,2,ectv_fidelity,28.115000497873073,0.8148247599601746,0.9650047421455383,0.024934981018304825,0.25525736808776855,0.08268092572689056,9,0.04095219999908295,0.1725764484378941,0.172576442360878,0.8488381630355155,0.32,0.08,0.3333333333333333,,
synthetic_image,kodak24,kodim13,15,2,tv_maxiter,27.69624586286724,0.7929165363311768,0.9544611573219299,0.029199957847595215,0.25525736808776855,0.0722251608967781,20,0.055533099999593105,inf,0.18303220719099045,0.8488381630355155,,,,,
synthetic_image,kodak24,kodim13,15,2,tv_fixedk_val,27.695221783654805,0.7941665649414062,0.9541526436805725,0.029370760545134544,0.25525736808776855,0.07215031236410141,40,0.11643890000050305,,0.18310705572366714,0.8488381630355155,,,,,
synthetic_image,kodak24,kodim13,15,2,tv_discrepancy,28.044812197814988,0.8110007643699646,0.9636359214782715,0.025525806471705437,0.25525736808776855,0.08080727607011795,9,0.028422400000636117,,0.1744500920176506,0.8488381630355155,,,,,
synthetic_image,kodak24,kodim13,15,2,tv_chambolle_val,26.766412590874054,0.7554877400398254,0.9434638023376465,0.032477475702762604,0.25525736808776855,0.06803544610738754,0,0.014808799998718314,,,0.0,,,,,
synthetic_image,kodak24,kodim13,15,2,gaussian_val,25.066761175677897,0.7427249550819397,0.9103431105613708,0.0346560999751091,0.25525736808776855,0.06423212587833405,0,0.00027709999994840473,,,0.0,,,,,
synthetic_image,kodak24,kodim13,15,2,median_val,23.41305196590461,0.5872241258621216,0.8499142527580261,0.041307415813207626,0.25525736808776855,0.05851886048913002,0,0.0005796999994345242,,,0.0,,,,,
synthetic_image,kodak24,kodim13,15,2,bilateral_val,27.982519737035286,0.8178122639656067,0.9615294933319092,0.023547058925032616,0.25525736808776855,0.12285135686397552,0,0.13000990000000456,,,0.0,,,,,
synthetic_image,kodak24,kodim13,15,2,pm_diff_val,26.11444235398473,0.7450706958770752,0.9342708587646484,0.03200242295861244,0.25525736808776855,0.06498415768146515,5,0.006031500000972301,,,0.0,,,,,
synthetic_image,kodak24,kodim13,15,2,wavelet_bayes,27.21166980972701,0.7936005592346191,0.9685360789299011,0.01973535493016243,0.25525736808776855,0.15042351186275482,0,0.003564300001016818,,,0.0,,,,,
synthetic_image,kodak24,kodim13,15,2,nlm,27.928264677322836,0.783154308795929,0.9466955065727234,0.026286842301487923,0.25525736808776855,0.10021375864744186,0,0.039030100000672974,,,0.0,,,,,
synthetic_image,kodak24,kodim13,15,2,bm3d,30.860347888411734,0.8988620638847351,0.9806491136550903,0.015249811112880707,0.25525736808776855,0.1263243854045868,0,1.385191899998972,,,0.0,,,,,
synthetic_image,kodak24,kodim13,15,2,fdncnn_color,31.185946763592174,0.9068275094032288,0.9822736978530884,0.014580008573830128,0.25525736808776855,0.12459424883127213,0,1.182673600000271,,,0.0,,,,,
synthetic_image,kodak24,kodim13,15,2,ectv_fdncnn,31.185946763592174,0.9068275094032288,0.9822736978530884,0.014580008573830128,0.25525736808776855,0.12459424883127213,0,1.1852338000007876,0.1725764484378941,0.13066311925649643,0.8488381630355155,0.32,,0.3333333333333333,1.0,1.0
synthetic_image,kodak24,kodim13,25,0,noisy,20.30455495890902,0.5144762992858887,0.9253571629524231,0.03544372320175171,0.36230039596557617,0.36230039596557617,0,0.0,0.0,0.0,0.0,,,,,
synthetic_image,kodak24,kodim13,25,0,ectv,24.739887404397273,0.6923587322235107,0.9477965831756592,0.02426460012793541,0.36230039596557617,0.17451314628124237,5,0.031730500000776374,0.18778726146140717,0.1877872496843338,0.6839397205857212,0.04,,,,
synthetic_image,kodak24,kodim13,25,0,ectv_fidelity,25.80668750476743,0.7143087387084961,0.9265486598014832,0.03510637581348419,0.36230039596557617,0.06666214764118195,80,0.2232356999993499,0.33330865074633204,0.2956382483243942,0.6839397205857212,0.32,0.12,0.3333333333333333,,
synthetic_image,kodak24,kodim13,25,0,tv_maxiter,26.088641000474585,0.7466415762901306,0.9506744146347046,0.025830892845988274,0.36230039596557617,0.11424021422863007,22,0.06281809999927646,inf,0.2480601817369461,0.6839397205857212,,,,,
synthetic_image,kodak24,kodim13,25,0,tv_fixedk_val,26.097245431595194,0.746712863445282,0.9505606889724731,0.02593332901597023,0.36230039596557617,0.11381243914365768,40,0.11128309999912744,,0.2484879568219185,0.6839397205857212,,,,,
synthetic_image,kodak24,kodim13,25,0,tv_discrepancy,26.088641000474585,0.7466415762901306,0.9506744146347046,0.025830892845988274,0.36230039596557617,0.11424021422863007,22,0.06354690000080154,,0.2480601817369461,0.6839397205857212,,,,,
synthetic_image,kodak24,kodim13,25,0,tv_chambolle_val,24.773973148285737,0.653150737285614,0.9005271792411804,0.04040342569351196,0.36230039596557617,0.05646869167685509,0,0.0159150999988924,,,0.0,,,,,
synthetic_image,kodak24,kodim13,25,0,gaussian_val,24.39362707959655,0.6884763836860657,0.8985280990600586,0.03481660410761833,0.36230039596557617,0.07369548082351685,0,0.0003104999996139668,,,0.0,,,,,
synthetic_image,kodak24,kodim13,25,0,median_val,22.89680827803688,0.542866051197052,0.8339596390724182,0.04251357167959213,0.36230039596557617,0.06778649985790253,0,0.0006315999999060296,,,0.0,,,,,
synthetic_image,kodak24,kodim13,25,0,bilateral_val,24.82352790233032,0.6847893595695496,0.9203965663909912,0.03255068138241768,0.36230039596557617,0.12182935327291489,0,0.13277689999995346,,,0.0,,,,,
synthetic_image,kodak24,kodim13,25,0,pm_diff_val,24.555481953469254,0.6728290915489197,0.9090545177459717,0.036515627056360245,0.36230039596557617,0.0626874640583992,5,0.00605109999924025,,,0.0,,,,,
synthetic_image,kodak24,kodim13,25,0,wavelet_bayes,24.476355635122875,0.6652483344078064,0.9224125146865845,0.02995413728058338,0.36230039596557617,0.12372598797082901,0,0.0034045000011246884,,,0.0,,,,,
synthetic_image,kodak24,kodim13,25,0,nlm,25.493237815366697,0.67340487241745,0.9006664156913757,0.03658432886004448,0.36230039596557617,0.07819607853889465,0,0.03951550000056159,,,0.0,,,,,
synthetic_image,kodak24,kodim13,25,0,bm3d,28.08855749203401,0.8197813034057617,0.9571350812911987,0.022681949660182,0.36230039596557617,0.10417655855417252,0,1.4082818000006228,,,0.0,,,,,
synthetic_image,kodak24,kodim13,25,0,fdncnn_color,28.45131093298268,0.836804211139679,0.9623399376869202,0.020993227139115334,0.36230039596557617,0.11003094166517258,0,1.191300800001045,,,0.0,,,,,
synthetic_image,kodak24,kodim13,25,0,ectv_fdncnn,28.45131093298268,0.836804211139679,0.9623399376869202,0.020993227139115334,0.36230039596557617,0.11003094166517258,0,1.1935730000004696,0.33330865074633204,0.2522694543004036,0.6839397205857212,0.32,,0.3333333333333333,1.0,1.0
synthetic_image,kodak24,kodim13,25,1,noisy,20.330413338303238,0.5166402459144592,0.9238036870956421,0.035485684871673584,0.3617735207080841,0.3617735207080841,0,0.0,0.0,0.0,0.0,,,,,
synthetic_image,kodak24,kodim13,25,1,ectv,24.7748990508127,0.6951184272766113,0.9464232325553894,0.024546382948756218,0.3617735207080841,0.1739862859249115,5,0.03035450000061246,0.18778726146140717,0.1877872347831726,0.6839397205857212,0.04,,,,
synthetic_image,kodak24,kodim13,25,1,ectv_fidelity,25.820823210685475,0.7164300084114075,0.9268105626106262,0.03512689843773842,0.3617735207080841,0.06666341423988342,80,0.22268249999979162,0.33330865074633204,0.2951101064682007,0.6839397205857212,0.32,0.12,0.3333333333333333,,
synthetic_image,kodak24,kodim13,25,1,tv_maxiter,26.11875760996127,0.74993896484375,0.9500715732574463,0.02591256983578205,0.3617735207080841,0.11399489641189575,22,0.06454480000138574,inf,0.24777862429618835,0.6839397205857212,,,,,
synthetic_image,kodak24,kodim13,25,1,tv_fixedk_val,26.126714428408754,0.7499442100524902,0.9499732851982117,0.026014724746346474,0.3617735207080841,0.11358146369457245,40,0.11595719999968424,,0.24819205701351166,0.6839397205857212,,,,,
synthetic_image,kodak24,kodim13,25,1,tv_discrepancy,26.11875760996127,0.74993896484375,0.9500715732574463,0.02591256983578205,0.3617735207080841,0.11399489641189575,22,0.06469900000047346,,0.24777862429618835,0.6839397205857212,,,,,
synthetic_image,kodak24,kodim13,25,1,tv_chambolle_val,24.780222025057725,0.6553799510002136,0.9010781049728394,0.0404042974114418,0.3617735207080841,0.05646425485610962,0,0.016293999999106745,,,0.0,,,,,
synthetic_image,kodak24,kodim13,25,1,gaussian_val,24.40476327099291,0.690778911113739,0.8971654772758484,0.034905750304460526,0.3617735207080841,0.07387842983007431,0,0.0002826999989338219,,,0.0,,,,,
synthetic_image,kodak24,kodim13,25,1,median_val,22.93716641018392,0.5449655652046204,0.8361639976501465,0.042482636868953705,0.3617735207080841,0.06768813729286194,0,0.0006373000014718855,,,0.0,,,,,
synthetic_image,kodak24,kodim13,25,1,bilateral_val,24.84978411958787,0.6882023811340332,0.9226864576339722,0.03243975713849068,0.3617735207080841,0.12196004390716553,0,0.1441518999999971,,,0.0,,,,,
synthetic_image,kodak24,kodim13,25,1,pm_diff_val,24.558727516741218,0.6748723983764648,0.9083036184310913,0.03658780828118324,0.3617735207080841,0.06275045871734619,5,0.0064526999994996,,,0.0,,,,,
synthetic_image,kodak24,kodim13,25,1,wavelet_bayes,24.462759551360122,0.665743350982666,0.9200884103775024,0.03030841425061226,0.3617735207080841,0.1230418011546135,0,0.003866099999868311,,,0.0,,,,,
synthetic_image,kodak24,kodim13,25,1,nlm,25.485683782383575,0.6724802851676941,0.9018794298171997,0.03694736212491989,0.3617735207080841,0.07594746351242065,0,0.04113139999935811,,,0.0,,,,,
synthetic_image,kodak24,kodim13,25,1,bm3d,28.1156296230556,0.8200078010559082,0.957367479801178,0.022706136107444763,0.3617735207080841,0.1030205637216568,0,1.3622988000006444,,,0.0,,,,,
synthetic_image,kodak24,kodim13,25,1,fdncnn_color,28.473422814409886,0.8377832770347595,0.9624819159507751,0.02103753760457039,0.3617735207080841,0.10914411395788193,0,1.2007381999992504,,,0.0,,,,,
synthetic_image,kodak24,kodim13,25,1,ectv_fdncnn,28.473422814409886,0.8377832770347595,0.9624819159507751,0.02103753760457039,0.3617735207080841,0.10914411395788193,0,1.2032987000002322,0.33330865074633204,0.2526294067502022,0.6839397205857212,0.32,,0.3333333333333333,1.0,1.0
synthetic_image,kodak24,kodim13,25,2,noisy,20.31112326055165,0.515625,0.9231432676315308,0.035819921642541885,0.36207708716392517,0.36207708716392517,0,0.0,0.0,0.0,0.0,,,,,
synthetic_image,kodak24,kodim13,25,2,ectv,24.766780507733536,0.6952192187309265,0.9467403888702393,0.024540092796087265,0.36207708716392517,0.17428983747959137,5,0.030062400001042988,0.18778726146140717,0.1877872496843338,0.6839397205857212,0.04,,,,
synthetic_image,kodak24,kodim13,25,2,ectv_fidelity,25.862880754215432,0.7193946838378906,0.9288720488548279,0.03481970727443695,0.36207708716392517,0.06713227927684784,80,0.22007420000045386,0.33330865074633204,0.29494480788707733,0.6839397205857212,0.32,0.12,0.3333333333333333,,
synthetic_image,kodak24,kodim13,25,2,tv_maxiter,26.13094257613978,0.7507834434509277,0.9510276317596436,0.0257534459233284,0.36207708716392517,0.1142292246222496,22,0.06465939999907278,inf,0.24784786254167557,0.6839397205857212,,,,,
synthetic_image,kodak24,kodim13,25,2,tv_fixedk_val,26.139537589780776,0.7508165836334229,0.9509300589561462,0.025854872539639473,0.36207708716392517,0.11381631344556808,40,0.11274570000023232,,0.2482607737183571,0.6839397205857212,,,,,
synthetic_image,kodak24,kodim13,25,2,tv_discrepancy,26.13094257613978,0.7507834434509277,0.9510276317596436,0.0257534459233284,0.36207708716392517,0.1142292246222496,22,0.06331119999958901,,0.24784786254167557,0.6839397205857212,,,,,
synthetic_image,kodak24,kodim13,25,2,tv_chambolle_val,24.811365617025032,0.6572414040565491,0.903336226940155,0.040187183767557144,0.36207708716392517,0.056822095066308975,0,0.01669220000076166,,,0.0,,,,,
synthetic_image,kodak24,kodim13,25,2,gaussian_val,24.42472678583134,0.6918339729309082,0.8973793387413025,0.03490935266017914,0.36207708716392517,0.07388418167829514,0,0.0002855000002455199,,,0.0,,,,,
synthetic_image,kodak24,kodim13,25,2,median_val,22.92884895507129,0.5486655235290527,0.8358960151672363,0.042235732078552246,0.36207708716392517,0.06830879300832748,0,0.0006427000007533934,,,0.0,,,,,
synthetic_image,kodak24,kodim13,25,2,bilateral_val,24.813604929849326,0.6863167881965637,0.9228679537773132,0.03224250674247742,0.36207708716392517,0.12247785925865173,0,0.13100089999898046,,,0.0,,,,,
synthetic_image,kodak24,kodim13,25,2,pm_diff_val,24.572675222219424,0.6761667132377625,0.9085519313812256,0.03651462122797966,0.36207708716392517,0.06291811913251877,5,0.005347300000721589,,,0.0,,,,,
synthetic_image,kodak24,kodim13,25,2,wavelet_bayes,24.498389468327492,0.6686421036720276,0.921039879322052,0.03019552119076252,0.36207708716392517,0.12274443358182907,0,0.003118200000244542,,,0.0,,,,,
synthetic_image,kodak24,kodim13,25,2,nlm,25.494736421420527,0.6744462847709656,0.9032760858535767,0.03666550666093826,0.36207708716392517,0.07732806354761124,0,0.03967449999981909,,,0.0,,,,,
synthetic_image,kodak24,kodim13,25,2,bm3d,28.104715772821024,0.8226599097251892,0.9586347341537476,0.022280892357230186,0.36207708716392517,0.10401662439107895,0,1.4083673999994062,,,0.0,,,,,
synthetic_image,kodak24,kodim13,25,2,fdncnn_color,28.44870235529923,0.8383272290229797,0.9633001685142517,0.02081085555255413,0.36207708716392517,0.10980947315692902,0,1.206163099999685,,,0.0,,,,,
synthetic_image,kodak24,kodim13,25,2,ectv_fdncnn,28.44870235529923,0.8383272290229797,0.9633001685142517,0.02081085555255413,0.36207708716392517,0.10980947315692902,0,1.2084102000007988,0.33330865074633204,0.25226761400699615,0.6839397205857212,0.32,,0.3333333333333333,1.0,1.0
synthetic_image,kodak24,kodim13,50,0,noisy,14.748611276014083,0.26418647170066833,0.8233838081359863,0.07235191017389297,0.6241369247436523,0.6241369247436523,0,0.0,0.0,0.0,0.0,,,,,
synthetic_image,kodak24,kodim13,50,0,ectv,19.125660043140186,0.4160511791706085,0.859191358089447,0.04394984245300293,0.6241369247436523,0.3100419044494629,27,0.07676100000026054,0.3333333333333333,0.31409502029418945,0.5091578194443671,0.04,,,,
synthetic_image,kodak24,kodim13,50,0,ectv_fidelity,22.98995713944969,0.5428745150566101,0.8398551940917969,0.048195771872997284,0.6241369247436523,0.04388302192091942,80,0.22238519999882556,0.75,0.5802539028227329,0.5091578194443671,0.32,0.25,0.75,,
synthetic_image,kodak24,kodim13,50,0,tv_maxiter,19.125660043140186,0.4160511791706085,0.859191358089447,0.04394984245300293,0.6241369247436523,0.3100419044494629,27,0.08092920000126469,inf,0.31409502029418945,0.5091578194443671,,,,,
synthetic_image,kodak24,kodim13,50,0,tv_fixedk_val,19.138018196644296,0.4164811074733734,0.8593199253082275,0.04387402534484863,0.6241369247436523,0.30946168303489685,40,0.11516449999908218,,0.3146752417087555,0.5091578194443671,,,,,
synthetic_image,kodak24,kodim13,50,0,tv_discrepancy,19.125660043140186,0.4160511791706085,0.859191358089447,0.04394984245300293,0.6241369247436523,0.3100419044494629,27,0.07650250000006054,,0.31409502029418945,0.5091578194443671,,,,,
synthetic_image,kodak24,kodim13,50,0,tv_chambolle_val,22.422377081712774,0.5117178559303284,0.8391160368919373,0.0483282171189785,0.6241369247436523,0.0751563310623169,0,0.011361400000168942,,,0.0,,,,,
synthetic_image,kodak24,kodim13,50,0,gaussian_val,22.287036293447585,0.544850766658783,0.8519896864891052,0.03746284171938896,0.6241369247436523,0.1004209816455841,0,0.0002758999999059597,,,0.0,,,,,
synthetic_image,kodak24,kodim13,50,0,median_val,21.4088955232727,0.4361479580402374,0.7901911735534668,0.043504420667886734,0.6241369247436523,0.0987653136253357,0,0.0007158999997045612,,,0.0,,,,,
synthetic_image,kodak24,kodim13,50,0,bilateral_val,21.23235256558942,0.4733857214450836,0.8334053754806519,0.041954346001148224,0.6241369247436523,0.13415513932704926,0,0.12812459999986459,,,0.0,,,,,
synthetic_image,kodak24,kodim13,50,0,pm_diff_val,22.56503694076159,0.5501617789268494,0.86003178358078,0.03918503224849701,0.6241369247436523,0.07553804665803909,5,0.005343500000890344,,,0.0,,,,,
synthetic_image,kodak24,kodim13,50,0,wavelet_bayes,21.477816197623852,0.4505622386932373,0.7256752252578735,0.049225110560655594,0.6241369247436523,0.057766612619161606,0,0.003006400000231224,,,0.0,,,,,
synthetic_image,kodak24,kodim13,50,0,nlm,22.474340290729483,0.501630961894989,0.8376572132110596,0.04894770309329033,0.6241369247436523,0.0659634992480278,0,0.04408510000030219,,,0.0,,,,,
synthetic_image,kodak24,kodim13,50,0,bm3d,24.550066983348216,0.653704822063446,0.8897387981414795,0.036555852741003036,0.6241369247436523,0.06399238109588623,0,1.3962754999993194,,,0.0,,,,,
synthetic_image,kodak24,kodim13,50,0,fdncnn_color,24.877676958980402,0.6718361973762512,0.9028285145759583,0.034280531108379364,0.6241369247436523,0.07335668057203293,0,1.2112639999995736,,,0.0,,,,,
synthetic_image,kodak24,kodim13,50,0,ectv_fdncnn,24.877676958980402,0.6718361973762512,0.9028285145759583,0.034280531108379364,0.6241369247436523,0.07335668057203293,0,1.2136750999998185,0.75,0.5507802441716194,0.5091578194443671,0.32,,0.75,1.0,1.0
synthetic_image,kodak24,kodim13,50,1,noisy,14.773507109023532,0.26681455969810486,0.820793867111206,0.07220619916915894,0.6231706738471985,0.6231706738471985,0,0.0,0.0,0.0,0.0,,,,,
synthetic_image,kodak24,kodim13,50,1,ectv,19.168853818487936,0.42041003704071045,0.8561905026435852,0.044169291853904724,0.6231706738471985,0.3089209794998169,27,0.07806410000011965,0.3333333333333333,0.3142496943473816,0.5091578194443671,0.04,,,,
synthetic_image,kodak24,kodim13,50,1,ectv_fidelity,23.000912749900984,0.544215977191925,0.8367501497268677,0.04822272062301636,0.6231706738471985,0.04383058845996857,80,0.22362339999926917,0.75,0.5793400853872299,0.5091578194443671,0.32,0.25,0.75,,
synthetic_image,kodak24,kodim13,50,1,tv_maxiter,19.168853818487936,0.42041003704071045,0.8561905026435852,0.044169291853904724,0.6231706738471985,0.3089209794998169,27,0.07594349999999395,inf,0.3142496943473816,0.5091578194443671,,,,,
synthetic_image,kodak24,kodim13,50,1,tv_fixedk_val,19.18124335295669,0.420844167470932,0.8563190698623657,0.04409431666135788,0.6231706738471985,0.30834197998046875,40,0.11114639999868814,,0.31482869386672974,0.5091578194443671,,,,,
synthetic_image,kodak24,kodim13,50,1,tv_discrepancy,19.168853818487936,0.42041003704071045,0.8561905026435852,0.044169291853904724,0.6231706738471985,0.3089209794998169,27,0.07600210000055085,,0.3142496943473816,0.5091578194443671,,,,,
synthetic_image,kodak24,kodim13,50,1,tv_chambolle_val,22.602437397146005,0.528684139251709,0.831600546836853,0.04887573793530464,0.6231706738471985,0.052758701145648956,0,0.013049300001512165,,,0.0,,,,,
synthetic_image,kodak24,kodim13,50,1,gaussian_val,22.323998896859866,0.5491859912872314,0.8502589464187622,0.03762959688901901,0.6231706738471985,0.10065170377492905,0,0.0003054999997402774,,,0.0,,,,,
synthetic_image,kodak24,kodim13,50,1,median_val,21.46883251145617,0.4400961697101593,0.7942360639572144,0.04331480711698532,0.6231706738471985,0.09875158965587616,0,0.0006835000003775349,,,0.0,,,,,
synthetic_image,kodak24,kodim13,50,1,bilateral_val,21.2342114062649,0.47823867201805115,0.8331969380378723,0.04195600375533104,0.6231706738471985,0.13395631313323975,0,0.12920329999906244,,,0.0,,,,,
synthetic_image,kodak24,kodim13,50,1,pm_diff_val,22.600538027191,0.5547859072685242,0.8579844832420349,0.039235204458236694,0.6231706738471985,0.07572712749242783,5,0.005420899999080575,,,0.0,,,,,
synthetic_image,kodak24,kodim13,50,1,wavelet_bayes,21.515555924577573,0.45490774512290955,0.7300407290458679,0.04898788407444954,0.6231706738471985,0.05838853865861893,0,0.0030852999989292584,,,0.0,,,,,
synthetic_image,kodak24,kodim13,50,1,nlm,22.490777520277728,0.5057814717292786,0.8346223831176758,0.048889126628637314,0.6231706738471985,0.0647745430469513,0,0.04083119999995688,,,0.0,,,,,
synthetic_image,kodak24,kodim13,50,1,bm3d,24.589664247242183,0.6534509062767029,0.8908745646476746,0.03672095760703087,0.6231706738471985,0.06297893822193146,0,1.401915899999949,,,0.0,,,,,
synthetic_image,kodak24,kodim13,50,1,fdncnn_color,24.88547149362279,0.6709308624267578,0.9020647406578064,0.03460276499390602,0.6231706738471985,0.07214327901601791,0,1.1846005000006699,,,0.0,,,,,
synthetic_image,kodak24,kodim13,50,1,ectv_fdncnn,24.88547149362279,0.6709308624267578,0.9020647406578064,0.03460276499390602,0.6231706738471985,0.07214327901601791,0,1.1866884000010032,0.75,0.5510273948311806,0.5091578194443671,0.32,,0.75,1.0,1.0
synthetic_image,kodak24,kodim13,50,2,noisy,14.757821992912628,0.2655960023403168,0.8192930221557617,0.07272566854953766,0.6244658827781677,0.6244658827781677,0,0.0,0.0,0.0,0.0,,,,,
synthetic_image,kodak24,kodim13,50,2,ectv,19.16548564964503,0.4210539758205414,0.8557952642440796,0.04440305754542351,0.6244658827781677,0.3095480501651764,27,0.07436020000022836,0.3333333333333333,0.31491783261299133,0.5091578194443671,0.04,,,,
synthetic_image,kodak24,kodim13,50,2,ectv_fidelity,23.02309849035317,0.5469891428947449,0.8379923701286316,0.047996558248996735,0.6244658827781677,0.044115182012319565,80,0.21838770000067598,0.75,0.5803507007658482,0.5091578194443671,0.32,0.25,0.75,,
synthetic_image,kodak24,kodim13,50,2,tv_maxiter,19.16548564964503,0.4210539758205414,0.8557952642440796,0.04440305754542351,0.6244658827781677,0.3095480501651764,27,0.07600970000021334,inf,0.31491783261299133,0.5091578194443671,,,,,
synthetic_image,kodak24,kodim13,50,2,tv_fixedk_val,19.177911818456938,0.4214926064014435,0.8559286594390869,0.044326942414045334,0.6244658827781677,0.30896851420402527,40,0.10918970000057016,,0.31549736857414246,0.5091578194443671,,,,,
synthetic_image,kodak24,kodim13,50,2,tv_discrepancy,19.16548564964503,0.4210539758205414,0.8557952642440796,0.04440305754542351,0.6244658827781677,0.3095480501651764,27,0.07851579999987734,,0.31491783261299133,0.5091578194443671,,,,,
synthetic_image,kodak24,kodim13,50,2,tv_chambolle_val,22.595231308637537,0.528140127658844,0.8286418914794922,0.04881483316421509,0.6244658827781677,0.05244888737797737,0,0.01245070000004489,,,0.0,,,,,
synthetic_image,kodak24,kodim13,50,2,gaussian_val,22.358109590620828,0.5525080561637878,0.8493353128433228,0.03774994984269142,0.6244658827781677,0.10041818767786026,0,0.0002868999999918742,,,0.0,,,,,
synthetic_image,kodak24,kodim13,50,2,median_val,21.46055170683967,0.4460975229740143,0.7922356128692627,0.043124742805957794,0.6244658827781677,0.09889340400695801,0,0.0006785999994463054,,,0.0,,,,,
synthetic_image,kodak24,kodim13,50,2,bilateral_val,21.16485243356838,0.4744032323360443,0.8315843343734741,0.04181979224085808,0.6244658827781677,0.1348358690738678,0,0.13849569999911182,,,0.0,,,,,
synthetic_image,kodak24,kodim13,50,2,pm_diff_val,22.625213066892,0.5579264760017395,0.8568049073219299,0.03929790109395981,0.6244658827781677,0.07573583722114563,5,0.005735900000217953,,,0.0,,,,,
synthetic_image,kodak24,kodim13,50,2,wavelet_bayes,21.517110886467243,0.45656096935272217,0.7219127416610718,0.049297232180833817,0.6244658827781677,0.059022027999162674,0,0.0032078000003821217,,,0.0,,,,,
synthetic_image,kodak24,kodim13,50,2,nlm,22.45505788017139,0.501937210559845,0.8346898555755615,0.04920734092593193,0.6244658827781677,0.0639907568693161,0,0.03880070000013802,,,0.0,,,,,
synthetic_image,kodak24,kodim13,50,2,bm3d,24.60394253641588,0.6608538627624512,0.8948550224304199,0.03594669699668884,0.6244658827781677,0.06379638612270355,0,1.3807768000006035,,,0.0,,,,,
synthetic_image,kodak24,kodim13,50,2,fdncnn_color,24.930863384719906,0.6792227625846863,0.9072385430335999,0.03361864760518074,0.6244658827781677,0.07456820458173752,0,1.2068512000005285,,,0.0,,,,,
synthetic_image,kodak24,kodim13,50,2,ectv_fdncnn,24.930863384719906,0.6792227625846863,0.9072385430335999,0.03361864760518074,0.6244658827781677,0.07456820458173752,0,1.2099367000009806,0.75,0.5498976781964302,0.5091578194443671,0.32,,0.75,1.0,1.0
synthetic_image,kodak24,kodim14,15,0,noisy,24.665513567870608,0.6677224636077881,0.9569700956344604,0.021470820531249046,0.23833635449409485,0.23833635449409485,0,0.0,0.0,0.0,0.0,,,,,
synthetic_image,kodak24,kodim14,15,0,ectv,25.516617690421253,0.6991272568702698,0.9598360061645508,0.01990552619099617,0.23833635449409485,0.21449247002601624,1,0.02535610000086308,0.023843897597316383,0.023843884468078613,0.8488381630355155,0.04,,,,
synthetic_image,kodak24,kodim14,15,0,ectv_fidelity,28.966753482555802,0.8326762318611145,0.9562652111053467,0.022847427055239677,0.23833635449409485,0.06636417657136917,80,0.24304689999917173,0.1725764484378941,0.17197217792272568,0.8488381630355155,0.32,0.08,0.3333333333333333,,
synthetic_image,kodak24,kodim14,15,0,tv_maxiter,28.96645755218551,0.8307103514671326,0.9566969275474548,0.022674985229969025,0.23833635449409485,0.06640312075614929,19,0.05618820000017877,inf,0.17193323373794556,0.8488381630355155,,,,,
synthetic_image,kodak24,kodim14,15,0,tv_fixedk_val,28.95824396887879,0.8318198323249817,0.9561377167701721,0.02287730760872364,0.23833635449409485,0.06623683869838715,40,0.11458399999901303,,0.1720995157957077,0.8488381630355155,,,,,
synthetic_image,kodak24,kodim14,15,0,tv_discrepancy,28.96645755218551,0.8307103514671326,0.9566969275474548,0.022674985229969025,0.23833635449409485,0.06640312075614929,19,0.061538599999039434,,0.17193323373794556,0.8488381630355155,,,,,
synthetic_image,kodak24,kodim14,15,0,tv_chambolle_val,28.241036400996332,0.8040215373039246,0.945880115032196,0.025167623534798622,0.23833635449409485,0.0647006407380104,0,0.013849699998900178,,,0.0,,,,,
synthetic_image,kodak24,kodim14,15,0,gaussian_val,26.939568981562655,0.8036397099494934,0.92612624168396,0.025990620255470276,0.23833635449409485,0.06417283415794373,0,0.0002991999990626937,,,0.0,,,,,
synthetic_image,kodak24,kodim14,15,0,median_val,24.848555783871483,0.6838085055351257,0.8702438473701477,0.03171367570757866,0.23833635449409485,0.05861380323767662,0,0.0006967999997868901,,,0.0,,,,,
synthetic_image,kodak24,kodim14,15,0,bilateral_val,27.355046119055064,0.7958467602729797,0.9522417783737183,0.020502034574747086,0.23833635449409485,0.11018925160169601,0,0.13637699999890174,,,0.0,,,,,
synthetic_image,kodak24,kodim14,15,0,pm_diff_val,27.713261913993147,0.8036394119262695,0.9406713247299194,0.024912560358643532,0.23833635449409485,0.06279023736715317,5,0.005655399998431676,,,0.0,,,,,
synthetic_image,kodak24,kodim14,15,0,wavelet_bayes,27.927041674360332,0.7969610095024109,0.9608138203620911,0.018223542720079422,0.23833635449409485,0.12603946030139923,0,0.003548399999999674,,,0.0,,,,,
synthetic_image,kodak24,kodim14,15,0,nlm,29.09852160909271,0.8228680491447449,0.952342689037323,0.01999913714826107,0.23833635449409485,0.09521656483411789,0,0.039124200000514975,,,0.0,,,,,
synthetic_image,kodak24,kodim14,15,0,bm3d,31.47081278624729,0.9095599055290222,0.9787999391555786,0.01317400112748146,0.23833635449409485,0.10262907296419144,0,2.1560014999995474,,,0.0,,,,,
synthetic_image,kodak24,kodim14,15,0,fdncnn_color,32.14344427657999,0.9182963967323303,0.9812777042388916,0.012457371689379215,0.23833635449409485,0.09991484880447388,0,1.324221500000931,,,0.0,,,,,
synthetic_image,kodak24,kodim14,15,0,ectv_fdncnn,32.14344427657999,0.9182963967323303,0.9812777042388916,0.012457371689379215,0.23833635449409485,0.09991484880447388,0,1.3270221000020683,0.1725764484378941,0.13842150568962097,0.8488381630355155,0.32,,0.3333333333333333,1.0,1.0
synthetic_image,kodak24,kodim14,15,1,noisy,24.690678231511967,0.6679577231407166,0.9566225409507751,0.02148277685046196,0.2375984638929367,0.2375984638929367,0,0.0,0.0,0.0,0.0,,,,,
synthetic_image,kodak24,kodim14,15,1,ectv,25.54250646904764,0.6994759440422058,0.9595000147819519,0.01992381177842617,0.2375984638929367,0.2137545794248581,1,0.022993400001723785,0.023843897597316383,0.023843884468078613,0.8488381630355155,0.04,,,,
synthetic_image,kodak24,kodim14,15,1,ectv_fidelity,28.94278063643859,0.8306872248649597,0.9558506011962891,0.022965192794799805,0.2375984638929367,0.0660807192325592,80,0.23696209999980056,0.1725764484378941,0.1715177446603775,0.8488381630355155,0.32,0.08,0.3333333333333333,,
synthetic_image,kodak24,kodim14,15,1,tv_maxiter,28.938145330932773,0.8284284472465515,0.9562435150146484,0.02280578762292862,0.2375984638929367,0.0661097913980484,19,0.0577090999995562,inf,0.1714886724948883,0.8488381630355155,,,,,
synthetic_image,kodak24,kodim14,15,1,tv_fixedk_val,28.9338685397249,0.8298273682594299,0.9557089805603027,0.02299799770116806,0.2375984638929367,0.06595123559236526,40,0.11894840000059048,,0.17164722830057144,0.8488381630355155,,,,,
synthetic_image,kodak24,kodim14,15,1,tv_discrepancy,28.938145330932773,0.8284284472465515,0.9562435150146484,0.02280578762292862,0.2375984638929367,0.0661097913980484,19,0.05842990000019199,,0.1714886724948883,0.8488381630355155,,,,,
synthetic_image,kodak24,kodim14,15,1,tv_chambolle_val,28.202532903740703,0.8012955188751221,0.94466632604599,0.02535434626042843,0.2375984638929367,0.06442442536354065,0,0.014465100000961684,,,0.0,,,,,
synthetic_image,kodak24,kodim14,15,1,gaussian_val,26.931577086042033,0.8030946850776672,0.9251378774642944,0.02619829773902893,0.2375984638929367,0.06405940651893616,0,0.00029849999918951653,,,0.0,,,,,
synthetic_image,kodak24,kodim14,15,1,median_val,24.854844195235234,0.6828131675720215,0.8696249723434448,0.03184366226196289,0.2375984638929367,0.05861448124051094,0,0.0006841000013082521,,,0.0,,,,,
synthetic_image,kodak24,kodim14,15,1,bilateral_val,27.360426729817128,0.794277012348175,0.9517297744750977,0.020601199939846992,0.2375984638929367,0.10930045694112778,0,0.13478140000006533,,,0.0,,,,,
synthetic_image,kodak24,kodim14,15,1,pm_diff_val,27.696776900144243,0.8026266098022461,0.9395049214363098,0.02503564953804016,0.2375984638929367,0.06264326721429825,5,0.006326499998976942,,,0.0,,,,,
synthetic_image,kodak24,kodim14,15,1,wavelet_bayes,27.917507632560607,0.796403706073761,0.9598655104637146,0.018385887145996094,0.2375984638929367,0.12523388862609863,0,0.0036806999996770173,,,0.0,,,,,
synthetic_image,kodak24,kodim14,15,1,nlm,29.01881998002779,0.8182173371315002,0.9499713778495789,0.020381780341267586,0.2375984638929367,0.09344813972711563,0,0.039143800000601914,,,0.0,,,,,
synthetic_image,kodak24,kodim14,15,1,bm3d,31.49509188352397,0.9104328155517578,0.9792096614837646,0.013011082075536251,0.2375984638929367,0.10170949995517731,0,1.7752239999990707,,,0.0,,,,,
synthetic_image,kodak24,kodim14,15,1,fdncnn_color,32.11602975865808,0.9184444546699524,0.9815358519554138,0.012309174984693527,0.2375984638929367,0.09937819838523865,0,1.3093890000000101,,,0.0,,,,,
synthetic_image,kodak24,kodim14,15,1,ectv_fdncnn,32.11602975865808,0.9184444546699524,0.9815358519554138,0.012309174984693527,0.2375984638929367,0.09937819838523865,0,1.3116281000002346,0.1725764484378941,0.13822026550769806,0.8488381630355155,0.32,,0.3333333333333333,1.0,1.0
synthetic_image,kodak24,kodim14,15,2,noisy,24.67653779854534,0.6676285862922668,0.9561768174171448,0.02161671593785286,0.23819313943386078,0.23819313943386078,0,0.0,0.0,0.0,0.0,,,,,
synthetic_image,kodak24,kodim14,15,2,ectv,25.52897778322722,0.6990922093391418,0.9591957926750183,0.020018436014652252,0.23819313943386078,0.21434928476810455,1,0.01964620000035211,0.023843897597316383,0.023843854665756226,0.8488381630355155,0.04,,,,
synthetic_image,kodak24,kodim14,15,2,ectv_fidelity,28.973565899023875,0.83165043592453,0.9570863246917725,0.022821001708507538,0.23819313943386078,0.06617788970470428,80,0.2421211000000767,0.1725764484378941,0.1720152497291565,0.8488381630355155,0.32,0.08,0.3333333333333333,,
synthetic_image,kodak24,kodim14,15,2,tv_maxiter,28.965035082085837,0.8294086456298828,0.9573032259941101,0.022700656205415726,0.23819313943386078,0.0661102831363678,20,0.06339089999892167,inf,0.17208285629749298,0.8488381630355155,,,,,
synthetic_image,kodak24,kodim14,15,2,tv_fixedk_val,28.964461840658302,0.8307488560676575,0.9569457173347473,0.02285170741379261,0.23819313943386078,0.06604259461164474,40,0.12235879999934696,,0.17215054482221603,0.8488381630355155,,,,,
synthetic_image,kodak24,kodim14,15,2,tv_discrepancy,28.965035082085837,0.8294086456298828,0.9573032259941101,0.022700656205415726,0.23819313943386078,0.0661102831363678,20,0.060691799999403884,,0.17208285629749298,0.8488381630355155,,,,,
synthetic_image,kodak24,kodim14,15,2,tv_chambolle_val,28.244828030086396,0.8031553626060486,0.946856677532196,0.025165148079395294,0.23819313943386078,0.06445934623479843,0,0.01491139999961888,,,0.0,,,,,
synthetic_image,kodak24,kodim14,15,2,gaussian_val,26.94003038477717,0.8044491410255432,0.9265518188476562,0.02608422189950943,0.23819313943386078,0.06407833099365234,0,0.0003013000005012145,,,0.0,,,,,
synthetic_image,kodak24,kodim14,15,2,median_val,24.869532723454636,0.6844326853752136,0.8734949827194214,0.031740348786115646,0.23819313943386078,0.05844777822494507,0,0.0006785999994463054,,,0.0,,,,,
synthetic_image,kodak24,kodim14,15,2,bilateral_val,27.3586671111604,0.7940521836280823,0.9531754851341248,0.02039978839457035,0.23819313943386078,0.1100868508219719,0,0.13675429999966582,,,0.0,,,,,
synthetic_image,kodak24,kodim14,15,2,pm_diff_val,27.714702649651738,0.8041694760322571,0.9415556788444519,0.024916641414165497,0.23819313943386078,0.0625801756978035,5,0.006058099999791011,,,0.0,,,,,
synthetic_image,kodak24,kodim14,15,2,wavelet_bayes,27.960461607008614,0.798606812953949,0.9615290760993958,0.01808696798980236,0.23819313943386078,0.1258486807346344,0,0.003256300000430201,,,0.0,,,,,
synthetic_image,kodak24,kodim14,15,2,nlm,29.050861194714997,0.8206238150596619,0.9519618153572083,0.020040512084960938,0.23819313943386078,0.09508413821458817,0,0.04059939999933704,,,0.0,,,,,
synthetic_image,kodak24,kodim14,15,2,bm3d,31.461210434837685,0.9104512333869934,0.979289710521698,0.013046166859567165,0.23819313943386078,0.10254712402820587,0,1.7203835999989678,,,0.0,,,,,
synthetic_image,kodak24,kodim14,15,2,fdncnn_color,32.12807951419216,0.918741762638092,0.9818395376205444,0.012272891588509083,0.23819313943386078,0.10005008429288864,0,1.318364400000064,,,0.0,,,,,
synthetic_image,kodak24,kodim14,15,2,ectv_fdncnn,32.12807951419216,0.918741762638092,0.9818395376205444,0.012272891588509083,0.23819313943386078,0.10005008429288864,0,1.3204558999987057,0.1725764484378941,0.13814305514097214,0.8488381630355155,0.32,,0.3333333333333333,1.0,1.0
synthetic_image,kodak24,kodim14,25,0,noisy,20.38068130159033,0.4776504933834076,0.9032535552978516,0.03650881350040436,0.3466903269290924,0.3466903269290924,0,0.0,0.0,0.0,0.0,,,,,
synthetic_image,kodak24,kodim14,25,0,ectv,25.278234639307534,0.6857707500457764,0.9363473653793335,0.022999178618192673,0.3466903269290924,0.1589030772447586,5,0.03284930000154418,0.18778726146140717,0.1877872496843338,0.6839397205857212,0.04,,,,
synthetic_image,kodak24,kodim14,25,0,ectv_fidelity,26.9554125234052,0.766061544418335,0.9295650124549866,0.027232995256781578,0.3466903269290924,0.06333533674478531,80,0.23697899999933725,0.33330865074633204,0.2833549901843071,0.6839397205857212,0.32,0.12,0.3333333333333333,,
synthetic_image,kodak24,kodim14,25,0,tv_maxiter,26.93554777585827,0.765914261341095,0.9459753632545471,0.021459490060806274,0.3466903269290924,0.10491222888231277,21,0.06560930000159715,inf,0.24177809804677963,0.6839397205857212,,,,,
synthetic_image,kodak24,kodim14,25,0,tv_fixedk_val,26.949119350836423,0.7664027214050293,0.9458804130554199,0.021524380892515182,0.3466903269290924,0.10453873127698898,40,0.12858400000004622,,0.24215159565210342,0.6839397205857212,,,,,
synthetic_image,kodak24,kodim14,25,0,tv_discrepancy,26.93554777585827,0.765914261341095,0.9459753632545471,0.021459490060806274,0.3466903269290924,0.10491222888231277,21,0.0661113000005571,,0.24177809804677963,0.6839397205857212,,,,,
synthetic_image,kodak24,kodim14,25,0,tv_chambolle_val,26.139426220703164,0.7227759957313538,0.9083220362663269,0.030859319493174553,0.3466903269290924,0.0564441941678524,0,0.015937699999994948,,,0.0,,,,,
synthetic_image,kodak24,kodim14,25,0,gaussian_val,25.993262891710046,0.7424420714378357,0.9104304909706116,0.026925697922706604,0.3466903269290924,0.07363638281822205,0,0.0003010000000358559,,,0.0,,,,,
synthetic_image,kodak24,kodim14,25,0,median_val,24.20649488016286,0.6326253414154053,0.8488593697547913,0.03313501179218292,0.3466903269290924,0.06801173835992813,0,0.0007179000003816327,,,0.0,,,,,
synthetic_image,kodak24,kodim14,25,0,bilateral_val,24.189524612844156,0.6583725810050964,0.9122898578643799,0.02788854017853737,0.3466903269290924,0.11298198252916336,0,0.13539719999971567,,,0.0,,,,,
synthetic_image,kodak24,kodim14,25,0,pm_diff_val,25.995394233335748,0.7388084530830383,0.911984384059906,0.02829946018755436,0.3466903269290924,0.06225363537669182,5,0.006243799998628674,,,0.0,,,,,
synthetic_image,kodak24,kodim14,25,0,wavelet_bayes,25.258271593946017,0.6896155476570129,0.9020240306854248,0.027049781754612923,0.3466903269290924,0.10241829603910446,0,0.0034333000003243797,,,0.0,,,,,
synthetic_image,kodak24,kodim14,25,0,nlm,26.627511995631004,0.7310702204704285,0.9116635322570801,0.027738584205508232,0.3466903269290924,0.0766441747546196,0,0.04239129999950819,,,0.0,,,,,
synthetic_image,kodak24,kodim14,25,0,bm3d,28.7909014758973,0.8458511233329773,0.9554124474525452,0.01887066662311554,0.3466903269290924,0.08585898578166962,0,1.7105056000000332,,,0.0,,,,,
synthetic_image,kodak24,kodim14,25,0,fdncnn_color,29.448233605693417,0.8590006232261658,0.9616870284080505,0.017563672736287117,0.3466903269290924,0.08840247243642807,0,1.2332755000006728,,,0.0,,,,,
synthetic_image,kodak24,kodim14,25,0,ectv_fdncnn,29.448233605693417,0.8590006232261658,0.9616870284080505,0.017563672736287117,0.3466903269290924,0.08840247243642807,0,1.2356101000004855,0.33330865074633204,0.25828785449266434,0.6839397205857212,0.32,,0.3333333333333333,1.0,1.0
synthetic_image,kodak24,kodim14,25,1,noisy,20.404937404640467,0.47654989361763,0.9034614562988281,0.03632195666432381,0.3456491529941559,0.3456491529941559,0,0.0,0.0,0.0,0.0,,,,,
synthetic_image,kodak24,kodim14,25,1,ectv,25.31375703655643,0.6859822273254395,0.9360591769218445,0.023047765716910362,0.3456491529941559,0.15786190330982208,5,0.03205279999929189,0.18778726146140717,0.1877872496843338,0.6839397205857212,0.04,,,,
synthetic_image,kodak24,kodim14,25,1,ectv_fidelity,26.929082532266555,0.7618605494499207,0.9286254644393921,0.02740064635872841,0.3456491529941559,0.06288716197013855,80,0.2334356999999727,0.33330865074633204,0.28276199102401733,0.6839397205857212,0.32,0.12,0.3333333333333333,,
synthetic_image,kodak24,kodim14,25,1,tv_maxiter,26.944935348804698,0.7655863761901855,0.945610523223877,0.021547039970755577,0.3456491529941559,0.10420072078704834,21,0.06405180000001565,inf,0.24144843220710754,0.6839397205857212,,,,,
synthetic_image,kodak24,kodim14,25,1,tv_fixedk_val,26.956642376900213,0.7659012675285339,0.9454973340034485,0.021610941737890244,0.3456491529941559,0.1038428321480751,40,0.11764700000094308,,0.24180632084608078,0.6839397205857212,,,,,
synthetic_image,kodak24,kodim14,25,1,tv_discrepancy,26.944935348804698,0.7655863761901855,0.945610523223877,0.021547039970755577,0.3456491529941559,0.10420072078704834,21,0.06195000000116124,,0.24144843220710754,0.6839397205857212,,,,,
synthetic_image,kodak24,kodim14,25,1,tv_chambolle_val,26.105125029029978,0.7191357016563416,0.9065902233123779,0.03100588172674179,0.3456491529941559,0.056100621819496155,0,0.015515600000071572,,,0.0,,,,,
synthetic_image,kodak24,kodim14,25,1,gaussian_val,25.986989069433854,0.7415511608123779,0.9087418913841248,0.027259046211838722,0.3456491529941559,0.07343719154596329,0,0.00030639999931736384,,,0.0,,,,,
synthetic_image,kodak24,kodim14,25,1,median_val,24.217361136927273,0.6313718557357788,0.8483635783195496,0.033215295523405075,0.3456491529941559,0.06771064549684525,0,0.0006642999996984145,,,0.0,,,,,
synthetic_image,kodak24,kodim14,25,1,bilateral_val,24.179934661174045,0.654927670955658,0.9113416075706482,0.02803332358598709,0.3456491529941559,0.11160871386528015,0,0.13737639999999374,,,0.0,,,,,
synthetic_image,kodak24,kodim14,25,1,pm_diff_val,25.988887785892743,0.7377181053161621,0.9108849763870239,0.028512008488178253,0.3456491529941559,0.062023747712373734,5,0.005914900000789203,,,0.0,,,,,
synthetic_image,kodak24,kodim14,25,1,wavelet_bayes,25.245253711168797,0.6877703666687012,0.9006362557411194,0.027110615745186806,0.3456491529941559,0.10128671675920486,0,0.0033825999998953193,,,0.0,,,,,
synthetic_image,kodak24,kodim14,25,1,nlm,26.521401145861773,0.7243969440460205,0.9059953093528748,0.028261644765734673,0.3456491529941559,0.07401587814092636,0,0.04388250000010885,,,0.0,,,,,
synthetic_image,kodak24,kodim14,25,1,bm3d,28.791392994655215,0.8443233966827393,0.9563842415809631,0.01873082108795643,0.3456491529941559,0.08462081849575043,0,1.4481164999997418,,,0.0,,,,,
synthetic_image,kodak24,kodim14,25,1,fdncnn_color,29.42378413980908,0.8580048680305481,0.9624020457267761,0.017318839207291603,0.3456491529941559,0.0871511846780777,0,1.2232603000011295,,,0.0,,,,,
synthetic_image,kodak24,kodim14,25,1,ectv_fdncnn,29.42378413980908,0.8580048680305481,0.9624020457267761,0.017318839207291603,0.3456491529941559,0.0871511846780777,0,1.2269221000024118,0.33330865074633204,0.2584979683160782,0.6839397205857212,0.32,,0.3333333333333333,1.0,1.0
synthetic_image,kodak24,kodim14,25,2,noisy,20.395506541026318,0.4770720303058624,0.9017787575721741,0.03668905049562454,0.34662795066833496,0.34662795066833496,0,0.0,0.0,0.0,0.0,,,,,
synthetic_image,kodak24,kodim14,25,2,ectv,25.31757467153035,0.6870539784431458,0.9363340139389038,0.023044783622026443,0.34662795066833496,0.15884070098400116,5,0.03157420000025013,0.18778726146140717,0.1877872496843338,0.6839397205857212,0.04,,,,
synthetic_image,kodak24,kodim14,25,2,ectv_fidelity,26.967699879543197,0.764826238155365,0.9313949346542358,0.027178799733519554,0.34662795066833496,0.06297769397497177,80,0.2209305000014865,0.33330865074633204,0.2836502566933632,0.6839397205857212,0.32,0.12,0.3333333333333333,,
synthetic_image,kodak24,kodim14,25,2,tv_maxiter,26.98189375952673,0.7681891322135925,0.9472143650054932,0.021379631012678146,0.34662795066833496,0.10445386171340942,21,0.05961810000007972,inf,0.24217408895492554,0.6839397205857212,,,,,
synthetic_image,kodak24,kodim14,25,2,tv_fixedk_val,26.993945184266938,0.7685310244560242,0.9471332430839539,0.021444575861096382,0.34662795066833496,0.10407187044620514,40,0.11019839999971737,,0.24255608022212982,0.6839397205857212,,,,,
synthetic_image,kodak24,kodim14,25,2,tv_discrepancy,26.98189375952673,0.7681891322135925,0.9472143650054932,0.021379631012678146,0.34662795066833496,0.10445386171340942,21,0.06189919999997073,,0.24217408895492554,0.6839397205857212,,,,,
synthetic_image,kodak24,kodim14,25,2,tv_chambolle_val,26.143323949237015,0.7223806977272034,0.9104939699172974,0.030821671709418297,0.34662795066833496,0.05612105503678322,0,0.01470820000031381,,,0.0,,,,,
synthetic_image,kodak24,kodim14,25,2,gaussian_val,26.004298969994785,0.7439510822296143,0.9105870723724365,0.027113718912005424,0.34662795066833496,0.07344275712966919,0,0.00029859999995096587,,,0.0,,,,,
synthetic_image,kodak24,kodim14,25,2,median_val,24.224862515807793,0.6331577897071838,0.853925347328186,0.033062614500522614,0.34662795066833496,0.06783690303564072,0,0.000637799999822164,,,0.0,,,,,
synthetic_image,kodak24,kodim14,25,2,bilateral_val,24.161915576602418,0.6557710766792297,0.9150370359420776,0.027781104668974876,0.34662795066833496,0.1129307672381401,0,0.1377503000003344,,,0.0,,,,,
synthetic_image,kodak24,kodim14,25,2,pm_diff_val,26.00816297806694,0.740321695804596,0.9139131903648376,0.028371945023536682,0.34662795066833496,0.061990898102521896,5,0.006060499999875901,,,0.0,,,,,
synthetic_image,kodak24,kodim14,25,2,wavelet_bayes,25.303748799309588,0.6927841305732727,0.9049172401428223,0.0267963707447052,0.34662795066833496,0.10076500475406647,0,0.003353199999764911,,,0.0,,,,,
synthetic_image,kodak24,kodim14,25,2,nlm,26.655100883022357,0.7296922206878662,0.9127709269523621,0.027566326782107353,0.34662795066833496,0.07687634229660034,0,0.04159330000038608,,,0.0,,,,,
synthetic_image,kodak24,kodim14,25,2,bm3d,28.79089233141476,0.8445032238960266,0.9563842415809631,0.018718380481004715,0.34662795066833496,0.08570381253957748,0,1.4923515999998926,,,0.0,,,,,
synthetic_image,kodak24,kodim14,25,2,fdncnn_color,29.44971214261561,0.858828604221344,0.9626529812812805,0.01734018512070179,0.34662795066833496,0.08782310038805008,0,1.206858600000487,,,0.0,,,,,
synthetic_image,kodak24,kodim14,25,2,ectv_fdncnn,29.44971214261561,0.858828604221344,0.9626529812812805,0.01734018512070179,0.34662795066833496,0.08782310038805008,0,1.2092917000009038,0.33330865074633204,0.2588048502802849,0.6839397205857212,0.32,,0.3333333333333333,1.0,1.0
synthetic_image,kodak24,kodim14,50,0,noisy,14.894975392215052,0.2448243349790573,0.7912097573280334,0.0736936703324318,0.6049867868423462,0.6049867868423462,0,0.0,0.0,0.0,0.0,,,,,
synthetic_image,kodak24,kodim14,50,0,ectv,19.441128648900502,0.4060479402542114,0.8331931233406067,0.04372275620698929,0.6049867868423462,0.2929005026817322,26,0.07222079999883135,0.3333333333333333,0.312086284160614,0.5091578194443671,0.04,,,,
synthetic_image,kodak24,kodim14,50,0,ectv_fidelity,23.759635932963658,0.6132940649986267,0.8432722687721252,0.03743031248450279,0.6049867868423462,0.04415775090456009,80,0.21857310000086727,0.75,0.5608290359377861,0.5091578194443671,0.32,0.25,0.75,,
synthetic_image,kodak24,kodim14,50,0,tv_maxiter,19.441128648900502,0.4060479402542114,0.8331931233406067,0.04372275620698929,0.6049867868423462,0.2929005026817322,26,0.07238110000071174,inf,0.312086284160614,0.5091578194443671,,,,,
synthetic_image,kodak24,kodim14,50,0,tv_fixedk_val,19.45730901009191,0.4066479504108429,0.8333850502967834,0.04361681267619133,0.6049867868423462,0.29219958186149597,40,0.11127500000111468,,0.3127872049808502,0.5091578194443671,,,,,
synthetic_image,kodak24,kodim14,50,0,tv_discrepancy,19.441128648900502,0.4060479402542114,0.8331931233406067,0.04372275620698929,0.6049867868423462,0.2929005026817322,26,0.07629420000012033,,0.312086284160614,0.5091578194443671,,,,,
synthetic_image,kodak24,kodim14,50,0,tv_chambolle_val,23.561802362727377,0.6021309494972229,0.8604524731636047,0.03330645710229874,0.6049867868423462,0.054413311183452606,0,0.01253539999925124,,,0.0,,,,,
synthetic_image,kodak24,kodim14,50,0,gaussian_val,23.21749461088958,0.5820593237876892,0.8545767068862915,0.03164958581328392,0.6049867868423462,0.09916085749864578,0,0.00031739999940327834,,,0.0,,,,,
synthetic_image,kodak24,kodim14,50,0,median_val,22.353679074510815,0.5025585293769836,0.7870721817016602,0.0362328365445137,0.6049867868423462,0.09845162183046341,0,0.0007296999992831843,,,0.0,,,,,
synthetic_image,kodak24,kodim14,50,0,bilateral_val,20.995822209893,0.4537177085876465,0.8073751330375671,0.03682113438844681,0.6049867868423462,0.12287826836109161,0,0.13275009999961185,,,0.0,,,,,
synthetic_image,kodak24,kodim14,50,0,pm_diff_val,23.541351630955234,0.6043453812599182,0.8585622906684875,0.03159090504050255,0.6049867868423462,0.074954554438591,5,0.00562299999910465,,,0.0,,,,,
synthetic_image,kodak24,kodim14,50,0,wavelet_bayes,22.167242399216672,0.5026487708091736,0.7070004343986511,0.04145391285419464,0.6049867868423462,0.055969126522541046,0,0.003152700001010089,,,0.0,,,,,
synthetic_image,kodak24,kodim14,50,0,nlm,23.19713514152873,0.5599468946456909,0.8379377126693726,0.03767392784357071,0.6049867868423462,0.06534656137228012,0,0.04325879999851168,,,0.0,,,,,
synthetic_image,kodak24,kodim14,50,0,bm3d,24.967350344566714,0.7017789483070374,0.886936604976654,0.02992820180952549,0.6049867868423462,0.0549289844930172,0,1.682553699998607,,,0.0,,,,,
synthetic_image,kodak24,kodim14,50,0,fdncnn_color,25.476527670938186,0.7180395722389221,0.9014576077461243,0.028032144531607628,0.6049867868423462,0.05939897522330284,0,1.2221671999996033,,,0.0,,,,,
synthetic_image,kodak24,kodim14,50,0,ectv_fdncnn,25.476527670938186,0.7180395722389221,0.9014576077461243,0.028032144531607628,0.6049867868423462,0.05939897522330284,0,1.2243679000002885,0.75,0.5455878116190434,0.5091578194443671,0.32,,0.75,1.0,1.0
synthetic_image,kodak24,kodim14,50,1,noisy,14.920609835730382,0.24289341270923615,0.7941564321517944,0.0729522779583931,0.6032741069793701,0.6032741069793701,0,0.0,0.0,0.0,0.0,,,,,
synthetic_image,kodak24,kodim14,50,1,ectv,19.486621822661107,0.4034663736820221,0.8356790542602539,0.043252333998680115,0.6032741069793701,0.2912943363189697,26,0.07538249999925029,0.3333333333333333,0.3119797706604004,0.5091578194443671,0.04,,,,
synthetic_image,kodak24,kodim14,50,1,ectv_fidelity,23.74079848594998,0.6068763136863708,0.8418388962745667,0.03768898919224739,0.6032741069793701,0.04359060898423195,80,0.2172774999999092,0.75,0.5596834979951382,0.5091578194443671,0.32,0.25,0.75,,
synthetic_image,kodak24,kodim14,50,1,tv_maxiter,19.486621822661107,0.4034663736820221,0.8356790542602539,0.043252333998680115,0.6032741069793701,0.2912943363189697,26,0.07332639999913226,inf,0.3119797706604004,0.5091578194443671,,,,,
synthetic_image,kodak24,kodim14,50,1,tv_fixedk_val,19.502876509401837,0.40407097339630127,0.8358746767044067,0.04314785450696945,0.6032741069793701,0.2905924320220947,40,0.11176549999981944,,0.3126816749572754,0.5091578194443671,,,,,
synthetic_image,kodak24,kodim14,50,1,tv_discrepancy,19.486621822661107,0.4034663736820221,0.8356790542602539,0.043252333998680115,0.6032741069793701,0.2912943363189697,26,0.07628380000096513,,0.3119797706604004,0.5091578194443671,,,,,
synthetic_image,kodak24,kodim14,50,1,tv_chambolle_val,23.568171381347426,0.6010701060295105,0.8604637384414673,0.03350554034113884,0.6032741069793701,0.05404457449913025,0,0.012477500000386499,,,0.0,,,,,
synthetic_image,kodak24,kodim14,50,1,gaussian_val,23.228095361803724,0.5797207951545715,0.8531234860420227,0.03197232261300087,0.6032741069793701,0.09881391376256943,0,0.0002944999996543629,,,0.0,,,,,
synthetic_image,kodak24,kodim14,50,1,median_val,22.369708323129657,0.5007914900779724,0.7910691499710083,0.03596290200948715,0.6032741069793701,0.0978035032749176,0,0.0006806999990658369,,,0.0,,,,,
synthetic_image,kodak24,kodim14,50,1,bilateral_val,20.963423368481024,0.44812461733818054,0.8103344440460205,0.03685888648033142,0.6032741069793701,0.12142195552587509,0,0.13692980000087118,,,0.0,,,,,
synthetic_image,kodak24,kodim14,50,1,pm_diff_val,23.549252012203628,0.6026904582977295,0.8576186299324036,0.031903814524412155,0.6032741069793701,0.07451599836349487,5,0.006151300000055926,,,0.0,,,,,
synthetic_image,kodak24,kodim14,50,1,wavelet_bayes,22.155403957687213,0.5030993819236755,0.697601854801178,0.04215991497039795,0.6032741069793701,0.05394718050956726,0,0.0035267000002932036,,,0.0,,,,,
synthetic_image,kodak24,kodim14,50,1,nlm,23.163685039164797,0.5547108054161072,0.835033655166626,0.03809378296136856,0.6032741069793701,0.06301585584878922,0,0.03953239999827929,,,0.0,,,,,
synthetic_image,kodak24,kodim14,50,1,bm3d,24.96954628656779,0.6936216354370117,0.8861532807350159,0.030423760414123535,0.6032741069793701,0.0532747283577919,0,1.4035579999999754,,,0.0,,,,,
synthetic_image,kodak24,kodim14,50,1,fdncnn_color,25.41391274325628,0.7047984004020691,0.8989313244819641,0.02874438837170601,0.6032741069793701,0.056341998279094696,0,1.2221055999998498,,,0.0,,,,,
synthetic_image,kodak24,kodim14,50,1,ectv_fdncnn,25.41391274325628,0.7047984004020691,0.8989313244819641,0.02874438837170601,0.6032741069793701,0.056341998279094696,0,1.2244901999983995,0.75,0.5469321087002754,0.5091578194443671,0.32,,0.75,1.0,1.0
synthetic_image,kodak24,kodim14,50,2,noisy,14.907688942663697,0.24380560219287872,0.7896748185157776,0.07382440567016602,0.6052754521369934,0.6052754521369934,0,0.0,0.0,0.0,0.0,,,,,
synthetic_image,kodak24,kodim14,50,2,ectv,19.481105761137275,0.4062260091304779,0.8329158425331116,0.043605607002973557,0.6052754521369934,0.292484849691391,26,0.07250019999992219,0.3333333333333333,0.3127906024456024,0.5091578194443671,0.04,,,,
synthetic_image,kodak24,kodim14,50,2,ectv_fidelity,23.762478200123223,0.6115432381629944,0.8510220646858215,0.03732330724596977,0.6052754521369934,0.043864693492650986,80,0.22062900000128138,0.75,0.5614107586443424,0.5091578194443671,0.32,0.25,0.75,,
synthetic_image,kodak24,kodim14,50,2,tv_maxiter,19.481105761137275,0.4062260091304779,0.8329158425331116,0.043605607002973557,0.6052754521369934,0.292484849691391,26,0.07280100000025413,inf,0.3127906024456024,0.5091578194443671,,,,,
synthetic_image,kodak24,kodim14,50,2,tv_fixedk_val,19.497369159316406,0.40683260560035706,0.8331178426742554,0.0434991829097271,0.6052754521369934,0.291780948638916,40,0.10919130000002042,,0.3134945034980774,0.5091578194443671,,,,,
synthetic_image,kodak24,kodim14,50,2,tv_discrepancy,19.481105761137275,0.4062260091304779,0.8329158425331116,0.043605607002973557,0.6052754521369934,0.292484849691391,26,0.07207170000037877,,0.3127906024456024,0.5091578194443671,,,,,
synthetic_image,kodak24,kodim14,50,2,tv_chambolle_val,23.652388174468925,0.6157146096229553,0.86445152759552,0.03329531475901604,0.6052754521369934,0.05850527063012123,0,0.010027799999079434,,,0.0,,,,,
synthetic_image,kodak24,kodim14,50,2,gaussian_val,23.246814365267966,0.583585798740387,0.8539855480194092,0.031902238726615906,0.6052754521369934,0.09876416623592377,0,0.0002979000000777887,,,0.0,,,,,
synthetic_image,kodak24,kodim14,50,2,median_val,22.356118960475484,0.5036205053329468,0.7941133379936218,0.03593852370977402,0.6052754521369934,0.097742959856987,0,0.0006567000000359258,,,0.0,,,,,
synthetic_image,kodak24,kodim14,50,2,bilateral_val,20.928697346986816,0.450557142496109,0.8110809922218323,0.03675191476941109,0.6052754521369934,0.12258561700582504,0,0.12988200000108918,,,0.0,,,,,
synthetic_image,kodak24,kodim14,50,2,pm_diff_val,23.565838843573278,0.6065146327018738,0.8602759838104248,0.031786125153303146,0.6052754521369934,0.07452134788036346,5,0.0057565000006434275,,,0.0,,,,,
synthetic_image,kodak24,kodim14,50,2,wavelet_bayes,22.19929715913895,0.5075225234031677,0.7076419591903687,0.04144176468253136,0.6052754521369934,0.05527397617697716,0,0.0034062000013364013,,,0.0,,,,,
synthetic_image,kodak24,kodim14,50,2,nlm,23.192616338607046,0.5586547255516052,0.8438442945480347,0.03784644603729248,0.6052754521369934,0.06416067481040955,0,0.04032770000048913,,,0.0,,,,,
synthetic_image,kodak24,kodim14,50,2,bm3d,24.992039694346207,0.6960881352424622,0.890453040599823,0.02992469072341919,0.6052754521369934,0.054493390023708344,0,1.3756444999999076,,,0.0,,,,,
synthetic_image,kodak24,kodim14,50,2,fdncnn_color,25.46645156796291,0.709922730922699,0.903801441192627,0.028084412217140198,0.6052754521369934,0.05779745802283287,0,1.2264246000013372,,,0.0,,,,,
synthetic_image,kodak24,kodim14,50,2,ectv_fdncnn,25.46645156796291,0.709922730922699,0.903801441192627,0.028084412217140198,0.6052754521369934,0.05779745802283287,0,1.2288168000013684,0.75,0.5474779941141605,0.5091578194443671,0.32,,0.75,1.0,1.0
synthetic_image,kodak24,kodim15,15,0,noisy,24.91620211521278,0.4911743402481079,0.9574488997459412,0.022270718589425087,0.2128714919090271,0.2128714919090271,0,0.0,0.0,0.0,0.0,,,,,
synthetic_image,kodak24,kodim15,15,0,ectv,25.82680196955126,0.5301045775413513,0.9619367122650146,0.02055308036506176,0.2128714919090271,0.18902762234210968,1,0.0195715999998356,0.023843897597316383,0.02384386956691742,0.8488381630355155,0.04,,,,
synthetic_image,kodak24,kodim15,15,0,ectv_fidelity,32.086208990136804,0.8963755965232849,0.9826788902282715,0.011749062687158585,0.2128714919090271,0.047643695026636124,80,0.22822069999892847,0.1725764484378941,0.16522779688239098,0.8488381630355155,0.32,0.08,0.3333333333333333,,
synthetic_image,kodak24,kodim15,15,0,tv_maxiter,32.09838118301596,0.8968596458435059,0.9829457998275757,0.011554080992937088,0.2128714919090271,0.04737607017159462,20,0.05930889999945066,inf,0.16549542173743248,0.8488381630355155,,,,,
synthetic_image,kodak24,kodim15,15,0,tv_fixedk_val,32.09329282773416,0.8971028923988342,0.9827018976211548,0.011704210191965103,0.2128714919090271,0.04740411788225174,40,0.11351660000036645,,0.16546737402677536,0.8488381630355155,,,,,
synthetic_image,kodak24,kodim15,15,0,tv_discrepancy,32.09838118301596,0.8968596458435059,0.9829457998275757,0.011554080992937088,0.2128714919090271,0.04737607017159462,20,0.06168150000121386,,0.16549542173743248,0.8488381630355155,,,,,
synthetic_image,kodak24,kodim15,15,0,tv_chambolle_val,31.465691520113445,0.8848862051963806,0.9808785319328308,0.012351980432868004,0.2128714919090271,0.04941646009683609,0,0.010166999998546089,,,0.0,,,,,
synthetic_image,kodak24,kodim15,15,0,gaussian_val,27.305840234853484,0.8249351978302002,0.8960029482841492,0.020740877836942673,0.2128714919090271,0.05254145339131355,0,0.00030169999990903307,,,0.0,,,,,
synthetic_image,kodak24,kodim15,15,0,median_val,28.9157879173689,0.8133323788642883,0.9532682299613953,0.016223948448896408,0.2128714919090271,0.05527636408805847,0,0.0007385999997495674,,,0.0,,,,,
synthetic_image,kodak24,kodim15,15,0,bilateral_val,29.010034805239314,0.8085665106773376,0.9689118266105652,0.013414444401860237,0.2128714919090271,0.08049283921718597,0,0.13287560000026133,,,0.0,,,,,
synthetic_image,kodak24,kodim15,15,0,pm_diff_val,30.77446034229025,0.8565484881401062,0.9735581874847412,0.013197539374232292,0.2128714919090271,0.0528331995010376,5,0.005336599999282043,,,0.0,,,,,
synthetic_image,kodak24,kodim15,15,0,wavelet_bayes,29.368492104526336,0.7487161755561829,0.9757748246192932,0.014279959723353386,0.2128714919090271,0.09513773769140244,0,0.0030654000001959503,,,0.0,,,,,
synthetic_image,kodak24,kodim15,15,0,nlm,32.27529580896488,0.8968977332115173,0.9853415489196777,0.009815297089517117,0.2128714919090271,0.06362536549568176,0,0.03974169999855803,,,0.0,,,,,
synthetic_image,kodak24,kodim15,15,0,bm3d,34.425837266592,0.9303767681121826,0.9915754199028015,0.007735738065093756,0.2128714919090271,0.05856003239750862,0,1.3748312999996415,,,0.0,,,,,
synthetic_image,kodak24,kodim15,15,0,fdncnn_color,34.70911511605639,0.9352481961250305,0.9921758770942688,0.007390141952782869,0.2128714919090271,0.056617654860019684,0,1.2267805999999837,,,0.0,,,,,
synthetic_image,kodak24,kodim15,15,0,ectv_fdncnn,34.70911511605639,0.9352481961250305,0.9921758770942688,0.007390141952782869,0.2128714919090271,0.056617654860019684,0,1.2290226000004623,0.1725764484378941,0.15625383704900742,0.8488381630355155,0.32,,0.3333333333333333,1.0,1.0
synthetic_image,kodak24,kodim15,15,1,noisy,24.950268539280174,0.4926273822784424,0.9577694535255432,0.02222904935479164,0.2125573605298996,0.2125573605298996,0,0.0,0.0,0.0,0.0,,,,,
synthetic_image,kodak24,kodim15,15,1,ectv,25.864703267714944,0.5316298604011536,0.9622446298599243,0.020503049716353416,0.2125573605298996,0.18871347606182098,1,0.019662100001369254,0.023843897597316383,0.023843884468078613,0.8488381630355155,0.04,,,,
synthetic_image,kodak24,kodim15,15,1,ectv_fidelity,32.137714987036354,0.8977420926094055,0.9832078218460083,0.011584384366869926,0.2125573605298996,0.0475681871175766,80,0.22852790000069945,0.1725764484378941,0.164989173412323,0.8488381630355155,0.32,0.08,0.3333333333333333,,
synthetic_image,kodak24,kodim15,15,1,tv_maxiter,32.146412487283676,0.8980942368507385,0.9834259748458862,0.011427157558500767,0.2125573605298996,0.04728323221206665,20,0.05869220000022324,inf,0.16527412831783295,0.8488381630355155,,,,,
synthetic_image,kodak24,kodim15,15,1,tv_fixedk_val,32.14289496499252,0.8984248042106628,0.9832150340080261,0.011550160124897957,0.2125573605298996,0.047326840460300446,40,0.11600209999960498,,0.16523052006959915,0.8488381630355155,,,,,
synthetic_image,kodak24,kodim15,15,1,tv_discrepancy,32.146412487283676,0.8980942368507385,0.9834259748458862,0.011427157558500767,0.2125573605298996,0.04728323221206665,20,0.061581500000102096,,0.16527412831783295,0.8488381630355155,,,,,
synthetic_image,kodak24,kodim15,15,1,tv_chambolle_val,31.50686190572927,0.8814252018928528,0.98210209608078,0.012099526822566986,0.2125573605298996,0.05198909714818001,0,0.007964500000525732,,,0.0,,,,,
synthetic_image,kodak24,kodim15,15,1,gaussian_val,27.347969286807338,0.8254052996635437,0.8967908620834351,0.02066647820174694,0.2125573605298996,0.05249936878681183,0,0.00029439999889291357,,,0.0,,,,,
synthetic_image,kodak24,kodim15,15,1,median_val,28.92764492887427,0.8130856156349182,0.953773558139801,0.016041552647948265,0.2125573605298996,0.05541172996163368,0,0.0007027999999991152,,,0.0,,,,,
synthetic_image,kodak24,kodim15,15,1,bilateral_val,29.0080034144722,0.8101711273193359,0.9689013957977295,0.01333108451217413,0.2125573605298996,0.08010212332010269,0,0.1361656999997649,,,0.0,,,,,
synthetic_image,kodak24,kodim15,15,1,pm_diff_val,30.78400579326912,0.8568745255470276,0.9749528765678406,0.013002527877688408,0.2125573605298996,0.05287480354309082,5,0.005932800000664429,,,0.0,,,,,
synthetic_image,kodak24,kodim15,15,1,wavelet_bayes,29.424977429928617,0.7511630058288574,0.976040780544281,0.014253419823944569,0.2125573605298996,0.094627246260643,0,0.0035557999999582535,,,0.0,,,,,
synthetic_image,kodak24,kodim15,15,1,nlm,32.302805162303734,0.8977396488189697,0.9857469797134399,0.00961062777787447,0.2125573605298996,0.06353612244129181,0,0.038637999999991735,,,0.0,,,,,
synthetic_image,kodak24,kodim15,15,1,bm3d,34.52583335323846,0.9319303035736084,0.9917853474617004,0.007555763702839613,0.2125573605298996,0.05829048529267311,0,1.3896002999990742,,,0.0,,,,,
synthetic_image,kodak24,kodim15,15,1,fdncnn_color,34.75301857724996,0.9358005523681641,0.992329478263855,0.007284237537533045,0.2125573605298996,0.05635260418057442,0,1.2392173999996885,,,0.0,,,,,
synthetic_image,kodak24,kodim15,15,1,ectv_fdncnn,34.75301857724996,0.9358005523681641,0.992329478263855,0.007284237537533045,0.2125573605298996,0.05635260418057442,0,1.2417370999992272,0.1725764484378941,0.15620475634932518,0.8488381630355155,0.32,,0.3333333333333333,1.0,1.0
synthetic_image,kodak24,kodim15,15,2,noisy,24.92765021126893,0.4908628463745117,0.9565553665161133,0.022426817566156387,0.21330122649669647,0.21330122649669647,0,0.0,0.0,0.0,0.0,,,,,
synthetic_image,kodak24,kodim15,15,2,ectv,25.8378244626375,0.5296952128410339,0.9611269235610962,0.020714769139885902,0.21330122649669647,0.18945734202861786,1,0.021689299999707146,0.023843897597316383,0.023843884468078613,0.8488381630355155,0.04,,,,
synthetic_image,kodak24,kodim15,15,2,ectv_fidelity,32.105530078023236,0.8979132771492004,0.9829103350639343,0.01172943040728569,0.21330122649669647,0.04749942943453789,80,0.22345830000085698,0.1725764484378941,0.16580179706215858,0.8488381630355155,0.32,0.08,0.3333333333333333,,
synthetic_image,kodak24,kodim15,15,2,tv_maxiter,32.114123528979924,0.8981192111968994,0.9831467866897583,0.011541916988790035,0.21330122649669647,0.04724495857954025,20,0.06074319999970612,inf,0.16605626791715622,0.8488381630355155,,,,,
synthetic_image,kodak24,kodim15,15,2,tv_fixedk_val,32.111906803155826,0.8986256718635559,0.9829094409942627,0.011692175641655922,0.21330122649669647,0.04726479575037956,40,0.11484070000005886,,0.1660364307463169,0.8488381630355155,,,,,
synthetic_image,kodak24,kodim15,15,2,tv_discrepancy,32.114123528979924,0.8981192111968994,0.9831467866897583,0.011541916988790035,0.21330122649669647,0.04724495857954025,20,0.05808969999998226,,0.16605626791715622,0.8488381630355155,,,,,
synthetic_image,kodak24,kodim15,15,2,tv_chambolle_val,31.47470142847994,0.8812039494514465,0.9815190434455872,0.012292875908315182,0.21330122649669647,0.05196385085582733,0,0.0072118000007321825,,,0.0,,,,,
synthetic_image,kodak24,kodim15,15,2,gaussian_val,27.29870179734874,0.8255346417427063,0.8954198956489563,0.02080014906823635,0.21330122649669647,0.05241881310939789,0,0.0002721999990171753,,,0.0,,,,,
synthetic_image,kodak24,kodim15,15,2,median_val,28.912927963637113,0.8136199116706848,0.9531042575836182,0.01624366082251072,0.21330122649669647,0.055104173719882965,0,0.000638900000922149,,,0.0,,,,,
synthetic_image,kodak24,kodim15,15,2,bilateral_val,29.04627586522203,0.8093177676200867,0.9694845676422119,0.013264760375022888,0.21330122649669647,0.08076673001050949,0,0.13059070000053907,,,0.0,,,,,
synthetic_image,kodak24,kodim15,15,2,pm_diff_val,30.798444026414558,0.8571787476539612,0.974470853805542,0.013152383267879486,0.21330122649669647,0.052781227976083755,5,0.006078799999158946,,,0.0,,,,,
synthetic_image,kodak24,kodim15,15,2,wavelet_bayes,29.443648076529332,0.7535068988800049,0.9754317402839661,0.014437499456107616,0.21330122649669647,0.0943010225892067,0,0.003335900000820402,,,0.0,,,,,
synthetic_image,kodak24,kodim15,15,2,nlm,32.35990033097269,0.8985674381256104,0.9855881333351135,0.009717916138470173,0.21330122649669647,0.06320362538099289,0,0.03786179999951855,,,0.0,,,,,
synthetic_image,kodak24,kodim15,15,2,bm3d,34.4099715308228,0.930337131023407,0.991550087928772,0.007691363338381052,0.21330122649669647,0.05866352468729019,0,1.3863801999996213,,,0.0,,,,,
synthetic_image,kodak24,kodim15,15,2,fdncnn_color,34.66223243906878,0.9343088269233704,0.9921082258224487,0.007389891427010298,0.21330122649669647,0.05682117119431496,0,1.1900865000006888,,,0.0,,,,,
synthetic_image,kodak24,kodim15,15,2,ectv_fdncnn,34.66223243906878,0.9343088269233704,0.9921082258224487,0.007389891427010298,0.21330122649669647,0.05682117119431496,0,1.1923297000012099,0.1725764484378941,0.15648005530238152,0.8488381630355155,0.32,,0.3333333333333333,1.0,1.0
synthetic_image,kodak24,kodim15,25,0,noisy,20.78336904271712,0.3274954855442047,0.8978620767593384,0.03749056160449982,0.31703945994377136,0.31703945994377136,0,0.0,0.0,0.0,0.0,,,,,
synthetic_image,kodak24,kodim15,25,0,ectv,26.22861389789857,0.5778264403343201,0.952524721622467,0.021214332431554794,0.31703945994377136,0.12925221025943756,5,0.03170200000022305,0.18778726146140717,0.1877872496843338,0.6839397205857212,0.04,,,,
synthetic_image,kodak24,kodim15,25,0,ectv_fidelity,29.511212281428435,0.8539290428161621,0.9713076949119568,0.01453309040516615,0.31703945994377136,0.04741480574011803,80,0.22691219999978784,0.33330865074633204,0.26962465420365334,0.6839397205857212,0.32,0.12,0.3333333333333333,,
synthetic_image,kodak24,kodim15,25,0,tv_maxiter,28.759546772600615,0.7650918364524841,0.9732420444488525,0.01436314545571804,0.31703945994377136,0.07641693949699402,21,0.05908080000153859,inf,0.24062252044677734,0.6839397205857212,,,,,
synthetic_image,kodak24,kodim15,25,0,tv_fixedk_val,28.79383337244771,0.7680473327636719,0.973371148109436,0.014304099604487419,0.31703945994377136,0.07637667655944824,40,0.1156107000006159,,0.24066278338432312,0.6839397205857212,,,,,
synthetic_image,kodak24,kodim15,25,0,tv_discrepancy,28.759546772600615,0.7650918364524841,0.9732420444488525,0.01436314545571804,0.31703945994377136,0.07641693949699402,21,0.06299229999967793,,0.24062252044677734,0.6839397205857212,,,,,
synthetic_image,kodak24,kodim15,25,0,tv_chambolle_val,28.714281976452902,0.8254086971282959,0.9654625654220581,0.01594385877251625,0.31703945994377136,0.049575768411159515,0,0.008691200000612298,,,0.0,,,,,
synthetic_image,kodak24,kodim15,25,0,gaussian_val,26.192334220072443,0.7211575508117676,0.8822970390319824,0.023625895380973816,0.31703945994377136,0.06317874044179916,0,0.0002746999998635147,,,0.0,,,,,
synthetic_image,kodak24,kodim15,25,0,median_val,27.185636358359886,0.7169421315193176,0.931986927986145,0.020375991240143776,0.31703945994377136,0.06629414111375809,0,0.0005946000001131324,,,0.0,,,,,
synthetic_image,kodak24,kodim15,25,0,bilateral_val,25.827850580684473,0.7038154602050781,0.9371322393417358,0.018155165016651154,0.31703945994377136,0.09164942055940628,0,0.14183450000018638,,,0.0,,,,,
synthetic_image,kodak24,kodim15,25,0,pm_diff_val,27.878067130155145,0.7702917456626892,0.948439359664917,0.01886316016316414,0.31703945994377136,0.05556556582450867,5,0.006729000000632368,,,0.0,,,,,
synthetic_image,kodak24,kodim15,25,0,wavelet_bayes,26.321630635256952,0.6907029151916504,0.9232073426246643,0.021319791674613953,0.31703945994377136,0.0789598748087883,0,0.003524499999912223,,,0.0,,,,,
synthetic_image,kodak24,kodim15,25,0,nlm,29.398041126365648,0.8390294909477234,0.968209445476532,0.013437513262033463,0.31703945994377136,0.0644403025507927,0,0.04194120000101975,,,0.0,,,,,
synthetic_image,kodak24,kodim15,25,0,bm3d,31.427683997710545,0.8918961882591248,0.9821076989173889,0.010937828570604324,0.31703945994377136,0.05156676471233368,0,1.4169321000008495,,,0.0,,,,,
synthetic_image,kodak24,kodim15,25,0,fdncnn_color,31.82249234892922,0.9000816941261292,0.9839295148849487,0.01028432510793209,0.31703945994377136,0.05008457601070404,0,1.1998149999999441,,,0.0,,,,,
synthetic_image,kodak24,kodim15,25,0,ectv_fdncnn,31.82249234892922,0.9000816941261292,0.9839295148849487,0.01028432510793209,0.31703945994377136,0.05008457601070404,0,1.2019433000004938,0.33330865074633204,0.2669548839330673,0.6839397205857212,0.32,,0.3333333333333333,1.0,1.0
synthetic_image,kodak24,kodim15,25,1,noisy,20.814712746992406,0.3291522264480591,0.8986536860466003,0.037448950111866,0.3164471685886383,0.3164471685886383,0,0.0,0.0,0.0,0.0,,,,,
synthetic_image,kodak24,kodim15,25,1,ectv,26.29222922518303,0.5801624655723572,0.9535072445869446,0.021087566390633583,0.3164471685886383,0.1286599189043045,5,0.031144599999606726,0.18778726146140717,0.1877872496843338,0.6839397205857212,0.04,,,,
synthetic_image,kodak24,kodim15,25,1,ectv_fidelity,29.560268928942257,0.8556877970695496,0.972309410572052,0.014332975260913372,0.3164471685886383,0.047255609184503555,80,0.23041550000016287,0.33330865074633204,0.26919155940413475,0.6839397205857212,0.32,0.12,0.3333333333333333,,
synthetic_image,kodak24,kodim15,25,1,tv_maxiter,28.835575378284787,0.7671638131141663,0.974699854850769,0.014086837880313396,0.3164471685886383,0.07609832286834717,21,0.06334649999917019,inf,0.24034884572029114,0.6839397205857212,,,,,
synthetic_image,kodak24,kodim15,25,1,tv_fixedk_val,28.868231283540755,0.7699832916259766,0.9748105406761169,0.014029964804649353,0.3164471685886383,0.07608954608440399,40,0.11730480000005628,,0.24035762250423431,0.6839397205857212,,,,,
synthetic_image,kodak24,kodim15,25,1,tv_discrepancy,28.835575378284787,0.7671638131141663,0.974699854850769,0.014086837880313396,0.3164471685886383,0.07609832286834717,21,0.0655348000000231,,0.24034884572029114,0.6839397205857212,,,,,
synthetic_image,kodak24,kodim15,25,1,tv_chambolle_val,28.745775714030973,0.8261403441429138,0.9668744802474976,0.015720488503575325,0.3164471685886383,0.049519043415784836,0,0.00986650000049849,,,0.0,,,,,
synthetic_image,kodak24,kodim15,25,1,gaussian_val,26.252013802989023,0.7222445607185364,0.8840245604515076,0.02350020222365856,0.3164471685886383,0.06312202662229538,0,0.00035170000046491623,,,0.0,,,,,
synthetic_image,kodak24,kodim15,25,1,median_val,27.244398176380447,0.7182397246360779,0.9335062503814697,0.020093010738492012,0.3164471685886383,0.06622761487960815,0,0.0007700000005570473,,,0.0,,,,,
synthetic_image,kodak24,kodim15,25,1,bilateral_val,25.80417083692437,0.704858124256134,0.9360434412956238,0.018111303448677063,0.3164471685886383,0.09122157096862793,0,0.16228120000050694,,,0.0,,,,,
synthetic_image,kodak24,kodim15,25,1,pm_diff_val,27.900919938146167,0.7710358500480652,0.9506645798683167,0.01862230896949768,0.3164471685886383,0.05555129051208496,5,0.005960300000879215,,,0.0,,,,,
synthetic_image,kodak24,kodim15,25,1,wavelet_bayes,26.31392205909161,0.6931617259979248,0.9236641526222229,0.021309735253453255,0.3164471685886383,0.0778525322675705,0,0.0035563000001275213,,,0.0,,,,,
synthetic_image,kodak24,kodim15,25,1,nlm,29.463960003062382,0.8398127555847168,0.9694430232048035,0.013146333396434784,0.3164471685886383,0.06355614960193634,0,0.0409864999983256,,,0.0,,,,,
synthetic_image,kodak24,kodim15,25,1,bm3d,31.554867990993394,0.8951964378356934,0.9831111431121826,0.01057397946715355,0.3164471685886383,0.051738955080509186,0,1.38167009999961,,,0.0,,,,,
synthetic_image,kodak24,kodim15,25,1,fdncnn_color,31.85963527044575,0.9020416736602783,0.9844527840614319,0.010106401517987251,0.3164471685886383,0.05011700093746185,0,1.208608799999638,,,0.0,,,,,
synthetic_image,kodak24,kodim15,25,1,ectv_fdncnn,31.85963527044575,0.9020416736602783,0.9844527840614319,0.010106401517987251,0.3164471685886383,0.05011700093746185,0,1.2110967999997229,0.33330865074633204,0.26633016765117645,0.6839397205857212,0.32,,0.3333333333333333,1.0,1.0
synthetic_image,kodak24,kodim15,25,2,noisy,20.795467128436144,0.32810890674591064,0.8959493637084961,0.037696197628974915,0.31752288341522217,0.31752288341522217,0,0.0,0.0,0.0,0.0,,,,,
synthetic_image,kodak24,kodim15,25,2,ectv,26.239351209785276,0.5778407454490662,0.9517745971679688,0.021441826596856117,0.31752288341522217,0.12973563373088837,5,0.030547400001523783,0.18778726146140717,0.1877872496843338,0.6839397205857212,0.04,,,,
synthetic_image,kodak24,kodim15,25,2,ectv_fidelity,29.508637924682365,0.8566716313362122,0.9718355536460876,0.014538695104420185,0.31752288341522217,0.04715103656053543,80,0.21972679999998945,0.33330865074633204,0.27037184685468674,0.6839397205857212,0.32,0.12,0.3333333333333333,,
synthetic_image,kodak24,kodim15,25,2,tv_maxiter,28.792403961342185,0.7680785655975342,0.9737098217010498,0.014356479048728943,0.31752288341522217,0.07603352516889572,21,0.0593137999985629,inf,0.24148935824632645,0.6839397205857212,,,,,
synthetic_image,kodak24,kodim15,25,2,tv_fixedk_val,28.82625003138543,0.7709631323814392,0.9738287925720215,0.014314253814518452,0.31752288341522217,0.07602016627788544,40,0.11391939999884926,,0.24150271713733673,0.6839397205857212,,,,,
synthetic_image,kodak24,kodim15,25,2,tv_discrepancy,28.792403961342185,0.7680785655975342,0.9737098217010498,0.014356479048728943,0.31752288341522217,0.07603352516889572,21,0.06145000000105938,,0.24148935824632645,0.6839397205857212,,,,,
synthetic_image,kodak24,kodim15,25,2,tv_chambolle_val,28.56670803984294,0.7959690690040588,0.9612876176834106,0.017969908192753792,0.31752288341522217,0.05939032509922981,0,0.007237800000439165,,,0.0,,,,,
synthetic_image,kodak24,kodim15,25,2,gaussian_val,26.186356832400776,0.7228140830993652,0.8815652132034302,0.023699341341853142,0.31752288341522217,0.06295158714056015,0,0.000280999998722109,,,0.0,,,,,
synthetic_image,kodak24,kodim15,25,2,median_val,27.192514490822187,0.7189927101135254,0.9320048689842224,0.020396199077367783,0.31752288341522217,0.06593716889619827,0,0.000612899999396177,,,0.0,,,,,
synthetic_image,kodak24,kodim15,25,2,bilateral_val,25.7742674880801,0.7027771472930908,0.9364139437675476,0.01814524084329605,0.31752288341522217,0.0917733758687973,0,0.12863699999979872,,,0.0,,,,,
synthetic_image,kodak24,kodim15,25,2,pm_diff_val,27.842879125030326,0.7718064785003662,0.9488029479980469,0.018973952159285545,0.31752288341522217,0.05528029054403305,5,0.0050771999995049555,,,0.0,,,,,
synthetic_image,kodak24,kodim15,25,2,wavelet_bayes,26.281013385968507,0.6992223262786865,0.9193276762962341,0.021718958392739296,0.31752288341522217,0.07671328634023666,0,0.0032167999997909646,,,0.0,,,,,
synthetic_image,kodak24,kodim15,25,2,nlm,29.469649713444696,0.8408917784690857,0.9688230752944946,0.013352683745324612,0.31752288341522217,0.06359466910362244,0,0.042039200001454446,,,0.0,,,,,
synthetic_image,kodak24,kodim15,25,2,bm3d,31.411957463796245,0.8928688168525696,0.9827840328216553,0.01069220993667841,0.31752288341522217,0.05219845473766327,0,1.4329695999986143,,,0.0,,,,,
synthetic_image,kodak24,kodim15,25,2,fdncnn_color,31.772815611039206,0.9017444252967834,0.9839893579483032,0.010233278386294842,0.31752288341522217,0.05062129348516464,0,1.2129031000004034,,,0.0,,,,,
synthetic_image,kodak24,kodim15,25,2,ectv_fdncnn,31.772815611039206,0.9017444252967834,0.9839893579483032,0.010233278386294842,0.31752288341522217,0.05062129348516464,0,1.2154958999999508,0.33330865074633204,0.2669015899300575,0.6839397205857212,0.32,,0.3333333333333333,1.0,1.0
synthetic_image,kodak24,kodim15,50,0,noisy,15.527310960485073,0.17162978649139404,0.7494336366653442,0.07247531414031982,0.5467920899391174,0.5467920899391174,0,0.0,0.0,0.0,0.0,,,,,
synthetic_image,kodak24,kodim15,50,0,ectv,20.35883586107883,0.31969910860061646,0.8463969230651855,0.04104732349514961,0.5467920899391174,0.23977260291576385,26,0.07361459999992803,0.3333333333333333,0.3070194870233536,0.5091578194443671,0.04,,,,
synthetic_image,kodak24,kodim15,50,0,ectv_fidelity,24.903885640119526,0.7773441672325134,0.9352895021438599,0.02058929018676281,0.5467920899391174,0.03744841739535332,80,0.21984960000008869,0.75,0.5093436725437641,0.5091578194443671,0.32,0.25,0.75,,
synthetic_image,kodak24,kodim15,50,0,tv_maxiter,20.35883586107883,0.31969910860061646,0.8463969230651855,0.04104732349514961,0.5467920899391174,0.23977260291576385,26,0.0749656000007235,inf,0.3070194870233536,0.5091578194443671,,,,,
synthetic_image,kodak24,kodim15,50,0,tv_fixedk_val,20.37641665561398,0.32046374678611755,0.8468679785728455,0.040929164737463,0.5467920899391174,0.2391267567873001,40,0.11002600000028906,,0.3076653331518173,0.5091578194443671,,,,,
synthetic_image,kodak24,kodim15,50,0,tv_discrepancy,20.35883586107883,0.31969910860061646,0.8463969230651855,0.04104732349514961,0.5467920899391174,0.23977260291576385,26,0.07499029999962659,,0.3070194870233536,0.5091578194443671,,,,,
synthetic_image,kodak24,kodim15,50,0,tv_chambolle_val,24.318930967119424,0.7075474858283997,0.9218356013298035,0.022107388824224472,0.5467920899391174,0.05005786940455437,0,0.007890799999586307,,,0.0,,,,,
synthetic_image,kodak24,kodim15,50,0,gaussian_val,23.059705643294244,0.5132394433021545,0.8266012668609619,0.031690891832113266,0.5467920899391174,0.08828295022249222,0,0.0003637000008893665,,,0.0,,,,,
synthetic_image,kodak24,kodim15,50,0,median_val,23.78769092530279,0.5069472193717957,0.8515350818634033,0.030016062781214714,0.5467920899391174,0.098281629383564,0,0.0007850999991205754,,,0.0,,,,,
synthetic_image,kodak24,kodim15,50,0,bilateral_val,22.13634394350937,0.5427797436714172,0.8890036344528198,0.0234509464353323,0.5467920899391174,0.10984878242015839,0,0.13204939999923226,,,0.0,,,,,
synthetic_image,kodak24,kodim15,50,0,pm_diff_val,23.701646481641163,0.5864681601524353,0.8712312579154968,0.02752116322517395,0.5467920899391174,0.06772855669260025,5,0.006239300000743242,,,0.0,,,,,
synthetic_image,kodak24,kodim15,50,0,wavelet_bayes,22.01071815563732,0.6227002143859863,0.6959435343742371,0.03279900550842285,0.5467920899391174,0.04760201647877693,0,0.0034666999999899417,,,0.0,,,,,
synthetic_image,kodak24,kodim15,50,0,nlm,24.734886532862326,0.7147462964057922,0.9062230587005615,0.021007150411605835,0.5467920899391174,0.06912361830472946,0,0.04084279999915452,,,0.0,,,,,
synthetic_image,kodak24,kodim15,50,0,bm3d,26.524448397735107,0.8178547024726868,0.9580437541007996,0.016171038150787354,0.5467920899391174,0.04143385961651802,0,1.3812990000005811,,,0.0,,,,,
synthetic_image,kodak24,kodim15,50,0,fdncnn_color,26.587343212010786,0.8203437328338623,0.9604635834693909,0.015916267409920692,0.5467920899391174,0.039741016924381256,0,1.19761760000074,,,0.0,,,,,
synthetic_image,kodak24,kodim15,50,0,ectv_fdncnn,26.587343212010786,0.8203437328338623,0.9604635834693909,0.015916267409920692,0.5467920899391174,0.039741016924381256,0,1.1999867000013182,0.75,0.5070510730147362,0.5091578194443671,0.32,,0.75,1.0,1.0
synthetic_image,kodak24,kodim15,50,1,noisy,15.539950542452745,0.17310579121112823,0.7505390048027039,0.07241301983594894,0.5460755228996277,0.5460755228996277,0,0.0,0.0,0.0,0.0,,,,,
synthetic_image,kodak24,kodim15,50,1,ectv,20.375038776221224,0.3220817744731903,0.8472764492034912,0.04108528047800064,0.5460755228996277,0.23945167660713196,26,0.0716482999996515,0.3333333333333333,0.3066238462924957,0.5091578194443671,0.04,,,,
synthetic_image,kodak24,kodim15,50,1,ectv_fidelity,24.907409718444743,0.778969943523407,0.9354481101036072,0.02050285041332245,0.5460755228996277,0.03740452975034714,80,0.22090969999953813,0.75,0.5086709931492805,0.5091578194443671,0.32,0.25,0.75,,
synthetic_image,kodak24,kodim15,50,1,tv_maxiter,20.375038776221224,0.3220817744731903,0.8472764492034912,0.04108528047800064,0.5460755228996277,0.23945167660713196,26,0.07324920000064594,inf,0.3066238462924957,0.5091578194443671,,,,,
synthetic_image,kodak24,kodim15,50,1,tv_fixedk_val,20.392628098924437,0.3228442966938019,0.847759485244751,0.040966473519802094,0.5460755228996277,0.23881006240844727,40,0.11205580000023474,,0.3072654604911804,0.5091578194443671,,,,,
synthetic_image,kodak24,kodim15,50,1,tv_discrepancy,20.375038776221224,0.3220817744731903,0.8472764492034912,0.04108528047800064,0.5460755228996277,0.23945167660713196,26,0.07531639999979234,,0.3066238462924957,0.5091578194443671,,,,,
synthetic_image,kodak24,kodim15,50,1,tv_chambolle_val,24.326612693470526,0.7097254395484924,0.9230196475982666,0.021933000534772873,0.5460755228996277,0.04999087005853653,0,0.00824079999983951,,,0.0,,,,,
synthetic_image,kodak24,kodim15,50,1,gaussian_val,23.10617305551043,0.5161131024360657,0.8297618627548218,0.0315864123404026,0.5460755228996277,0.0882892906665802,0,0.0002889000006689457,,,0.0,,,,,
synthetic_image,kodak24,kodim15,50,1,median_val,23.875232352719415,0.5117978453636169,0.8549010753631592,0.029633617028594017,0.5460755228996277,0.09722260385751724,0,0.0006398000004992355,,,0.0,,,,,
synthetic_image,kodak24,kodim15,50,1,bilateral_val,22.13753876638103,0.5433568358421326,0.890674352645874,0.023274647071957588,0.5460755228996277,0.10962250828742981,0,0.13331259999904432,,,0.0,,,,,
synthetic_image,kodak24,kodim15,50,1,pm_diff_val,23.717369608010767,0.5892162322998047,0.872913658618927,0.027403078973293304,0.5460755228996277,0.06774534285068512,5,0.005738500000006752,,,0.0,,,,,
synthetic_image,kodak24,kodim15,50,1,wavelet_bayes,22.11366018641241,0.6266586184501648,0.7133075594902039,0.0322936475276947,0.5460755228996277,0.048551738262176514,0,0.0033849000010377495,,,0.0,,,,,
synthetic_image,kodak24,kodim15,50,1,nlm,24.789275667429884,0.7159050107002258,0.9088000655174255,0.020924992859363556,0.5460755228996277,0.06798725575208664,0,0.040384899999480695,,,0.0,,,,,
synthetic_image,kodak24,kodim15,50,1,bm3d,26.545360786067636,0.8205718994140625,0.95924973487854,0.01587345078587532,0.5460755228996277,0.04198237881064415,0,1.4366161999987526,,,0.0,,,,,
synthetic_image,kodak24,kodim15,50,1,fdncnn_color,26.558582413483556,0.822690486907959,0.9609767198562622,0.01562989316880703,0.5460755228996277,0.040113821625709534,0,1.2000931999991735,,,0.0,,,,,
synthetic_image,kodak24,kodim15,50,1,ectv_fdncnn,26.558582413483556,0.822690486907959,0.9609767198562622,0.01562989316880703,0.5460755228996277,0.040113821625709534,0,1.2022122999987914,0.75,0.5059617012739182,0.5091578194443671,0.32,,0.75,1.0,1.0
synthetic_image,kodak24,kodim15,50,2,noisy,15.527941763134068,0.17275045812129974,0.7450889348983765,0.07274039089679718,0.5478087067604065,0.5478087067604065,0,0.0,0.0,0.0,0.0,,,,,
synthetic_image,kodak24,kodim15,50,2,ectv,20.363927392895995,0.3215121030807495,0.8428717851638794,0.04142855852842331,0.5478087067604065,0.23988118767738342,26,0.07346820000020671,0.3333333333333333,0.30792751908302307,0.5091578194443671,0.04,,,,
synthetic_image,kodak24,kodim15,50,2,ectv_fidelity,24.814094519333523,0.7793107628822327,0.9330751895904541,0.020815053954720497,0.5478087067604065,0.03717841953039169,80,0.2268430999993143,0.75,0.5106302872300148,0.5091578194443671,0.32,0.25,0.75,,
synthetic_image,kodak24,kodim15,50,2,tv_maxiter,20.363927392895995,0.3215121030807495,0.8428717851638794,0.04142855852842331,0.5478087067604065,0.23988118767738342,26,0.07647520000136865,inf,0.30792751908302307,0.5091578194443671,,,,,
synthetic_image,kodak24,kodim15,50,2,tv_fixedk_val,20.381451180963808,0.32227835059165955,0.8433611392974854,0.04130922257900238,0.5478087067604065,0.23923201858997345,40,0.1159139999999752,,0.30857668817043304,0.5091578194443671,,,,,
synthetic_image,kodak24,kodim15,50,2,tv_discrepancy,20.363927392895995,0.3215121030807495,0.8428717851638794,0.04142855852842331,0.5478087067604065,0.23988118767738342,26,0.07943530000011378,,0.30792751908302307,0.5091578194443671,,,,,
synthetic_image,kodak24,kodim15,50,2,tv_chambolle_val,24.24717470892915,0.7104611992835999,0.9197061657905579,0.0222417414188385,0.5478087067604065,0.04973550885915756,0,0.008555000000342261,,,0.0,,,,,
synthetic_image,kodak24,kodim15,50,2,gaussian_val,23.050948124252084,0.5169229507446289,0.8248240947723389,0.031858254224061966,0.5478087067604065,0.08783004432916641,0,0.0002758999999059597,,,0.0,,,,,
synthetic_image,kodak24,kodim15,50,2,median_val,23.82666849526896,0.5120936036109924,0.8514240980148315,0.030013959854841232,0.5478087067604065,0.09694034606218338,0,0.0006395000000338769,,,0.0,,,,,
synthetic_image,kodak24,kodim15,50,2,bilateral_val,22.045657700315843,0.5389012694358826,0.8880965709686279,0.0236766766756773,0.5478087067604065,0.10991339385509491,0,0.13983419999931357,,,0.0,,,,,
synthetic_image,kodak24,kodim15,50,2,pm_diff_val,23.669259824431062,0.5904733538627625,0.8692364692687988,0.027624554932117462,0.5478087067604065,0.06730135530233383,5,0.006079100001443294,,,0.0,,,,,
synthetic_image,kodak24,kodim15,50,2,wavelet_bayes,21.994569776702765,0.6298947930335999,0.6901910305023193,0.033045243471860886,0.5478087067604065,0.047216225415468216,0,0.0035117999996145954,,,0.0,,,,,
synthetic_image,kodak24,kodim15,50,2,nlm,24.653028372332358,0.7167861461639404,0.9029245376586914,0.02133132889866829,0.5478087067604065,0.06834312528371811,0,0.03876189999937196,,,0.0,,,,,
synthetic_image,kodak24,kodim15,50,2,bm3d,26.387552396705477,0.817605197429657,0.9569999575614929,0.016262056306004524,0.5478087067604065,0.042176760733127594,0,1.3890706000001956,,,0.0,,,,,
synthetic_image,kodak24,kodim15,50,2,fdncnn_color,26.48200342679995,0.822089433670044,0.9593080878257751,0.01597670465707779,0.5478087067604065,0.04006519168615341,0,1.1870903000017279,,,0.0,,,,,
synthetic_image,kodak24,kodim15,50,2,ectv_fdncnn,26.48200342679995,0.822089433670044,0.9593080878257751,0.01597670465707779,0.5478087067604065,0.04006519168615341,0,1.1893207000030088,0.75,0.5077435150742531,0.5091578194443671,0.32,,0.75,1.0,1.0
synthetic_image,kodak24,kodim16,15,0,noisy,24.617893996722415,0.4619234800338745,0.8875302076339722,0.023179711773991585,0.20808328688144684,0.20808328688144684,0,0.0,0.0,0.0,0.0,,,,,
synthetic_image,kodak24,kodim16,15,0,ectv,25.502616121740886,0.5010325908660889,0.8944528102874756,0.0213116854429245,0.20808328688144684,0.18423940241336823,1,0.020670599998993566,0.023843897597316383,0.023843884468078613,0.8488381630355155,0.04,,,,
synthetic_image,kodak24,kodim16,15,0,ectv_fidelity,32.276712058850826,0.8155257105827332,0.9329023957252502,0.01314664725214243,0.20808328688144684,0.03550684079527855,9,0.041843599999992875,0.1725764484378941,0.1725764460861683,0.8488381630355155,0.32,0.08,0.3333333333333333,,
synthetic_image,kodak24,kodim16,15,0,tv_maxiter,32.291088229598614,0.8189648985862732,0.9129168391227722,0.015056644566357136,0.20808328688144684,0.02690296620130539,21,0.05989380000028177,inf,0.18118032068014145,0.8488381630355155,,,,,
synthetic_image,kodak24,kodim16,15,0,tv_fixedk_val,32.32676921051123,0.8209132552146912,0.9115804433822632,0.015248739160597324,0.20808328688144684,0.0270351804792881,40,0.11206940000010945,,0.18104810640215874,0.8488381630355155,,,,,
synthetic_image,kodak24,kodim16,15,0,tv_discrepancy,32.291088229598614,0.8189648985862732,0.9129168391227722,0.015056644566357136,0.20808328688144684,0.02690296620130539,21,0.06159670000124606,,0.18118032068014145,0.8488381630355155,,,,,
synthetic_image,kodak24,kodim16,15,0,tv_chambolle_val,31.757103358030008,0.8037948608398438,0.9022724628448486,0.015860704705119133,0.20808328688144684,0.027808308601379395,0,0.01562269999885757,,,0.0,,,,,
synthetic_image,kodak24,kodim16,15,0,gaussian_val,31.061295615077785,0.7894320487976074,0.9066296219825745,0.014658899046480656,0.20808328688144684,0.040429722517728806,0,0.00030700000024808105,,,0.0,,,,,
synthetic_image,kodak24,kodim16,15,0,median_val,29.91306870580535,0.727127730846405,0.8680869936943054,0.01679527759552002,0.20808328688144684,0.03801264986395836,0,0.0006701000002067303,,,0.0,,,,,
synthetic_image,kodak24,kodim16,15,0,bilateral_val,30.91063600184983,0.7888636589050293,0.9147703647613525,0.013999809511005878,0.20808328688144684,0.059088557958602905,0,0.13585740000053192,,,0.0,,,,,
synthetic_image,kodak24,kodim16,15,0,pm_diff_val,31.486747086476203,0.7994381785392761,0.9157261848449707,0.014586600475013256,0.20808328688144684,0.03366328775882721,5,0.005560900001000846,,,0.0,,,,,
synthetic_image,kodak24,kodim16,15,0,wavelet_bayes,30.61878151197837,0.7646622061729431,0.9079157710075378,0.014455336146056652,0.20808328688144684,0.05478726699948311,0,0.003811300000961637,,,0.0,,,,,
synthetic_image,kodak24,kodim16,15,0,nlm,32.06171847171775,0.8129532933235168,0.902181088924408,0.015021130442619324,0.20808328688144684,0.03699349984526634,0,0.03921220000120229,,,0.0,,,,,
synthetic_image,kodak24,kodim16,15,0,bm3d,34.952775864603915,0.9050191044807434,0.9627098441123962,0.00952482782304287,0.20808328688144684,0.04285617545247078,0,1.4200463999986823,,,0.0,,,,,
synthetic_image,kodak24,kodim16,15,0,fdncnn_color,35.27287896519321,0.9106488823890686,0.9658345580101013,0.009050711989402771,0.20808328688144684,0.04342527687549591,0,1.1888194999992265,,,0.0,,,,,
synthetic_image,kodak24,kodim16,15,0,ectv_fdncnn,35.27287896519321,0.9106488823890686,0.9658345580101013,0.009050711989402771,0.20808328688144684,0.04342527687549591,0,1.192025399999693,0.1725764484378941,0.16465801000595093,0.8488381630355155,0.32,,0.3333333333333333,1.0,1.0
synthetic_image,kodak24,kodim16,15,1,noisy,24.642262085536334,0.46309277415275574,0.8865475058555603,0.023177029564976692,0.20758415758609772,0.20758415758609772,0,0.0,0.0,0.0,0.0,,,,,
synthetic_image,kodak24,kodim16,15,1,ectv,25.52831472629832,0.5023930668830872,0.8934249877929688,0.021303603425621986,0.20758415758609772,0.1837402731180191,1,0.019865100000970415,0.023843897597316383,0.023843884468078613,0.8488381630355155,0.04,,,,
synthetic_image,kodak24,kodim16,15,1,ectv_fidelity,32.29558527637374,0.8162066340446472,0.9330729246139526,0.013196533545851707,0.20758415758609772,0.03500771149992943,10,0.04550039999958244,0.1725764484378941,0.1725764460861683,0.8488381630355155,0.32,0.08,0.3333333333333333,,
synthetic_image,kodak24,kodim16,15,1,tv_maxiter,32.306511116051844,0.8193513751029968,0.9139090776443481,0.015062199905514717,0.20758415758609772,0.02692287601530552,21,0.058821099999477156,inf,0.1806612815707922,0.8488381630355155,,,,,
synthetic_image,kodak24,kodim16,15,1,tv_fixedk_val,32.34537749058345,0.821439802646637,0.9125975370407104,0.015228910371661186,0.20758415758609772,0.027054859325289726,40,0.11153169999852253,,0.180529298260808,0.8488381630355155,,,,,
synthetic_image,kodak24,kodim16,15,1,tv_discrepancy,32.306511116051844,0.8193513751029968,0.9139090776443481,0.015062199905514717,0.20758415758609772,0.02692287601530552,21,0.058557500000461005,,0.1806612815707922,0.8488381630355155,,,,,
synthetic_image,kodak24,kodim16,15,1,tv_chambolle_val,31.760133209088025,0.8039736151695251,0.9025493860244751,0.015879999846220016,0.20758415758609772,0.02783605270087719,0,0.015817800000149873,,,0.0,,,,,
synthetic_image,kodak24,kodim16,15,1,gaussian_val,31.07503689836441,0.7896755337715149,0.9055127501487732,0.014647302217781544,0.20758415758609772,0.04042977839708328,0,0.00023460000011255033,,,0.0,,,,,
synthetic_image,kodak24,kodim16,15,1,median_val,29.875479539238547,0.7271273732185364,0.8681691884994507,0.016749301925301552,0.20758415758609772,0.037853289395570755,0,0.0006004000006214483,,,0.0,,,,,
synthetic_image,kodak24,kodim16,15,1,bilateral_val,30.97919974628344,0.79069584608078,0.9175793528556824,0.013866736553609371,0.20758415758609772,0.0589694082736969,0,0.13206610000088403,,,0.0,,,,,
synthetic_image,kodak24,kodim16,15,1,pm_diff_val,31.463954944273503,0.7993763089179993,0.9147648215293884,0.014635720290243626,0.20758415758609772,0.03362110257148743,5,0.0060178999992785975,,,0.0,,,,,
synthetic_image,kodak24,kodim16,15,1,wavelet_bayes,30.578482798975056,0.7653642296791077,0.9056064486503601,0.014504605904221535,0.20758415758609772,0.0540645606815815,0,0.003597099999751663,,,0.0,,,,,
synthetic_image,kodak24,kodim16,15,1,nlm,32.096746346503934,0.8127240538597107,0.9039698243141174,0.014988980256021023,0.20758415758609772,0.036368392407894135,0,0.04012460000012652,,,0.0,,,,,
synthetic_image,kodak24,kodim16,15,1,bm3d,34.95830094132788,0.9046111702919006,0.9626460671424866,0.009517037309706211,0.20758415758609772,0.04273094981908798,0,1.4082268000001932,,,0.0,,,,,
synthetic_image,kodak24,kodim16,15,1,fdncnn_color,35.25229761784601,0.909278392791748,0.9656075835227966,0.009065867401659489,0.20758415758609772,0.042988646775484085,0,1.1953085999994073,,,0.0,,,,,
synthetic_image,kodak24,kodim16,15,1,ectv_fdncnn,35.25229761784601,0.909278392791748,0.9656075835227966,0.009065867401659489,0.20758415758609772,0.042988646775484085,0,1.1976271999992605,0.1725764484378941,0.16459551081061363,0.8488381630355155,0.32,,0.3333333333333333,1.0,1.0
synthetic_image,kodak24,kodim16,15,2,noisy,24.630708764519458,0.46339213848114014,0.8857415914535522,0.023341083899140358,0.2082013636827469,0.2082013636827469,0,0.0,0.0,0.0,0.0,,,,,
synthetic_image,kodak24,kodim16,15,2,ectv,25.515299289019687,0.5026496648788452,0.8926513195037842,0.021459270268678665,0.2082013636827469,0.18435747921466827,1,0.020888500001092325,0.023843897597316383,0.023843884468078613,0.8488381630355155,0.04,,,,
synthetic_image,kodak24,kodim16,15,2,ectv_fidelity,32.302820602583175,0.8187040686607361,0.933176577091217,0.013153762556612492,0.2082013636827469,0.0356249175965786,9,0.040786300000036135,0.1725764484378941,0.1725764460861683,0.8488381630355155,0.32,0.08,0.3333333333333333,,
synthetic_image,kodak24,kodim16,15,2,tv_maxiter,32.27879480197861,0.8203404545783997,0.9131849408149719,0.01506041083484888,0.2082013636827469,0.026851950213313103,21,0.05918279999968945,inf,0.18134941346943378,0.8488381630355155,,,,,
synthetic_image,kodak24,kodim16,15,2,tv_fixedk_val,32.31212008797189,0.822196900844574,0.9118231534957886,0.015242669731378555,0.2082013636827469,0.026947462931275368,40,0.11246339999888733,,0.18125390075147152,0.8488381630355155,,,,,
synthetic_image,kodak24,kodim16,15,2,tv_discrepancy,32.27879480197861,0.8203404545783997,0.9131849408149719,0.01506041083484888,0.2082013636827469,0.026851950213313103,21,0.0625715999995009,,0.18134941346943378,0.8488381630355155,,,,,
synthetic_image,kodak24,kodim16,15,2,tv_chambolle_val,31.735940322799586,0.8049704432487488,0.9022789001464844,0.015890927985310555,0.2082013636827469,0.027660494670271873,0,0.015165900000283727,,,0.0,,,,,
synthetic_image,kodak24,kodim16,15,2,gaussian_val,31.08102462749994,0.7920491695404053,0.9062759876251221,0.014568733051419258,0.2082013636827469,0.04040931165218353,0,0.0002820999998220941,,,0.0,,,,,
synthetic_image,kodak24,kodim16,15,2,median_val,29.882802130671426,0.7266520857810974,0.8695611357688904,0.016767092049121857,0.2082013636827469,0.037692535668611526,0,0.0006615999991481658,,,0.0,,,,,
synthetic_image,kodak24,kodim16,15,2,bilateral_val,30.87168260692247,0.7899844646453857,0.9152412414550781,0.013959158211946487,0.2082013636827469,0.05931805074214935,0,0.13096939999923052,,,0.0,,,,,
synthetic_image,kodak24,kodim16,15,2,pm_diff_val,31.47659426546078,0.8017283082008362,0.915755033493042,0.01458385493606329,0.2082013636827469,0.033557869493961334,5,0.005538600000363658,,,0.0,,,,,
synthetic_image,kodak24,kodim16,15,2,wavelet_bayes,30.60540486914407,0.7676742672920227,0.904894232749939,0.014562482945621014,0.2082013636827469,0.05388513207435608,0,0.003184700000929297,,,0.0,,,,,
synthetic_image,kodak24,kodim16,15,2,nlm,32.046451814186334,0.8129213452339172,0.9022248387336731,0.015051358379423618,0.2082013636827469,0.03633570298552513,0,0.04018319999886444,,,0.0,,,,,
synthetic_image,kodak24,kodim16,15,2,bm3d,34.91035048351422,0.905780553817749,0.9618903994560242,0.009531944058835506,0.2082013636827469,0.04297522082924843,0,1.4335862999996607,,,0.0,,,,,
synthetic_image,kodak24,kodim16,15,2,fdncnn_color,35.19223001249199,0.9103050827980042,0.9643251895904541,0.009211855009198189,0.2082013636827469,0.04356903210282326,0,1.2043220999985351,,,0.0,,,,,
synthetic_image,kodak24,kodim16,15,2,ectv_fdncnn,35.19223001249199,0.9103050827980042,0.9643251895904541,0.009211855009198189,0.2082013636827469,0.04356903210282326,0,1.2065389999970648,0.1725764484378941,0.16463233157992363,0.8488381630355155,0.32,,0.3333333333333333,1.0,1.0
synthetic_image,kodak24,kodim16,25,0,noisy,20.243520668414167,0.2719143331050873,0.7926938533782959,0.04110325872898102,0.3292142152786255,0.3292142152786255,0,0.0,0.0,0.0,0.0,,,,,
synthetic_image,kodak24,kodim16,25,0,ectv,25.433214655214478,0.4861418902873993,0.8519282341003418,0.023687131702899933,0.3292142152786255,0.1414269655942917,5,0.030377299999599927,0.18778726146140717,0.1877872496843338,0.6839397205857212,0.04,,,,
synthetic_image,kodak24,kodim16,25,0,ectv_fidelity,30.686005644619165,0.7699530124664307,0.8849880695343018,0.01676766388118267,0.3292142152786255,0.029541434720158577,80,0.2274572000005719,0.33330865074633204,0.2996727805584669,0.6839397205857212,0.32,0.12,0.3333333333333333,,
synthetic_image,kodak24,kodim16,25,0,tv_maxiter,29.051863977015692,0.6763284206390381,0.9000229835510254,0.015350318513810635,0.3292142152786255,0.07007081806659698,22,0.06274649999977555,inf,0.2591433972120285,0.6839397205857212,,,,,
synthetic_image,kodak24,kodim16,25,0,tv_fixedk_val,29.105929691579927,0.6787245273590088,0.9004920125007629,0.015303664840757847,0.3292142152786255,0.06980786472558975,40,0.11026920000040263,,0.25940635055303574,0.6839397205857212,,,,,
synthetic_image,kodak24,kodim16,25,0,tv_discrepancy,29.051863977015692,0.6763284206390381,0.9000229835510254,0.015350318513810635,0.3292142152786255,0.07007081806659698,22,0.06253329999890411,,0.2591433972120285,0.6839397205857212,,,,,
synthetic_image,kodak24,kodim16,25,0,tv_chambolle_val,30.028402862448914,0.7437832951545715,0.8816383481025696,0.017068760469555855,0.3292142152786255,0.03479006141424179,0,0.013114800000039395,,,0.0,,,,,
synthetic_image,kodak24,kodim16,25,0,gaussian_val,28.92826557544606,0.6753909587860107,0.86970055103302,0.016972312703728676,0.3292142152786255,0.05402382090687752,0,0.00026020000041171443,,,0.0,,,,,
synthetic_image,kodak24,kodim16,25,0,median_val,28.31726135412948,0.6387568116188049,0.833106279373169,0.018282514065504074,0.3292142152786255,0.05082113295793533,0,0.0007461000004695961,,,0.0,,,,,
synthetic_image,kodak24,kodim16,25,0,bilateral_val,28.08249637489066,0.671926736831665,0.8729082345962524,0.01661483384668827,0.3292142152786255,0.07478311657905579,0,0.13302160000057484,,,0.0,,,,,
synthetic_image,kodak24,kodim16,25,0,pm_diff_val,29.494406189365833,0.7107698321342468,0.8808578252792358,0.016366681084036827,0.3292142152786255,0.041568730026483536,5,0.00579219999963243,,,0.0,,,,,
synthetic_image,kodak24,kodim16,25,0,wavelet_bayes,28.51196488093898,0.6806413531303406,0.8042078018188477,0.019306885078549385,0.3292142152786255,0.041107095777988434,0,0.003436400000282447,,,0.0,,,,,
synthetic_image,kodak24,kodim16,25,0,nlm,30.14999645777166,0.7422044277191162,0.8585072755813599,0.017575714737176895,0.3292142152786255,0.03747980669140816,0,0.0392266999988351,,,0.0,,,,,
synthetic_image,kodak24,kodim16,25,0,bm3d,32.58442382882317,0.8495556712150574,0.9295444488525391,0.012725074775516987,0.3292142152786255,0.03519681841135025,0,1.4433664999996836,,,0.0,,,,,
synthetic_image,kodak24,kodim16,25,0,fdncnn_color,32.956187581774586,0.8581705093383789,0.936306893825531,0.01209238637238741,0.3292142152786255,0.03610677644610405,0,1.2292801999992662,,,0.0,,,,,
synthetic_image,kodak24,kodim16,25,0,ectv_fdncnn,32.956187581774586,0.8581705093383789,0.936306893825531,0.01209238637238741,0.3292142152786255,0.03610677644610405,0,1.231267499999376,0.33330865074633204,0.29310743883252144,0.6839397205857212,0.32,,0.3333333333333333,1.0,1.0
synthetic_image,kodak24,kodim16,25,1,noisy,20.2707276102543,0.2725663483142853,0.7903804779052734,0.04111921042203903,0.3283212184906006,0.3283212184906006,0,0.0,0.0,0.0,0.0,,,,,
synthetic_image,kodak24,kodim16,25,1,ectv,25.478813624566495,0.48843035101890564,0.8496371507644653,0.02375580370426178,0.3283212184906006,0.14053396880626678,5,0.03167820000089705,0.18778726146140717,0.1877872496843338,0.6839397205857212,0.04,,,,
synthetic_image,kodak24,kodim16,25,1,ectv_fidelity,30.695530072011742,0.7713128924369812,0.8852317333221436,0.016748791560530663,0.3283212184906006,0.02946290373802185,80,0.22503640000104497,0.33330865074633204,0.29885831475257874,0.6839397205857212,0.32,0.12,0.3333333333333333,,
synthetic_image,kodak24,kodim16,25,1,tv_maxiter,29.09936975480405,0.6796746850013733,0.9001628756523132,0.015349028632044792,0.3283212184906006,0.06945642083883286,22,0.06269960000099672,inf,0.25886479765176773,0.6839397205857212,,,,,
synthetic_image,kodak24,kodim16,25,1,tv_fixedk_val,29.152553299757066,0.682035505771637,0.9005885124206543,0.015307452529668808,0.3283212184906006,0.06921324878931046,40,0.11319259999982023,,0.25910796970129013,0.6839397205857212,,,,,
synthetic_image,kodak24,kodim16,25,1,tv_discrepancy,29.09936975480405,0.6796746850013733,0.9001628756523132,0.015349028632044792,0.3283212184906006,0.06945642083883286,22,0.06505660000038915,,0.25886479765176773,0.6839397205857212,,,,,
synthetic_image,kodak24,kodim16,25,1,tv_chambolle_val,30.101006942125164,0.7515233159065247,0.8684552311897278,0.01783549040555954,0.3283212184906006,0.027094902470707893,0,0.016540999999051564,,,0.0,,,,,
synthetic_image,kodak24,kodim16,25,1,gaussian_val,28.951365489646776,0.6763713955879211,0.8678534626960754,0.017028966918587685,0.3283212184906006,0.054007530212402344,0,0.0003235000003769528,,,0.0,,,,,
synthetic_image,kodak24,kodim16,25,1,median_val,28.30172805467719,0.6389467120170593,0.8285421133041382,0.018288226798176765,0.3283212184906006,0.05057738721370697,0,0.0006658000002062181,,,0.0,,,,,
synthetic_image,kodak24,kodim16,25,1,bilateral_val,28.11472691064637,0.6751864552497864,0.8747550249099731,0.01650235615670681,0.3283212184906006,0.07430188357830048,0,0.1320746000001236,,,0.0,,,,,
synthetic_image,kodak24,kodim16,25,1,pm_diff_val,29.492815981224282,0.7115826606750488,0.8776223659515381,0.01637744903564453,0.3283212184906006,0.04153459146618843,5,0.005785600000308477,,,0.0,,,,,
synthetic_image,kodak24,kodim16,25,1,wavelet_bayes,28.481711939444217,0.6822649836540222,0.8044654130935669,0.019126391038298607,0.3283212184906006,0.040857862681150436,0,0.0033462999999755993,,,0.0,,,,,
synthetic_image,kodak24,kodim16,25,1,nlm,30.176567956329215,0.7443454265594482,0.8600371479988098,0.017605450004339218,0.3283212184906006,0.03693933039903641,0,0.03908939999928407,,,0.0,,,,,
synthetic_image,kodak24,kodim16,25,1,bm3d,32.627673477739904,0.8490734696388245,0.9301168322563171,0.012659931555390358,0.3283212184906006,0.03483818471431732,0,1.4617617999992945,,,0.0,,,,,
synthetic_image,kodak24,kodim16,25,1,fdncnn_color,32.931837201244804,0.8560786843299866,0.935204803943634,0.012160222977399826,0.3283212184906006,0.03552078828215599,0,1.2160762999992585,,,0.0,,,,,
synthetic_image,kodak24,kodim16,25,1,ectv_fdncnn,32.931837201244804,0.8560786843299866,0.935204803943634,0.012160222977399826,0.3283212184906006,0.03552078828215599,0,1.218439699998271,0.33330865074633204,0.2928004302084446,0.6839397205857212,0.32,,0.3333333333333333,1.0,1.0
synthetic_image,kodak24,kodim16,25,2,noisy,20.255358820556793,0.2727277874946594,0.7897984981536865,0.04142919182777405,0.32958081364631653,0.32958081364631653,0,0.0,0.0,0.0,0.0,,,,,
synthetic_image,kodak24,kodim16,25,2,ectv,25.451654416860148,0.4891296923160553,0.848861038684845,0.02394639328122139,0.32958081364631653,0.14179356396198273,5,0.029898199998569908,0.18778726146140717,0.1877872496843338,0.6839397205857212,0.04,,,,
synthetic_image,kodak24,kodim16,25,2,ectv_fidelity,30.64769024576661,0.7722170948982239,0.8835391998291016,0.016828762367367744,0.32958081364631653,0.02926427125930786,80,0.22163739999996324,0.33330865074633204,0.30031654238700867,0.6839397205857212,0.32,0.12,0.3333333333333333,,
synthetic_image,kodak24,kodim16,25,2,tv_maxiter,29.103808614379496,0.6831822395324707,0.8981757760047913,0.01534327957779169,0.32958081364631653,0.06959359347820282,22,0.06063700000049721,inf,0.2599872201681137,0.6839397205857212,,,,,
synthetic_image,kodak24,kodim16,25,2,tv_fixedk_val,29.155187322136385,0.685518741607666,0.8986495137214661,0.015297716483473778,0.32958081364631653,0.06932254135608673,40,0.1137124999986554,,0.2602582722902298,0.6839397205857212,,,,,
synthetic_image,kodak24,kodim16,25,2,tv_discrepancy,29.103808614379496,0.6831822395324707,0.8981757760047913,0.01534327957779169,0.32958081364631653,0.06959359347820282,22,0.062056299999312614,,0.2599872201681137,0.6839397205857212,,,,,
synthetic_image,kodak24,kodim16,25,2,tv_chambolle_val,30.05654087497271,0.7524798512458801,0.8681705594062805,0.01785384491086006,0.32958081364631653,0.02683609165251255,0,0.016793000000689062,,,0.0,,,,,
synthetic_image,kodak24,kodim16,25,2,gaussian_val,28.963215428011438,0.6797723174095154,0.8687845468521118,0.01687733456492424,0.32958081364631653,0.05391229689121246,0,0.00025579999964975286,,,0.0,,,,,
synthetic_image,kodak24,kodim16,25,2,median_val,28.286250286655175,0.6373617053031921,0.8319136500358582,0.018299419432878494,0.32958081364631653,0.05045405775308609,0,0.0006333000001177425,,,0.0,,,,,
synthetic_image,kodak24,kodim16,25,2,bilateral_val,28.015606609083086,0.673144519329071,0.8731340169906616,0.016658727079629898,0.32958081364631653,0.0748516321182251,0,0.12848889999986568,,,0.0,,,,,
synthetic_image,kodak24,kodim16,25,2,pm_diff_val,29.505950489757495,0.7149140238761902,0.8791802525520325,0.016313767060637474,0.32958081364631653,0.041414108127355576,5,0.00557200000002922,,,0.0,,,,,
synthetic_image,kodak24,kodim16,25,2,wavelet_bayes,28.470634900334137,0.6837117075920105,0.8016451001167297,0.01935727335512638,0.32958081364631653,0.04086216539144516,0,0.0035011999989364995,,,0.0,,,,,
synthetic_image,kodak24,kodim16,25,2,nlm,30.125355573940983,0.7439813017845154,0.8596966862678528,0.01758722960948944,0.32958081364631653,0.03699599206447601,0,0.04165110000030836,,,0.0,,,,,
synthetic_image,kodak24,kodim16,25,2,bm3d,32.54620757033087,0.8505547046661377,0.9291641116142273,0.012576257809996605,0.32958081364631653,0.03560265153646469,0,1.4524421000005532,,,0.0,,,,,
synthetic_image,kodak24,kodim16,25,2,fdncnn_color,32.857616907614975,0.8586432337760925,0.9332817792892456,0.012244364246726036,0.32958081364631653,0.03659055382013321,0,1.2051142000000254,,,0.0,,,,,
synthetic_image,kodak24,kodim16,25,2,ectv_fdncnn,32.857616907614975,0.8586432337760925,0.9332817792892456,0.012244364246726036,0.32958081364631653,0.03659055382013321,0,1.2071644999996352,0.33330865074633204,0.2929902598261833,0.6839397205857212,0.32,,0.3333333333333333,1.0,1.0
synthetic_image,kodak24,kodim16,50,0,noisy,14.621712326448499,0.11085885018110275,0.6697686314582825,0.08624736219644547,0.6141370534896851,0.6141370534896851,0,0.0,0.0,0.0,0.0,,,,,
synthetic_image,kodak24,kodim16,50,0,ectv,19.357761504751817,0.22239436209201813,0.7085028886795044,0.050439562648534775,0.6141370534896851,0.29206958413124084,27,0.07713449999937438,0.3333333333333333,0.3220674693584442,0.5091578194443671,0.04,,,,
synthetic_image,kodak24,kodim16,50,0,ectv_fidelity,28.032457927860953,0.6862706542015076,0.812187671661377,0.020645763725042343,0.6141370534896851,0.023287765681743622,80,0.2200384000007034,0.75,0.5908492878079414,0.5091578194443671,0.32,0.25,0.75,,
synthetic_image,kodak24,kodim16,50,0,tv_maxiter,19.357761504751817,0.22239436209201813,0.7085028886795044,0.050439562648534775,0.6141370534896851,0.29206958413124084,27,0.07821350000085658,inf,0.3220674693584442,0.5091578194443671,,,,,
synthetic_image,kodak24,kodim16,50,0,tv_fixedk_val,19.37317311297091,0.2228289097547531,0.7086856365203857,0.05032166838645935,0.6141370534896851,0.29145559668540955,40,0.11435469999923953,,0.3226814568042755,0.5091578194443671,,,,,
synthetic_image,kodak24,kodim16,50,0,tv_discrepancy,19.357761504751817,0.22239436209201813,0.7085028886795044,0.050439562648534775,0.6141370534896851,0.29206958413124084,27,0.08172749999903317,,0.3220674693584442,0.5091578194443671,,,,,
synthetic_image,kodak24,kodim16,50,0,tv_chambolle_val,27.14394885557381,0.6318709850311279,0.8282331228256226,0.019428590312600136,0.6141370534896851,0.03828715160489082,0,0.012635199998840108,,,0.0,,,,,
synthetic_image,kodak24,kodim16,50,0,gaussian_val,24.617662732004185,0.4418950080871582,0.7680487036705017,0.025839148089289665,0.6141370534896851,0.0883219838142395,0,0.0002960999991046265,,,0.0,,,,,
synthetic_image,kodak24,kodim16,50,0,median_val,24.698586637447704,0.43616411089897156,0.7406745553016663,0.023715732619166374,0.6141370534896851,0.08693445473909378,0,0.0006519999988086056,,,0.0,,,,,
synthetic_image,kodak24,kodim16,50,0,bilateral_val,24.348035436493042,0.4632751941680908,0.7269241213798523,0.02213997021317482,0.6141370534896851,0.11047995835542679,0,0.13719899999887275,,,0.0,,,,,
synthetic_image,kodak24,kodim16,50,0,pm_diff_val,25.72468288270474,0.5104871392250061,0.793621838092804,0.02148526720702648,0.6141370534896851,0.06311152875423431,5,0.006146699999590055,,,0.0,,,,,
synthetic_image,kodak24,kodim16,50,0,wavelet_bayes,25.85677645850549,0.5818645358085632,0.5399442315101624,0.02634095959365368,0.6141370534896851,0.0226330254226923,0,0.003613000000768807,,,0.0,,,,,
synthetic_image,kodak24,kodim16,50,0,nlm,27.182584664515236,0.6152723431587219,0.8004745841026306,0.020389650017023087,0.6141370534896851,0.050646256655454636,0,0.04084980000152427,,,0.0,,,,,
synthetic_image,kodak24,kodim16,50,0,bm3d,29.274221252043134,0.7441899180412292,0.8497417569160461,0.017793679609894753,0.6141370534896851,0.024884875863790512,0,1.4188017000014952,,,0.0,,,,,
synthetic_image,kodak24,kodim16,50,0,fdncnn_color,29.44318381998661,0.7427536845207214,0.8461551070213318,0.01828678511083126,0.6141370534896851,0.02118844911456108,0,1.2336228999993182,,,0.0,,,,,
synthetic_image,kodak24,kodim16,50,0,ectv_fdncnn,29.44318381998661,0.7427536845207214,0.8461551070213318,0.01828678511083126,0.6141370534896851,0.02118844911456108,0,1.2358757000001788,0.75,0.592948604375124,0.5091578194443671,0.32,,0.75,1.0,1.0
synthetic_image,kodak24,kodim16,50,1,noisy,14.651134420529461,0.11119848489761353,0.6650856733322144,0.08591464161872864,0.612546443939209,0.612546443939209,0,0.0,0.0,0.0,0.0,,,,,
synthetic_image,kodak24,kodim16,50,1,ectv,19.411516276580308,0.22412563860416412,0.7028828859329224,0.050458088517189026,0.612546443939209,0.2903110086917877,27,0.07888690000072529,0.3333333333333333,0.32223543524742126,0.5091578194443671,0.04,,,,
synthetic_image,kodak24,kodim16,50,1,ectv_fidelity,27.971676782823472,0.6884363293647766,0.8068046569824219,0.020677415654063225,0.612546443939209,0.02315361239016056,80,0.22654549999970186,0.75,0.5893928315490484,0.5091578194443671,0.32,0.25,0.75,,
synthetic_image,kodak24,kodim16,50,1,tv_maxiter,19.411516276580308,0.22412563860416412,0.7028828859329224,0.050458088517189026,0.612546443939209,0.2903110086917877,27,0.0859775000008085,inf,0.32223543524742126,0.5091578194443671,,,,,
synthetic_image,kodak24,kodim16,50,1,tv_fixedk_val,19.426994606147854,0.2245667427778244,0.7030625939369202,0.05034000054001808,0.612546443939209,0.28969621658325195,40,0.12400260000140406,,0.32285022735595703,0.5091578194443671,,,,,
synthetic_image,kodak24,kodim16,50,1,tv_discrepancy,19.411516276580308,0.22412563860416412,0.7028828859329224,0.050458088517189026,0.612546443939209,0.2903110086917877,27,0.0891630999994959,,0.32223543524742126,0.5091578194443671,,,,,
synthetic_image,kodak24,kodim16,50,1,tv_chambolle_val,26.79883657131073,0.6074294447898865,0.803441047668457,0.019705859944224358,0.612546443939209,0.046103015542030334,0,0.009664999999586144,,,0.0,,,,,
synthetic_image,kodak24,kodim16,50,1,gaussian_val,24.641187043580132,0.4448934495449066,0.7639443874359131,0.026089034974575043,0.612546443939209,0.08815833926200867,0,0.00030359999982465524,,,0.0,,,,,
synthetic_image,kodak24,kodim16,50,1,median_val,24.743663054097134,0.439057856798172,0.7364528775215149,0.023570150136947632,0.612546443939209,0.08631864935159683,0,0.0006970999984332593,,,0.0,,,,,
synthetic_image,kodak24,kodim16,50,1,bilateral_val,24.313424867889616,0.46677157282829285,0.7279009819030762,0.02197791449725628,0.612546443939209,0.10932870209217072,0,0.14042700000027253,,,0.0,,,,,
synthetic_image,kodak24,kodim16,50,1,pm_diff_val,25.73292183426939,0.514086902141571,0.7889037728309631,0.021618802100419998,0.612546443939209,0.06293471157550812,5,0.006429799999750685,,,0.0,,,,,
synthetic_image,kodak24,kodim16,50,1,wavelet_bayes,25.859936430119333,0.586373507976532,0.5482908487319946,0.026045259088277817,0.612546443939209,0.02241094969213009,0,0.0038117999993119156,,,0.0,,,,,
synthetic_image,kodak24,kodim16,50,1,nlm,27.1772479790944,0.6206875443458557,0.7972581386566162,0.020399684086441994,0.612546443939209,0.048999104648828506,0,0.04282489999968675,,,0.0,,,,,
synthetic_image,kodak24,kodim16,50,1,bm3d,29.298380461105715,0.7480059266090393,0.8538343906402588,0.017758749425411224,0.612546443939209,0.02458406239748001,0,2.1557475999998132,,,0.0,,,,,
synthetic_image,kodak24,kodim16,50,1,fdncnn_color,29.383645609198368,0.7451731562614441,0.8471472263336182,0.018240412697196007,0.612546443939209,0.02127314917743206,0,1.3397879999993165,,,0.0,,,,,
synthetic_image,kodak24,kodim16,50,1,ectv_fdncnn,29.383645609198368,0.7451731562614441,0.8471472263336182,0.018240412697196007,0.612546443939209,0.02127314917743206,0,1.3422451000005822,0.75,0.5912732947617769,0.5091578194443671,0.32,,0.75,1.0,1.0
synthetic_image,kodak24,kodim16,50,2,noisy,14.633206938086074,0.11100680381059647,0.6641576886177063,0.08702158182859421,0.6150262355804443,0.6150262355804443,0,0.0,0.0,0.0,0.0,,,,,
synthetic_image,kodak24,kodim16,50,2,ectv,19.39917652468534,0.22473199665546417,0.702320396900177,0.05095510184764862,0.6150262355804443,0.2916342616081238,27,0.08331120000002556,0.3333333333333333,0.32339197397232056,0.5091578194443671,0.04,,,,
synthetic_image,kodak24,kodim16,50,2,ectv_fidelity,27.900212487100543,0.6864068508148193,0.7998385429382324,0.020838946104049683,0.6150262355804443,0.022962206974625587,80,0.26557060000050114,0.75,0.5920640286058187,0.5091578194443671,0.32,0.25,0.75,,
synthetic_image,kodak24,kodim16,50,2,tv_maxiter,19.39917652468534,0.22473199665546417,0.702320396900177,0.05095510184764862,0.6150262355804443,0.2916342616081238,27,0.08318710000094143,inf,0.32339197397232056,0.5091578194443671,,,,,
synthetic_image,kodak24,kodim16,50,2,tv_fixedk_val,19.414682851693335,0.2251768708229065,0.7024937868118286,0.05083538219332695,0.6150262355804443,0.29101496934890747,40,0.11980220000077679,,0.32401126623153687,0.5091578194443671,,,,,
synthetic_image,kodak24,kodim16,50,2,tv_discrepancy,19.39917652468534,0.22473199665546417,0.702320396900177,0.05095510184764862,0.6150262355804443,0.2916342616081238,27,0.08517199999914737,,0.32339197397232056,0.5091578194443671,,,,,
synthetic_image,kodak24,kodim16,50,2,tv_chambolle_val,27.0769302470419,0.6345998644828796,0.7974900007247925,0.019812144339084625,0.6150262355804443,0.03757692500948906,0,0.013763999999355292,,,0.0,,,,,
synthetic_image,kodak24,kodim16,50,2,gaussian_val,24.66500534568589,0.4476888179779053,0.7645382881164551,0.02590583823621273,0.6150262355804443,0.08796662092208862,0,0.00032610000016575214,,,0.0,,,,,
synthetic_image,kodak24,kodim16,50,2,median_val,24.68459519346244,0.434859037399292,0.7392904162406921,0.023423900827765465,0.6150262355804443,0.08631489425897598,0,0.0007377000001724809,,,0.0,,,,,
synthetic_image,kodak24,kodim16,50,2,bilateral_val,24.28335344564378,0.46504151821136475,0.7263543605804443,0.022096700966358185,0.6150262355804443,0.11014711856842041,0,0.13687889999891922,,,0.0,,,,,
synthetic_image,kodak24,kodim16,50,2,pm_diff_val,25.761007159360858,0.5169076323509216,0.7896285653114319,0.021462243050336838,0.6150262355804443,0.06273332983255386,5,0.005870400000276277,,,0.0,,,,,
synthetic_image,kodak24,kodim16,50,2,wavelet_bayes,25.87488056467986,0.5886263251304626,0.5439717769622803,0.026267366483807564,0.6150262355804443,0.022209251299500465,0,0.0038313000004563946,,,0.0,,,,,
synthetic_image,kodak24,kodim16,50,2,nlm,27.137111270060448,0.6192203164100647,0.7960827946662903,0.020424090325832367,0.6150262355804443,0.04973732307553291,0,0.042037399998662295,,,0.0,,,,,
synthetic_image,kodak24,kodim16,50,2,bm3d,29.228202496449292,0.7436676621437073,0.849810004234314,0.01774762012064457,0.6150262355804443,0.025273317471146584,0,1.7446543999994901,,,0.0,,,,,
synthetic_image,kodak24,kodim16,50,2,fdncnn_color,29.364853258089568,0.7461019158363342,0.8452878594398499,0.018198024481534958,0.6150262355804443,0.021789520978927612,0,1.331351299999369,,,0.0,,,,,
synthetic_image,kodak24,kodim16,50,2,ectv_fdncnn,29.364853258089568,0.7461019158363342,0.8452878594398499,0.018198024481534958,0.6150262355804443,0.021789520978927612,0,1.333452099999704,0.75,0.5932367146015167,0.5091578194443671,0.32,,0.75,1.0,1.0
synthetic_image,kodak24,kodim17,15,0,noisy,24.832752828631378,0.5897748470306396,0.9437898397445679,0.021677223965525627,0.21683646738529205,0.21683646738529205,0,0.0,0.0,0.0,0.0,,,,,
synthetic_image,kodak24,kodim17,15,0,ectv,25.732670929037475,0.6272361278533936,0.9478694200515747,0.0200225617736578,0.21683646738529205,0.19299258291721344,1,0.020387599999594386,0.023843897597316383,0.023843884468078613,0.8488381630355155,0.04,,,,
synthetic_image,kodak24,kodim17,15,0,ectv_fidelity,30.733520010715985,0.8672271370887756,0.958234965801239,0.018239261582493782,0.21683646738529205,0.04875709488987923,80,0.24731489999976475,0.1725764484378941,0.16807937249541283,0.8488381630355155,0.32,0.08,0.3333333333333333,,
synthetic_image,kodak24,kodim17,15,0,tv_maxiter,30.715523668389796,0.865292489528656,0.958523690700531,0.01808796264231205,0.21683646738529205,0.04870990291237831,20,0.06459229999927629,inf,0.16812656447291374,0.8488381630355155,,,,,
synthetic_image,kodak24,kodim17,15,0,tv_fixedk_val,30.724386362900617,0.8666000366210938,0.95815509557724,0.01824229024350643,0.21683646738529205,0.04865105450153351,40,0.12229429999933927,,0.16818541288375854,0.8488381630355155,,,,,
synthetic_image,kodak24,kodim17,15,0,tv_discrepancy,30.715523668389796,0.865292489528656,0.958523690700531,0.01808796264231205,0.21683646738529205,0.04870990291237831,20,0.06440020000081859,,0.16812656447291374,0.8488381630355155,,,,,
synthetic_image,kodak24,kodim17,15,0,tv_chambolle_val,29.82043791950702,0.846050500869751,0.9500510692596436,0.01974530518054962,0.21683646738529205,0.04852255806326866,0,0.012360299999272684,,,0.0,,,,,
synthetic_image,kodak24,kodim17,15,0,gaussian_val,28.516799676216728,0.8340685367584229,0.9113130569458008,0.021405372768640518,0.21683646738529205,0.05290509760379791,0,0.0003161999993608333,,,0.0,,,,,
synthetic_image,kodak24,kodim17,15,0,median_val,27.31492147242845,0.7602611184120178,0.8884547352790833,0.024425286799669266,0.21683646738529205,0.050614964216947556,0,0.0007354000008490402,,,0.0,,,,,
synthetic_image,kodak24,kodim17,15,0,bilateral_val,28.572237039434594,0.8018897175788879,0.9442279934883118,0.017650049179792404,0.21683646738529205,0.08532284200191498,0,0.14301940000041213,,,0.0,,,,,
synthetic_image,kodak24,kodim17,15,0,pm_diff_val,29.33160271162024,0.839407205581665,0.9392920136451721,0.020215120166540146,0.21683646738529205,0.04883895441889763,5,0.006313699999736855,,,0.0,,,,,
synthetic_image,kodak24,kodim17,15,0,wavelet_bayes,28.95470550153845,0.797832190990448,0.9516165256500244,0.016786081716418266,0.21683646738529205,0.08988197892904282,0,0.003343000000313623,,,0.0,,,,,
synthetic_image,kodak24,kodim17,15,0,nlm,31.079960763939766,0.8658213019371033,0.9585825204849243,0.015684427693486214,0.21683646738529205,0.06733392924070358,0,0.042293399999834946,,,0.0,,,,,
synthetic_image,kodak24,kodim17,15,0,bm3d,33.98140059614742,0.9301309585571289,0.9810693860054016,0.010563626885414124,0.21683646738529205,0.07084394246339798,0,1.7641762000002927,,,0.0,,,,,
synthetic_image,kodak24,kodim17,15,0,fdncnn_color,34.36812809826597,0.9328027367591858,0.9821457862854004,0.010369502939283848,0.21683646738529205,0.0688769519329071,0,1.3687848999998096,,,0.0,,,,,
synthetic_image,kodak24,kodim17,15,0,ectv_fdncnn,34.36812809826597,0.9328027367591858,0.9821457862854004,0.010369502939283848,0.21683646738529205,0.0688769519329071,0,1.3709513999983756,0.1725764484378941,0.14795951545238495,0.8488381630355155,0.32,,0.3333333333333333,1.0,1.0
synthetic_image,kodak24,kodim17,15,1,noisy,24.853239372854176,0.5914317965507507,0.9447559118270874,0.021643757820129395,0.21614250540733337,0.21614250540733337,0,0.0,0.0,0.0,0.0,,,,,
synthetic_image,kodak24,kodim17,15,1,ectv,25.75546603625753,0.6289452910423279,0.948737621307373,0.019952809438109398,0.21614250540733337,0.19229862093925476,1,0.020805800000744057,0.023843897597316383,0.023843884468078613,0.8488381630355155,0.04,,,,
synthetic_image,kodak24,kodim17,15,1,ectv_fidelity,30.78558118525683,0.8686493039131165,0.9591230154037476,0.018051408231258392,0.21614250540733337,0.049073945730924606,80,0.2480502999987948,0.1725764484378941,0.16706855967640877,0.8488381630355155,0.32,0.08,0.3333333333333333,,
synthetic_image,kodak24,kodim17,15,1,tv_maxiter,30.762289203276314,0.8664920330047607,0.959463894367218,0.01789790578186512,0.21614250540733337,0.049047064036130905,20,0.059932000000117114,inf,0.16709544137120247,0.8488381630355155,,,,,
synthetic_image,kodak24,kodim17,15,1,tv_fixedk_val,30.775028688392936,0.8679964542388916,0.9590449333190918,0.018053783103823662,0.21614250540733337,0.04897819831967354,40,0.12977809999938472,,0.16716430708765984,0.8488381630355155,,,,,
synthetic_image,kodak24,kodim17,15,1,tv_discrepancy,30.762289203276314,0.8664920330047607,0.959463894367218,0.01789790578186512,0.21614250540733337,0.049047064036130905,20,0.06185120000009192,,0.16709544137120247,0.8488381630355155,,,,,
synthetic_image,kodak24,kodim17,15,1,tv_chambolle_val,29.86685170189981,0.8475425839424133,0.9516419768333435,0.019545644521713257,0.21614250540733337,0.04888506606221199,0,0.013761499998508953,,,0.0,,,,,
synthetic_image,kodak24,kodim17,15,1,gaussian_val,28.52651076094968,0.8341644406318665,0.9125743508338928,0.02132662758231163,0.21614250540733337,0.05317755416035652,0,0.0003344999986438779,,,0.0,,,,,
synthetic_image,kodak24,kodim17,15,1,median_val,27.3073690906511,0.7611683011054993,0.8911786675453186,0.024239186197519302,0.21614250540733337,0.05071927607059479,0,0.0008587000011175405,,,0.0,,,,,
synthetic_image,kodak24,kodim17,15,1,bilateral_val,28.645574584946168,0.8041570782661438,0.9453475475311279,0.017441043630242348,0.21614250540733337,0.08534738421440125,0,0.14119419999951788,,,0.0,,,,,
synthetic_image,kodak24,kodim17,15,1,pm_diff_val,29.35363686977377,0.8397472500801086,0.9412270784378052,0.020102789625525475,0.21614250540733337,0.04910125583410263,5,0.006037999999534804,,,0.0,,,,,
synthetic_image,kodak24,kodim17,15,1,wavelet_bayes,28.976287311581533,0.7998564839363098,0.9517683982849121,0.01671714335680008,0.21614250540733337,0.08974633365869522,0,0.003542300000844989,,,0.0,,,,,
synthetic_image,kodak24,kodim17,15,1,nlm,31.170054343745733,0.86857008934021,0.9600358009338379,0.015427314676344395,0.21614250540733337,0.06750581413507462,0,0.0410823000001983,,,0.0,,,,,
synthetic_image,kodak24,kodim17,15,1,bm3d,33.989269655313656,0.9306130409240723,0.9809775352478027,0.010513226501643658,0.21614250540733337,0.07079698145389557,0,1.6324253999991925,,,0.0,,,,,
synthetic_image,kodak24,kodim17,15,1,fdncnn_color,34.35766390241386,0.9326493144035339,0.9822813868522644,0.010277478024363518,0.21614250540733337,0.06872238218784332,0,1.2095584999988205,,,0.0,,,,,
synthetic_image,kodak24,kodim17,15,1,ectv_fdncnn,34.35766390241386,0.9326493144035339,0.9822813868522644,0.010277478024363518,0.21614250540733337,0.06872238218784332,0,1.211532499997702,0.1725764484378941,0.14742012321949005,0.8488381630355155,0.32,,0.3333333333333333,1.0,1.0
synthetic_image,kodak24,kodim17,15,2,noisy,24.84410841279322,0.591803252696991,0.9431188106536865,0.021825319156050682,0.21634049713611603,0.21634049713611603,0,0.0,0.0,0.0,0.0,,,,,
synthetic_image,kodak24,kodim17,15,2,ectv,25.744649246545016,0.6294127106666565,0.9472229480743408,0.02014348655939102,0.21634049713611603,0.1924966275691986,1,0.021924799999396782,0.023843897597316383,0.02384386956691742,0.8488381630355155,0.04,,,,
synthetic_image,kodak24,kodim17,15,2,ectv_fidelity,30.729548239671544,0.8691770434379578,0.9587485790252686,0.0181753970682621,0.21634049713611603,0.048965781927108765,80,0.22478709999995772,0.1725764484378941,0.16737471520900726,0.8488381630355155,0.32,0.08,0.3333333333333333,,
synthetic_image,kodak24,kodim17,15,2,tv_maxiter,30.714106167159816,0.867393434047699,0.9591931104660034,0.017997879534959793,0.21634049713611603,0.04893399775028229,20,0.058199299999614595,inf,0.16740649938583374,0.8488381630355155,,,,,
synthetic_image,kodak24,kodim17,15,2,tv_fixedk_val,30.720437282506875,0.8686321377754211,0.9586700201034546,0.018172256648540497,0.21634049713611603,0.04886668920516968,40,0.11411199999929522,,0.16747380793094635,0.8488381630355155,,,,,
synthetic_image,kodak24,kodim17,15,2,tv_discrepancy,30.714106167159816,0.867393434047699,0.9591931104660034,0.017997879534959793,0.21634049713611603,0.04893399775028229,20,0.06141879999995581,,0.16740649938583374,0.8488381630355155,,,,,
synthetic_image,kodak24,kodim17,15,2,tv_chambolle_val,29.82189778856253,0.8478693962097168,0.9506235718727112,0.019696542993187904,0.21634049713611603,0.04861963167786598,0,0.012594899999385234,,,0.0,,,,,
synthetic_image,kodak24,kodim17,15,2,gaussian_val,28.500138811870247,0.8350164294242859,0.911125898361206,0.02136499062180519,0.21634049713611603,0.053080715239048004,0,0.00033429999893996865,,,0.0,,,,,
synthetic_image,kodak24,kodim17,15,2,median_val,27.340231747737253,0.7621679306030273,0.8921178579330444,0.024261586368083954,0.21634049713611603,0.05075833573937416,0,0.0007791000007273396,,,0.0,,,,,
synthetic_image,kodak24,kodim17,15,2,bilateral_val,28.635066158644513,0.8054747581481934,0.9452384114265442,0.01746789924800396,0.21634049713611603,0.08552517741918564,0,0.1338543000001664,,,0.0,,,,,
synthetic_image,kodak24,kodim17,15,2,pm_diff_val,29.323736692609877,0.8403452038764954,0.9396792054176331,0.020275171846151352,0.21634049713611603,0.048914674669504166,5,0.0055204999989655335,,,0.0,,,,,
synthetic_image,kodak24,kodim17,15,2,wavelet_bayes,28.95305700688633,0.8007235527038574,0.9507665038108826,0.016848711296916008,0.21634049713611603,0.08918128907680511,0,0.002970100000311504,,,0.0,,,,,
synthetic_image,kodak24,kodim17,15,2,nlm,31.15390594249966,0.8696885108947754,0.9598249197006226,0.015519862994551659,0.21634049713611603,0.06711647659540176,0,0.03950810000060301,,,0.0,,,,,
synthetic_image,kodak24,kodim17,15,2,bm3d,33.87845835188745,0.9304521679878235,0.9806418418884277,0.010550481267273426,0.21634049713611603,0.07117285579442978,0,1.454955199998949,,,0.0,,,,,
synthetic_image,kodak24,kodim17,15,2,fdncnn_color,34.28288142350017,0.93402099609375,0.9819404482841492,0.01030839141458273,0.21634049713611603,0.0691123828291893,0,1.2311076000005414,,,0.0,,,,,
synthetic_image,kodak24,kodim17,15,2,ectv_fdncnn,34.28288142350017,0.93402099609375,0.9819404482841492,0.01030839141458273,0.21634049713611603,0.0691123828291893,0,1.2332243000000744,0.1725764484378941,0.14722811430692673,0.8488381630355155,0.32,,0.3333333333333333,1.0,1.0
synthetic_image,kodak24,kodim17,25,0,noisy,20.590681523853632,0.3991856276988983,0.8787004947662354,0.03668098896741867,0.3247833549976349,0.3247833549976349,0,0.0,0.0,0.0,0.0,,,,,
synthetic_image,kodak24,kodim17,25,0,ectv,25.8732685676477,0.6494958996772766,0.9254975914955139,0.021548032760620117,0.3247833549976349,0.1369961053133011,5,0.03209740000056627,0.18778726146140717,0.1877872496843338,0.6839397205857212,0.04,,,,
synthetic_image,kodak24,kodim17,25,0,ectv_fidelity,28.4662357671314,0.8041694760322571,0.9318019151687622,0.02185949869453907,0.3247833549976349,0.047729458659887314,80,0.22569900000053167,0.33330865074633204,0.2770538963377476,0.6839397205857212,0.32,0.12,0.3333333333333333,,
synthetic_image,kodak24,kodim17,25,0,tv_maxiter,28.100351484593112,0.7801118493080139,0.9440703392028809,0.01787577010691166,0.3247833549976349,0.0826784297823906,21,0.061847700000726036,inf,0.2421049252152443,0.6839397205857212,,,,,
synthetic_image,kodak24,kodim17,25,0,tv_fixedk_val,28.12164265653408,0.7811911106109619,0.9441207647323608,0.017913155257701874,0.3247833549976349,0.08245106041431427,40,0.11170230000061565,,0.24233229458332062,0.6839397205857212,,,,,
synthetic_image,kodak24,kodim17,25,0,tv_discrepancy,28.100351484593112,0.7801118493080139,0.9440703392028809,0.01787577010691166,0.3247833549976349,0.0826784297823906,21,0.06130549999943469,,0.2421049252152443,0.6839397205857212,,,,,
synthetic_image,kodak24,kodim17,25,0,tv_chambolle_val,27.78728844533356,0.7778138518333435,0.9267866015434265,0.021533265709877014,0.3247833549976349,0.05437704175710678,0,0.007348600000113947,,,0.0,,,,,
synthetic_image,kodak24,kodim17,25,0,gaussian_val,27.205055087292216,0.7530736923217773,0.8910878896713257,0.0231012050062418,0.3247833549976349,0.06289252638816833,0,0.00030189999961294234,,,0.0,,,,,
synthetic_image,kodak24,kodim17,25,0,median_val,26.166308440391912,0.6833928227424622,0.8499265909194946,0.027024004608392715,0.3247833549976349,0.06126171723008156,0,0.0007194000008894363,,,0.0,,,,,
synthetic_image,kodak24,kodim17,25,0,bilateral_val,25.328071360790723,0.6709794998168945,0.8920420408248901,0.02384977787733078,0.3247833549976349,0.0907311663031578,0,0.13413580000087677,,,0.0,,,,,
synthetic_image,kodak24,kodim17,25,0,pm_diff_val,27.463768071866923,0.7671632170677185,0.9043883681297302,0.023301126435399055,0.3247833549976349,0.05195682868361473,5,0.0059416999993118225,,,0.0,,,,,
synthetic_image,kodak24,kodim17,25,0,wavelet_bayes,26.09843473394033,0.7017254829406738,0.8619027733802795,0.02497854270040989,0.3247833549976349,0.06773557513952255,0,0.0034777000000758562,,,0.0,,,,,
synthetic_image,kodak24,kodim17,25,0,nlm,27.923499461899407,0.7787424921989441,0.9092757105827332,0.022802896797657013,0.3247833549976349,0.057585883885622025,0,0.04244800000014948,,,0.0,,,,,
synthetic_image,kodak24,kodim17,25,0,bm3d,31.026736001613596,0.8767116665840149,0.9605056643486023,0.014900114387273788,0.3247833549976349,0.06084588170051575,0,1.4393012999989878,,,0.0,,,,,
synthetic_image,kodak24,kodim17,25,0,fdncnn_color,31.385544432987565,0.8813161253929138,0.963969886302948,0.014425182715058327,0.3247833549976349,0.06142108142375946,0,1.2085659999993368,,,0.0,,,,,
synthetic_image,kodak24,kodim17,25,0,ectv_fdncnn,31.385544432987565,0.8813161253929138,0.963969886302948,0.014425182715058327,0.3247833549976349,0.06142108142375946,0,1.210833499999353,0.33330865074633204,0.2633622735738754,0.6839397205857212,0.32,,0.3333333333333333,1.0,1.0
synthetic_image,kodak24,kodim17,25,1,noisy,20.615359183794823,0.4017108976840973,0.8808936476707458,0.03667568787932396,0.3232787847518921,0.3232787847518921,0,0.0,0.0,0.0,0.0,,,,,
synthetic_image,kodak24,kodim17,25,1,ectv,25.928961960356705,0.653351902961731,0.9266725182533264,0.02139454334974289,0.3232787847518921,0.1354915350675583,5,0.032645100000081584,0.18778726146140717,0.1877872496843338,0.6839397205857212,0.04,,,,
synthetic_image,kodak24,kodim17,25,1,ectv_fidelity,28.538392882170655,0.8073380589485168,0.9344102740287781,0.021587058901786804,0.3232787847518921,0.04830076918005943,80,0.22758380000050238,0.33330865074633204,0.27497801557183266,0.6839397205857212,0.32,0.12,0.3333333333333333,,
synthetic_image,kodak24,kodim17,25,1,tv_maxiter,28.126671987522162,0.7814977765083313,0.9449923038482666,0.017750265076756477,0.3232787847518921,0.08298402279615402,21,0.06301470000107656,inf,0.24029476195573807,0.6839397205857212,,,,,
synthetic_image,kodak24,kodim17,25,1,tv_fixedk_val,28.149026840937026,0.7826119065284729,0.9450270533561707,0.017784632742404938,0.3232787847518921,0.08275935798883438,40,0.11360060000151861,,0.2405194267630577,0.6839397205857212,,,,,
synthetic_image,kodak24,kodim17,25,1,tv_discrepancy,28.126671987522162,0.7814977765083313,0.9449923038482666,0.017750265076756477,0.3232787847518921,0.08298402279615402,21,0.06256039999971108,,0.24029476195573807,0.6839397205857212,,,,,
synthetic_image,kodak24,kodim17,25,1,tv_chambolle_val,27.830083201280434,0.7800507545471191,0.929255485534668,0.021394986659288406,0.3232787847518921,0.054884906858205795,0,0.007452499999999418,,,0.0,,,,,
synthetic_image,kodak24,kodim17,25,1,gaussian_val,27.223178788565036,0.7541115283966064,0.8924029469490051,0.023039843887090683,0.3232787847518921,0.06336512416601181,0,0.00032660000033502,,,0.0,,,,,
synthetic_image,kodak24,kodim17,25,1,median_val,26.171397318121453,0.6865000128746033,0.8542814254760742,0.026792587712407112,0.3232787847518921,0.06122172996401787,0,0.0006947000001673587,,,0.0,,,,,
synthetic_image,kodak24,kodim17,25,1,bilateral_val,25.368708136318723,0.6738978028297424,0.8955966234207153,0.02370099350810051,0.3232787847518921,0.0903882384300232,0,0.139744599999176,,,0.0,,,,,
synthetic_image,kodak24,kodim17,25,1,pm_diff_val,27.47590350830027,0.7682567238807678,0.9063343405723572,0.023225650191307068,0.3232787847518921,0.05233372002840042,5,0.006654799999523675,,,0.0,,,,,
synthetic_image,kodak24,kodim17,25,1,wavelet_bayes,26.126339000778852,0.7076537013053894,0.8627408742904663,0.025020482018589973,0.3232787847518921,0.0672873929142952,0,0.003793200001382502,,,0.0,,,,,
synthetic_image,kodak24,kodim17,25,1,nlm,28.077326931283643,0.7861860394477844,0.9163028597831726,0.02217777632176876,0.3232787847518921,0.05944972485303879,0,0.042196800000965595,,,0.0,,,,,
synthetic_image,kodak24,kodim17,25,1,bm3d,31.09763770916676,0.878675639629364,0.9606376886367798,0.014762132428586483,0.3232787847518921,0.06126932427287102,0,1.6167944000007992,,,0.0,,,,,
synthetic_image,kodak24,kodim17,25,1,fdncnn_color,31.416306381736163,0.8821290135383606,0.9642117619514465,0.014255179092288017,0.3232787847518921,0.061453189700841904,0,1.2226923999987775,,,0.0,,,,,
synthetic_image,kodak24,kodim17,25,1,ectv_fdncnn,31.416306381736163,0.8821290135383606,0.9642117619514465,0.014255179092288017,0.3232787847518921,0.061453189700841904,0,1.224642799998037,0.33330865074633204,0.2618255950510502,0.6839397205857212,0.32,,0.3333333333333333,1.0,1.0
synthetic_image,kodak24,kodim17,25,2,noisy,20.60077336587513,0.40121063590049744,0.8768739700317383,0.03694351762533188,0.3240351676940918,0.3240351676940918,0,0.0,0.0,0.0,0.0,,,,,
synthetic_image,kodak24,kodim17,25,2,ectv,25.89218685394725,0.6537880301475525,0.9242725372314453,0.021644573658704758,0.3240351676940918,0.136247918009758,5,0.030915500001356122,0.18778726146140717,0.1877872496843338,0.6839397205857212,0.04,,,,
synthetic_image,kodak24,kodim17,25,2,ectv_fidelity,28.467004421221635,0.8072240948677063,0.9327783584594727,0.021776333451271057,0.3240351676940918,0.048042625188827515,80,0.22423870000056922,0.33330865074633204,0.2759925425052643,0.6839397205857212,0.32,0.12,0.3333333333333333,,
synthetic_image,kodak24,kodim17,25,2,tv_maxiter,28.098972319204677,0.7839345335960388,0.9441013336181641,0.017806092277169228,0.3240351676940918,0.08256296068429947,21,0.05963510000037786,inf,0.24147220700979233,0.6839397205857212,,,,,
synthetic_image,kodak24,kodim17,25,2,tv_fixedk_val,28.11971844203407,0.7849442362785339,0.9440986514091492,0.017840366810560226,0.3240351676940918,0.0823373943567276,40,0.11794089999966673,,0.2416977733373642,0.6839397205857212,,,,,
synthetic_image,kodak24,kodim17,25,2,tv_discrepancy,28.098972319204677,0.7839345335960388,0.9441013336181641,0.017806092277169228,0.3240351676940918,0.08256296068429947,21,0.06220489999941492,,0.24147220700979233,0.6839397205857212,,,,,
synthetic_image,kodak24,kodim17,25,2,tv_chambolle_val,27.761623538928152,0.779443085193634,0.9267520904541016,0.021558772772550583,0.3240351676940918,0.054372336715459824,0,0.0077247999997780425,,,0.0,,,,,
synthetic_image,kodak24,kodim17,25,2,gaussian_val,27.188285360773257,0.7552709579467773,0.8904771208763123,0.023064976558089256,0.3240351676940918,0.06315187364816666,0,0.0003132999991066754,,,0.0,,,,,
synthetic_image,kodak24,kodim17,25,2,median_val,26.197116260614294,0.687619686126709,0.8550336360931396,0.026831142604351044,0.3240351676940918,0.061258673667907715,0,0.0006847000004199799,,,0.0,,,,,
synthetic_image,kodak24,kodim17,25,2,bilateral_val,25.353676389941846,0.6757706999778748,0.8918202519416809,0.023796703666448593,0.3240351676940918,0.09101130813360214,0,0.1329511999992974,,,0.0,,,,,
synthetic_image,kodak24,kodim17,25,2,pm_diff_val,27.454324916203667,0.7693507671356201,0.9038971066474915,0.023316236212849617,0.3240351676940918,0.05215107649564743,5,0.005538400000659749,,,0.0,,,,,
synthetic_image,kodak24,kodim17,25,2,wavelet_bayes,26.074992559110683,0.7055700421333313,0.8596314191818237,0.02510775811970234,0.3240351676940918,0.06760232150554657,0,0.002958899998702691,,,0.0,,,,,
synthetic_image,kodak24,kodim17,25,2,nlm,28.00535579376188,0.785728931427002,0.9138926267623901,0.022514911368489265,0.3240351676940918,0.05817388743162155,0,0.043924200001129066,,,0.0,,,,,
synthetic_image,kodak24,kodim17,25,2,bm3d,31.003099075565824,0.880105197429657,0.9605704545974731,0.01465634722262621,0.3240351676940918,0.061871785670518875,0,1.4045784999998432,,,0.0,,,,,
synthetic_image,kodak24,kodim17,25,2,fdncnn_color,31.313598736012345,0.8838222026824951,0.9638976454734802,0.0142509825527668,0.3240351676940918,0.06201624870300293,0,1.2320423999990453,,,0.0,,,,,
synthetic_image,kodak24,kodim17,25,2,ectv_fdncnn,31.313598736012345,0.8838222026824951,0.9638976454734802,0.0142509825527668,0.3240351676940918,0.06201624870300293,0,1.234015999998519,0.33330865074633204,0.26201891899108887,0.6839397205857212,0.32,,0.3333333333333333,1.0,1.0
synthetic_image,kodak24,kodim17,50,0,noisy,15.062249698989657,0.18545080721378326,0.7549968957901001,0.07383587211370468,0.5804305076599121,0.5804305076599121,0,0.0,0.0,0.0,0.0,,,,,
synthetic_image,kodak24,kodim17,50,0,ectv,19.738192885402942,0.34964239597320557,0.8080242872238159,0.04205714166164398,0.5804305076599121,0.2677432596683502,26,0.0751044999997248,0.3333333333333333,0.3126872479915619,0.5091578194443671,0.04,,,,
synthetic_image,kodak24,kodim17,50,0,ectv_fidelity,24.601891633830984,0.6523469090461731,0.8407973647117615,0.03023289330303669,0.5804305076599121,0.03442007303237915,80,0.22938450000037847,0.75,0.546010434627533,0.5091578194443671,0.32,0.25,0.75,,
synthetic_image,kodak24,kodim17,50,0,tv_maxiter,19.738192885402942,0.34964239597320557,0.8080242872238159,0.04205714166164398,0.5804305076599121,0.2677432596683502,26,0.07701839999936055,inf,0.3126872479915619,0.5091578194443671,,,,,
synthetic_image,kodak24,kodim17,50,0,tv_fixedk_val,19.7554127044317,0.350374311208725,0.8082765340805054,0.04194071143865585,0.5804305076599121,0.26705458760261536,40,0.11795259999962582,,0.31337592005729675,0.5091578194443671,,,,,
synthetic_image,kodak24,kodim17,50,0,tv_discrepancy,19.738192885402942,0.34964239597320557,0.8080242872238159,0.04205714166164398,0.5804305076599121,0.2677432596683502,26,0.08137809999971068,,0.3126872479915619,0.5091578194443671,,,,,
synthetic_image,kodak24,kodim17,50,0,tv_chambolle_val,24.442707242624238,0.6402227282524109,0.8481658697128296,0.027986347675323486,0.5804305076599121,0.04741711542010307,0,0.009064800000487594,,,0.0,,,,,
synthetic_image,kodak24,kodim17,50,0,gaussian_val,23.655470848728495,0.5528947710990906,0.8233165144920349,0.02919953130185604,0.5804305076599121,0.08982919156551361,0,0.0002948000001197215,,,0.0,,,,,
synthetic_image,kodak24,kodim17,50,0,median_val,23.580466108306894,0.5107676386833191,0.7723349928855896,0.031761862337589264,0.5804305076599121,0.09314011037349701,0,0.0007077999998728046,,,0.0,,,,,
synthetic_image,kodak24,kodim17,50,0,bilateral_val,21.79077714445002,0.46499618887901306,0.7619460225105286,0.03129595145583153,0.5804305076599121,0.10751590132713318,0,0.1327129999990575,,,0.0,,,,,
synthetic_image,kodak24,kodim17,50,0,pm_diff_val,24.2179312191302,0.5981034636497498,0.8427268862724304,0.027340540662407875,0.5804305076599121,0.0667836144566536,5,0.005860700000994257,,,0.0,,,,,
synthetic_image,kodak24,kodim17,50,0,wavelet_bayes,22.723372364631608,0.5214225649833679,0.5875712633132935,0.0379556342959404,0.5804305076599121,0.035636015236377716,0,0.003020600001036655,,,0.0,,,,,
synthetic_image,kodak24,kodim17,50,0,nlm,24.107824009121618,0.6014982461929321,0.8107491731643677,0.03062993288040161,0.5804305076599121,0.059850387275218964,0,0.04045629999927769,,,0.0,,,,,
synthetic_image,kodak24,kodim17,50,0,bm3d,26.383511003319708,0.7460959553718567,0.8977040648460388,0.023082120344042778,0.5804305076599121,0.0434589684009552,0,1.4019872000008036,,,0.0,,,,,
synthetic_image,kodak24,kodim17,50,0,fdncnn_color,26.507587027230393,0.7510084509849548,0.9045314788818359,0.022736530750989914,0.5804305076599121,0.043929826468229294,0,1.217248800001471,,,0.0,,,,,
synthetic_image,kodak24,kodim17,50,0,ectv_fdncnn,26.507587027230393,0.7510084509849548,0.9045314788818359,0.022736530750989914,0.5804305076599121,0.043929826468229294,0,1.219394800002192,0.75,0.5365006811916828,0.5091578194443671,0.32,,0.75,1.0,1.0
synthetic_image,kodak24,kodim17,50,1,noisy,15.096354436368522,0.1882714033126831,0.7580922842025757,0.073996402323246,0.5766638517379761,0.5766638517379761,0,0.0,0.0,0.0,0.0,,,,,
synthetic_image,kodak24,kodim17,50,1,ectv,19.77035376278576,0.35445383191108704,0.8096644878387451,0.04218623414635658,0.5766638517379761,0.2661857306957245,26,0.07433039999887114,0.3333333333333333,0.3104781210422516,0.5091578194443671,0.04,,,,
synthetic_image,kodak24,kodim17,50,1,ectv_fidelity,24.692533558698614,0.6598941683769226,0.8485175371170044,0.02993849664926529,0.5766638517379761,0.035220783203840256,80,0.22103190000052564,0.75,0.5414430685341358,0.5091578194443671,0.32,0.25,0.75,,
synthetic_image,kodak24,kodim17,50,1,tv_maxiter,19.77035376278576,0.35445383191108704,0.8096644878387451,0.04218623414635658,0.5766638517379761,0.2661857306957245,26,0.07438410000031581,inf,0.3104781210422516,0.5091578194443671,,,,,
synthetic_image,kodak24,kodim17,50,1,tv_fixedk_val,19.78755585675934,0.3551904857158661,0.8099141716957092,0.04206892475485802,0.5766638517379761,0.2655094563961029,40,0.11316029999943567,,0.31115439534187317,0.5091578194443671,,,,,
synthetic_image,kodak24,kodim17,50,1,tv_discrepancy,19.77035376278576,0.35445383191108704,0.8096644878387451,0.04218623414635658,0.5766638517379761,0.2661857306957245,26,0.07481340000049386,,0.3104781210422516,0.5091578194443671,,,,,
synthetic_image,kodak24,kodim17,50,1,tv_chambolle_val,24.491132333475125,0.6434571146965027,0.8519056439399719,0.027811095118522644,0.5766638517379761,0.04806702211499214,0,0.009288799999922048,,,0.0,,,,,
synthetic_image,kodak24,kodim17,50,1,gaussian_val,23.701677109360524,0.5581785440444946,0.8249533772468567,0.029174860566854477,0.5766638517379761,0.09054408222436905,0,0.0003663000006781658,,,0.0,,,,,
synthetic_image,kodak24,kodim17,50,1,median_val,23.62183928595501,0.5194765329360962,0.7756247520446777,0.03160690516233444,0.5766638517379761,0.09271813184022903,0,0.0007643999997526407,,,0.0,,,,,
synthetic_image,kodak24,kodim17,50,1,bilateral_val,21.822438136960113,0.4667673408985138,0.7636793255805969,0.03124435804784298,0.5766638517379761,0.10644915699958801,0,0.13589970000066387,,,0.0,,,,,
synthetic_image,kodak24,kodim17,50,1,pm_diff_val,24.26734290993657,0.6037474274635315,0.8449729084968567,0.027240782976150513,0.5766638517379761,0.06737624853849411,5,0.0057560999994166195,,,0.0,,,,,
synthetic_image,kodak24,kodim17,50,1,wavelet_bayes,22.744591392595627,0.5221540331840515,0.5820668935775757,0.0383477583527565,0.5766638517379761,0.036158010363578796,0,0.0031665000005887123,,,0.0,,,,,
synthetic_image,kodak24,kodim17,50,1,nlm,24.18967094507481,0.6085102558135986,0.8179893493652344,0.030359800904989243,0.5766638517379761,0.060690879821777344,0,0.04132519999984652,,,0.0,,,,,
synthetic_image,kodak24,kodim17,50,1,bm3d,26.572182076278423,0.7571709752082825,0.9034565091133118,0.02245556004345417,0.5766638517379761,0.04455991089344025,0,1.40220059999956,,,0.0,,,,,
synthetic_image,kodak24,kodim17,50,1,fdncnn_color,26.674274779408123,0.7589027881622314,0.9093113541603088,0.02222113497555256,0.5766638517379761,0.0451437383890152,0,1.2137210000000778,,,0.0,,,,,
synthetic_image,kodak24,kodim17,50,1,ectv_fdncnn,26.674274779408123,0.7589027881622314,0.9093113541603088,0.02222113497555256,0.5766638517379761,0.0451437383890152,0,1.215811100000792,0.75,0.5315201133489609,0.5091578194443671,0.32,,0.75,1.0,1.0
synthetic_image,kodak24,kodim17,50,2,noisy,15.07753537187382,0.18680931627750397,0.7529281377792358,0.07421186566352844,0.5787307024002075,0.5787307024002075,0,0.0,0.0,0.0,0.0,,,,,
synthetic_image,kodak24,kodim17,50,2,ectv,19.759006532411277,0.35446348786354065,0.8057413697242737,0.04240160807967186,0.5787307024002075,0.2665371894836426,26,0.08047789999909583,0.3333333333333333,0.31219351291656494,0.5091578194443671,0.04,,,,
synthetic_image,kodak24,kodim17,50,2,ectv_fidelity,24.62844102195389,0.6583852767944336,0.8437215089797974,0.03003213368356228,0.5787307024002075,0.03510558605194092,80,0.22294099999999162,0.75,0.5436251163482666,0.5091578194443671,0.32,0.25,0.75,,
synthetic_image,kodak24,kodim17,50,2,tv_maxiter,19.759006532411277,0.35446348786354065,0.8057413697242737,0.04240160807967186,0.5787307024002075,0.2665371894836426,26,0.0716441999993549,inf,0.31219351291656494,0.5091578194443671,,,,,
synthetic_image,kodak24,kodim17,50,2,tv_fixedk_val,19.776215834946928,0.35520613193511963,0.8059973120689392,0.042283814400434494,0.5787307024002075,0.2658524215221405,40,0.11453959999926155,,0.312878280878067,0.5091578194443671,,,,,
synthetic_image,kodak24,kodim17,50,2,tv_discrepancy,19.759006532411277,0.35446348786354065,0.8057413697242737,0.04240160807967186,0.5787307024002075,0.2665371894836426,26,0.07694570000057865,,0.31219351291656494,0.5091578194443671,,,,,
synthetic_image,kodak24,kodim17,50,2,tv_chambolle_val,24.450665477500642,0.6448257565498352,0.8475672006607056,0.027906641364097595,0.5787307024002075,0.0476597398519516,0,0.010480400000233203,,,0.0,,,,,
synthetic_image,kodak24,kodim17,50,2,gaussian_val,23.658311935165187,0.5588843822479248,0.8220648765563965,0.029231078922748566,0.5787307024002075,0.09003271907567978,0,0.00030870000045979396,,,0.0,,,,,
synthetic_image,kodak24,kodim17,50,2,median_val,23.660067591574006,0.5209980607032776,0.7755113840103149,0.03161032497882843,0.5787307024002075,0.09278607368469238,0,0.0007183000016084407,,,0.0,,,,,
synthetic_image,kodak24,kodim17,50,2,bilateral_val,21.790367424276518,0.4686027467250824,0.7597115635871887,0.0312410406768322,0.5787307024002075,0.1073618233203888,0,0.13885929999923974,,,0.0,,,,,
synthetic_image,kodak24,kodim17,50,2,pm_diff_val,24.231206205415212,0.6046006679534912,0.8423517942428589,0.027267444878816605,0.5787307024002075,0.06701525300741196,5,0.006342699998640455,,,0.0,,,,,
synthetic_image,kodak24,kodim17,50,2,wavelet_bayes,22.741287903646274,0.5255570411682129,0.5965930819511414,0.03775614872574806,0.5787307024002075,0.0366123728454113,0,0.003713100000823033,,,0.0,,,,,
synthetic_image,kodak24,kodim17,50,2,nlm,24.16270808975634,0.6093482375144958,0.815288782119751,0.03039589524269104,0.5787307024002075,0.05983516573905945,0,0.0404871999999159,,,0.0,,,,,
synthetic_image,kodak24,kodim17,50,2,bm3d,26.496735236286803,0.7581517100334167,0.9053690433502197,0.022320805117487907,0.5787307024002075,0.04579333961009979,0,1.4124285999987478,,,0.0,,,,,
synthetic_image,kodak24,kodim17,50,2,fdncnn_color,26.598466673745172,0.7608084678649902,0.9100084900856018,0.02214965410530567,0.5787307024002075,0.04619140923023224,0,1.1894780000002356,,,0.0,,,,,
synthetic_image,kodak24,kodim17,50,2,ectv_fdncnn,26.598466673745172,0.7608084678649902,0.9100084900856018,0.02214965410530567,0.5787307024002075,0.04619140923023224,0,1.1916966999997385,0.75,0.5325392931699753,0.5091578194443671,0.32,,0.75,1.0,1.0
synthetic_image,kodak24,kodim18,15,0,noisy,24.7039866117705,0.6177675127983093,0.9469143748283386,0.022256892174482346,0.2317495048046112,0.2317495048046112,0,0.0,0.0,0.0,0.0,,,,,
synthetic_image,kodak24,kodim18,15,0,ectv,25.540252611925872,0.6502407193183899,0.9503223299980164,0.02062068320810795,0.2317495048046112,0.2079056203365326,1,0.020332199999756995,0.023843897597316383,0.023843884468078613,0.8488381630355155,0.04,,,,
synthetic_image,kodak24,kodim18,15,0,ectv_fidelity,29.39682949772505,0.8153817653656006,0.952384352684021,0.020600076764822006,0.2317495048046112,0.05917305871844292,9,0.04232650000085414,0.1725764484378941,0.1725764460861683,0.8488381630355155,0.32,0.08,0.3333333333333333,,
synthetic_image,kodak24,kodim18,15,0,tv_maxiter,29.13870338790187,0.807213544845581,0.9411259889602661,0.023251255974173546,0.2317495048046112,0.05138581246137619,20,0.05837659999997413,inf,0.18036369234323502,0.8488381630355155,,,,,
synthetic_image,kodak24,kodim18,15,0,tv_fixedk_val,29.1555930684766,0.8092567324638367,0.9409601092338562,0.02337661199271679,0.2317495048046112,0.051378823816776276,40,0.11435270000038145,,0.18037068098783493,0.8488381630355155,,,,,
synthetic_image,kodak24,kodim18,15,0,tv_discrepancy,29.26746503018471,0.8106836676597595,0.9477879405021667,0.021692795678973198,0.2317495048046112,0.05520361661911011,11,0.03361650000078953,,0.1765458881855011,0.8488381630355155,,,,,
synthetic_image,kodak24,kodim18,15,0,tv_chambolle_val,28.422936671702473,0.7747127413749695,0.9308245182037354,0.02518879994750023,0.2317495048046112,0.04990315064787865,0,0.014999200000602286,,,0.0,,,,,
synthetic_image,kodak24,kodim18,15,0,gaussian_val,27.39974483199322,0.7726344466209412,0.9227575659751892,0.02468792349100113,0.2317495048046112,0.054777976125478745,0,0.00031519999902229756,,,0.0,,,,,
synthetic_image,kodak24,kodim18,15,0,median_val,25.538714892689175,0.6540358066558838,0.8494577407836914,0.030323730781674385,0.2317495048046112,0.04937560111284256,0,0.0008443999995506601,,,0.0,,,,,
synthetic_image,kodak24,kodim18,15,0,bilateral_val,27.653698851055655,0.7550129890441895,0.9386910796165466,0.021240705624222755,0.2317495048046112,0.09430810809135437,0,0.13276199999927485,,,0.0,,,,,
synthetic_image,kodak24,kodim18,15,0,pm_diff_val,27.993194240474327,0.768303632736206,0.9259495139122009,0.024458687752485275,0.2317495048046112,0.050800591707229614,5,0.005290300001433934,,,0.0,,,,,
synthetic_image,kodak24,kodim18,15,0,wavelet_bayes,28.183844401650134,0.7644869685173035,0.9520128965377808,0.018536312505602837,0.2317495048046112,0.1079268753528595,0,0.003072900000915979,,,0.0,,,,,
synthetic_image,kodak24,kodim18,15,0,nlm,28.97383314129984,0.7841746211051941,0.9254845380783081,0.02281658723950386,0.2317495048046112,0.06669509410858154,0,0.04091890000017884,,,0.0,,,,,
synthetic_image,kodak24,kodim18,15,0,bm3d,31.58053786609024,0.8948431015014648,0.9720491170883179,0.013643800280988216,0.2317495048046112,0.08524230867624283,0,1.3960645999995904,,,0.0,,,,,
synthetic_image,kodak24,kodim18,15,0,fdncnn_color,32.13865325597776,0.9072542190551758,0.9759854674339294,0.012525995261967182,0.2317495048046112,0.08665671199560165,0,1.2049382000004698,,,0.0,,,,,
synthetic_image,kodak24,kodim18,15,0,ectv_fdncnn,32.13865325597776,0.9072542190551758,0.9759854674339294,0.012525995261967182,0.2317495048046112,0.08665671199560165,0,1.2068689999996423,0.1725764484378941,0.14509279280900955,0.8488381630355155,0.32,,0.3333333333333333,1.0,1.0
synthetic_image,kodak24,kodim18,15,1,noisy,24.732394921552313,0.6184697151184082,0.947986900806427,0.022123010829091072,0.23111961781978607,0.23111961781978607,0,0.0,0.0,0.0,0.0,,,,,
synthetic_image,kodak24,kodim18,15,1,ectv,25.572104336200574,0.6510350108146667,0.9513985514640808,0.02045290730893612,0.23111961781978607,0.20727574825286865,1,0.02053180000075372,0.023843897597316383,0.02384386956691742,0.8488381630355155,0.04,,,,
synthetic_image,kodak24,kodim18,15,1,ectv_fidelity,29.394564941627223,0.8152604103088379,0.9520489573478699,0.020683610811829567,0.23111961781978607,0.05854317173361778,10,0.045133899999200366,0.1725764484378941,0.1725764460861683,0.8488381630355155,0.32,0.08,0.3333333333333333,,
synthetic_image,kodak24,kodim18,15,1,tv_maxiter,29.150060542057467,0.8067825436592102,0.9414657950401306,0.02316758595407009,0.23111961781978607,0.051424164324998856,20,0.057950399999754154,inf,0.17969545349478722,0.8488381630355155,,,,,
synthetic_image,kodak24,kodim18,15,1,tv_fixedk_val,29.16380339530121,0.8085052967071533,0.9411711692810059,0.023307451978325844,0.23111961781978607,0.05140453577041626,40,0.1153375000012602,,0.1797150820493698,0.8488381630355155,,,,,
synthetic_image,kodak24,kodim18,15,1,tv_discrepancy,29.150060542057467,0.8067825436592102,0.9414657950401306,0.02316758595407009,0.23111961781978607,0.051424164324998856,20,0.05960219999906258,,0.17969545349478722,0.8488381630355155,,,,,
synthetic_image,kodak24,kodim18,15,1,tv_chambolle_val,28.42872607315623,0.7745628952980042,0.9311805367469788,0.025113048031926155,0.23111961781978607,0.049868036061525345,0,0.01443719999952009,,,0.0,,,,,
synthetic_image,kodak24,kodim18,15,1,gaussian_val,27.386902156459456,0.7725424766540527,0.922107994556427,0.024690940976142883,0.23111961781978607,0.05467196926474571,0,0.00031120000130613334,,,0.0,,,,,
synthetic_image,kodak24,kodim18,15,1,median_val,25.502546537769714,0.6525449752807617,0.8476030230522156,0.030465716496109962,0.23111961781978607,0.04905131831765175,0,0.0010621000001265202,,,0.0,,,,,
synthetic_image,kodak24,kodim18,15,1,bilateral_val,27.66788016635323,0.7553830146789551,0.9394849538803101,0.021140048280358315,0.23111961781978607,0.09412626922130585,0,0.13527440000143542,,,0.0,,,,,
synthetic_image,kodak24,kodim18,15,1,pm_diff_val,27.988873298167363,0.7681471705436707,0.9254644513130188,0.024459632113575935,0.23111961781978607,0.05077369138598442,5,0.006473399998867535,,,0.0,,,,,
synthetic_image,kodak24,kodim18,15,1,wavelet_bayes,28.240108132051777,0.7664623856544495,0.954072892665863,0.01810847967863083,0.23111961781978607,0.10815034806728363,0,0.003363899999385467,,,0.0,,,,,
synthetic_image,kodak24,kodim18,15,1,nlm,29.010869592416547,0.7862451672554016,0.9275192022323608,0.022362079471349716,0.23111961781978607,0.06818454712629318,0,0.039554599999974016,,,0.0,,,,,
synthetic_image,kodak24,kodim18,15,1,bm3d,31.612866106045058,0.8950081467628479,0.9723281860351562,0.01358023565262556,0.23111961781978607,0.08487104624509811,0,1.4645653999996284,,,0.0,,,,,
synthetic_image,kodak24,kodim18,15,1,fdncnn_color,32.1294073611477,0.906775951385498,0.9757725596427917,0.012578893452882767,0.23111961781978607,0.08684633672237396,0,1.1987321999986307,,,0.0,,,,,
synthetic_image,kodak24,kodim18,15,1,ectv_fdncnn,32.1294073611477,0.906775951385498,0.9757725596427917,0.012578893452882767,0.23111961781978607,0.08684633672237396,0,1.2008943000000727,0.1725764484378941,0.1442732810974121,0.8488381630355155,0.32,,0.3333333333333333,1.0,1.0
synthetic_image,kodak24,kodim18,15,2,noisy,24.717304748107413,0.6184130907058716,0.94695645570755,0.022319143638014793,0.23199647665023804,0.23199647665023804,0,0.0,0.0,0.0,0.0,,,,,
synthetic_image,kodak24,kodim18,15,2,ectv,25.55716213458135,0.6509991884231567,0.9503770470619202,0.020660778507590294,0.23199647665023804,0.20815259218215942,1,0.02100090000021737,0.023843897597316383,0.023843884468078613,0.8488381630355155,0.04,,,,
synthetic_image,kodak24,kodim18,15,2,ectv_fidelity,29.427247962185294,0.8164531588554382,0.9519526362419128,0.020528288558125496,0.23199647665023804,0.059420034289360046,9,0.04338070000085281,0.1725764484378941,0.172576442360878,0.8488381630355155,0.32,0.08,0.3333333333333333,,
synthetic_image,kodak24,kodim18,15,2,tv_maxiter,29.1467700757834,0.8065905570983887,0.9400449395179749,0.023232394829392433,0.23199647665023804,0.051371246576309204,20,0.061170700000729994,inf,0.18062523007392883,0.8488381630355155,,,,,
synthetic_image,kodak24,kodim18,15,2,tv_fixedk_val,29.164700291978104,0.8087413311004639,0.9397706985473633,0.02336093783378601,0.23199647665023804,0.051361002027988434,40,0.1193950999986555,,0.1806354746222496,0.8488381630355155,,,,,
synthetic_image,kodak24,kodim18,15,2,tv_discrepancy,29.338826915731026,0.812981367111206,0.9490611553192139,0.021209027618169785,0.23199647665023804,0.05683307722210884,10,0.031933500000377535,,0.1751633994281292,0.8488381630355155,,,,,
synthetic_image,kodak24,kodim18,15,2,tv_chambolle_val,28.436476208324443,0.7745723724365234,0.9298927783966064,0.02517169900238514,0.23199647665023804,0.049812279641628265,0,0.015868099999352125,,,0.0,,,,,
synthetic_image,kodak24,kodim18,15,2,gaussian_val,27.395824020925467,0.772890031337738,0.9219921231269836,0.024719329550862312,0.23199647665023804,0.05467437580227852,0,0.00029439999889291357,,,0.0,,,,,
synthetic_image,kodak24,kodim18,15,2,median_val,25.50691995671062,0.6523696780204773,0.8476485013961792,0.030527006834745407,0.23199647665023804,0.04926231503486633,0,0.0006929999999556458,,,0.0,,,,,
synthetic_image,kodak24,kodim18,15,2,bilateral_val,27.683110523489386,0.7569149136543274,0.938351035118103,0.02124900370836258,0.23199647665023804,0.09480100125074387,0,0.14614869999968505,,,0.0,,,,,
synthetic_image,kodak24,kodim18,15,2,pm_diff_val,27.991994281772484,0.7684410214424133,0.9253988862037659,0.024446789175271988,0.23199647665023804,0.05078338086605072,5,0.006575400000656373,,,0.0,,,,,
synthetic_image,kodak24,kodim18,15,2,wavelet_bayes,28.213563912648052,0.7661018371582031,0.952873706817627,0.018357226625084877,0.23199647665023804,0.10879704356193542,0,0.0030764000002818648,,,0.0,,,,,
synthetic_image,kodak24,kodim18,15,2,nlm,29.040469724804563,0.78851318359375,0.9269763827323914,0.02243839204311371,0.23199647665023804,0.06864085048437119,0,0.04398669999864069,,,0.0,,,,,
synthetic_image,kodak24,kodim18,15,2,bm3d,31.594623616679648,0.8957648277282715,0.972270131111145,0.013533645309507847,0.23199647665023804,0.08615776896476746,0,1.3898520999991888,,,0.0,,,,,
synthetic_image,kodak24,kodim18,15,2,fdncnn_color,32.135927351849006,0.9075541496276855,0.9757413864135742,0.012581716291606426,0.23199647665023804,0.08758804947137833,0,1.2289994999991904,,,0.0,,,,,
synthetic_image,kodak24,kodim18,15,2,ectv_fdncnn,32.135927351849006,0.9075541496276855,0.9757413864135742,0.012581716291606426,0.23199647665023804,0.08758804947137833,0,1.2309248999990814,0.1725764484378941,0.1444084271788597,0.8488381630355155,0.32,,0.3333333333333333,1.0,1.0
synthetic_image,kodak24,kodim18,25,0,noisy,20.456109407974196,0.42106446623802185,0.8845986723899841,0.03764064237475395,0.33970576524734497,0.33970576524734497,0,0.0,0.0,0.0,0.0,,,,,
synthetic_image,kodak24,kodim18,25,0,ectv,25.330937741361303,0.6289889216423035,0.922245979309082,0.02370823547244072,0.33970576524734497,0.15191851556301117,5,0.03134350000073027,0.18778726146140717,0.1877872496843338,0.6839397205857212,0.04,,,,
synthetic_image,kodak24,kodim18,25,0,ectv_fidelity,27.365753282152347,0.7337856888771057,0.9105735421180725,0.027374301105737686,0.33970576524734497,0.04845558479428291,80,0.22389130000010482,0.33330865074633204,0.29125018045306206,0.6839397205857212,0.32,0.12,0.3333333333333333,,
synthetic_image,kodak24,kodim18,25,0,tv_maxiter,27.3078008787755,0.7270426750183105,0.9352172613143921,0.021777279675006866,0.33970576524734497,0.08981075882911682,21,0.06070189999991271,inf,0.24989500641822815,0.6839397205857212,,,,,
synthetic_image,kodak24,kodim18,25,0,tv_fixedk_val,27.32896897613457,0.727977454662323,0.9352189898490906,0.021827124059200287,0.33970576524734497,0.08945561945438385,40,0.11291449999953329,,0.2502501457929611,0.6839397205857212,,,,,
synthetic_image,kodak24,kodim18,25,0,tv_discrepancy,27.3078008787755,0.7270426750183105,0.9352172613143921,0.021777279675006866,0.33970576524734497,0.08981075882911682,21,0.06333660000018426,,0.24989500641822815,0.6839397205857212,,,,,
synthetic_image,kodak24,kodim18,25,0,tv_chambolle_val,26.58308567868947,0.6872487664222717,0.8904714584350586,0.03024285100400448,0.33970576524734497,0.04282946512103081,0,0.01629729999876872,,,0.0,,,,,
synthetic_image,kodak24,kodim18,25,0,gaussian_val,26.36340341352987,0.6990078091621399,0.9030066132545471,0.025930490344762802,0.33970576524734497,0.06488233059644699,0,0.0003025999994861195,,,0.0,,,,,
synthetic_image,kodak24,kodim18,25,0,median_val,24.85342147727687,0.5948290228843689,0.8338030576705933,0.031276118010282516,0.33970576524734497,0.06028590723872185,0,0.0006868000000395114,,,0.0,,,,,
synthetic_image,kodak24,kodim18,25,0,bilateral_val,24.970976044899995,0.612358570098877,0.8915179967880249,0.027301592752337456,0.33970576524734497,0.09828583896160126,0,0.13910170000053768,,,0.0,,,,,
synthetic_image,kodak24,kodim18,25,0,pm_diff_val,26.446394202677762,0.6978726387023926,0.9032188057899475,0.02716033160686493,0.33970576524734497,0.052759215235710144,5,0.006536900000355672,,,0.0,,,,,
synthetic_image,kodak24,kodim18,25,0,wavelet_bayes,25.678450449482398,0.6450206637382507,0.8850823640823364,0.026930371299386024,0.33970576524734497,0.07855986803770065,0,0.0033993999986705603,,,0.0,,,,,
synthetic_image,kodak24,kodim18,25,0,nlm,26.766286365811887,0.674813449382782,0.8711692690849304,0.02948477864265442,0.33970576524734497,0.056512877345085144,0,0.04402880000088771,,,0.0,,,,,
synthetic_image,kodak24,kodim18,25,0,bm3d,28.875093910701683,0.8113182187080383,0.9376506805419922,0.02016746625304222,0.33970576524734497,0.06579627096652985,0,1.5311455999999453,,,0.0,,,,,
synthetic_image,kodak24,kodim18,25,0,fdncnn_color,29.44378799371688,0.8360360264778137,0.948712170124054,0.018078237771987915,0.33970576524734497,0.07170292735099792,0,1.3670854000010877,,,0.0,,,,,
synthetic_image,kodak24,kodim18,25,0,ectv_fdncnn,29.44378799371688,0.8360360264778137,0.948712170124054,0.018078237771987915,0.33970576524734497,0.07170292735099792,0,1.3691474000006565,0.33330865074633204,0.26800283789634705,0.6839397205857212,0.32,,0.3333333333333333,1.0,1.0
synthetic_image,kodak24,kodim18,25,1,noisy,20.49326042126223,0.42214417457580566,0.8866142630577087,0.03750595822930336,0.33801522850990295,0.33801522850990295,0,0.0,0.0,0.0,0.0,,,,,
synthetic_image,kodak24,kodim18,25,1,ectv,25.393804778927528,0.6311850547790527,0.923939049243927,0.02337029203772545,0.33801522850990295,0.15022797882556915,5,0.033802600000854,0.18778726146140717,0.1877872496843338,0.6839397205857212,0.04,,,,
synthetic_image,kodak24,kodim18,25,1,ectv_fidelity,27.356829999377407,0.7332000732421875,0.9107616543769836,0.027298809960484505,0.33801522850990295,0.04829876497387886,80,0.22734809999928984,0.33330865074633204,0.2897164635360241,0.6839397205857212,0.32,0.12,0.3333333333333333,,
synthetic_image,kodak24,kodim18,25,1,tv_maxiter,27.324368478585747,0.7290692329406738,0.9359345436096191,0.02151641808450222,0.33801522850990295,0.08952144533395767,21,0.05976639999971667,inf,0.24849378317594528,0.6839397205857212,,,,,
synthetic_image,kodak24,kodim18,25,1,tv_fixedk_val,27.34489980195663,0.730006217956543,0.9358856678009033,0.021567486226558685,0.33801522850990295,0.08916442096233368,40,0.11433320000105596,,0.24885080754756927,0.6839397205857212,,,,,
synthetic_image,kodak24,kodim18,25,1,tv_discrepancy,27.324368478585747,0.7290692329406738,0.9359345436096191,0.02151641808450222,0.33801522850990295,0.08952144533395767,21,0.06286229999932402,,0.24849378317594528,0.6839397205857212,,,,,
synthetic_image,kodak24,kodim18,25,1,tv_chambolle_val,26.565709814727576,0.6866870522499084,0.8904587030410767,0.030169550329446793,0.33801522850990295,0.042570196092128754,0,0.015582399999402696,,,0.0,,,,,
synthetic_image,kodak24,kodim18,25,1,gaussian_val,26.345043330359573,0.6982808709144592,0.9021026492118835,0.025898564606904984,0.33801522850990295,0.06472830474376678,0,0.0003212000010535121,,,0.0,,,,,
synthetic_image,kodak24,kodim18,25,1,median_val,24.838541087366313,0.5944466590881348,0.8333855271339417,0.03127303346991539,0.33801522850990295,0.05998238921165466,0,0.0007690000002185116,,,0.0,,,,,
synthetic_image,kodak24,kodim18,25,1,bilateral_val,24.963035924528185,0.6126611232757568,0.8921332359313965,0.027187183499336243,0.33801522850990295,0.09773437678813934,0,0.1265136000001803,,,0.0,,,,,
synthetic_image,kodak24,kodim18,25,1,pm_diff_val,26.42538959302311,0.6971430778503418,0.9027007222175598,0.02714185230433941,0.33801522850990295,0.05254213511943817,5,0.006236499999431544,,,0.0,,,,,
synthetic_image,kodak24,kodim18,25,1,wavelet_bayes,25.690700111108427,0.6458836197853088,0.8888976573944092,0.026552049443125725,0.33801522850990295,0.07785817235708237,0,0.0034188999998150393,,,0.0,,,,,
synthetic_image,kodak24,kodim18,25,1,nlm,26.794518590652153,0.6773603558540344,0.8757710456848145,0.02901100181043148,0.33801522850990295,0.057276636362075806,0,0.040038500001173816,,,0.0,,,,,
synthetic_image,kodak24,kodim18,25,1,bm3d,28.896438180300954,0.8094937801361084,0.9373936653137207,0.020220482721924782,0.33801522850990295,0.06496304273605347,0,1.430584000001545,,,0.0,,,,,
synthetic_image,kodak24,kodim18,25,1,fdncnn_color,29.454118128979708,0.8357212543487549,0.948829710483551,0.018014023080468178,0.33801522850990295,0.07219144701957703,0,1.337810900000477,,,0.0,,,,,
synthetic_image,kodak24,kodim18,25,1,ectv_fdncnn,29.454118128979708,0.8357212543487549,0.948829710483551,0.018014023080468178,0.33801522850990295,0.07219144701957703,0,1.3399186000006011,0.33330865074633204,0.2658237814903259,0.6839397205857212,0.32,,0.3333333333333333,1.0,1.0
synthetic_image,kodak24,kodim18,25,2,noisy,20.47657302407663,0.4221550524234772,0.884661078453064,0.03780317306518555,0.33968737721443176,0.33968737721443176,0,0.0,0.0,0.0,0.0,,,,,
synthetic_image,kodak24,kodim18,25,2,ectv,25.376071391942972,0.6313559412956238,0.9220532178878784,0.02369481883943081,0.33968737721443176,0.15190014243125916,5,0.03231179999966116,0.18778726146140717,0.1877872347831726,0.6839397205857212,0.04,,,,
synthetic_image,kodak24,kodim18,25,2,ectv_fidelity,27.37682015528685,0.7340753078460693,0.9088167548179626,0.02732354775071144,0.33968737721443176,0.04831966012716293,80,0.22660159999941243,0.33330865074633204,0.29136771708726883,0.6839397205857212,0.32,0.12,0.3333333333333333,,
synthetic_image,kodak24,kodim18,25,2,tv_maxiter,27.346958138078765,0.7302019000053406,0.9343141913414001,0.021687131375074387,0.33968737721443176,0.08948856592178345,21,0.06172300000071118,inf,0.2501988112926483,0.6839397205857212,,,,,
synthetic_image,kodak24,kodim18,25,2,tv_fixedk_val,27.36776724264303,0.7311943173408508,0.9342924952507019,0.021732859313488007,0.33968737721443176,0.08913394063711166,40,0.1096932000000379,,0.2505534365773201,0.6839397205857212,,,,,
synthetic_image,kodak24,kodim18,25,2,tv_discrepancy,27.346958138078765,0.7302019000053406,0.9343141913414001,0.021687131375074387,0.33968737721443176,0.08948856592178345,21,0.058773099999598344,,0.2501988112926483,0.6839397205857212,,,,,
synthetic_image,kodak24,kodim18,25,2,tv_chambolle_val,26.59122087318487,0.6874381899833679,0.8883667588233948,0.030217137187719345,0.33968737721443176,0.04266022518277168,0,0.015653499998734333,,,0.0,,,,,
synthetic_image,kodak24,kodim18,25,2,gaussian_val,26.360058479276947,0.6991936564445496,0.9019854664802551,0.025942755863070488,0.33968737721443176,0.06470666080713272,0,0.0003028999999514781,,,0.0,,,,,
synthetic_image,kodak24,kodim18,25,2,median_val,24.822759139411147,0.5922421813011169,0.8309181332588196,0.03144025430083275,0.33968737721443176,0.06015294790267944,0,0.0007025999984762166,,,0.0,,,,,
synthetic_image,kodak24,kodim18,25,2,bilateral_val,24.990327974325982,0.6146426796913147,0.8890643119812012,0.027300875633955002,0.33968737721443176,0.09845633059740067,0,0.12949610000032408,,,0.0,,,,,
synthetic_image,kodak24,kodim18,25,2,pm_diff_val,26.460057328794846,0.6980063915252686,0.9030769467353821,0.02715391106903553,0.33968737721443176,0.052652258425951004,5,0.00576079999882495,,,0.0,,,,,
synthetic_image,kodak24,kodim18,25,2,wavelet_bayes,25.688296746801154,0.6455572247505188,0.8863179087638855,0.02684146724641323,0.33968737721443176,0.07919764518737793,0,0.0034536000002844958,,,0.0,,,,,
synthetic_image,kodak24,kodim18,25,2,nlm,26.767908958744073,0.6766021847724915,0.8700788617134094,0.02947615273296833,0.33968737721443176,0.05638636648654938,0,0.04138570000031905,,,0.0,,,,,
synthetic_image,kodak24,kodim18,25,2,bm3d,28.889825283426568,0.8109712600708008,0.9370120763778687,0.020215308293700218,0.33968737721443176,0.06574707478284836,0,1.4026787000002514,,,0.0,,,,,
synthetic_image,kodak24,kodim18,25,2,fdncnn_color,29.452015861383416,0.8351462483406067,0.9477055072784424,0.01818843185901642,0.33968737721443176,0.07242201268672943,0,1.3472203000001173,,,0.0,,,,,
synthetic_image,kodak24,kodim18,25,2,ectv_fdncnn,29.452015861383416,0.8351462483406067,0.9477055072784424,0.01818843185901642,0.33968737721443176,0.07242201268672943,0,1.3490082000007533,0.33330865074633204,0.26726536452770233,0.6839397205857212,0.32,,0.3333333333333333,1.0,1.0
synthetic_image,kodak24,kodim18,50,0,noisy,15.116187066989202,0.20123068988323212,0.7692921757698059,0.07399322837591171,0.5870590806007385,0.5870590806007385,0,0.0,0.0,0.0,0.0,,,,,
synthetic_image,kodak24,kodim18,50,0,ectv,19.831314610701902,0.3557030260562897,0.8145146369934082,0.04278639703989029,0.5870590806007385,0.27216318249702454,26,0.07295669999984966,0.3333333333333333,0.314895898103714,0.5091578194443671,0.04,,,,
synthetic_image,kodak24,kodim18,50,0,ectv_fidelity,24.288041528329284,0.5722610354423523,0.8170530200004578,0.03658594936132431,0.5870590806007385,0.031048612669110298,80,0.234691899999234,0.75,0.5560104679316282,0.5091578194443671,0.32,0.25,0.75,,
synthetic_image,kodak24,kodim18,50,0,tv_maxiter,19.831314610701902,0.3557030260562897,0.8145146369934082,0.04278639703989029,0.5870590806007385,0.27216318249702454,26,0.07483409999986179,inf,0.314895898103714,0.5091578194443671,,,,,
synthetic_image,kodak24,kodim18,50,0,tv_fixedk_val,19.84871998768072,0.3563266694545746,0.8147438168525696,0.042675480246543884,0.5870590806007385,0.2714487612247467,40,0.11397649999889836,,0.3156103193759918,0.5091578194443671,,,,,
synthetic_image,kodak24,kodim18,50,0,tv_discrepancy,19.831314610701902,0.3557030260562897,0.8145146369934082,0.04278639703989029,0.5870590806007385,0.27216318249702454,26,0.07506939999984752,,0.314895898103714,0.5091578194443671,,,,,
synthetic_image,kodak24,kodim18,50,0,tv_chambolle_val,24.155627080766543,0.5701193809509277,0.8443386554718018,0.03452235460281372,0.5870590806007385,0.04743371903896332,0,0.009574199999406119,,,0.0,,,,,
synthetic_image,kodak24,kodim18,50,0,gaussian_val,23.448181511962126,0.5241100192070007,0.83868807554245,0.030772501602768898,0.5870590806007385,0.09079218655824661,0,0.00034639999830687884,,,0.0,,,,,
synthetic_image,kodak24,kodim18,50,0,median_val,22.796090216218204,0.45183274149894714,0.7749519348144531,0.033945582807064056,0.5870590806007385,0.09338541328907013,0,0.0007299999997485429,,,0.0,,,,,
synthetic_image,kodak24,kodim18,50,0,bilateral_val,21.729667562845606,0.4211721420288086,0.8062145709991455,0.03361994028091431,0.5870590806007385,0.11132054030895233,0,0.13908139999875857,,,0.0,,,,,
synthetic_image,kodak24,kodim18,50,0,pm_diff_val,23.84033444584169,0.5508915781974792,0.8445698022842407,0.03055047243833542,0.5870590806007385,0.0664096549153328,5,0.005990899999233079,,,0.0,,,,,
synthetic_image,kodak24,kodim18,50,0,wavelet_bayes,22.766190617610512,0.47017279267311096,0.657004177570343,0.04035750776529312,0.5870590806007385,0.03774894028902054,0,0.003310399999463698,,,0.0,,,,,
synthetic_image,kodak24,kodim18,50,0,nlm,24.065712783285235,0.5255541205406189,0.8145363330841064,0.03568566218018532,0.5870590806007385,0.05705800652503967,0,0.04424969999854511,,,0.0,,,,,
synthetic_image,kodak24,kodim18,50,0,bm3d,25.30998986224659,0.6455284953117371,0.8505150079727173,0.031124597415328026,0.5870590806007385,0.03870322182774544,0,1.436676700001044,,,0.0,,,,,
synthetic_image,kodak24,kodim18,50,0,fdncnn_color,25.47776741378076,0.6495442390441895,0.8579453825950623,0.030118055641651154,0.5870590806007385,0.04010767862200737,0,1.2784843999997975,,,0.0,,,,,
synthetic_image,kodak24,kodim18,50,0,ectv_fdncnn,25.47776741378076,0.6495442390441895,0.8579453825950623,0.030118055641651154,0.5870590806007385,0.04010767862200737,0,1.280971899999713,0.75,0.5469514019787312,0.5091578194443671,0.32,,0.75,1.0,1.0
synthetic_image,kodak24,kodim18,50,1,noisy,15.158602055965986,0.2022668868303299,0.7722898721694946,0.07380278408527374,0.5833348631858826,0.5833348631858826,0,0.0,0.0,0.0,0.0,,,,,
synthetic_image,kodak24,kodim18,50,1,ectv,19.879964649797603,0.3562406301498413,0.8184562921524048,0.0423947311937809,0.5833348631858826,0.27020755410194397,26,0.07416659999944386,0.3333333333333333,0.3131273090839386,0.5091578194443671,0.04,,,,
synthetic_image,kodak24,kodim18,50,1,ectv_fidelity,24.29091536043086,0.5727480053901672,0.8209113478660583,0.03645843639969826,0.5833348631858826,0.0307212732732296,80,0.22535099999913655,0.75,0.552613589912653,0.5091578194443671,0.32,0.25,0.75,,
synthetic_image,kodak24,kodim18,50,1,tv_maxiter,19.879964649797603,0.3562406301498413,0.8184562921524048,0.0423947311937809,0.5833348631858826,0.27020755410194397,26,0.07471580000128597,inf,0.3131273090839386,0.5091578194443671,,,,,
synthetic_image,kodak24,kodim18,50,1,tv_fixedk_val,19.897382047252908,0.356863409280777,0.8186842203140259,0.04228369891643524,0.5833348631858826,0.2694985568523407,40,0.11341660000107368,,0.31383630633354187,0.5091578194443671,,,,,
synthetic_image,kodak24,kodim18,50,1,tv_discrepancy,19.879964649797603,0.3562406301498413,0.8184562921524048,0.0423947311937809,0.5833348631858826,0.27020755410194397,26,0.07629099999940081,,0.3131273090839386,0.5091578194443671,,,,,
synthetic_image,kodak24,kodim18,50,1,tv_chambolle_val,24.154794331065943,0.5714430212974548,0.8451671004295349,0.034558918327093124,0.5833348631858826,0.04671635851264,0,0.009673900000052527,,,0.0,,,,,
synthetic_image,kodak24,kodim18,50,1,gaussian_val,23.442688958793415,0.5215629935264587,0.8397936224937439,0.030405186116695404,0.5833348631858826,0.0905449166893959,0,0.00028530000054161064,,,0.0,,,,,
synthetic_image,kodak24,kodim18,50,1,median_val,22.852781593001158,0.4541516602039337,0.7793374061584473,0.03374186158180237,0.5833348631858826,0.09217267483472824,0,0.0006677000001218403,,,0.0,,,,,
synthetic_image,kodak24,kodim18,50,1,bilateral_val,21.75806621210871,0.42265138030052185,0.8087152242660522,0.03344045579433441,0.5833348631858826,0.11006016284227371,0,0.13376680000146735,,,0.0,,,,,
synthetic_image,kodak24,kodim18,50,1,pm_diff_val,23.82822151458305,0.5490026473999023,0.8453283309936523,0.030316060408949852,0.5833348631858826,0.0660879984498024,5,0.005775800000265008,,,0.0,,,,,
synthetic_image,kodak24,kodim18,50,1,wavelet_bayes,22.707516150137806,0.46792998909950256,0.6400651931762695,0.040814705193042755,0.5833348631858826,0.03508768975734711,0,0.003173400000378024,,,0.0,,,,,
synthetic_image,kodak24,kodim18,50,1,nlm,24.078576283600075,0.5279472470283508,0.8202694058418274,0.03543943539261818,0.5833348631858826,0.05649454519152641,0,0.04006870000011986,,,0.0,,,,,
synthetic_image,kodak24,kodim18,50,1,bm3d,25.368250024911116,0.6450338363647461,0.8554670214653015,0.03106382116675377,0.5833348631858826,0.038184940814971924,0,1.4104372999991028,,,0.0,,,,,
synthetic_image,kodak24,kodim18,50,1,fdncnn_color,25.54451806089499,0.6508680582046509,0.8616721630096436,0.029942311346530914,0.5833348631858826,0.04009312763810158,0,1.2111387999993894,,,0.0,,,,,
synthetic_image,kodak24,kodim18,50,1,ectv_fdncnn,25.54451806089499,0.6508680582046509,0.8616721630096436,0.029942311346530914,0.5833348631858826,0.04009312763810158,0,1.2134595999996236,0.75,0.543241735547781,0.5091578194443671,0.32,,0.75,1.0,1.0
synthetic_image,kodak24,kodim18,50,2,noisy,15.14973144234875,0.20256352424621582,0.7701546549797058,0.07424420863389969,0.5858075618743896,0.5858075618743896,0,0.0,0.0,0.0,0.0,,,,,
synthetic_image,kodak24,kodim18,50,2,ectv,19.892840804252046,0.35774412751197815,0.8156766891479492,0.0427689291536808,0.5858075618743896,0.27096328139305115,26,0.07620309999947494,0.3333333333333333,0.3148442804813385,0.5091578194443671,0.04,,,,
synthetic_image,kodak24,kodim18,50,2,ectv_fidelity,24.308668814803745,0.5734853744506836,0.8169359564781189,0.03646918758749962,0.5858075618743896,0.030817952007055283,80,0.22500810000019555,0.75,0.5549896098673344,0.5091578194443671,0.32,0.25,0.75,,
synthetic_image,kodak24,kodim18,50,2,tv_maxiter,19.892840804252046,0.35774412751197815,0.8156766891479492,0.0427689291536808,0.5858075618743896,0.27096328139305115,26,0.07954200000131095,inf,0.3148442804813385,0.5091578194443671,,,,,
synthetic_image,kodak24,kodim18,50,2,tv_fixedk_val,19.910365655771084,0.35837221145629883,0.8159064054489136,0.0426570363342762,0.5858075618743896,0.270247220993042,40,0.11378379999950994,,0.31556034088134766,0.5091578194443671,,,,,
synthetic_image,kodak24,kodim18,50,2,tv_discrepancy,19.892840804252046,0.35774412751197815,0.8156766891479492,0.0427689291536808,0.5858075618743896,0.27096328139305115,26,0.07560539999940374,,0.3148442804813385,0.5091578194443671,,,,,
synthetic_image,kodak24,kodim18,50,2,tv_chambolle_val,24.22007341972227,0.5760846138000488,0.8574014902114868,0.031098011881113052,0.5858075618743896,0.05431562289595604,0,0.006479600000602659,,,0.0,,,,,
synthetic_image,kodak24,kodim18,50,2,gaussian_val,23.45070851745612,0.5231407284736633,0.8384953737258911,0.030612781643867493,0.5858075618743896,0.09038948267698288,0,0.0003271000005042879,,,0.0,,,,,
synthetic_image,kodak24,kodim18,50,2,median_val,22.80776820441171,0.4468625485897064,0.7720344662666321,0.03400158882141113,0.5858075618743896,0.09233660995960236,0,0.0007109999987733318,,,0.0,,,,,
synthetic_image,kodak24,kodim18,50,2,bilateral_val,21.78403865762609,0.4245893061161041,0.8079873323440552,0.03341246396303177,0.5858075618743896,0.11142002046108246,0,0.1334086999995634,,,0.0,,,,,
synthetic_image,kodak24,kodim18,50,2,pm_diff_val,23.841998923707827,0.54970383644104,0.8445369005203247,0.030447697266936302,0.5858075618743896,0.06610304117202759,5,0.006279800001721014,,,0.0,,,,,
synthetic_image,kodak24,kodim18,50,2,wavelet_bayes,22.708756765183644,0.4680466651916504,0.6453704833984375,0.04072539508342743,0.5858075618743896,0.035903457552194595,0,0.0032088999996631173,,,0.0,,,,,
synthetic_image,kodak24,kodim18,50,2,nlm,24.09395404134041,0.5286517143249512,0.8116366267204285,0.035520393401384354,0.5858075618743896,0.05700711905956268,0,0.042498799999521,,,0.0,,,,,
synthetic_image,kodak24,kodim18,50,2,bm3d,25.3193764931332,0.6442110538482666,0.847796618938446,0.03122485615313053,0.5858075618743896,0.03858893737196922,0,1.45293810000112,,,0.0,,,,,
synthetic_image,kodak24,kodim18,50,2,fdncnn_color,25.539356548498475,0.6530062556266785,0.857363760471344,0.029991334304213524,0.5858075618743896,0.04093719646334648,0,1.2092400000001362,,,0.0,,,,,
synthetic_image,kodak24,kodim18,50,2,ectv_fdncnn,25.539356548498475,0.6530062556266785,0.857363760471344,0.029991334304213524,0.5858075618743896,0.04093719646334648,0,1.211527199999182,0.75,0.5448703654110432,0.5091578194443671,0.32,,0.75,1.0,1.0
synthetic_image,kodak24,kodim19,15,0,noisy,24.63030739273153,0.530273973941803,0.949475884437561,0.022873859852552414,0.23024818301200867,0.23024818301200867,0,0.0,0.0,0.0,0.0,,,,,
synthetic_image,kodak24,kodim19,15,0,ectv,25.481867767152067,0.5647902488708496,0.9535288214683533,0.02113337628543377,0.23024818301200867,0.20640429854393005,1,0.02077139999892097,0.023843897597316383,0.023843884468078613,0.8488381630355155,0.04,,,,
synthetic_image,kodak24,kodim19,15,0,ectv_fidelity,30.487160246673387,0.8326727747917175,0.9723281860351562,0.015316651202738285,0.23024818301200867,0.05767173692584038,9,0.04384589999972377,0.1725764484378941,0.1725764460861683,0.8488381630355155,0.32,0.08,0.3333333333333333,,
synthetic_image,kodak24,kodim19,15,0,tv_maxiter,30.240345485070446,0.8297810554504395,0.9651479125022888,0.0176286231726408,0.23024818301200867,0.04826158285140991,21,0.06366150000030757,inf,0.18198660016059875,0.8488381630355155,,,,,
synthetic_image,kodak24,kodim19,15,0,tv_fixedk_val,30.247122082361262,0.8316669464111328,0.9646980166435242,0.017805086448788643,0.23024818301200867,0.04827641695737839,40,0.11592149999887624,,0.18197176605463028,0.8488381630355155,,,,,
synthetic_image,kodak24,kodim19,15,0,tv_discrepancy,30.42254510333981,0.8324213027954102,0.9708267450332642,0.015808891505002975,0.23024818301200867,0.054724838584661484,10,0.030558700000256067,,0.17552334442734718,0.8488381630355155,,,,,
synthetic_image,kodak24,kodim19,15,0,tv_chambolle_val,29.372489946544956,0.8139457702636719,0.9577290415763855,0.019090063869953156,0.23024818301200867,0.047156739979982376,0,0.014162699999360484,,,0.0,,,,,
synthetic_image,kodak24,kodim19,15,0,gaussian_val,27.019354572937836,0.7756667137145996,0.9163262844085693,0.021893808618187904,0.23024818301200867,0.051333699375391006,0,0.00027570000020205043,,,0.0,,,,,
synthetic_image,kodak24,kodim19,15,0,median_val,25.09429335857444,0.7077257037162781,0.8465926051139832,0.025258362293243408,0.23024818301200867,0.04915453866124153,0,0.0007068999984767288,,,0.0,,,,,
synthetic_image,kodak24,kodim19,15,0,bilateral_val,30.02788602931623,0.8043897747993469,0.9703651070594788,0.014602371491491795,0.23024818301200867,0.0895632803440094,0,0.13807979999910458,,,0.0,,,,,
synthetic_image,kodak24,kodim19,15,0,pm_diff_val,28.91653869391172,0.8045726418495178,0.9518032073974609,0.0179107915610075,0.23024818301200867,0.05145629122853279,5,0.0056488999998691725,,,0.0,,,,,
synthetic_image,kodak24,kodim19,15,0,wavelet_bayes,28.99378662814373,0.7418050765991211,0.9688215255737305,0.015392785891890526,0.23024818301200867,0.10896352678537369,0,0.003099100000326871,,,0.0,,,,,
synthetic_image,kodak24,kodim19,15,0,nlm,31.441005659331445,0.8413504958152771,0.9710525274276733,0.014678441919386387,0.23024818301200867,0.07334402203559875,0,0.03905710000071849,,,0.0,,,,,
synthetic_image,kodak24,kodim19,15,0,bm3d,34.185958986397516,0.9109517931938171,0.9862174391746521,0.01005878858268261,0.23024818301200867,0.07646186649799347,0,1.4290055000001303,,,0.0,,,,,
synthetic_image,kodak24,kodim19,15,0,fdncnn_color,34.44005105303764,0.9179754257202148,0.987387478351593,0.009598574601113796,0.23024818301200867,0.0768425315618515,0,1.2117453000009846,,,0.0,,,,,
synthetic_image,kodak24,kodim19,15,0,ectv_fdncnn,34.44005105303764,0.9179754257202148,0.987387478351593,0.009598574601113796,0.23024818301200867,0.0768425315618515,0,1.2139019000005646,0.1725764484378941,0.15340565145015717,0.8488381630355155,0.32,,0.3333333333333333,1.0,1.0
synthetic_image,kodak24,kodim19,15,1,noisy,24.653912763795525,0.5306845903396606,0.9498054385185242,0.0226293858140707,0.22897985577583313,0.22897985577583313,0,0.0,0.0,0.0,0.0,,,,,
synthetic_image,kodak24,kodim19,15,1,ectv,25.506122940022866,0.5653190612792969,0.9538621306419373,0.02092314325273037,0.22897985577583313,0.20513597130775452,1,0.020075299999007257,0.023843897597316383,0.023843884468078613,0.8488381630355155,0.04,,,,
synthetic_image,kodak24,kodim19,15,1,ectv_fidelity,30.41341212069429,0.8315622806549072,0.9716337323188782,0.0156172476708889,0.22897985577583313,0.05640340968966484,10,0.04451829999925394,0.1725764484378941,0.1725764460861683,0.8488381630355155,0.32,0.08,0.3333333333333333,,
synthetic_image,kodak24,kodim19,15,1,tv_maxiter,30.17970728514026,0.8287510871887207,0.9647446274757385,0.01778404973447323,0.22897985577583313,0.04798096790909767,21,0.0609201999996003,inf,0.18099888786673546,0.8488381630355155,,,,,
synthetic_image,kodak24,kodim19,15,1,tv_fixedk_val,30.183478123104944,0.8303422927856445,0.9642340540885925,0.01798616535961628,0.22897985577583313,0.04798448458313942,40,0.11452350000035949,,0.1809953711926937,0.8488381630355155,,,,,
synthetic_image,kodak24,kodim19,15,1,tv_discrepancy,30.17970728514026,0.8287510871887207,0.9647446274757385,0.01778404973447323,0.22897985577583313,0.04798096790909767,21,0.06487460000062129,,0.18099888786673546,0.8488381630355155,,,,,
synthetic_image,kodak24,kodim19,15,1,tv_chambolle_val,29.304535633788163,0.8127908110618591,0.9566802382469177,0.019262580201029778,0.22897985577583313,0.04685787111520767,0,0.01443470000049274,,,0.0,,,,,
synthetic_image,kodak24,kodim19,15,1,gaussian_val,26.99147499117384,0.7732810974121094,0.9163822531700134,0.02189048007130623,0.22897985577583313,0.05120982974767685,0,0.0002799000012601027,,,0.0,,,,,
synthetic_image,kodak24,kodim19,15,1,median_val,25.09497353535584,0.7080665230751038,0.8464202880859375,0.025324082002043724,0.22897985577583313,0.04857660084962845,0,0.0006628000010096002,,,0.0,,,,,
synthetic_image,kodak24,kodim19,15,1,bilateral_val,29.997972615176312,0.8034210205078125,0.9707168936729431,0.014689958654344082,0.22897985577583313,0.08868242800235748,0,0.1353951999990386,,,0.0,,,,,
synthetic_image,kodak24,kodim19,15,1,pm_diff_val,28.82696764818895,0.8016559481620789,0.9509235620498657,0.018027884885668755,0.22897985577583313,0.05096007138490677,5,0.006057399999917834,,,0.0,,,,,
synthetic_image,kodak24,kodim19,15,1,wavelet_bayes,29.008863069667996,0.7434101700782776,0.9684762358665466,0.015401756390929222,0.22897985577583313,0.10820792615413666,0,0.0038419000011344906,,,0.0,,,,,
synthetic_image,kodak24,kodim19,15,1,nlm,31.393272885417186,0.8402831554412842,0.9707486629486084,0.01480022631585598,0.22897985577583313,0.0731571614742279,0,0.04043110000020533,,,0.0,,,,,
synthetic_image,kodak24,kodim19,15,1,bm3d,34.20324394006497,0.9108640551567078,0.9865225553512573,0.010054551064968109,0.22897985577583313,0.0756242498755455,0,1.4419456999985414,,,0.0,,,,,
synthetic_image,kodak24,kodim19,15,1,fdncnn_color,34.44855477495912,0.91795414686203,0.9876868724822998,0.009584854356944561,0.22897985577583313,0.07613284885883331,0,1.2044177999996464,,,0.0,,,,,
synthetic_image,kodak24,kodim19,15,1,ectv_fdncnn,34.44855477495912,0.91795414686203,0.9876868724822998,0.009584854356944561,0.22897985577583313,0.07613284885883331,0,1.2068180999995093,0.1725764484378941,0.15284700691699982,0.8488381630355155,0.32,,0.3333333333333333,1.0,1.0
synthetic_image,kodak24,kodim19,15,2,noisy,24.638964697848238,0.5299883484840393,0.9491265416145325,0.02282831072807312,0.230112686753273,0.230112686753273,0,0.0,0.0,0.0,0.0,,,,,
synthetic_image,kodak24,kodim19,15,2,ectv,25.492509656967254,0.5646772384643555,0.9532751441001892,0.02107514813542366,0.230112686753273,0.2062688022851944,1,0.021807899998748326,0.023843897597316383,0.023843884468078613,0.8488381630355155,0.04,,,,
synthetic_image,kodak24,kodim19,15,2,ectv_fidelity,30.466437973726023,0.8329060673713684,0.9723346829414368,0.015342204831540585,0.230112686753273,0.05753624066710472,9,0.044737400001395144,0.1725764484378941,0.1725764460861683,0.8488381630355155,0.32,0.08,0.3333333333333333,,
synthetic_image,kodak24,kodim19,15,2,tv_maxiter,30.207006065336373,0.8299779891967773,0.9649285674095154,0.017682768404483795,0.230112686753273,0.048055849969387054,21,0.06322840000029828,inf,0.18205683678388596,0.8488381630355155,,,,,
synthetic_image,kodak24,kodim19,15,2,tv_fixedk_val,30.208504416604953,0.8313539624214172,0.9644555449485779,0.017864972352981567,0.230112686753273,0.04806896671652794,40,0.11493690000133938,,0.18204372003674507,0.8488381630355155,,,,,
synthetic_image,kodak24,kodim19,15,2,tv_discrepancy,30.394769015299666,0.8324923515319824,0.970724880695343,0.015863416716456413,0.230112686753273,0.054484110325574875,10,0.030985800000053132,,0.17562857642769814,0.8488381630355155,,,,,
synthetic_image,kodak24,kodim19,15,2,tv_chambolle_val,29.47613957268477,0.8196547627449036,0.960368275642395,0.018365483731031418,0.230112686753273,0.05369606986641884,0,0.011927300000024843,,,0.0,,,,,
synthetic_image,kodak24,kodim19,15,2,gaussian_val,26.990796009193048,0.7743966579437256,0.9161393046379089,0.021894024685025215,0.230112686753273,0.05100420489907265,0,0.00029290000020409934,,,0.0,,,,,
synthetic_image,kodak24,kodim19,15,2,median_val,25.10794736514454,0.7090747952461243,0.8489028215408325,0.025305315852165222,0.230112686753273,0.04867717623710632,0,0.0007451999990735203,,,0.0,,,,,
synthetic_image,kodak24,kodim19,15,2,bilateral_val,29.967603645486413,0.8039862513542175,0.9703707098960876,0.01459471508860588,0.230112686753273,0.0896812379360199,0,0.13648830000056478,,,0.0,,,,,
synthetic_image,kodak24,kodim19,15,2,pm_diff_val,28.883781122530866,0.803509533405304,0.951912522315979,0.01791757345199585,0.230112686753273,0.0511469691991806,5,0.005735799999456503,,,0.0,,,,,
synthetic_image,kodak24,kodim19,15,2,wavelet_bayes,28.996761365698333,0.7446658611297607,0.9681143164634705,0.015460033901035786,0.230112686753273,0.10900398343801498,0,0.00315509999927599,,,0.0,,,,,
synthetic_image,kodak24,kodim19,15,2,nlm,31.374192356330973,0.841261625289917,0.970920741558075,0.014675571583211422,0.230112686753273,0.07415548712015152,0,0.03990230000090378,,,0.0,,,,,
synthetic_image,kodak24,kodim19,15,2,bm3d,34.17792851643776,0.9108608365058899,0.9864694476127625,0.010019300505518913,0.230112686753273,0.07670386880636215,0,1.4024398000001383,,,0.0,,,,,
synthetic_image,kodak24,kodim19,15,2,fdncnn_color,34.43865037775777,0.9184936881065369,0.98777174949646,0.009499185718595982,0.230112686753273,0.07738623023033142,0,1.256443299998864,,,0.0,,,,,
synthetic_image,kodak24,kodim19,15,2,ectv_fdncnn,34.43865037775777,0.9184936881065369,0.98777174949646,0.009499185718595982,0.230112686753273,0.07738623023033142,0,1.2593066999997973,0.1725764484378941,0.1527264565229416,0.8488381630355155,0.32,,0.3333333333333333,1.0,1.0
synthetic_image,kodak24,kodim19,25,0,noisy,20.26793138335912,0.35407543182373047,0.8786724805831909,0.04055748134851456,0.34617894887924194,0.34617894887924194,0,0.0,0.0,0.0,0.0,,,,,
synthetic_image,kodak24,kodim19,25,0,ectv,25.207848728840773,0.5517733693122864,0.9281563758850098,0.024355875328183174,0.34617894887924194,0.15839169919490814,5,0.03270850000080827,0.18778726146140717,0.1877872496843338,0.6839397205857212,0.04,,,,
synthetic_image,kodak24,kodim19,25,0,ectv_fidelity,28.328804260395074,0.7792256474494934,0.94634610414505,0.020660242065787315,0.34617894887924194,0.047804638743400574,80,0.22524259999954666,0.33330865074633204,0.29837431013584137,0.6839397205857212,0.32,0.12,0.3333333333333333,,
synthetic_image,kodak24,kodim19,25,0,tv_maxiter,27.806882600868054,0.7074548602104187,0.9548041224479675,0.017927097156643867,0.34617894887924194,0.09075742214918137,22,0.06529730000147538,inf,0.2554215267300606,0.6839397205857212,,,,,
synthetic_image,kodak24,kodim19,25,0,tv_fixedk_val,27.836807135369558,0.7092077732086182,0.9549618363380432,0.017906470224261284,0.34617894887924194,0.0904594138264656,40,0.1131773000015528,,0.25571953505277634,0.6839397205857212,,,,,
synthetic_image,kodak24,kodim19,25,0,tv_discrepancy,27.806882600868054,0.7074548602104187,0.9548041224479675,0.017927097156643867,0.34617894887924194,0.09075742214918137,22,0.06565190000037546,,0.2554215267300606,0.6839397205857212,,,,,
synthetic_image,kodak24,kodim19,25,0,tv_chambolle_val,27.270836343618345,0.7384565472602844,0.9297095537185669,0.022901445627212524,0.34617894887924194,0.049465470016002655,0,0.011842800000522402,,,0.0,,,,,
synthetic_image,kodak24,kodim19,25,0,gaussian_val,26.06017270549641,0.6785001754760742,0.8953696489334106,0.023960299789905548,0.34617894887924194,0.06386134028434753,0,0.0003125000002910383,,,0.0,,,,,
synthetic_image,kodak24,kodim19,25,0,median_val,24.439427429593263,0.626155436038971,0.8241407871246338,0.02707087993621826,0.34617894887924194,0.06046978756785393,0,0.0007148999993660254,,,0.0,,,,,
synthetic_image,kodak24,kodim19,25,0,bilateral_val,26.865119541221798,0.6929464936256409,0.9427088499069214,0.019087351858615875,0.34617894887924194,0.10110296308994293,0,0.13750439999967057,,,0.0,,,,,
synthetic_image,kodak24,kodim19,25,0,pm_diff_val,26.576469803818522,0.7114870548248291,0.9143713116645813,0.022705772891640663,0.34617894887924194,0.05287371203303337,5,0.0063009000004967675,,,0.0,,,,,
synthetic_image,kodak24,kodim19,25,0,wavelet_bayes,26.398391152129598,0.6554854512214661,0.9224756360054016,0.022113125771284103,0.34617894887924194,0.08856024593114853,0,0.0035645000007207273,,,0.0,,,,,
synthetic_image,kodak24,kodim19,25,0,nlm,29.236857250811703,0.7784809470176697,0.9520621299743652,0.01834808476269245,0.34617894887924194,0.06903034448623657,0,0.04077950000100827,,,0.0,,,,,
synthetic_image,kodak24,kodim19,25,0,bm3d,31.769642822741083,0.8631365895271301,0.9734810590744019,0.01359567604959011,0.34617894887924194,0.06960100680589676,0,1.5240629999989324,,,0.0,,,,,
synthetic_image,kodak24,kodim19,25,0,fdncnn_color,31.955956511436785,0.8698620796203613,0.9757922887802124,0.012916980311274529,0.34617894887924194,0.06907369941473007,0,1.2394332999992912,,,0.0,,,,,
synthetic_image,kodak24,kodim19,25,0,ectv_fdncnn,31.955956511436785,0.8698620796203613,0.9757922887802124,0.012916980311274529,0.34617894887924194,0.06907369941473007,0,1.242196999999578,0.33330865074633204,0.27710524946451187,0.6839397205857212,0.32,,0.3333333333333333,1.0,1.0
synthetic_image,kodak24,kodim19,25,1,noisy,20.29287504305746,0.35382863879203796,0.878747284412384,0.040182922035455704,0.34399470686912537,0.34399470686912537,0,0.0,0.0,0.0,0.0,,,,,
synthetic_image,kodak24,kodim19,25,1,ectv,25.23548276395526,0.5529773831367493,0.9284757971763611,0.02418963611125946,0.34399470686912537,0.15620745718479156,5,0.033220799999980954,0.18778726146140717,0.1877872496843338,0.6839397205857212,0.04,,,,
synthetic_image,kodak24,kodim19,25,1,ectv_fidelity,28.2350964379938,0.7766140103340149,0.9452176690101624,0.020886080339550972,0.34399470686912537,0.047260407358407974,80,0.22493519999989076,0.33330865074633204,0.2967342995107174,0.6839397205857212,0.32,0.12,0.3333333333333333,,
synthetic_image,kodak24,kodim19,25,1,tv_maxiter,27.759862508608613,0.706153154373169,0.9547350406646729,0.017981844022870064,0.34399470686912537,0.09012484550476074,22,0.06374219999997877,inf,0.2538698613643646,0.6839397205857212,,,,,
synthetic_image,kodak24,kodim19,25,1,tv_fixedk_val,27.78853306420014,0.7078163027763367,0.9548770785331726,0.017959408462047577,0.34399470686912537,0.08982222527265549,40,0.11175990000083402,,0.2541724815964699,0.6839397205857212,,,,,
synthetic_image,kodak24,kodim19,25,1,tv_discrepancy,27.759862508608613,0.706153154373169,0.9547350406646729,0.017981844022870064,0.34399470686912537,0.09012484550476074,22,0.06722660000014002,,0.2538698613643646,0.6839397205857212,,,,,
synthetic_image,kodak24,kodim19,25,1,tv_chambolle_val,27.17874578912106,0.7342889904975891,0.9275130033493042,0.02308453805744648,0.34399470686912537,0.04909532517194748,0,0.012614499999472173,,,0.0,,,,,
synthetic_image,kodak24,kodim19,25,1,gaussian_val,26.016127919711984,0.6746686100959778,0.8954892754554749,0.023898137733340263,0.34399470686912537,0.0637117251753807,0,0.0003027000002475688,,,0.0,,,,,
synthetic_image,kodak24,kodim19,25,1,median_val,24.417471997544993,0.6277168393135071,0.8237468600273132,0.027055060490965843,0.34399470686912537,0.05979206785559654,0,0.000808699998742668,,,0.0,,,,,
synthetic_image,kodak24,kodim19,25,1,bilateral_val,26.836887078530335,0.6917005181312561,0.9435499310493469,0.01916193775832653,0.34399470686912537,0.09984658658504486,0,0.13982519999990473,,,0.0,,,,,
synthetic_image,kodak24,kodim19,25,1,pm_diff_val,26.508189788999985,0.7075007557868958,0.9140484929084778,0.022723697125911713,0.34399470686912537,0.052536528557538986,5,0.0064163000006374205,,,0.0,,,,,
synthetic_image,kodak24,kodim19,25,1,wavelet_bayes,26.392533318099545,0.6594188809394836,0.920157253742218,0.022087158635258675,0.34399470686912537,0.08654238283634186,0,0.0034123999994335463,,,0.0,,,,,
synthetic_image,kodak24,kodim19,25,1,nlm,29.156981244896834,0.7765040397644043,0.9510110020637512,0.01856468804180622,0.34399470686912537,0.06815233081579208,0,0.043174600001293584,,,0.0,,,,,
synthetic_image,kodak24,kodim19,25,1,bm3d,31.761134463620586,0.8616610169410706,0.9736620783805847,0.013720442540943623,0.34399470686912537,0.06810854375362396,0,1.4811673999993218,,,0.0,,,,,
synthetic_image,kodak24,kodim19,25,1,fdncnn_color,31.916526470458507,0.8675015568733215,0.9758324027061462,0.013080018572509289,0.34399470686912537,0.06770527362823486,0,1.2198018999988562,,,0.0,,,,,
synthetic_image,kodak24,kodim19,25,1,ectv_fdncnn,31.916526470458507,0.8675015568733215,0.9758324027061462,0.013080018572509289,0.34399470686912537,0.06770527362823486,0,1.2224230999981955,0.33330865074633204,0.2762894332408905,0.6839397205857212,0.32,,0.3333333333333333,1.0,1.0
synthetic_image,kodak24,kodim19,25,2,noisy,20.27706402326951,0.35328760743141174,0.8776029944419861,0.04056787118315697,0.34593161940574646,0.34593161940574646,0,0.0,0.0,0.0,0.0,,,,,
synthetic_image,kodak24,kodim19,25,2,ectv,25.222776879621918,0.5523297190666199,0.9278520941734314,0.024324791505932808,0.34593161940574646,0.15814436972141266,5,0.03405240000029153,0.18778726146140717,0.1877872496843338,0.6839397205857212,0.04,,,,
synthetic_image,kodak24,kodim19,25,2,ectv_fidelity,28.258721950332696,0.7785382866859436,0.9451248645782471,0.02080405317246914,0.34593161940574646,0.047231391072273254,80,0.22422659999938332,0.33330865074633204,0.2987002283334732,0.6839397205857212,0.32,0.12,0.3333333333333333,,
synthetic_image,kodak24,kodim19,25,2,tv_maxiter,27.807011692084316,0.7105152606964111,0.954634428024292,0.01792590692639351,0.34593161940574646,0.09006048738956451,22,0.06439119999959075,inf,0.25587113201618195,0.6839397205857212,,,,,
synthetic_image,kodak24,kodim19,25,2,tv_fixedk_val,27.834898660064926,0.7121415138244629,0.9547691345214844,0.017909467220306396,0.34593161940574646,0.08976462483406067,40,0.11497119999876304,,0.2561669945716858,0.6839397205857212,,,,,
synthetic_image,kodak24,kodim19,25,2,tv_discrepancy,27.807011692084316,0.7105152606964111,0.954634428024292,0.01792590692639351,0.34593161940574646,0.09006048738956451,22,0.06278589999965334,,0.25587113201618195,0.6839397205857212,,,,,
synthetic_image,kodak24,kodim19,25,2,tv_chambolle_val,27.201946099960388,0.7364997267723083,0.9273027181625366,0.023093266412615776,0.34593161940574646,0.04852709919214249,0,0.011927800000194111,,,0.0,,,,,
synthetic_image,kodak24,kodim19,25,2,gaussian_val,26.016519882160836,0.6759162545204163,0.894834041595459,0.023932844400405884,0.34593161940574646,0.06339817494153976,0,0.0002889000006689457,,,0.0,,,,,
synthetic_image,kodak24,kodim19,25,2,median_val,24.4293300766839,0.6273756623268127,0.8306477665901184,0.026871109381318092,0.34593161940574646,0.059786681085824966,0,0.0006898999999975786,,,0.0,,,,,
synthetic_image,kodak24,kodim19,25,2,bilateral_val,26.828828803644807,0.6935956478118896,0.9443016648292542,0.018946107476949692,0.34593161940574646,0.10154181718826294,0,0.13562459999957355,,,0.0,,,,,
synthetic_image,kodak24,kodim19,25,2,pm_diff_val,26.523165793043066,0.7089782357215881,0.9153009057044983,0.02264685183763504,0.34593161940574646,0.05243724212050438,5,0.006062100001145154,,,0.0,,,,,
synthetic_image,kodak24,kodim19,25,2,wavelet_bayes,26.379906775366322,0.6597474217414856,0.9200857281684875,0.02210337668657303,0.34593161940574646,0.08836644142866135,0,0.003269499999078107,,,0.0,,,,,
synthetic_image,kodak24,kodim19,25,2,nlm,29.180345842467517,0.7779384255409241,0.9508835077285767,0.018407240509986877,0.34593161940574646,0.0691494345664978,0,0.03833139999915147,,,0.0,,,,,
synthetic_image,kodak24,kodim19,25,2,bm3d,31.754595760726513,0.8622395396232605,0.9738230109214783,0.013609069399535656,0.34593161940574646,0.0695507675409317,0,1.4805400999994163,,,0.0,,,,,
synthetic_image,kodak24,kodim19,25,2,fdncnn_color,31.933142845907327,0.8705825805664062,0.9766021966934204,0.012798278592526913,0.34593161940574646,0.06944173574447632,0,1.2275330999982543,,,0.0,,,,,
synthetic_image,kodak24,kodim19,25,2,ectv_fdncnn,31.933142845907327,0.8705825805664062,0.9766021966934204,0.012798278592526913,0.34593161940574646,0.06944173574447632,0,1.2304643999977998,0.33330865074633204,0.27648988366127014,0.6839397205857212,0.32,,0.3333333333333333,1.0,1.0
synthetic_image,kodak24,kodim19,50,0,noisy,14.615839238547796,0.18009407818317413,0.7187329530715942,0.08531799912452698,0.6261388063430786,0.6261388063430786,0,0.0,0.0,0.0,0.0,,,,,
synthetic_image,kodak24,kodim19,50,0,ectv,19.18191732123947,0.2940603792667389,0.7820135951042175,0.051618292927742004,0.6261388063430786,0.30721694231033325,27,0.07539180000094348,0.3333333333333333,0.31892186403274536,0.5091578194443671,0.04,,,,
synthetic_image,kodak24,kodim19,50,0,ectv_fidelity,25.229918100796258,0.6799941062927246,0.8778594136238098,0.028274787589907646,0.6261388063430786,0.03485579416155815,80,0.2351989999988291,0.75,0.5912830121815205,0.5091578194443671,0.32,0.25,0.75,,
synthetic_image,kodak24,kodim19,50,0,tv_maxiter,19.18191732123947,0.2940603792667389,0.7820135951042175,0.051618292927742004,0.6261388063430786,0.30721694231033325,27,0.07834379999985686,inf,0.31892186403274536,0.5091578194443671,,,,,
synthetic_image,kodak24,kodim19,50,0,tv_fixedk_val,19.19601386005391,0.29445624351501465,0.7822884917259216,0.05151133984327316,0.6261388063430786,0.3066100478172302,40,0.11844550000023446,,0.3195287585258484,0.5091578194443671,,,,,
synthetic_image,kodak24,kodim19,50,0,tv_discrepancy,19.18191732123947,0.2940603792667389,0.7820135951042175,0.051618292927742004,0.6261388063430786,0.30721694231033325,27,0.0832633000009082,,0.31892186403274536,0.5091578194443671,,,,,
synthetic_image,kodak24,kodim19,50,0,tv_chambolle_val,23.93363609920243,0.5721797347068787,0.8604563474655151,0.028380243107676506,0.6261388063430786,0.07180086523294449,0,0.011462099999334896,,,0.0,,,,,
synthetic_image,kodak24,kodim19,50,0,gaussian_val,23.287365217531043,0.47320714592933655,0.8127760887145996,0.03245283290743828,0.6261388063430786,0.09601173549890518,0,0.0003162000011798227,,,0.0,,,,,
synthetic_image,kodak24,kodim19,50,0,median_val,22.468928051218523,0.44400855898857117,0.7292330265045166,0.03294365480542183,0.6261388063430786,0.09428674727678299,0,0.0007824000003893161,,,0.0,,,,,
synthetic_image,kodak24,kodim19,50,0,bilateral_val,22.318572529022177,0.4681040942668915,0.8260292410850525,0.029119329527020454,0.6261388063430786,0.12961938977241516,0,0.14291659999980766,,,0.0,,,,,
synthetic_image,kodak24,kodim19,50,0,pm_diff_val,23.778014282162744,0.5265470147132874,0.8242521286010742,0.029504945501685143,0.6261388063430786,0.0704122930765152,5,0.0066324999988864874,,,0.0,,,,,
synthetic_image,kodak24,kodim19,50,0,wavelet_bayes,23.23317074088799,0.5600605607032776,0.7226220369338989,0.03359308838844299,0.6261388063430786,0.04393349587917328,0,0.0036182999992888654,,,0.0,,,,,
synthetic_image,kodak24,kodim19,50,0,nlm,25.250416147285137,0.6354907155036926,0.891619086265564,0.026497073471546173,0.6261388063430786,0.06438042223453522,0,0.045320799999899464,,,0.0,,,,,
synthetic_image,kodak24,kodim19,50,0,bm3d,28.32568402032926,0.7836518287658691,0.9437717795372009,0.019378667697310448,0.6261388063430786,0.05659908056259155,0,1.4433838999993895,,,0.0,,,,,
synthetic_image,kodak24,kodim19,50,0,fdncnn_color,28.179739484236144,0.769817590713501,0.9416996836662292,0.019863517954945564,0.6261388063430786,0.049717821180820465,0,1.2736272000001918,,,0.0,,,,,
synthetic_image,kodak24,kodim19,50,0,ectv_fdncnn,28.179739484236144,0.769817590713501,0.9416996836662292,0.019863517954945564,0.6261388063430786,0.049717821180820465,0,1.276040999999168,0.75,0.5764209851622581,0.5091578194443671,0.32,,0.75,1.0,1.0
synthetic_image,kodak24,kodim19,50,1,noisy,14.647498385322644,0.178973987698555,0.7177035212516785,0.0844721570611,0.6217705607414246,0.6217705607414246,0,0.0,0.0,0.0,0.0,,,,,
synthetic_image,kodak24,kodim19,50,1,ectv,19.20732317200837,0.2934628427028656,0.7814242243766785,0.05118561163544655,0.6217705607414246,0.3041432201862335,27,0.0783568999995623,0.3333333333333333,0.31762734055519104,0.5091578194443671,0.04,,,,
synthetic_image,kodak24,kodim19,50,1,ectv_fidelity,25.127932652137908,0.6756145358085632,0.8731420636177063,0.02848951146006584,0.6217705607414246,0.03418298810720444,80,0.22865079999974114,0.75,0.5875875726342201,0.5091578194443671,0.32,0.25,0.75,,
synthetic_image,kodak24,kodim19,50,1,tv_maxiter,19.20732317200837,0.2934628427028656,0.7814242243766785,0.05118561163544655,0.6217705607414246,0.3041432201862335,27,0.07554410000011558,inf,0.31762734055519104,0.5091578194443671,,,,,
synthetic_image,kodak24,kodim19,50,1,tv_fixedk_val,19.221358168353085,0.29386118054389954,0.7816978096961975,0.051080264151096344,0.6217705607414246,0.3035409152507782,40,0.11292799999864656,,0.31822964549064636,0.5091578194443671,,,,,
synthetic_image,kodak24,kodim19,50,1,tv_discrepancy,19.20732317200837,0.2934628427028656,0.7814242243766785,0.05118561163544655,0.6217705607414246,0.3041432201862335,27,0.07918450000033772,,0.31762734055519104,0.5091578194443671,,,,,
synthetic_image,kodak24,kodim19,50,1,tv_chambolle_val,24.290828706840465,0.6101029515266418,0.8533921837806702,0.028737135231494904,0.6217705607414246,0.046863093972206116,0,0.012586799999553477,,,0.0,,,,,
synthetic_image,kodak24,kodim19,50,1,gaussian_val,23.231355629083165,0.4693007469177246,0.8116483092308044,0.03232095018029213,0.6217705607414246,0.09569195657968521,0,0.0003027000002475688,,,0.0,,,,,
synthetic_image,kodak24,kodim19,50,1,median_val,22.48308164840286,0.44634997844696045,0.7375314235687256,0.03252216428518295,0.6217705607414246,0.09301678091287613,0,0.0007041999997454695,,,0.0,,,,,
synthetic_image,kodak24,kodim19,50,1,bilateral_val,22.30853026944663,0.4684082269668579,0.829638659954071,0.029064014554023743,0.6217705607414246,0.12733854353427887,0,0.14227609999943525,,,0.0,,,,,
synthetic_image,kodak24,kodim19,50,1,pm_diff_val,23.713126415921735,0.5219751596450806,0.8234873414039612,0.029435748234391212,0.6217705607414246,0.06998827308416367,5,0.006331999999019899,,,0.0,,,,,
synthetic_image,kodak24,kodim19,50,1,wavelet_bayes,23.11684482164772,0.5571535229682922,0.7119954228401184,0.03405153378844261,0.6217705607414246,0.041051965206861496,0,0.003424099999392638,,,0.0,,,,,
synthetic_image,kodak24,kodim19,50,1,nlm,25.16865055804907,0.6327925324440002,0.8925043344497681,0.026671933010220528,0.6217705607414246,0.06396150588989258,0,0.03845609999916633,,,0.0,,,,,
synthetic_image,kodak24,kodim19,50,1,bm3d,28.17141563790421,0.7780051827430725,0.9435532093048096,0.019716529175639153,0.6217705607414246,0.05445821210741997,0,1.4147085000004154,,,0.0,,,,,
synthetic_image,kodak24,kodim19,50,1,fdncnn_color,28.04856632136154,0.7637236714363098,0.9408658146858215,0.020321084186434746,0.6217705607414246,0.04784267395734787,0,1.2752935999997135,,,0.0,,,,,
synthetic_image,kodak24,kodim19,50,1,ectv_fdncnn,28.04856632136154,0.7637236714363098,0.9408658146858215,0.020321084186434746,0.6217705607414246,0.04784267395734787,0,1.2778703000003588,0.75,0.5739278867840767,0.5091578194443671,0.32,,0.75,1.0,1.0
synthetic_image,kodak24,kodim19,50,2,noisy,14.616752736911977,0.17880547046661377,0.71570885181427,0.08543434739112854,0.6261228919029236,0.6261228919029236,0,0.0,0.0,0.0,0.0,,,,,
synthetic_image,kodak24,kodim19,50,2,ectv,19.1847543624395,0.2925059199333191,0.7800931930541992,0.051723819226026535,0.6261228919029236,0.30700626969337463,27,0.07784719999835943,0.3333333333333333,0.31911662220954895,0.5091578194443671,0.04,,,,
synthetic_image,kodak24,kodim19,50,2,ectv_fidelity,25.12885003168632,0.6763817667961121,0.871959388256073,0.028522834181785583,0.6261228919029236,0.03415913134813309,80,0.22545720000016445,0.75,0.5919637605547905,0.5091578194443671,0.32,0.25,0.75,,
synthetic_image,kodak24,kodim19,50,2,tv_maxiter,19.1847543624395,0.2925059199333191,0.7800931930541992,0.051723819226026535,0.6261228919029236,0.30700626969337463,27,0.07788679999976011,inf,0.31911662220954895,0.5091578194443671,,,,,
synthetic_image,kodak24,kodim19,50,2,tv_fixedk_val,19.19887393606578,0.2929046154022217,0.7803685665130615,0.05161690339446068,0.6261228919029236,0.30639636516571045,40,0.11293470000055095,,0.31972652673721313,0.5091578194443671,,,,,
synthetic_image,kodak24,kodim19,50,2,tv_discrepancy,19.1847543624395,0.2925059199333191,0.7800931930541992,0.051723819226026535,0.6261228919029236,0.30700626969337463,27,0.08317720000013651,,0.31911662220954895,0.5091578194443671,,,,,
synthetic_image,kodak24,kodim19,50,2,tv_chambolle_val,24.313422566580044,0.6115131378173828,0.8535844087600708,0.028838006779551506,0.6261228919029236,0.046260301023721695,0,0.012330000001384178,,,0.0,,,,,
synthetic_image,kodak24,kodim19,50,2,gaussian_val,23.228621482092375,0.4681169092655182,0.8107876181602478,0.032437652349472046,0.6261228919029236,0.09539157152175903,0,0.00034129999949072953,,,0.0,,,,,
synthetic_image,kodak24,kodim19,50,2,median_val,22.447977903674232,0.44246363639831543,0.7388957142829895,0.032355934381484985,0.6261228919029236,0.09291830658912659,0,0.0007358000002568588,,,0.0,,,,,
synthetic_image,kodak24,kodim19,50,2,bilateral_val,22.325242900205517,0.4705421030521393,0.8319175243377686,0.028895344585180283,0.6261228919029236,0.12962625920772552,0,0.14011960000061663,,,0.0,,,,,
synthetic_image,kodak24,kodim19,50,2,pm_diff_val,23.710519733319472,0.5210111737251282,0.8234795928001404,0.02943389117717743,0.6261228919029236,0.06978893280029297,5,0.005898900000829599,,,0.0,,,,,
synthetic_image,kodak24,kodim19,50,2,wavelet_bayes,23.136642157650975,0.55656498670578,0.7288867831230164,0.0334068164229393,0.6261228919029236,0.04308122396469116,0,0.003028299999641604,,,0.0,,,,,
synthetic_image,kodak24,kodim19,50,2,nlm,25.18641057050738,0.6348090171813965,0.8910230398178101,0.026536807417869568,0.6261228919029236,0.06440732628107071,0,0.04035990000011225,,,0.0,,,,,
synthetic_image,kodak24,kodim19,50,2,bm3d,28.18566540956237,0.7779853343963623,0.9424477219581604,0.01966547779738903,0.6261228919029236,0.05701901763677597,0,1.4317224999995233,,,0.0,,,,,
synthetic_image,kodak24,kodim19,50,2,fdncnn_color,28.064919783996455,0.7655394077301025,0.9399620890617371,0.02012949250638485,0.6261228919029236,0.04955742508172989,0,1.2880019000003813,,,0.0,,,,,
synthetic_image,kodak24,kodim19,50,2,ectv_fdncnn,28.064919783996455,0.7655394077301025,0.9399620890617371,0.02012949250638485,0.6261228919029236,0.04955742508172989,0,1.2908265000005485,0.75,0.5765654668211937,0.5091578194443671,0.32,,0.75,1.0,1.0
synthetic_image,kodak24,kodim20,15,0,noisy,25.63705554598553,0.5331565141677856,0.9539250135421753,0.020729508250951767,0.18637757003307343,0.18637757003307343,0,0.0,0.0,0.0,0.0,,,,,
synthetic_image,kodak24,kodim20,15,0,ectv,26.601042051562818,0.5814175009727478,0.9589242339134216,0.01899363473057747,0.18637757003307343,0.1625336855649948,1,0.019494699999995646,0.023843897597316383,0.023843884468078613,0.8488381630355155,0.04,,,,
synthetic_image,kodak24,kodim20,15,0,ectv_fidelity,31.261337434517426,0.9202303886413574,0.9745683670043945,0.010877984575927258,0.18637757003307343,0.03913780301809311,80,0.2303131000007852,0.1725764484378941,0.14723976701498032,0.8488381630355155,0.32,0.08,0.3333333333333333,,
synthetic_image,kodak24,kodim20,15,0,tv_maxiter,31.25217763638978,0.9181197285652161,0.9745776057243347,0.011006363667547703,0.18637757003307343,0.03932259976863861,21,0.061499499999627005,inf,0.14705497026443481,0.8488381630355155,,,,,
synthetic_image,kodak24,kodim20,15,0,tv_fixedk_val,31.266984319799995,0.9203431010246277,0.9744822382926941,0.010897436179220676,0.18637757003307343,0.0390356220304966,40,0.11391919999914535,,0.14734194800257683,0.8488381630355155,,,,,
synthetic_image,kodak24,kodim20,15,0,tv_discrepancy,31.25217763638978,0.9181197285652161,0.9745776057243347,0.011006363667547703,0.18637757003307343,0.03932259976863861,21,0.06088590000035765,,0.14705497026443481,0.8488381630355155,,,,,
synthetic_image,kodak24,kodim20,15,0,tv_chambolle_val,30.6181122188961,0.9031429290771484,0.9704081416130066,0.012100962921977043,0.18637757003307343,0.04208704084157944,0,0.007036200000584358,,,0.0,,,,,
synthetic_image,kodak24,kodim20,15,0,gaussian_val,28.19034362193416,0.8497418761253357,0.9265062808990479,0.018020909279584885,0.18637757003307343,0.04568192735314369,0,0.0002995000013470417,,,0.0,,,,,
synthetic_image,kodak24,kodim20,15,0,median_val,27.74557917514815,0.8207842707633972,0.9082523584365845,0.017667897045612335,0.18637757003307343,0.044698506593704224,0,0.0008015000003069872,,,0.0,,,,,
synthetic_image,kodak24,kodim20,15,0,bilateral_val,30.284092757400487,0.8930413126945496,0.972131073474884,0.0107016796246171,0.18637757003307343,0.06429208815097809,0,0.13539230000060343,,,0.0,,,,,
synthetic_image,kodak24,kodim20,15,0,pm_diff_val,29.894440787787953,0.8782916069030762,0.9608309864997864,0.013854977674782276,0.18637757003307343,0.04374275729060173,5,0.006218499998794869,,,0.0,,,,,
synthetic_image,kodak24,kodim20,15,0,wavelet_bayes,29.451526674621526,0.8392640948295593,0.9680019617080688,0.013192645274102688,0.18637757003307343,0.06799779832363129,0,0.003459000001384993,,,0.0,,,,,
synthetic_image,kodak24,kodim20,15,0,nlm,30.67902673942131,0.911977231502533,0.9825021028518677,0.008463351055979729,0.18637757003307343,0.07380472868680954,0,0.040031799999269424,,,0.0,,,,,
synthetic_image,kodak24,kodim20,15,0,bm3d,33.22533118522205,0.9493167996406555,0.9892276525497437,0.006727767176926136,0.18637757003307343,0.05152231454849243,0,1.4584114000008412,,,0.0,,,,,
synthetic_image,kodak24,kodim20,15,0,fdncnn_color,33.53961923316426,0.9562420845031738,0.9911292791366577,0.00605084327980876,0.18637757003307343,0.051257334649562836,0,1.278533900000184,,,0.0,,,,,
synthetic_image,kodak24,kodim20,15,0,ectv_fdncnn,33.53961923316426,0.9562420845031738,0.9911292791366577,0.00605084327980876,0.18637757003307343,0.051257334649562836,0,1.2811717000004137,0.1725764484378941,0.1351202353835106,0.8488381630355155,0.32,,0.3333333333333333,1.0,1.0
synthetic_image,kodak24,kodim20,15,1,noisy,25.647700349824802,0.5339698195457458,0.9538143277168274,0.020715810358524323,0.18656207621097565,0.18656207621097565,0,0.0,0.0,0.0,0.0,,,,,
synthetic_image,kodak24,kodim20,15,1,ectv,26.612368613683408,0.5822309255599976,0.9588292837142944,0.018996451050043106,0.18656207621097565,0.16271819174289703,1,0.020578899999236455,0.023843897597316383,0.023843884468078613,0.8488381630355155,0.04,,,,
synthetic_image,kodak24,kodim20,15,1,ectv_fidelity,31.28438312211756,0.9207043647766113,0.975143551826477,0.010885274037718773,0.18656207621097565,0.039179474115371704,80,0.22629019999840239,0.1725764484378941,0.14738260209560394,0.8488381630355155,0.32,0.08,0.3333333333333333,,
synthetic_image,kodak24,kodim20,15,1,tv_maxiter,31.273339618394726,0.9186989665031433,0.9750832915306091,0.011032997630536556,0.18656207621097565,0.03934260457754135,21,0.06363129999954253,inf,0.1472194716334343,0.8488381630355155,,,,,
synthetic_image,kodak24,kodim20,15,1,tv_fixedk_val,31.28830149694299,0.9207621216773987,0.9750288128852844,0.010907893069088459,0.18656207621097565,0.03907331824302673,40,0.11722499999996217,,0.1474887579679489,0.8488381630355155,,,,,
synthetic_image,kodak24,kodim20,15,1,tv_discrepancy,31.273339618394726,0.9186989665031433,0.9750832915306091,0.011032997630536556,0.18656207621097565,0.03934260457754135,21,0.06334659999993164,,0.1472194716334343,0.8488381630355155,,,,,
synthetic_image,kodak24,kodim20,15,1,tv_chambolle_val,30.68791556607782,0.89634770154953,0.9733816981315613,0.012033659033477306,0.18656207621097565,0.047707319259643555,0,0.00514619999921706,,,0.0,,,,,
synthetic_image,kodak24,kodim20,15,1,gaussian_val,28.175016319599994,0.849978506565094,0.927180290222168,0.0180444847792387,0.18656207621097565,0.04562314599752426,0,0.0002846000006684335,,,0.0,,,,,
synthetic_image,kodak24,kodim20,15,1,median_val,27.7250890170113,0.8211252689361572,0.9081805348396301,0.017743058502674103,0.18656207621097565,0.04457506537437439,0,0.0006086000012146542,,,0.0,,,,,
synthetic_image,kodak24,kodim20,15,1,bilateral_val,30.263942288221777,0.8937880396842957,0.9722331166267395,0.010631884448230267,0.18656207621097565,0.06461664289236069,0,0.14292250000107742,,,0.0,,,,,
synthetic_image,kodak24,kodim20,15,1,pm_diff_val,29.907388426314835,0.8790395855903625,0.9612351059913635,0.013857664540410042,0.18656207621097565,0.04391748458147049,5,0.005551500000365195,,,0.0,,,,,
synthetic_image,kodak24,kodim20,15,1,wavelet_bayes,29.412803603845134,0.840573787689209,0.968313455581665,0.01313620712608099,0.18656207621097565,0.06801775097846985,0,0.003265100000135135,,,0.0,,,,,
synthetic_image,kodak24,kodim20,15,1,nlm,30.724618643600692,0.9128857254981995,0.9823933243751526,0.008424323983490467,0.18656207621097565,0.07293932884931564,0,0.03942810000080499,,,0.0,,,,,
synthetic_image,kodak24,kodim20,15,1,bm3d,33.1993224110458,0.9499247670173645,0.9893051385879517,0.006702134385704994,0.18656207621097565,0.05177449807524681,0,1.4377234000003227,,,0.0,,,,,
synthetic_image,kodak24,kodim20,15,1,fdncnn_color,33.52100499863805,0.9565061926841736,0.9912444353103638,0.0059940870851278305,0.18656207621097565,0.05155246704816818,0,1.2882730000001175,,,0.0,,,,,
synthetic_image,kodak24,kodim20,15,1,ectv_fdncnn,33.52100499863805,0.9565061926841736,0.9912444353103638,0.0059940870851278305,0.18656207621097565,0.05155246704816818,0,1.2909154999997554,0.1725764484378941,0.13500960916280746,0.8488381630355155,0.32,,0.3333333333333333,1.0,1.0
synthetic_image,kodak24,kodim20,15,2,noisy,25.653069225407968,0.5341610312461853,0.9528459310531616,0.02088283933699131,0.1867649406194687,0.1867649406194687,0,0.0,0.0,0.0,0.0,,,,,
synthetic_image,kodak24,kodim20,15,2,ectv,26.61944625784415,0.5825434327125549,0.9579733610153198,0.019144654273986816,0.1867649406194687,0.16292105615139008,1,0.022663999998258078,0.023843897597316383,0.023843884468078613,0.8488381630355155,0.04,,,,
synthetic_image,kodak24,kodim20,15,2,ectv_fidelity,31.285716333272365,0.9206240177154541,0.974921703338623,0.010873444378376007,0.1867649406194687,0.039139389991760254,80,0.24130200000035984,0.1725764484378941,0.14762555062770844,0.8488381630355155,0.32,0.08,0.3333333333333333,,
synthetic_image,kodak24,kodim20,15,2,tv_maxiter,31.268763562517247,0.9182382225990295,0.9749428629875183,0.01100890152156353,0.1867649406194687,0.039316169917583466,21,0.06143220000012661,inf,0.14744877070188522,0.8488381630355155,,,,,
synthetic_image,kodak24,kodim20,15,2,tv_fixedk_val,31.28822679513911,0.9206099510192871,0.974836528301239,0.010893326252698898,0.1867649406194687,0.039032503962516785,40,0.11471139999957813,,0.1477324366569519,0.8488381630355155,,,,,
synthetic_image,kodak24,kodim20,15,2,tv_discrepancy,31.268763562517247,0.9182382225990295,0.9749428629875183,0.01100890152156353,0.1867649406194687,0.039316169917583466,21,0.061054600000716164,,0.14744877070188522,0.8488381630355155,,,,,
synthetic_image,kodak24,kodim20,15,2,tv_chambolle_val,30.63308855580127,0.9041695594787598,0.9705132842063904,0.012156988494098186,0.1867649406194687,0.041942428797483444,0,0.00799890000052983,,,0.0,,,,,
synthetic_image,kodak24,kodim20,15,2,gaussian_val,28.19560832030426,0.8509871363639832,0.926160991191864,0.018127622082829475,0.1867649406194687,0.04557625576853752,0,0.00029889999859733507,,,0.0,,,,,
synthetic_image,kodak24,kodim20,15,2,median_val,27.759019524463785,0.8208820819854736,0.9092785716056824,0.017620347440242767,0.1867649406194687,0.04455527663230896,0,0.000654400000712485,,,0.0,,,,,
synthetic_image,kodak24,kodim20,15,2,bilateral_val,30.30466466547223,0.8949130177497864,0.973172664642334,0.010579024441540241,0.1867649406194687,0.06478941440582275,0,0.13269709999985935,,,0.0,,,,,
synthetic_image,kodak24,kodim20,15,2,pm_diff_val,29.90354315818701,0.8793253302574158,0.9606586694717407,0.013960661366581917,0.1867649406194687,0.04372299462556839,5,0.00592760000108683,,,0.0,,,,,
synthetic_image,kodak24,kodim20,15,2,wavelet_bayes,29.463169161472855,0.8429375290870667,0.9676297307014465,0.013270617462694645,0.1867649406194687,0.06732190400362015,0,0.0038328000009641983,,,0.0,,,,,
synthetic_image,kodak24,kodim20,15,2,nlm,30.711739426000918,0.9132773876190186,0.9834766983985901,0.008262326940894127,0.1867649406194687,0.07467258721590042,0,0.03779650000069523,,,0.0,,,,,
synthetic_image,kodak24,kodim20,15,2,bm3d,33.226984832039825,0.9502649307250977,0.9897851347923279,0.006589090451598167,0.1867649406194687,0.052211031317710876,0,1.445819799999299,,,0.0,,,,,
synthetic_image,kodak24,kodim20,15,2,fdncnn_color,33.553477469157556,0.956943690776825,0.9915395379066467,0.005903394427150488,0.1867649406194687,0.052088964730501175,0,1.2323928000005253,,,0.0,,,,,
synthetic_image,kodak24,kodim20,15,2,ectv_fdncnn,33.553477469157556,0.956943690776825,0.9915395379066467,0.005903394427150488,0.1867649406194687,0.052088964730501175,0,1.2353524999998626,0.1725764484378941,0.13467597588896751,0.8488381630355155,0.32,,0.3333333333333333,1.0,1.0
synthetic_image,kodak24,kodim20,25,0,noisy,21.389242213722248,0.35170242190361023,0.8895676732063293,0.0350971557199955,0.279439240694046,0.279439240694046,0,0.0,0.0,0.0,0.0,,,,,
synthetic_image,kodak24,kodim20,25,0,ectv,26.82474306582453,0.7238636016845703,0.9565706253051758,0.016763772815465927,0.279439240694046,0.09165198355913162,7,0.03844720000051893,0.18778726146140717,0.1877872571349144,0.6839397205857212,0.04,,,,
synthetic_image,kodak24,kodim20,25,0,ectv_fidelity,28.245657691036,0.8909665942192078,0.9601254463195801,0.013180210255086422,0.279439240694046,0.03828408941626549,80,0.22393060000104015,0.33330865074633204,0.24115515127778053,0.6839397205857212,0.32,0.12,0.3333333333333333,,
synthetic_image,kodak24,kodim20,25,0,tv_maxiter,28.00468511515415,0.8572046160697937,0.9686755537986755,0.012094107456505299,0.279439240694046,0.06058209016919136,22,0.06345389999842155,inf,0.21885715052485466,0.6839397205857212,,,,,
synthetic_image,kodak24,kodim20,25,0,tv_fixedk_val,28.030103569193734,0.8609734177589417,0.968764066696167,0.011922328732907772,0.279439240694046,0.060216713696718216,40,0.11335320000034699,,0.2192225269973278,0.6839397205857212,,,,,
synthetic_image,kodak24,kodim20,25,0,tv_discrepancy,28.00468511515415,0.8572046160697937,0.9686755537986755,0.012094107456505299,0.279439240694046,0.06058209016919136,22,0.06423279999944498,,0.21885715052485466,0.6839397205857212,,,,,
synthetic_image,kodak24,kodim20,25,0,tv_chambolle_val,27.578426222037255,0.8576022982597351,0.9503528475761414,0.01536684948951006,0.279439240694046,0.04076370596885681,0,0.008557099999961792,,,0.0,,,,,
synthetic_image,kodak24,kodim20,25,0,gaussian_val,26.457973054974385,0.7590635418891907,0.9116705060005188,0.020793739706277847,0.279439240694046,0.05571826174855232,0,0.00030500000138999894,,,0.0,,,,,
synthetic_image,kodak24,kodim20,25,0,median_val,26.655576952863832,0.7411395907402039,0.8868438005447388,0.02081446349620819,0.279439240694046,0.0551619715988636,0,0.000750700000935467,,,0.0,,,,,
synthetic_image,kodak24,kodim20,25,0,bilateral_val,26.557738866329874,0.8172602653503418,0.9402899146080017,0.015049622394144535,0.279439240694046,0.07234690338373184,0,0.1352578000005451,,,0.0,,,,,
synthetic_image,kodak24,kodim20,25,0,pm_diff_val,26.9611353277269,0.8017391562461853,0.9336043000221252,0.018499400466680527,0.279439240694046,0.04645656421780586,5,0.005455700000311481,,,0.0,,,,,
synthetic_image,kodak24,kodim20,25,0,wavelet_bayes,25.340641391365143,0.7727742195129395,0.8742736577987671,0.020475856959819794,0.279439240694046,0.054532453417778015,0,0.003257500000472646,,,0.0,,,,,
synthetic_image,kodak24,kodim20,25,0,nlm,27.443576658058117,0.8613627552986145,0.9635964035987854,0.011640908196568489,0.279439240694046,0.08098010718822479,0,0.04149629999847093,,,0.0,,,,,
synthetic_image,kodak24,kodim20,25,0,bm3d,29.64004301548437,0.9211931824684143,0.976819634437561,0.009585761465132236,0.279439240694046,0.04575766623020172,0,1.4423192999984167,,,0.0,,,,,
synthetic_image,kodak24,kodim20,25,0,fdncnn_color,29.914492334948257,0.9308895468711853,0.9812850952148438,0.008580433204770088,0.279439240694046,0.04602440074086189,0,1.271242999999231,,,0.0,,,,,
synthetic_image,kodak24,kodim20,25,0,ectv_fdncnn,29.914492334948257,0.9308895468711853,0.9812850952148438,0.008580433204770088,0.279439240694046,0.04602440074086189,0,1.2738112999995792,0.33330865074633204,0.23341483995318413,0.6839397205857212,0.32,,0.3333333333333333,1.0,1.0
synthetic_image,kodak24,kodim20,25,1,noisy,21.404360849145423,0.3526461124420166,0.8897156119346619,0.034945737570524216,0.2795722782611847,0.2795722782611847,0,0.0,0.0,0.0,0.0,,,,,
synthetic_image,kodak24,kodim20,25,1,ectv,26.840820682393737,0.7265963554382324,0.9569587111473083,0.016708597540855408,0.2795722782611847,0.0917850211262703,7,0.03880820000085805,0.18778726146140717,0.1877872571349144,0.6839397205857212,0.04,,,,
synthetic_image,kodak24,kodim20,25,1,ectv_fidelity,28.24447273984662,0.8916117548942566,0.9608418941497803,0.013205371797084808,0.2795722782611847,0.038293302059173584,80,0.23287359999994806,0.33330865074633204,0.2412789762020111,0.6839397205857212,0.32,0.12,0.3333333333333333,,
synthetic_image,kodak24,kodim20,25,1,tv_maxiter,28.019648397595706,0.8593316078186035,0.9693931341171265,0.011977406218647957,0.2795722782611847,0.06045079231262207,22,0.066430599999876,inf,0.21912148594856262,0.6839397205857212,,,,,
synthetic_image,kodak24,kodim20,25,1,tv_fixedk_val,28.04446911357068,0.8630671501159668,0.9695195555686951,0.011789795011281967,0.2795722782611847,0.0600724071264267,40,0.11583630000131961,,0.219499871134758,0.6839397205857212,,,,,
synthetic_image,kodak24,kodim20,25,1,tv_discrepancy,28.019648397595706,0.8593316078186035,0.9693931341171265,0.011977406218647957,0.2795722782611847,0.06045079231262207,22,0.06928209999932733,,0.21912148594856262,0.6839397205857212,,,,,
synthetic_image,kodak24,kodim20,25,1,tv_chambolle_val,27.570666355329703,0.8584182858467102,0.9504265189170837,0.015515636652708054,0.2795722782611847,0.040783487260341644,0,0.008134099998642341,,,0.0,,,,,
synthetic_image,kodak24,kodim20,25,1,gaussian_val,26.43920775787382,0.7602435946464539,0.9125654101371765,0.020806699991226196,0.2795722782611847,0.05560212954878807,0,0.0003051999992749188,,,0.0,,,,,
synthetic_image,kodak24,kodim20,25,1,median_val,26.659662795179795,0.7432825565338135,0.8878248929977417,0.020862070843577385,0.2795722782611847,0.05481841415166855,0,0.000787000000855187,,,0.0,,,,,
synthetic_image,kodak24,kodim20,25,1,bilateral_val,26.55876406975366,0.8193593621253967,0.9410030245780945,0.014977803453803062,0.2795722782611847,0.07242867350578308,0,0.13638990000072226,,,0.0,,,,,
synthetic_image,kodak24,kodim20,25,1,pm_diff_val,26.952459133846872,0.803499698638916,0.9341289401054382,0.01850455068051815,0.2795722782611847,0.04642954468727112,5,0.006432799998947303,,,0.0,,,,,
synthetic_image,kodak24,kodim20,25,1,wavelet_bayes,25.334675389225993,0.7765018343925476,0.8766657114028931,0.020254308357834816,0.2795722782611847,0.0541783943772316,0,0.003620299999965937,,,0.0,,,,,
synthetic_image,kodak24,kodim20,25,1,nlm,27.513640174616153,0.8643928170204163,0.9648016095161438,0.0114492392167449,0.2795722782611847,0.07978323101997375,0,0.04191480000008596,,,0.0,,,,,
synthetic_image,kodak24,kodim20,25,1,bm3d,29.60497591444028,0.9212087988853455,0.9771586656570435,0.00952691026031971,0.2795722782611847,0.04596520960330963,0,1.4076224000000366,,,0.0,,,,,
synthetic_image,kodak24,kodim20,25,1,fdncnn_color,29.874037398811836,0.9313557744026184,0.9815295934677124,0.008481031283736229,0.2795722782611847,0.04649873077869415,0,1.2601039000001037,,,0.0,,,,,
synthetic_image,kodak24,kodim20,25,1,ectv_fdncnn,29.874037398811836,0.9313557744026184,0.9815295934677124,0.008481031283736229,0.2795722782611847,0.04649873077869415,0,1.2627372999995714,0.33330865074633204,0.23307354748249054,0.6839397205857212,0.32,,0.3333333333333333,1.0,1.0
synthetic_image,kodak24,kodim20,25,2,noisy,21.40746612027781,0.3526155650615692,0.8875508308410645,0.03524882718920708,0.27980268001556396,0.27980268001556396,0,0.0,0.0,0.0,0.0,,,,,
synthetic_image,kodak24,kodim20,25,2,ectv,26.853629123202282,0.7267549633979797,0.9558440446853638,0.01691737025976181,0.27980268001556396,0.09201542288064957,7,0.035596499999883235,0.18778726146140717,0.1877872571349144,0.6839397205857212,0.04,,,,
synthetic_image,kodak24,kodim20,25,2,ectv_fidelity,28.255633473395932,0.891747772693634,0.9604682922363281,0.013207763433456421,0.27980268001556396,0.03818957507610321,80,0.23284160000002885,0.33330865074633204,0.24161310493946075,0.6839397205857212,0.32,0.12,0.3333333333333333,,
synthetic_image,kodak24,kodim20,25,2,tv_maxiter,28.041576886233027,0.8613150715827942,0.9690053462982178,0.012050737626850605,0.27980268001556396,0.0603020079433918,22,0.06415980000019772,inf,0.21950067207217216,0.6839397205857212,,,,,
synthetic_image,kodak24,kodim20,25,2,tv_fixedk_val,28.066580418994263,0.8648670315742493,0.9691045880317688,0.011864785104990005,0.27980268001556396,0.05994223430752754,40,0.11240280000129133,,0.21986044570803642,0.6839397205857212,,,,,
synthetic_image,kodak24,kodim20,25,2,tv_discrepancy,28.041576886233027,0.8613150715827942,0.9690053462982178,0.012050737626850605,0.27980268001556396,0.0603020079433918,22,0.06446619999951508,,0.21950067207217216,0.6839397205857212,,,,,
synthetic_image,kodak24,kodim20,25,2,tv_chambolle_val,27.584074432705663,0.8591268658638,0.9502997994422913,0.015473457984626293,0.27980268001556396,0.04071708768606186,0,0.007639400000698515,,,0.0,,,,,
synthetic_image,kodak24,kodim20,25,2,gaussian_val,26.47357530379455,0.7616881728172302,0.9113602042198181,0.020913509652018547,0.27980268001556396,0.05551045387983322,0,0.00027299999965180177,,,0.0,,,,,
synthetic_image,kodak24,kodim20,25,2,median_val,26.67471598808381,0.7421954274177551,0.8892699480056763,0.02068757824599743,0.27980268001556396,0.05469533056020737,0,0.0006094000000302913,,,0.0,,,,,
synthetic_image,kodak24,kodim20,25,2,bilateral_val,26.579647518923082,0.8206279873847961,0.941752016544342,0.014991194009780884,0.27980268001556396,0.07277695089578629,0,0.13620620000074268,,,0.0,,,,,
synthetic_image,kodak24,kodim20,25,2,pm_diff_val,26.958204745548485,0.8042194247245789,0.9319601058959961,0.01871398463845253,0.27980268001556396,0.046308733522892,5,0.006301700001131394,,,0.0,,,,,
synthetic_image,kodak24,kodim20,25,2,wavelet_bayes,25.376752201826022,0.7788584232330322,0.8745848536491394,0.020447181537747383,0.27980268001556396,0.053802311420440674,0,0.0035521999998309184,,,0.0,,,,,
synthetic_image,kodak24,kodim20,25,2,nlm,27.443115224697316,0.862790584564209,0.9642768502235413,0.011545396409928799,0.27980268001556396,0.08201909065246582,0,0.04062489999887475,,,0.0,,,,,
synthetic_image,kodak24,kodim20,25,2,bm3d,29.660156413205605,0.921777069568634,0.9777882695198059,0.009463895112276077,0.27980268001556396,0.04609472677111626,0,1.4638318000015715,,,0.0,,,,,
synthetic_image,kodak24,kodim20,25,2,fdncnn_color,29.94583473186715,0.9333463311195374,0.98233962059021,0.008338524959981441,0.27980268001556396,0.047149330377578735,0,1.2447155000008934,,,0.0,,,,,
synthetic_image,kodak24,kodim20,25,2,ectv_fdncnn,29.94583473186715,0.9333463311195374,0.98233962059021,0.008338524959981441,0.27980268001556396,0.047149330377578735,0,1.247298199999932,0.33330865074633204,0.23265334963798523,0.6839397205857212,0.32,,0.3333333333333333,1.0,1.0
synthetic_image,kodak24,kodim20,50,0,noisy,15.86723151229052,0.17832578718662262,0.7285757660865784,0.07023028284311295,0.4967595636844635,0.4967595636844635,0,0.0,0.0,0.0,0.0,,,,,
synthetic_image,kodak24,kodim20,50,0,ectv,20.280215803305815,0.3806987702846527,0.8365496397018433,0.03694841265678406,0.4967595636844635,0.20202945172786713,25,0.07335679999960121,0.3333333333333333,0.2947301119565964,0.5091578194443671,0.04,,,,
synthetic_image,kodak24,kodim20,50,0,ectv_fidelity,23.337742893514474,0.826030969619751,0.9123938679695129,0.018650319427251816,0.4967595636844635,0.029448479413986206,80,0.2202041000000463,0.75,0.4673110842704773,0.5091578194443671,0.32,0.25,0.75,,
synthetic_image,kodak24,kodim20,50,0,tv_maxiter,20.280215803305815,0.3806987702846527,0.8365496397018433,0.03694841265678406,0.4967595636844635,0.20202945172786713,25,0.06984970000121393,inf,0.2947301119565964,0.5091578194443671,,,,,
synthetic_image,kodak24,kodim20,50,0,tv_fixedk_val,20.298824539287136,0.38229164481163025,0.8371650576591492,0.03680059313774109,0.4967595636844635,0.20134322345256805,40,0.11572239999986778,,0.29541634023189545,0.5091578194443671,,,,,
synthetic_image,kodak24,kodim20,50,0,tv_discrepancy,20.280215803305815,0.3806987702846527,0.8365496397018433,0.03694841265678406,0.4967595636844635,0.20202945172786713,25,0.07311509999999544,,0.2947301119565964,0.5091578194443671,,,,,
synthetic_image,kodak24,kodim20,50,0,tv_chambolle_val,22.98628410526569,0.7682740688323975,0.9030624032020569,0.02075980231165886,0.4967595636844635,0.03813007101416588,0,0.009754099999554455,,,0.0,,,,,
synthetic_image,kodak24,kodim20,50,0,gaussian_val,22.37603587704481,0.5474427342414856,0.847722589969635,0.029002688825130463,0.4967595636844635,0.08051355183124542,0,0.0003276999996160157,,,0.0,,,,,
synthetic_image,kodak24,kodim20,50,0,median_val,24.007154548653237,0.5556957125663757,0.809722363948822,0.028041042387485504,0.4967595636844635,0.08368796855211258,0,0.0007671999992453493,,,0.0,,,,,
synthetic_image,kodak24,kodim20,50,0,bilateral_val,21.612434827002673,0.6629192233085632,0.851115882396698,0.023087188601493835,0.4967595636844635,0.08529996871948242,0,0.141272900000331,,,0.0,,,,,
synthetic_image,kodak24,kodim20,50,0,pm_diff_val,22.608395277392006,0.6224786639213562,0.861175537109375,0.025900689885020256,0.4967595636844635,0.05979486554861069,5,0.006054400000721216,,,0.0,,,,,
synthetic_image,kodak24,kodim20,50,0,wavelet_bayes,21.269313343792984,0.6914019584655762,0.6186022758483887,0.02936340868473053,0.4967595636844635,0.03423101827502251,0,0.0037284000009094598,,,0.0,,,,,
synthetic_image,kodak24,kodim20,50,0,nlm,23.143031478710142,0.7560034394264221,0.9202821254730225,0.01686818152666092,0.4967595636844635,0.09167109429836273,0,0.04437809999944875,,,0.0,,,,,
synthetic_image,kodak24,kodim20,50,0,bm3d,24.278355222707525,0.8608288764953613,0.9395408630371094,0.015063599683344364,0.4967595636844635,0.03523688390851021,0,1.433276099998693,,,0.0,,,,,
synthetic_image,kodak24,kodim20,50,0,fdncnn_color,24.281179228160102,0.86847323179245,0.945033073425293,0.014423679560422897,0.4967595636844635,0.03429349139332771,0,1.2407189999994443,,,0.0,,,,,
synthetic_image,kodak24,kodim20,50,0,ectv_fdncnn,24.281179228160102,0.86847323179245,0.945033073425293,0.014423679560422897,0.4967595636844635,0.03429349139332771,0,1.2435117999993963,0.75,0.4624660722911358,0.5091578194443671,0.32,,0.75,1.0,1.0
synthetic_image,kodak24,kodim20,50,1,noisy,15.872567702423858,0.17880018055438995,0.7292977571487427,0.06983334571123123,0.49743491411209106,0.49743491411209106,0,0.0,0.0,0.0,0.0,,,,,
synthetic_image,kodak24,kodim20,50,1,ectv,20.29450697622156,0.3844907581806183,0.8370623588562012,0.03674684464931488,0.49743491411209106,0.20151802897453308,26,0.07581980000031763,0.3333333333333333,0.295916885137558,0.5091578194443671,0.04,,,,
synthetic_image,kodak24,kodim20,50,1,ectv_fidelity,23.288982122078355,0.8263950347900391,0.9119591116905212,0.018727576360106468,0.49743491411209106,0.029568219557404518,80,0.2389007000001584,0.75,0.46786669455468655,0.5091578194443671,0.32,0.25,0.75,,
synthetic_image,kodak24,kodim20,50,1,tv_maxiter,20.29450697622156,0.3844907581806183,0.8370623588562012,0.03674684464931488,0.49743491411209106,0.20151802897453308,26,0.07783890000064275,inf,0.295916885137558,0.5091578194443671,,,,,
synthetic_image,kodak24,kodim20,50,1,tv_fixedk_val,20.30929834960926,0.38578686118125916,0.837563157081604,0.03662777319550514,0.49743491411209106,0.20097018778324127,40,0.11803400000098918,,0.2964647263288498,0.5091578194443671,,,,,
synthetic_image,kodak24,kodim20,50,1,tv_discrepancy,20.29450697622156,0.3844907581806183,0.8370623588562012,0.03674684464931488,0.49743491411209106,0.20151802897453308,26,0.07695520000015676,,0.295916885137558,0.5091578194443671,,,,,
synthetic_image,kodak24,kodim20,50,1,tv_chambolle_val,22.93131112375967,0.7695412039756775,0.9017151594161987,0.020924463868141174,0.49743491411209106,0.038152966648340225,0,0.009982399998989422,,,0.0,,,,,
synthetic_image,kodak24,kodim20,50,1,gaussian_val,22.35116883817176,0.5505937933921814,0.8472592830657959,0.029038669541478157,0.49743491411209106,0.08023665100336075,0,0.00029910000012023374,,,0.0,,,,,
synthetic_image,kodak24,kodim20,50,1,median_val,24.0345619177289,0.5602815747261047,0.8133100867271423,0.02772664837539196,0.49743491411209106,0.08284027874469757,0,0.0007246999994094949,,,0.0,,,,,
synthetic_image,kodak24,kodim20,50,1,bilateral_val,21.56177021634423,0.6661391258239746,0.8527981042861938,0.022929329425096512,0.49743491411209106,0.08555296063423157,0,0.1348784000001615,,,0.0,,,,,
synthetic_image,kodak24,kodim20,50,1,pm_diff_val,22.574139144600075,0.6268594264984131,0.8613871335983276,0.025887874886393547,0.49743491411209106,0.05950799584388733,5,0.005945500000962056,,,0.0,,,,,
synthetic_image,kodak24,kodim20,50,1,wavelet_bayes,21.288983630032554,0.6972711682319641,0.6315591931343079,0.028911864385008812,0.49743491411209106,0.03407265990972519,0,0.0036818999997194624,,,0.0,,,,,
synthetic_image,kodak24,kodim20,50,1,nlm,23.159064914708676,0.762855589389801,0.9210177063941956,0.01676231250166893,0.49743491411209106,0.0890931636095047,0,0.04314410000006319,,,0.0,,,,,
synthetic_image,kodak24,kodim20,50,1,bm3d,24.20389333592866,0.8614070415496826,0.940189778804779,0.01496028807014227,0.49743491411209106,0.035075269639492035,0,1.6085261999996874,,,0.0,,,,,
synthetic_image,kodak24,kodim20,50,1,fdncnn_color,24.221162467021987,0.8700224757194519,0.9464669227600098,0.014268403872847557,0.49743491411209106,0.03492235019803047,0,1.287375300000349,,,0.0,,,,,
synthetic_image,kodak24,kodim20,50,1,ectv_fdncnn,24.221162467021987,0.8700224757194519,0.9464669227600098,0.014268403872847557,0.49743491411209106,0.03492235019803047,0,1.2907725000004575,0.75,0.4625125639140606,0.5091578194443671,0.32,,0.75,1.0,1.0
synthetic_image,kodak24,kodim20,50,2,noisy,15.867977405475584,0.1787504404783249,0.723414421081543,0.07049177587032318,0.4979246258735657,0.4979246258735657,0,0.0,0.0,0.0,0.0,,,,,
synthetic_image,kodak24,kodim20,50,2,ectv,20.293642524221916,0.3842649757862091,0.8310800194740295,0.03731066733598709,0.4979246258735657,0.2021222859621048,26,0.07503790000009758,0.3333333333333333,0.2958023399114609,0.5091578194443671,0.04,,,,
synthetic_image,kodak24,kodim20,50,2,ectv_fidelity,23.32167461481597,0.8265883326530457,0.9127457141876221,0.018769050016999245,0.4979246258735657,0.02957722172141075,80,0.22664659999827563,0.75,0.4683474041521549,0.5091578194443671,0.32,0.25,0.75,,
synthetic_image,kodak24,kodim20,50,2,tv_maxiter,20.293642524221916,0.3842649757862091,0.8310800194740295,0.03731066733598709,0.4979246258735657,0.2021222859621048,26,0.07678649999979825,inf,0.2958023399114609,0.5091578194443671,,,,,
synthetic_image,kodak24,kodim20,50,2,tv_fixedk_val,20.308524139216374,0.3855663537979126,0.831585705280304,0.037191394716501236,0.4979246258735657,0.20157669484615326,40,0.11898269999983313,,0.2963479310274124,0.5091578194443671,,,,,
synthetic_image,kodak24,kodim20,50,2,tv_discrepancy,20.293642524221916,0.3842649757862091,0.8310800194740295,0.03731066733598709,0.4979246258735657,0.2021222859621048,26,0.07581659999959811,,0.2958023399114609,0.5091578194443671,,,,,
synthetic_image,kodak24,kodim20,50,2,tv_chambolle_val,22.969292221021767,0.7696160674095154,0.9019071459770203,0.0209481380879879,0.4979246258735657,0.038359735161066055,0,0.010250600000290433,,,0.0,,,,,
synthetic_image,kodak24,kodim20,50,2,gaussian_val,22.393515514352373,0.5510745644569397,0.845883309841156,0.02923230454325676,0.4979246258735657,0.08018003404140472,0,0.0002939000005426351,,,0.0,,,,,
synthetic_image,kodak24,kodim20,50,2,median_val,24.046499137507354,0.5583966970443726,0.8140109777450562,0.027726121246814728,0.4979246258735657,0.0826495960354805,0,0.000659799999993993,,,0.0,,,,,
synthetic_image,kodak24,kodim20,50,2,bilateral_val,21.570060786533066,0.6658132672309875,0.8541214466094971,0.02314952202141285,0.4979246258735657,0.08617690205574036,0,0.1355070000008709,,,0.0,,,,,
synthetic_image,kodak24,kodim20,50,2,pm_diff_val,22.614607436824926,0.6271992325782776,0.8595406413078308,0.026111112907528877,0.4979246258735657,0.059486161917448044,5,0.005528699999558739,,,0.0,,,,,
synthetic_image,kodak24,kodim20,50,2,wavelet_bayes,21.256619392047867,0.6950271129608154,0.6013981103897095,0.029608046635985374,0.4979246258735657,0.03372698649764061,0,0.0033843000001070322,,,0.0,,,,,
synthetic_image,kodak24,kodim20,50,2,nlm,23.132825732954267,0.7593390941619873,0.9190642833709717,0.016920024529099464,0.4979246258735657,0.09242606908082962,0,0.03955090000090422,,,0.0,,,,,
synthetic_image,kodak24,kodim20,50,2,bm3d,24.27472031069258,0.8607305884361267,0.9417370557785034,0.014954407699406147,0.4979246258735657,0.03525461256504059,0,1.5137231000007887,,,0.0,,,,,
synthetic_image,kodak24,kodim20,50,2,fdncnn_color,24.291736359875923,0.8707618713378906,0.9473987221717834,0.014258342795073986,0.4979246258735657,0.034765370190143585,0,1.3600537999991502,,,0.0,,,,,
synthetic_image,kodak24,kodim20,50,2,ectv_fdncnn,24.291736359875923,0.8707618713378906,0.9473987221717834,0.014258342795073986,0.4979246258735657,0.034765370190143585,0,1.3633038999978453,0.75,0.4631592556834221,0.5091578194443671,0.32,,0.75,1.0,1.0
synthetic_image,kodak24,kodim21,15,0,noisy,24.632923010791423,0.5487382411956787,0.9448988437652588,0.02474386617541313,0.23013533651828766,0.23013533651828766,0,0.0,0.0,0.0,0.0,,,,,
synthetic_image,kodak24,kodim21,15,0,ectv,25.48601973309609,0.5796177387237549,0.949116051197052,0.022982660681009293,0.23013533651828766,0.20629146695137024,1,0.02055839999957243,0.023843897597316383,0.02384386956691742,0.8488381630355155,0.04,,,,
synthetic_image,kodak24,kodim21,15,0,ectv_fidelity,30.267807968336182,0.8727299571037292,0.9674599766731262,0.01661761850118637,0.23013533651828766,0.05755889043211937,11,0.04967749999923399,0.1725764484378941,0.1725764460861683,0.8488381630355155,0.32,0.08,0.3333333333333333,,
synthetic_image,kodak24,kodim21,15,0,tv_maxiter,30.177823005638565,0.8826348781585693,0.9632455706596375,0.01733684167265892,0.23013533651828766,0.051902156323194504,21,0.05976800000098592,inf,0.17823318019509315,0.8488381630355155,,,,,
synthetic_image,kodak24,kodim21,15,0,tv_fixedk_val,30.201632890812732,0.8851816058158875,0.963016927242279,0.01743166148662567,0.23013533651828766,0.05164390802383423,40,0.11301300000013725,,0.17849142849445343,0.8488381630355155,,,,,
synthetic_image,kodak24,kodim21,15,0,tv_discrepancy,30.177823005638565,0.8826348781585693,0.9632455706596375,0.01733684167265892,0.23013533651828766,0.051902156323194504,21,0.06535439999970549,,0.17823318019509315,0.8488381630355155,,,,,
synthetic_image,kodak24,kodim21,15,0,tv_chambolle_val,29.248027597974307,0.8595157265663147,0.9533758759498596,0.01942726969718933,0.23013533651828766,0.051011212170124054,0,0.015606600001774495,,,0.0,,,,,
synthetic_image,kodak24,kodim21,15,0,gaussian_val,27.490104461464576,0.7966168522834778,0.9256336688995361,0.02381070703268051,0.23013533651828766,0.05607517436146736,0,0.000325400000292575,,,0.0,,,,,
synthetic_image,kodak24,kodim21,15,0,median_val,25.53574791439397,0.7259548306465149,0.86982262134552,0.02706488035619259,0.23013533651828766,0.05144864320755005,0,0.0006761000004189555,,,0.0,,,,,
synthetic_image,kodak24,kodim21,15,0,bilateral_val,29.8350483997142,0.8540448546409607,0.9671006202697754,0.015169758349657059,0.23013533651828766,0.09146840870380402,0,0.1325198000013188,,,0.0,,,,,
synthetic_image,kodak24,kodim21,15,0,pm_diff_val,28.46514461328634,0.8201625943183899,0.9425538778305054,0.021128328517079353,0.23013533651828766,0.05297281965613365,5,0.0055595000012544915,,,0.0,,,,,
synthetic_image,kodak24,kodim21,15,0,wavelet_bayes,28.628640364552737,0.7590651512145996,0.9618386626243591,0.01766052655875683,0.23013533651828766,0.10742894560098648,0,0.003165699999954086,,,0.0,,,,,
synthetic_image,kodak24,kodim21,15,0,nlm,30.482248865482084,0.8846213221549988,0.9670728445053101,0.014207386411726475,0.23013533651828766,0.07804489880800247,0,0.038514000001669046,,,0.0,,,,,
synthetic_image,kodak24,kodim21,15,0,bm3d,33.33882584526823,0.9405496716499329,0.9858067631721497,0.009554934687912464,0.23013533651828766,0.08057677745819092,0,1.4226531999993313,,,0.0,,,,,
synthetic_image,kodak24,kodim21,15,0,fdncnn_color,33.798396201512965,0.9453403353691101,0.986906886100769,0.009042695164680481,0.23013533651828766,0.07752018421888351,0,1.3065272999992885,,,0.0,,,,,
synthetic_image,kodak24,kodim21,15,0,ectv_fdncnn,33.798396201512965,0.9453403353691101,0.986906886100769,0.009042695164680481,0.23013533651828766,0.07752018421888351,0,1.3091614999993908,0.1725764484378941,0.15261515229940414,0.8488381630355155,0.32,,0.3333333333333333,1.0,1.0
synthetic_image,kodak24,kodim21,15,1,noisy,24.657891617279972,0.5500996112823486,0.9442214369773865,0.024667542427778244,0.22973066568374634,0.22973066568374634,0,0.0,0.0,0.0,0.0,,,,,
synthetic_image,kodak24,kodim21,15,1,ectv,25.512275287469144,0.5810769200325012,0.9484867453575134,0.022932613268494606,0.22973066568374634,0.20588678121566772,1,0.026004199999078992,0.023843897597316383,0.023843884468078613,0.8488381630355155,0.04,,,,
synthetic_image,kodak24,kodim21,15,1,ectv_fidelity,30.239632946451877,0.8742080330848694,0.9671832323074341,0.016726413741707802,0.22973066568374634,0.05715421959757805,11,0.059184300000197254,0.1725764484378941,0.1725764460861683,0.8488381630355155,0.32,0.08,0.3333333333333333,,
synthetic_image,kodak24,kodim21,15,1,tv_maxiter,30.140949285928016,0.8832343220710754,0.9631105661392212,0.017449496313929558,0.22973066568374634,0.05162403732538223,21,0.061267099999895436,inf,0.1781066283583641,0.8488381630355155,,,,,
synthetic_image,kodak24,kodim21,15,1,tv_fixedk_val,30.162597534791207,0.8855926394462585,0.9628980159759521,0.017552267760038376,0.22973066568374634,0.051366616040468216,40,0.11373409999941941,,0.17836404964327812,0.8488381630355155,,,,,
synthetic_image,kodak24,kodim21,15,1,tv_discrepancy,30.140949285928016,0.8832343220710754,0.9631105661392212,0.017449496313929558,0.22973066568374634,0.05162403732538223,21,0.06388420000075712,,0.1781066283583641,0.8488381630355155,,,,,
synthetic_image,kodak24,kodim21,15,1,tv_chambolle_val,29.209301041993093,0.8605291247367859,0.952830970287323,0.019557613879442215,0.22973066568374634,0.05065934732556343,0,0.01434019999942393,,,0.0,,,,,
synthetic_image,kodak24,kodim21,15,1,gaussian_val,27.477852590970862,0.7977083325386047,0.9255607724189758,0.0238077063113451,0.22973066568374634,0.055929034948349,0,0.00028930000007676426,,,0.0,,,,,
synthetic_image,kodak24,kodim21,15,1,median_val,25.541814542219132,0.7255688309669495,0.868820309638977,0.027111485600471497,0.22973066568374634,0.05136072263121605,0,0.0006452000015997328,,,0.0,,,,,
synthetic_image,kodak24,kodim21,15,1,bilateral_val,29.848488622341623,0.8559626936912537,0.9673846960067749,0.01525700744241476,0.22973066568374634,0.0910225659608841,0,0.13130049999926996,,,0.0,,,,,
synthetic_image,kodak24,kodim21,15,1,pm_diff_val,28.43198160392538,0.8211448192596436,0.9420144557952881,0.021222606301307678,0.22973066568374634,0.052674077451229095,5,0.00568089999978838,,,0.0,,,,,
synthetic_image,kodak24,kodim21,15,1,wavelet_bayes,28.61825518348919,0.7603387236595154,0.962027370929718,0.017729418352246284,0.22973066568374634,0.10718011111021042,0,0.0034236999999848194,,,0.0,,,,,
synthetic_image,kodak24,kodim21,15,1,nlm,30.525650505225844,0.8861163258552551,0.9676935076713562,0.014141352847218513,0.22973066568374634,0.07712429761886597,0,0.03728399999999965,,,0.0,,,,,
synthetic_image,kodak24,kodim21,15,1,bm3d,33.36937743717056,0.9413180947303772,0.9860824346542358,0.00954937469214201,0.22973066568374634,0.0808386355638504,0,1.4264072999994823,,,0.0,,,,,
synthetic_image,kodak24,kodim21,15,1,fdncnn_color,33.83590233520606,0.9466333389282227,0.98719722032547,0.009001811034977436,0.22973066568374634,0.07755275815725327,0,1.2216157000002568,,,0.0,,,,,
synthetic_image,kodak24,kodim21,15,1,ectv_fdncnn,33.83590233520606,0.9466333389282227,0.98719722032547,0.009001811034977436,0.22973066568374634,0.07755275815725327,0,1.2251409000000422,0.1725764484378941,0.15217790752649307,0.8488381630355155,0.32,,0.3333333333333333,1.0,1.0
synthetic_image,kodak24,kodim21,15,2,noisy,24.641089260690478,0.5491761565208435,0.9434849619865417,0.024886267259716988,0.23025164008140564,0.23025164008140564,0,0.0,0.0,0.0,0.0,,,,,
synthetic_image,kodak24,kodim21,15,2,ectv,25.493906482267214,0.5801013708114624,0.9477963447570801,0.023114977404475212,0.23025164008140564,0.20640775561332703,1,0.02151840000078664,0.023843897597316383,0.023843884468078613,0.8488381630355155,0.04,,,,
synthetic_image,kodak24,kodim21,15,2,ectv_fidelity,30.241467244202283,0.8726601600646973,0.9671614170074463,0.016748128458857536,0.23025164008140564,0.05767519399523735,11,0.049622099999396596,0.1725764484378941,0.1725764460861683,0.8488381630355155,0.32,0.08,0.3333333333333333,,
synthetic_image,kodak24,kodim21,15,2,tv_maxiter,30.132471647146318,0.8823314309120178,0.9628133773803711,0.017527466639876366,0.23025164008140564,0.05163399130105972,21,0.06317159999889554,inf,0.17861764878034592,0.8488381630355155,,,,,
synthetic_image,kodak24,kodim21,15,2,tv_fixedk_val,30.154555332343023,0.8849332332611084,0.9626340270042419,0.01761235110461712,0.23025164008140564,0.05135280638933182,40,0.11522049999985029,,0.17889883369207382,0.8488381630355155,,,,,
synthetic_image,kodak24,kodim21,15,2,tv_discrepancy,30.132471647146318,0.8823314309120178,0.9628133773803711,0.017527466639876366,0.23025164008140564,0.05163399130105972,21,0.061755999999149935,,0.17861764878034592,0.8488381630355155,,,,,
synthetic_image,kodak24,kodim21,15,2,tv_chambolle_val,29.21052018002922,0.8597163558006287,0.9532298445701599,0.019558969885110855,0.23025164008140564,0.05072362720966339,0,0.014702800001032301,,,0.0,,,,,
synthetic_image,kodak24,kodim21,15,2,gaussian_val,27.47751812976079,0.7977740168571472,0.9252949953079224,0.023809444159269333,0.23025164008140564,0.05584082752466202,0,0.0002810000005410984,,,0.0,,,,,
synthetic_image,kodak24,kodim21,15,2,median_val,25.527454896885704,0.7262980341911316,0.8699464201927185,0.027162259444594383,0.23025164008140564,0.0511978454887867,0,0.0006314000002021203,,,0.0,,,,,
synthetic_image,kodak24,kodim21,15,2,bilateral_val,29.760982501591467,0.8542507290840149,0.9668793678283691,0.015289876610040665,0.23025164008140564,0.09157811105251312,0,0.1384951000000001,,,0.0,,,,,
synthetic_image,kodak24,kodim21,15,2,pm_diff_val,28.43854289753121,0.8210795521736145,0.9426565766334534,0.02119656465947628,0.23025164008140564,0.05262923240661621,5,0.0057577999996283324,,,0.0,,,,,
synthetic_image,kodak24,kodim21,15,2,wavelet_bayes,28.647096127263794,0.7610721588134766,0.961795449256897,0.017742788419127464,0.23025164008140564,0.10703236609697342,0,0.003128800000922638,,,0.0,,,,,
synthetic_image,kodak24,kodim21,15,2,nlm,30.478677097766056,0.8854030966758728,0.9673450589179993,0.014295432716608047,0.23025164008140564,0.077891506254673,0,0.03863739999906102,,,0.0,,,,,
synthetic_image,kodak24,kodim21,15,2,bm3d,33.26667773539913,0.9404998421669006,0.9856301546096802,0.00965696107596159,0.23025164008140564,0.08115135878324509,0,1.4251352999999654,,,0.0,,,,,
synthetic_image,kodak24,kodim21,15,2,fdncnn_color,33.72231057103572,0.9456531405448914,0.9867422580718994,0.009135391563177109,0.23025164008140564,0.0778030976653099,0,1.2136613000002399,,,0.0,,,,,
synthetic_image,kodak24,kodim21,15,2,ectv_fdncnn,33.72231057103572,0.9456531405448914,0.9867422580718994,0.009135391563177109,0.23025164008140564,0.0778030976653099,0,1.2161047000008693,0.1725764484378941,0.15244854241609573,0.8488381630355155,0.32,,0.3333333333333333,1.0,1.0
synthetic_image,kodak24,kodim21,25,0,noisy,20.240751262418527,0.38669276237487793,0.8721193075180054,0.042421650141477585,0.34591227769851685,0.34591227769851685,0,0.0,0.0,0.0,0.0,,,,,
synthetic_image,kodak24,kodim21,25,0,ectv,25.170737763206148,0.5712287425994873,0.9220886826515198,0.02674531191587448,0.34591227769851685,0.15812502801418304,5,0.03308359999937238,0.18778726146140717,0.1877872496843338,0.6839397205857212,0.04,,,,
synthetic_image,kodak24,kodim21,25,0,ectv_fidelity,28.177158437718628,0.8309547305107117,0.9419505000114441,0.021085167303681374,0.34591227769851685,0.05158461630344391,80,0.22693939999953727,0.33330865074633204,0.29432766139507294,0.6839397205857212,0.32,0.12,0.3333333333333333,,
synthetic_image,kodak24,kodim21,25,0,tv_maxiter,27.57039530843614,0.7239028811454773,0.9490168690681458,0.020358387380838394,0.34591227769851685,0.09477126598358154,22,0.06378890000087267,inf,0.2511410117149353,0.6839397205857212,,,,,
synthetic_image,kodak24,kodim21,25,0,tv_fixedk_val,27.605758223851723,0.726889431476593,0.9492682814598083,0.020310543477535248,0.34591227769851685,0.09439380466938019,40,0.10968409999986761,,0.25151847302913666,0.6839397205857212,,,,,
synthetic_image,kodak24,kodim21,25,0,tv_discrepancy,27.57039530843614,0.7239028811454773,0.9490168690681458,0.020358387380838394,0.34591227769851685,0.09477126598358154,22,0.06434230000013486,,0.2511410117149353,0.6839397205857212,,,,,
synthetic_image,kodak24,kodim21,25,0,tv_chambolle_val,27.124022139037102,0.7926029562950134,0.9220577478408813,0.024247704073786736,0.34591227769851685,0.04686708003282547,0,0.015440400000443333,,,0.0,,,,,
synthetic_image,kodak24,kodim21,25,0,gaussian_val,26.390556268238594,0.6956760883331299,0.9042080044746399,0.026860198006033897,0.34591227769851685,0.06818141788244247,0,0.00028360000032989774,,,0.0,,,,,
synthetic_image,kodak24,kodim21,25,0,median_val,24.816725965747434,0.6420355439186096,0.8473954200744629,0.029848594218492508,0.34591227769851685,0.06276299059391022,0,0.0006248999998206273,,,0.0,,,,,
synthetic_image,kodak24,kodim21,25,0,bilateral_val,26.39248290143827,0.729541540145874,0.9325990080833435,0.02203528583049774,0.34591227769851685,0.102056123316288,0,0.13616750000073807,,,0.0,,,,,
synthetic_image,kodak24,kodim21,25,0,pm_diff_val,26.58711734657167,0.7252842783927917,0.9119715690612793,0.026140548288822174,0.34591227769851685,0.05629892647266388,5,0.0055709000007482246,,,0.0,,,,,
synthetic_image,kodak24,kodim21,25,0,wavelet_bayes,26.030284507702255,0.6760124564170837,0.9075231552124023,0.025293536484241486,0.34591227769851685,0.0893133133649826,0,0.0033655000006547198,,,0.0,,,,,
synthetic_image,kodak24,kodim21,25,0,nlm,27.940147652733142,0.8050897717475891,0.9280115365982056,0.0210589449852705,0.34591227769851685,0.06671888381242752,0,0.04093790000115405,,,0.0,,,,,
synthetic_image,kodak24,kodim21,25,0,bm3d,30.552250827524503,0.8994102478027344,0.9688919186592102,0.013847003690898418,0.34591227769851685,0.06965027004480362,0,1.4087686000002577,,,0.0,,,,,
synthetic_image,kodak24,kodim21,25,0,fdncnn_color,31.0582180750937,0.9099003672599792,0.9725511074066162,0.01274101808667183,0.34591227769851685,0.07010407000780106,0,1.207439699999668,,,0.0,,,,,
synthetic_image,kodak24,kodim21,25,0,ectv_fdncnn,31.0582180750937,0.9099003672599792,0.9725511074066162,0.01274101808667183,0.34591227769851685,0.07010407000780106,0,1.2099870000001829,0.33330865074633204,0.2758082076907158,0.6839397205857212,0.32,,0.3333333333333333,1.0,1.0
synthetic_image,kodak24,kodim21,25,1,noisy,20.264588285471042,0.3879014253616333,0.8696139454841614,0.04239783436059952,0.3451927900314331,0.3451927900314331,0,0.0,0.0,0.0,0.0,,,,,
synthetic_image,kodak24,kodim21,25,1,ectv,25.20224342204799,0.5737102627754211,0.9203752875328064,0.02682136744260788,0.3451927900314331,0.1574055403470993,5,0.030375700000149664,0.18778726146140717,0.1877872496843338,0.6839397205857212,0.04,,,,
synthetic_image,kodak24,kodim21,25,1,ectv_fidelity,28.128308092898372,0.8326292634010315,0.9414101839065552,0.021242555230855942,0.3451927900314331,0.051021747291088104,80,0.23440189999928407,0.33330865074633204,0.294171042740345,0.6839397205857212,0.32,0.12,0.3333333333333333,,
synthetic_image,kodak24,kodim21,25,1,tv_maxiter,27.57859135617717,0.7281600832939148,0.9483765363693237,0.020429925993084908,0.3451927900314331,0.09408093243837357,22,0.0692341000012675,inf,0.25111185759305954,0.6839397205857212,,,,,
synthetic_image,kodak24,kodim21,25,1,tv_fixedk_val,27.612744547952786,0.7312431335449219,0.9486555457115173,0.020372949540615082,0.3451927900314331,0.09368934482336044,40,0.11465270000007877,,0.25150344520807266,0.6839397205857212,,,,,
synthetic_image,kodak24,kodim21,25,1,tv_discrepancy,27.57859135617717,0.7281600832939148,0.9483765363693237,0.020429925993084908,0.3451927900314331,0.09408093243837357,22,0.06543609999971522,,0.25111185759305954,0.6839397205857212,,,,,
synthetic_image,kodak24,kodim21,25,1,tv_chambolle_val,27.078640681576385,0.7935578227043152,0.9208449125289917,0.02441501058638096,0.3451927900314331,0.04647074639797211,0,0.01590299999952549,,,0.0,,,,,
synthetic_image,kodak24,kodim21,25,1,gaussian_val,26.383126276857055,0.6974937915802002,0.90397047996521,0.026829805225133896,0.3451927900314331,0.06798222661018372,0,0.00027629999931377824,,,0.0,,,,,
synthetic_image,kodak24,kodim21,25,1,median_val,24.810807965883992,0.6412864923477173,0.84624183177948,0.030021745711565018,0.3451927900314331,0.06264457106590271,0,0.0006068000002414919,,,0.0,,,,,
synthetic_image,kodak24,kodim21,25,1,bilateral_val,26.38913095089557,0.7320416569709778,0.9326044321060181,0.022180108353495598,0.3451927900314331,0.10138209164142609,0,0.14133500000025379,,,0.0,,,,,
synthetic_image,kodak24,kodim21,25,1,pm_diff_val,26.552477803617336,0.7269226908683777,0.910754919052124,0.02623777836561203,0.3451927900314331,0.05595461651682854,5,0.007199699999546283,,,0.0,,,,,
synthetic_image,kodak24,kodim21,25,1,wavelet_bayes,26.02391248762323,0.6776558756828308,0.9089815020561218,0.02516883797943592,0.3451927900314331,0.08953095227479935,0,0.003724500000316766,,,0.0,,,,,
synthetic_image,kodak24,kodim21,25,1,nlm,27.924125605605354,0.8061317801475525,0.928673267364502,0.021199923008680344,0.3451927900314331,0.06550406664609909,0,0.046194099999411264,,,0.0,,,,,
synthetic_image,kodak24,kodim21,25,1,bm3d,30.550716226286525,0.9002743363380432,0.9693071842193604,0.013786573894321918,0.3451927900314331,0.06976339966058731,0,1.4253730999989784,,,0.0,,,,,
synthetic_image,kodak24,kodim21,25,1,fdncnn_color,31.07735661325645,0.9113686084747314,0.9728005528450012,0.012729018926620483,0.3451927900314331,0.06992409378290176,0,1.2086036000000604,,,0.0,,,,,
synthetic_image,kodak24,kodim21,25,1,ectv_fdncnn,31.07735661325645,0.9113686084747314,0.9728005528450012,0.012729018926620483,0.3451927900314331,0.06992409378290176,0,1.211016400000517,0.33330865074633204,0.27526869624853134,0.6839397205857212,0.32,,0.3333333333333333,1.0,1.0
synthetic_image,kodak24,kodim21,25,2,noisy,20.245116515098193,0.38666048645973206,0.8682217001914978,0.0427694171667099,0.34636417031288147,0.34636417031288147,0,0.0,0.0,0.0,0.0,,,,,
synthetic_image,kodak24,kodim21,25,2,ectv,25.165857006960344,0.5719244480133057,0.9190577268600464,0.027067402377724648,0.34636417031288147,0.15857692062854767,5,0.03134420000060345,0.18778726146140717,0.1877872496843338,0.6839397205857212,0.04,,,,
synthetic_image,kodak24,kodim21,25,2,ectv_fidelity,28.116191066177116,0.8314876556396484,0.9408566355705261,0.021317768841981888,0.34636417031288147,0.05105934292078018,80,0.22983240000030492,0.33330865074633204,0.2953048273921013,0.6839397205857212,0.32,0.12,0.3333333333333333,,
synthetic_image,kodak24,kodim21,25,2,tv_maxiter,27.57076138352259,0.7281611561775208,0.9473384618759155,0.020582521334290504,0.34636417031288147,0.09412050247192383,22,0.06385869999940041,inf,0.25224366784095764,0.6839397205857212,,,,,
synthetic_image,kodak24,kodim21,25,2,tv_fixedk_val,27.60482219345659,0.7311928868293762,0.9476214051246643,0.020526723936200142,0.34636417031288147,0.09373337775468826,40,0.11114789999919594,,0.2526307925581932,0.6839397205857212,,,,,
synthetic_image,kodak24,kodim21,25,2,tv_discrepancy,27.57076138352259,0.7281611561775208,0.9473384618759155,0.020582521334290504,0.34636417031288147,0.09412050247192383,22,0.06430790000013076,,0.25224366784095764,0.6839397205857212,,,,,
synthetic_image,kodak24,kodim21,25,2,tv_chambolle_val,27.11024512328748,0.7776299118995667,0.923488974571228,0.02420313097536564,0.34636417031288147,0.05324729532003403,0,0.011479200000394485,,,0.0,,,,,
synthetic_image,kodak24,kodim21,25,2,gaussian_val,26.38427433907792,0.6978128552436829,0.9033958315849304,0.026822619140148163,0.34636417031288147,0.0678197517991066,0,0.0003202999996574363,,,0.0,,,,,
synthetic_image,kodak24,kodim21,25,2,median_val,24.794041956721628,0.6416468024253845,0.8470838665962219,0.030050640925765038,0.34636417031288147,0.06242067739367485,0,0.0007217000002128771,,,0.0,,,,,
synthetic_image,kodak24,kodim21,25,2,bilateral_val,26.29999640526423,0.729560911655426,0.9323394894599915,0.022203505039215088,0.34636417031288147,0.10260474681854248,0,0.1365681000006589,,,0.0,,,,,
synthetic_image,kodak24,kodim21,25,2,pm_diff_val,26.565094784777763,0.727360725402832,0.9114996790885925,0.02620098367333412,0.34636417031288147,0.05593804642558098,5,0.0060333999990689335,,,0.0,,,,,
synthetic_image,kodak24,kodim21,25,2,wavelet_bayes,26.010171441909918,0.6785662174224854,0.9074422121047974,0.02540844865143299,0.34636417031288147,0.08869938552379608,0,0.003396199999770033,,,0.0,,,,,
synthetic_image,kodak24,kodim21,25,2,nlm,27.917834355383675,0.8061189651489258,0.9287568926811218,0.021190941333770752,0.34636417031288147,0.06649615615606308,0,0.04162890000043262,,,0.0,,,,,
synthetic_image,kodak24,kodim21,25,2,bm3d,30.513016847626353,0.8997151255607605,0.9684614539146423,0.013953587040305138,0.34636417031288147,0.0704551413655281,0,1.4226259999995818,,,0.0,,,,,
synthetic_image,kodak24,kodim21,25,2,fdncnn_color,30.975403976891215,0.910377562046051,0.9718495607376099,0.01292624231427908,0.34636417031288147,0.07042805850505829,0,1.2119136999990587,,,0.0,,,,,
synthetic_image,kodak24,kodim21,25,2,ectv_fdncnn,30.975403976891215,0.910377562046051,0.9718495607376099,0.01292624231427908,0.34636417031288147,0.07042805850505829,0,1.2147870999997394,0.33330865074633204,0.2759361118078232,0.6839397205857212,0.32,,0.3333333333333333,1.0,1.0
synthetic_image,kodak24,kodim21,50,0,noisy,14.538463615003357,0.2027149200439453,0.7144230008125305,0.08614370971918106,0.6297101974487305,0.6297101974487305,0,0.0,0.0,0.0,0.0,,,,,
synthetic_image,kodak24,kodim21,50,0,ectv,19.035703978800168,0.3233422040939331,0.7740879654884338,0.05413367599248886,0.6297101974487305,0.3124338686466217,27,0.0787622999996529,0.3333333333333333,0.31727632880210876,0.5091578194443671,0.04,,,,
synthetic_image,kodak24,kodim21,50,0,ectv_fidelity,25.07723745889383,0.7235031127929688,0.8748382329940796,0.02925427444279194,0.6297101974487305,0.03933720290660858,80,0.22377199999937147,0.75,0.5903729945421219,0.5091578194443671,0.32,0.25,0.75,,
synthetic_image,kodak24,kodim21,50,0,tv_maxiter,19.035703978800168,0.3233422040939331,0.7740879654884338,0.05413367599248886,0.6297101974487305,0.3124338686466217,27,0.0856378999997105,inf,0.31727632880210876,0.5091578194443671,,,,,
synthetic_image,kodak24,kodim21,50,0,tv_fixedk_val,19.04933849868106,0.32371193170547485,0.7743478417396545,0.05403492972254753,0.6297101974487305,0.31183868646621704,40,0.11242400000082853,,0.3178715109825134,0.5091578194443671,,,,,
synthetic_image,kodak24,kodim21,50,0,tv_discrepancy,19.035703978800168,0.3233422040939331,0.7740879654884338,0.05413367599248886,0.6297101974487305,0.3124338686466217,27,0.08333099999981641,,0.31727632880210876,0.5091578194443671,,,,,
synthetic_image,kodak24,kodim21,50,0,tv_chambolle_val,24.31453474322386,0.6379042267799377,0.8614987134933472,0.031022468581795692,0.6297101974487305,0.051693301647901535,0,0.012598799999977928,,,0.0,,,,,
synthetic_image,kodak24,kodim21,50,0,gaussian_val,23.377125981822093,0.49665606021881104,0.821958065032959,0.036186765879392624,0.6297101974487305,0.0996619313955307,0,0.0002978000011353288,,,0.0,,,,,
synthetic_image,kodak24,kodim21,50,0,median_val,22.733404319952456,0.46526750922203064,0.7758170962333679,0.03645886853337288,0.6297101974487305,0.09584040194749832,0,0.0007595000006404007,,,0.0,,,,,
synthetic_image,kodak24,kodim21,50,0,bilateral_val,22.129386345870902,0.479231595993042,0.8189572691917419,0.0343368835747242,0.6297101974487305,0.13107720017433167,0,0.1338049999994837,,,0.0,,,,,
synthetic_image,kodak24,kodim21,50,0,pm_diff_val,23.875300767539652,0.5414209961891174,0.8346388936042786,0.033775694668293,0.6297101974487305,0.07421643286943436,5,0.006223700000191457,,,0.0,,,,,
synthetic_image,kodak24,kodim21,50,0,wavelet_bayes,23.10086420028016,0.5668580532073975,0.7417962551116943,0.03567468002438545,0.6297101974487305,0.05421127751469612,0,0.0041454000001976965,,,0.0,,,,,
synthetic_image,kodak24,kodim21,50,0,nlm,24.400603335296687,0.6315416693687439,0.8499376773834229,0.031501758843660355,0.6297101974487305,0.06329867988824844,0,0.043747799998527626,,,0.0,,,,,
synthetic_image,kodak24,kodim21,50,0,bm3d,26.877396279749387,0.8057630658149719,0.9162614941596985,0.02239672653377056,0.6297101974487305,0.0489935502409935,0,1.4453559999983554,,,0.0,,,,,
synthetic_image,kodak24,kodim21,50,0,fdncnn_color,27.379469608939303,0.8265641331672668,0.9276418685913086,0.020622849464416504,0.6297101974487305,0.050481103360652924,0,1.2006489000013971,,,0.0,,,,,
synthetic_image,kodak24,kodim21,50,0,ectv_fdncnn,27.379469608939303,0.8265641331672668,0.9276418685913086,0.020622849464416504,0.6297101974487305,0.050481103360652924,0,1.2032549000014114,0.75,0.5792290940880775,0.5091578194443671,0.32,,0.75,1.0,1.0
synthetic_image,kodak24,kodim21,50,1,noisy,14.559719176844153,0.20266099274158478,0.707869827747345,0.08594467490911484,0.6286205053329468,0.6286205053329468,0,0.0,0.0,0.0,0.0,,,,,
synthetic_image,kodak24,kodim21,50,1,ectv,19.071964486877565,0.32416898012161255,0.7680575847625732,0.054264508187770844,0.6286205053329468,0.31107422709465027,27,0.07680010000149196,0.3333333333333333,0.3175462782382965,0.5091578194443671,0.04,,,,
synthetic_image,kodak24,kodim21,50,1,ectv_fidelity,25.0143989708871,0.7248294353485107,0.8717359304428101,0.029473351314663887,0.6286205053329468,0.038651242852211,80,0.21924310000031255,0.75,0.5899692624807358,0.5091578194443671,0.32,0.25,0.75,,
synthetic_image,kodak24,kodim21,50,1,tv_maxiter,19.071964486877565,0.32416898012161255,0.7680575847625732,0.054264508187770844,0.6286205053329468,0.31107422709465027,27,0.0780402000000322,inf,0.3175462782382965,0.5091578194443671,,,,,
synthetic_image,kodak24,kodim21,50,1,tv_fixedk_val,19.08563667889537,0.3245445191860199,0.7683225870132446,0.05416601896286011,0.6286205053329468,0.31047776341438293,40,0.11064810000061698,,0.31814274191856384,0.5091578194443671,,,,,
synthetic_image,kodak24,kodim21,50,1,tv_discrepancy,19.071964486877565,0.32416898012161255,0.7680575847625732,0.054264508187770844,0.6286205053329468,0.31107422709465027,27,0.07616109999980836,,0.3175462782382965,0.5091578194443671,,,,,
synthetic_image,kodak24,kodim21,50,1,tv_chambolle_val,24.268023109096653,0.6385344862937927,0.8573130965232849,0.031237371265888214,0.6286205053329468,0.0512642003595829,0,0.01188449999972363,,,0.0,,,,,
synthetic_image,kodak24,kodim21,50,1,gaussian_val,23.388955626704522,0.49833276867866516,0.820167601108551,0.036123111844062805,0.6286205053329468,0.09933772683143616,0,0.0002996000002895016,,,0.0,,,,,
synthetic_image,kodak24,kodim21,50,1,median_val,22.733411944545097,0.46319735050201416,0.7692978978157043,0.036853279918432236,0.6286205053329468,0.09538261592388153,0,0.0006111999991844641,,,0.0,,,,,
synthetic_image,kodak24,kodim21,50,1,bilateral_val,22.091713407204146,0.48272475600242615,0.8180335760116577,0.034499164670705795,0.6286205053329468,0.12997522950172424,0,0.13374350000049162,,,0.0,,,,,
synthetic_image,kodak24,kodim21,50,1,pm_diff_val,23.868241698066722,0.5439203381538391,0.8328227996826172,0.033801618963479996,0.6286205053329468,0.07381780445575714,5,0.005395099999077502,,,0.0,,,,,
synthetic_image,kodak24,kodim21,50,1,wavelet_bayes,23.121685116887893,0.5744338035583496,0.7517743706703186,0.035008884966373444,0.6286205053329468,0.053636688739061356,0,0.0030561999992642086,,,0.0,,,,,
synthetic_image,kodak24,kodim21,50,1,nlm,24.38722273163681,0.6348006129264832,0.8468713760375977,0.031695201992988586,0.6286205053329468,0.06186230853199959,0,0.04189540000152192,,,0.0,,,,,
synthetic_image,kodak24,kodim21,50,1,bm3d,26.868836528267796,0.806011438369751,0.9180329442024231,0.022317705675959587,0.6286205053329468,0.04862534999847412,0,1.4294331000000966,,,0.0,,,,,
synthetic_image,kodak24,kodim21,50,1,fdncnn_color,27.330873156085907,0.8251896500587463,0.9267802834510803,0.02089756168425083,0.6286205053329468,0.049331679940223694,0,1.2219679999998334,,,0.0,,,,,
synthetic_image,kodak24,kodim21,50,1,ectv_fdncnn,27.330873156085907,0.8251896500587463,0.9267802834510803,0.02089756168425083,0.6286205053329468,0.049331679940223694,0,1.2244290999988152,0.75,0.5792888253927231,0.5091578194443671,0.32,,0.75,1.0,1.0
synthetic_image,kodak24,kodim21,50,2,noisy,14.542044157600646,0.20155556499958038,0.7056034207344055,0.08688783645629883,0.6309733986854553,0.6309733986854553,0,0.0,0.0,0.0,0.0,,,,,
synthetic_image,kodak24,kodim21,50,2,ectv,19.060902682015968,0.32334059476852417,0.7654114961624146,0.0547303706407547,0.6309733986854553,0.3120700418949127,27,0.08032119999916176,0.3333333333333333,0.3189033567905426,0.5091578194443671,0.04,,,,
synthetic_image,kodak24,kodim21,50,2,ectv_fidelity,25.01503014291977,0.7239273190498352,0.8714142441749573,0.02962600067257881,0.6309733986854553,0.03869972750544548,80,0.2237291000001278,0.75,0.5922736711800098,0.5091578194443671,0.32,0.25,0.75,,
synthetic_image,kodak24,kodim21,50,2,tv_maxiter,19.060902682015968,0.32334059476852417,0.7654114961624146,0.0547303706407547,0.6309733986854553,0.3120700418949127,27,0.08031429999937245,inf,0.3189033567905426,0.5091578194443671,,,,,
synthetic_image,kodak24,kodim21,50,2,tv_fixedk_val,19.074596572792892,0.323716402053833,0.7656708359718323,0.05463087186217308,0.6309733986854553,0.3114702105522156,40,0.1117365999998583,,0.31950318813323975,0.5091578194443671,,,,,
synthetic_image,kodak24,kodim21,50,2,tv_discrepancy,19.060902682015968,0.32334059476852417,0.7654114961624146,0.0547303706407547,0.6309733986854553,0.3120700418949127,27,0.07827379999980622,,0.3189033567905426,0.5091578194443671,,,,,
synthetic_image,kodak24,kodim21,50,2,tv_chambolle_val,23.833553341711227,0.6023361086845398,0.8602070212364197,0.031230425462126732,0.6309733986854553,0.07448063045740128,0,0.012541899999632733,,,0.0,,,,,
synthetic_image,kodak24,kodim21,50,2,gaussian_val,23.395285855932713,0.49877750873565674,0.8180500864982605,0.03613724187016487,0.6309733986854553,0.09893278777599335,0,0.00029630000062752515,,,0.0,,,,,
synthetic_image,kodak24,kodim21,50,2,median_val,22.68904109177025,0.4631459712982178,0.7696628570556641,0.03676639869809151,0.6309733986854553,0.09523728489875793,0,0.000706299999365001,,,0.0,,,,,
synthetic_image,kodak24,kodim21,50,2,bilateral_val,22.010563679537558,0.47890225052833557,0.8132829666137695,0.0347723662853241,0.6309733986854553,0.13149365782737732,0,0.1344109000001481,,,0.0,,,,,
synthetic_image,kodak24,kodim21,50,2,pm_diff_val,23.877828536779006,0.5443565249443054,0.831737756729126,0.03374619409441948,0.6309733986854553,0.07357143610715866,5,0.005483500000991626,,,0.0,,,,,
synthetic_image,kodak24,kodim21,50,2,wavelet_bayes,23.0739382116725,0.5675392746925354,0.7363929748535156,0.03609404340386391,0.6309733986854553,0.0533604770898819,0,0.003859500000544358,,,0.0,,,,,
synthetic_image,kodak24,kodim21,50,2,nlm,24.36844867676402,0.6345415115356445,0.8496002554893494,0.03182462230324745,0.6309733986854553,0.06222452595829964,0,0.04000570000061998,,,0.0,,,,,
synthetic_image,kodak24,kodim21,50,2,bm3d,26.83370197427393,0.804842472076416,0.9145649671554565,0.02268795296549797,0.6309733986854553,0.04868154227733612,0,1.4465293000012025,,,0.0,,,,,
synthetic_image,kodak24,kodim21,50,2,fdncnn_color,27.250445532139672,0.8236252665519714,0.9246553182601929,0.02102828025817871,0.6309733986854553,0.04995043948292732,0,1.2097728999997344,,,0.0,,,,,
synthetic_image,kodak24,kodim21,50,2,ectv_fdncnn,27.250445532139672,0.8236252665519714,0.9246553182601929,0.02102828025817871,0.6309733986854553,0.04995043948292732,0,1.213022899999487,0.75,0.581022959202528,0.5091578194443671,0.32,,0.75,1.0,1.0
synthetic_image,kodak24,kodim22,15,0,noisy,24.631244721925608,0.5444292426109314,0.914106011390686,0.022865138947963715,0.21751409769058228,0.21751409769058228,0,0.0,0.0,0.0,0.0,,,,,
synthetic_image,kodak24,kodim22,15,0,ectv,25.499665410146946,0.5810872912406921,0.9194808006286621,0.021081995218992233,0.21751409769058228,0.19367021322250366,1,0.02065720000064175,0.023843897597316383,0.023843884468078613,0.8488381630355155,0.04,,,,
synthetic_image,kodak24,kodim22,15,0,ectv_fidelity,30.86432962436379,0.8168967366218567,0.9446156620979309,0.015633758157491684,0.21751409769058228,0.044937651604413986,10,0.047957400000086636,0.1725764484378941,0.1725764460861683,0.8488381630355155,0.32,0.08,0.3333333333333333,,
synthetic_image,kodak24,kodim22,15,0,tv_maxiter,30.72329976391011,0.8135725855827332,0.9345973134040833,0.017210273072123528,0.21751409769058228,0.039494846016168594,20,0.05944970000018657,inf,0.17801925167441368,0.8488381630355155,,,,,
synthetic_image,kodak24,kodim22,15,0,tv_fixedk_val,30.761940211165815,0.8169898390769958,0.9345521926879883,0.017274675890803337,0.21751409769058228,0.039721377193927765,40,0.11153120000017225,,0.1777927204966545,0.8488381630355155,,,,,
synthetic_image,kodak24,kodim22,15,0,tv_discrepancy,30.72329976391011,0.8135725855827332,0.9345973134040833,0.017210273072123528,0.21751409769058228,0.039494846016168594,20,0.05979410000145435,,0.17801925167441368,0.8488381630355155,,,,,
synthetic_image,kodak24,kodim22,15,0,tv_chambolle_val,30.158481551864497,0.7937068939208984,0.9228028655052185,0.018619291484355927,0.21751409769058228,0.03950142860412598,0,0.014515599999867845,,,0.0,,,,,
synthetic_image,kodak24,kodim22,15,0,gaussian_val,29.226224986695346,0.7875105738639832,0.9077265858650208,0.017757445573806763,0.21751409769058228,0.04757479205727577,0,0.0002934000003733672,,,0.0,,,,,
synthetic_image,kodak24,kodim22,15,0,median_val,27.34682880373127,0.6898007392883301,0.8342230916023254,0.021476609632372856,0.21751409769058228,0.04301297292113304,0,0.0006783000007999362,,,0.0,,,,,
synthetic_image,kodak24,kodim22,15,0,bilateral_val,28.93610408780991,0.773944616317749,0.9220017194747925,0.016468409448862076,0.21751409769058228,0.07490576803684235,0,0.13063510000029055,,,0.0,,,,,
synthetic_image,kodak24,kodim22,15,0,pm_diff_val,29.843392803443262,0.7918859124183655,0.9223963618278503,0.017572907730937004,0.21751409769058228,0.042671311646699905,5,0.005589700000200537,,,0.0,,,,,
synthetic_image,kodak24,kodim22,15,0,wavelet_bayes,29.328604622080174,0.7571723461151123,0.9323709607124329,0.015761734917759895,0.21751409769058228,0.08005274832248688,0,0.003647100000307546,,,0.0,,,,,
synthetic_image,kodak24,kodim22,15,0,nlm,30.667673437155823,0.8043368458747864,0.9224581718444824,0.016701284795999527,0.21751409769058228,0.05198286846280098,0,0.03963880000083009,,,0.0,,,,,
synthetic_image,kodak24,kodim22,15,0,bm3d,32.75802705985032,0.8827712535858154,0.9645170569419861,0.011235369369387627,0.21751409769058228,0.058985982090234756,0,1.4216903999986243,,,0.0,,,,,
synthetic_image,kodak24,kodim22,15,0,fdncnn_color,33.15937736013319,0.8929749131202698,0.9684345722198486,0.010582326911389828,0.21751409769058228,0.06113578379154205,0,1.2289612000004126,,,0.0,,,,,
synthetic_image,kodak24,kodim22,15,0,ectv_fdncnn,33.15937736013319,0.8929749131202698,0.9684345722198486,0.010582326911389828,0.21751409769058228,0.06113578379154205,0,1.2315238999999565,0.1725764484378941,0.15637831389904022,0.8488381630355155,0.32,,0.3333333333333333,1.0,1.0
synthetic_image,kodak24,kodim22,15,1,noisy,24.656235526897483,0.5454314947128296,0.9140450358390808,0.022762056440114975,0.21727855503559113,0.21727855503559113,0,0.0,0.0,0.0,0.0,,,,,
synthetic_image,kodak24,kodim22,15,1,ectv,25.526622879111134,0.5822716355323792,0.9193809628486633,0.020998850464820862,0.21727855503559113,0.1934346705675125,1,0.0191794000002119,0.023843897597316383,0.023843884468078613,0.8488381630355155,0.04,,,,
synthetic_image,kodak24,kodim22,15,1,ectv_fidelity,30.870593505458984,0.8177928924560547,0.9443346261978149,0.015697749331593513,0.21727855503559113,0.044702108949422836,10,0.04631109999900218,0.1725764484378941,0.1725764460861683,0.8488381630355155,0.32,0.08,0.3333333333333333,,
synthetic_image,kodak24,kodim22,15,1,tv_maxiter,30.724207583636158,0.8143913149833679,0.9343195557594299,0.017209211364388466,0.21727855503559113,0.039306674152612686,20,0.058652100000472274,inf,0.17797188088297844,0.8488381630355155,,,,,
synthetic_image,kodak24,kodim22,15,1,tv_fixedk_val,30.761916520919996,0.8176925778388977,0.9340717196464539,0.01728423498570919,0.21727855503559113,0.03955597057938576,40,0.11545599999953993,,0.17772258445620537,0.8488381630355155,,,,,
synthetic_image,kodak24,kodim22,15,1,tv_discrepancy,30.724207583636158,0.8143913149833679,0.9343195557594299,0.017209211364388466,0.21727855503559113,0.039306674152612686,20,0.06067839999923308,,0.17797188088297844,0.8488381630355155,,,,,
synthetic_image,kodak24,kodim22,15,1,tv_chambolle_val,30.153263839091125,0.7935895919799805,0.9212357997894287,0.018671080470085144,0.21727855503559113,0.03936222940683365,0,0.015899099998932797,,,0.0,,,,,
synthetic_image,kodak24,kodim22,15,1,gaussian_val,29.2410386339246,0.7884977459907532,0.906511664390564,0.017926620319485664,0.21727855503559113,0.04752609133720398,0,0.0003279000011389144,,,0.0,,,,,
synthetic_image,kodak24,kodim22,15,1,median_val,27.3715659066581,0.6920011639595032,0.8329806923866272,0.02152089960873127,0.21727855503559113,0.042912762612104416,0,0.0006876000006741378,,,0.0,,,,,
synthetic_image,kodak24,kodim22,15,1,bilateral_val,28.952858985989167,0.7748081088066101,0.9231412410736084,0.016430530697107315,0.21727855503559113,0.07498691231012344,0,0.14382389999991574,,,0.0,,,,,
synthetic_image,kodak24,kodim22,15,1,pm_diff_val,29.881825641967747,0.7930546402931213,0.9235270023345947,0.017624560743570328,0.21727855503559113,0.04253077134490013,5,0.006033300000126474,,,0.0,,,,,
synthetic_image,kodak24,kodim22,15,1,wavelet_bayes,29.3388622606639,0.7591901421546936,0.9324706792831421,0.015800049528479576,0.21727855503559113,0.07937880605459213,0,0.0034660000001167646,,,0.0,,,,,
synthetic_image,kodak24,kodim22,15,1,nlm,30.623556288379937,0.8033608794212341,0.9213150143623352,0.01686098799109459,0.21727855503559113,0.051468994468450546,0,0.041698600000017905,,,0.0,,,,,
synthetic_image,kodak24,kodim22,15,1,bm3d,32.772527941983085,0.8837475776672363,0.9657162427902222,0.011070718988776207,0.21727855503559113,0.0587569884955883,0,1.4459208000007493,,,0.0,,,,,
synthetic_image,kodak24,kodim22,15,1,fdncnn_color,33.184107686723934,0.8941919207572937,0.9696345925331116,0.010416548699140549,0.21727855503559113,0.06057184189558029,0,1.216388900000311,,,0.0,,,,,
synthetic_image,kodak24,kodim22,15,1,ectv_fdncnn,33.184107686723934,0.8941919207572937,0.9696345925331116,0.010416548699140549,0.21727855503559113,0.06057184189558029,0,1.2199965999989217,0.1725764484378941,0.15670671314001083,0.8488381630355155,0.32,,0.3333333333333333,1.0,1.0
synthetic_image,kodak24,kodim22,15,2,noisy,24.640852837817864,0.544183611869812,0.9134085178375244,0.02300877496600151,0.21795116364955902,0.21795116364955902,0,0.0,0.0,0.0,0.0,,,,,
synthetic_image,kodak24,kodim22,15,2,ectv,25.510772012015742,0.5808703303337097,0.9188226461410522,0.021206781268119812,0.21795116364955902,0.1941072791814804,1,0.01961219999975583,0.023843897597316383,0.023843884468078613,0.8488381630355155,0.04,,,,
synthetic_image,kodak24,kodim22,15,2,ectv_fidelity,30.91721154693292,0.8185251355171204,0.9453476667404175,0.015567220747470856,0.21795116364955902,0.04537472128868103,10,0.04526120000082301,0.1725764484378941,0.172576442360878,0.8488381630355155,0.32,0.08,0.3333333333333333,,
synthetic_image,kodak24,kodim22,15,2,tv_maxiter,30.758368899426664,0.8147518038749695,0.9348270893096924,0.017194822430610657,0.21795116364955902,0.03935280814766884,20,0.05922569999893312,inf,0.17859835550189018,0.8488381630355155,,,,,
synthetic_image,kodak24,kodim22,15,2,tv_fixedk_val,30.793041487339224,0.8180087208747864,0.9346267580986023,0.01726691797375679,0.21795116364955902,0.03955404460430145,40,0.11961100000007718,,0.17839711904525757,0.8488381630355155,,,,,
synthetic_image,kodak24,kodim22,15,2,tv_discrepancy,30.758368899426664,0.8147518038749695,0.9348270893096924,0.017194822430610657,0.21795116364955902,0.03935280814766884,20,0.0637497000006988,,0.17859835550189018,0.8488381630355155,,,,,
synthetic_image,kodak24,kodim22,15,2,tv_chambolle_val,30.190369676785952,0.794368326663971,0.9226511120796204,0.018656017258763313,0.21795116364955902,0.039381273090839386,0,0.015836299999136827,,,0.0,,,,,
synthetic_image,kodak24,kodim22,15,2,gaussian_val,29.25786881892829,0.7883931994438171,0.9075145125389099,0.017891775816679,0.21795116364955902,0.047489557415246964,0,0.00037960000008752104,,,0.0,,,,,
synthetic_image,kodak24,kodim22,15,2,median_val,27.377458319417656,0.6908131241798401,0.8347057700157166,0.021559929475188255,0.21795116364955902,0.04264060780405998,0,0.0006599999996979022,,,0.0,,,,,
synthetic_image,kodak24,kodim22,15,2,bilateral_val,28.95907854493613,0.7748295664787292,0.9227932095527649,0.016401052474975586,0.21795116364955902,0.07548078894615173,0,0.13287619999937306,,,0.0,,,,,
synthetic_image,kodak24,kodim22,15,2,pm_diff_val,29.891407570970987,0.7933228611946106,0.9243518114089966,0.017614319920539856,0.21795116364955902,0.0425257533788681,5,0.005591600000116159,,,0.0,,,,,
synthetic_image,kodak24,kodim22,15,2,wavelet_bayes,29.371415315267818,0.7589995861053467,0.9326240420341492,0.015794750303030014,0.21795116364955902,0.07911136001348495,0,0.003795399999944493,,,0.0,,,,,
synthetic_image,kodak24,kodim22,15,2,nlm,30.676633710304266,0.8039290904998779,0.9213217496871948,0.01677035540342331,0.21795116364955902,0.05164434760808945,0,0.03936559999965539,,,0.0,,,,,
synthetic_image,kodak24,kodim22,15,2,bm3d,32.75304264272213,0.882733166217804,0.9647727012634277,0.011150596663355827,0.21795116364955902,0.059139005839824677,0,1.4581800000014482,,,0.0,,,,,
synthetic_image,kodak24,kodim22,15,2,fdncnn_color,33.1576510863626,0.8927567601203918,0.9684212803840637,0.010568564757704735,0.21795116364955902,0.06086874380707741,0,1.2063383999993675,,,0.0,,,,,
synthetic_image,kodak24,kodim22,15,2,ectv_fdncnn,33.1576510863626,0.8927567601203918,0.9684212803840637,0.010568564757704735,0.21795116364955902,0.06086874380707741,0,1.208998399999473,0.1725764484378941,0.1570824198424816,0.8488381630355155,0.32,,0.3333333333333333,1.0,1.0
synthetic_image,kodak24,kodim22,25,0,noisy,20.244717248635588,0.34523463249206543,0.8291034698486328,0.04013422131538391,0.3359944224357605,0.3359944224357605,0,0.0,0.0,0.0,0.0,,,,,
synthetic_image,kodak24,kodim22,25,0,ectv,25.297863482199862,0.5595145225524902,0.8809214234352112,0.023641323670744896,0.3359944224357605,0.1482071727514267,5,0.030661199998576194,0.18778726146140717,0.1877872496843338,0.6839397205857212,0.04,,,,
synthetic_image,kodak24,kodim22,25,0,ectv_fidelity,28.966971954531004,0.7562139630317688,0.904655933380127,0.019569123163819313,0.3359944224357605,0.040885310620069504,80,0.226997300000221,0.33330865074633204,0.295109111815691,0.6839397205857212,0.32,0.12,0.3333333333333333,,
synthetic_image,kodak24,kodim22,25,0,tv_maxiter,28.113948796637306,0.7009995579719543,0.9152964949607849,0.0173585657030344,0.3359944224357605,0.08197730034589767,21,0.0591829000004509,inf,0.2540171220898628,0.6839397205857212,,,,,
synthetic_image,kodak24,kodim22,25,0,tv_fixedk_val,28.154936732351977,0.7029935717582703,0.915632426738739,0.01733042113482952,0.3359944224357605,0.08161941915750504,40,0.11609339999995427,,0.25437500327825546,0.6839397205857212,,,,,
synthetic_image,kodak24,kodim22,25,0,tv_discrepancy,28.113948796637306,0.7009995579719543,0.9152964949607849,0.0173585657030344,0.3359944224357605,0.08197730034589767,21,0.06339909999951487,,0.2540171220898628,0.6839397205857212,,,,,
synthetic_image,kodak24,kodim22,25,0,tv_chambolle_val,28.30828072205222,0.7225327491760254,0.883074939250946,0.021485861390829086,0.3359944224357605,0.04308444634079933,0,0.011944600000788341,,,0.0,,,,,
synthetic_image,kodak24,kodim22,25,0,gaussian_val,27.6917675912252,0.6951489448547363,0.8750589489936829,0.01966099627315998,0.3359944224357605,0.0598113127052784,0,0.00029150000045774505,,,0.0,,,,,
synthetic_image,kodak24,kodim22,25,0,median_val,26.41455159358973,0.618298351764679,0.8062056303024292,0.022729912772774696,0.3359944224357605,0.05504989251494408,0,0.0006661000006715767,,,0.0,,,,,
synthetic_image,kodak24,kodim22,25,0,bilateral_val,26.306566531790665,0.6483281254768372,0.8656901717185974,0.020446348935365677,0.3359944224357605,0.08670946955680847,0,0.13383240000075602,,,0.0,,,,,
synthetic_image,kodak24,kodim22,25,0,pm_diff_val,27.977073989177242,0.7126296162605286,0.8837855458259583,0.01974845677614212,0.3359944224357605,0.047685250639915466,5,0.006064299999707146,,,0.0,,,,,
synthetic_image,kodak24,kodim22,25,0,wavelet_bayes,26.999496723687404,0.6558293700218201,0.8431668877601624,0.021746845915913582,0.3359944224357605,0.06087730452418327,0,0.0035797999989881646,,,0.0,,,,,
synthetic_image,kodak24,kodim22,25,0,nlm,28.367543832318045,0.7150650024414062,0.8716215491294861,0.021098297089338303,0.3359944224357605,0.046817462891340256,0,0.04194730000017444,,,0.0,,,,,
synthetic_image,kodak24,kodim22,25,0,bm3d,30.39185773518012,0.8138957619667053,0.9320981502532959,0.015240585431456566,0.3359944224357605,0.047949858009815216,0,1.3951025000005757,,,0.0,,,,,
synthetic_image,kodak24,kodim22,25,0,fdncnn_color,30.81855996819556,0.8316112160682678,0.9413231611251831,0.014072125777602196,0.3359944224357605,0.0521354079246521,0,1.2023804000000382,,,0.0,,,,,
synthetic_image,kodak24,kodim22,25,0,ectv_fdncnn,30.81855996819556,0.8316112160682678,0.9413231611251831,0.014072125777602196,0.3359944224357605,0.0521354079246521,0,1.2048875000000407,0.33330865074633204,0.2838590145111084,0.6839397205857212,0.32,,0.3333333333333333,1.0,1.0
synthetic_image,kodak24,kodim22,25,1,noisy,20.266725101530383,0.3456672132015228,0.8295279741287231,0.039888035506010056,0.335602343082428,0.335602343082428,0,0.0,0.0,0.0,0.0,,,,,
synthetic_image,kodak24,kodim22,25,1,ectv,25.333531640892794,0.5613782405853271,0.880882978439331,0.02360960841178894,0.335602343082428,0.14781509339809418,5,0.031067099998836056,0.18778726146140717,0.1877872496843338,0.6839397205857212,0.04,,,,
synthetic_image,kodak24,kodim22,25,1,ectv_fidelity,28.965515398786536,0.7574238181114197,0.9034774303436279,0.01958879642188549,0.335602343082428,0.040542565286159515,80,0.2322258000003785,0.33330865074633204,0.29505977779626846,0.6839397205857212,0.32,0.12,0.3333333333333333,,
synthetic_image,kodak24,kodim22,25,1,tv_maxiter,28.158330915414798,0.7050008773803711,0.9154965877532959,0.017401864752173424,0.335602343082428,0.08146507292985916,21,0.058743600000525475,inf,0.2541372701525688,0.6839397205857212,,,,,
synthetic_image,kodak24,kodim22,25,1,tv_fixedk_val,28.198049571812884,0.7068797945976257,0.9158257842063904,0.01737162657082081,0.335602343082428,0.08111497759819031,40,0.11071950000041397,,0.25448736548423767,0.6839397205857212,,,,,
synthetic_image,kodak24,kodim22,25,1,tv_discrepancy,28.158330915414798,0.7050008773803711,0.9154965877532959,0.017401864752173424,0.335602343082428,0.08146507292985916,21,0.06501109999953769,,0.2541372701525688,0.6839397205857212,,,,,
synthetic_image,kodak24,kodim22,25,1,tv_chambolle_val,28.314811823955615,0.7235641479492188,0.8818066120147705,0.021462930366396904,0.335602343082428,0.04293028637766838,0,0.012569999998959247,,,0.0,,,,,
synthetic_image,kodak24,kodim22,25,1,gaussian_val,27.719766409265517,0.6971656680107117,0.8743451237678528,0.01985267363488674,0.335602343082428,0.05975337326526642,0,0.00031369999851449393,,,0.0,,,,,
synthetic_image,kodak24,kodim22,25,1,median_val,26.451893443081463,0.6226503252983093,0.8045052289962769,0.022819766774773598,0.335602343082428,0.05473185330629349,0,0.0007391999988612952,,,0.0,,,,,
synthetic_image,kodak24,kodim22,25,1,bilateral_val,26.32252549107406,0.6504156589508057,0.8684189915657043,0.020349858328700066,0.335602343082428,0.08663525432348251,0,0.13479740000002494,,,0.0,,,,,
synthetic_image,kodak24,kodim22,25,1,pm_diff_val,27.974767917162985,0.7143912315368652,0.8818095326423645,0.019917594268918037,0.335602343082428,0.04749675840139389,5,0.005569400000240421,,,0.0,,,,,
synthetic_image,kodak24,kodim22,25,1,wavelet_bayes,26.973444972775184,0.656650722026825,0.8449463248252869,0.021712375804781914,0.335602343082428,0.06012115254998207,0,0.003499799999190145,,,0.0,,,,,
synthetic_image,kodak24,kodim22,25,1,nlm,28.32863070195853,0.7132676243782043,0.8690614700317383,0.02125532180070877,0.335602343082428,0.04601873829960823,0,0.04413879999992787,,,0.0,,,,,
synthetic_image,kodak24,kodim22,25,1,bm3d,30.405029108555656,0.815506637096405,0.9348616003990173,0.01499912515282631,0.335602343082428,0.0476425476372242,0,1.4447052000014082,,,0.0,,,,,
synthetic_image,kodak24,kodim22,25,1,fdncnn_color,30.846211531571104,0.8328070640563965,0.9434402585029602,0.013871845789253712,0.335602343082428,0.051283255219459534,0,1.2102260000010574,,,0.0,,,,,
synthetic_image,kodak24,kodim22,25,1,ectv_fdncnn,30.846211531571104,0.8328070640563965,0.9434402585029602,0.013871845789253712,0.335602343082428,0.051283255219459534,0,1.212680900000123,0.33330865074633204,0.28431908786296844,0.6839397205857212,0.32,,0.3333333333333333,1.0,1.0
synthetic_image,kodak24,kodim22,25,2,noisy,20.251859180170747,0.3452000319957733,0.8285946249961853,0.0402771420776844,0.3368467390537262,0.3368467390537262,0,0.0,0.0,0.0,0.0,,,,,
synthetic_image,kodak24,kodim22,25,2,ectv,25.313215087678024,0.5595425963401794,0.8801745176315308,0.023846721276640892,0.3368467390537262,0.1490594893693924,5,0.02983739999945101,0.18778726146140717,0.1877872496843338,0.6839397205857212,0.04,,,,
synthetic_image,kodak24,kodim22,25,2,ectv_fidelity,29.008685863432405,0.7588326930999756,0.905444324016571,0.01950746774673462,0.3368467390537262,0.040577877312898636,80,0.22695480000038515,0.33330865074633204,0.29626886174082756,0.6839397205857212,0.32,0.12,0.3333333333333333,,
synthetic_image,kodak24,kodim22,25,2,tv_maxiter,28.18695920962108,0.7046605944633484,0.9158036708831787,0.01735987514257431,0.3368467390537262,0.08151453733444214,21,0.06512199999997392,inf,0.25533220171928406,0.6839397205857212,,,,,
synthetic_image,kodak24,kodim22,25,2,tv_fixedk_val,28.228162098948392,0.7066735625267029,0.916200578212738,0.017325470224022865,0.3368467390537262,0.0811568945646286,40,0.11350040000070294,,0.2556898444890976,0.6839397205857212,,,,,
synthetic_image,kodak24,kodim22,25,2,tv_discrepancy,28.18695920962108,0.7046605944633484,0.9158036708831787,0.01735987514257431,0.3368467390537262,0.08151453733444214,21,0.060657600000922685,,0.25533220171928406,0.6839397205857212,,,,,
synthetic_image,kodak24,kodim22,25,2,tv_chambolle_val,28.337221787878022,0.7245410084724426,0.8840070366859436,0.021442802622914314,0.3368467390537262,0.042787179350852966,0,0.012187999998786836,,,0.0,,,,,
synthetic_image,kodak24,kodim22,25,2,gaussian_val,27.740126692011835,0.6970365643501282,0.8757299184799194,0.019800439476966858,0.3368467390537262,0.059694189578294754,0,0.00027290000070934184,,,0.0,,,,,
synthetic_image,kodak24,kodim22,25,2,median_val,26.47213322261274,0.6208558678627014,0.8091176152229309,0.022761592641472816,0.3368467390537262,0.05438821390271187,0,0.0006159999993542442,,,0.0,,,,,
synthetic_image,kodak24,kodim22,25,2,bilateral_val,26.33484313641704,0.6506752967834473,0.8715426921844482,0.020276222378015518,0.3368467390537262,0.08716035634279251,0,0.1370401000003767,,,0.0,,,,,
synthetic_image,kodak24,kodim22,25,2,pm_diff_val,27.998966019238285,0.7144936919212341,0.8836589455604553,0.019869329407811165,0.3368467390537262,0.04748082906007767,5,0.005955699998594355,,,0.0,,,,,
synthetic_image,kodak24,kodim22,25,2,wavelet_bayes,27.01743956478236,0.6577698588371277,0.8422688245773315,0.021865759044885635,0.3368467390537262,0.05956832692027092,0,0.003226599999834434,,,0.0,,,,,
synthetic_image,kodak24,kodim22,25,2,nlm,28.409568319744736,0.7167112827301025,0.8739726543426514,0.02108713984489441,0.3368467390537262,0.04623342677950859,0,0.041822000001047854,,,0.0,,,,,
synthetic_image,kodak24,kodim22,25,2,bm3d,30.442458810702206,0.8159878849983215,0.9361467957496643,0.014821815304458141,0.3368467390537262,0.04851723089814186,0,1.3990200000007462,,,0.0,,,,,
synthetic_image,kodak24,kodim22,25,2,fdncnn_color,30.838050045045364,0.8313794732093811,0.9423219561576843,0.013942897319793701,0.3368467390537262,0.05168471485376358,0,1.207644199999777,,,0.0,,,,,
synthetic_image,kodak24,kodim22,25,2,ectv_fdncnn,30.838050045045364,0.8313794732093811,0.9423219561576843,0.013942897319793701,0.3368467390537262,0.05168471485376358,0,1.2098897999985638,0.33330865074633204,0.2851620241999626,0.6839397205857212,0.32,,0.3333333333333333,1.0,1.0
synthetic_image,kodak24,kodim22,50,0,noisy,14.614478165305583,0.15091396868228912,0.7003740668296814,0.08464330434799194,0.6189606189727783,0.6189606189727783,0,0.0,0.0,0.0,0.0,,,,,
synthetic_image,kodak24,kodim22,50,0,ectv,19.265910786850185,0.27923449873924255,0.7397661805152893,0.04985891282558441,0.6189606189727783,0.29854631423950195,27,0.07689909999862721,0.3333333333333333,0.32041430473327637,0.5091578194443671,0.04,,,,
synthetic_image,kodak24,kodim22,50,0,ectv_fidelity,26.176381426288607,0.6412965655326843,0.8109093308448792,0.025218430906534195,0.6189606189727783,0.030626561492681503,80,0.227775000001202,0.75,0.5883340574800968,0.5091578194443671,0.32,0.25,0.75,,
synthetic_image,kodak24,kodim22,50,0,tv_maxiter,19.265910786850185,0.27923449873924255,0.7397661805152893,0.04985891282558441,0.6189606189727783,0.29854631423950195,27,0.08072080000056303,inf,0.32041430473327637,0.5091578194443671,,,,,
synthetic_image,kodak24,kodim22,50,0,tv_fixedk_val,19.280535893848572,0.27968716621398926,0.7399380207061768,0.049747444689273834,0.6189606189727783,0.2979407012462616,40,0.11297329999979411,,0.3210199177265167,0.5091578194443671,,,,,
synthetic_image,kodak24,kodim22,50,0,tv_discrepancy,19.265910786850185,0.27923449873924255,0.7397661805152893,0.04985891282558441,0.6189606189727783,0.29854631423950195,27,0.07816509999975096,,0.32041430473327637,0.5091578194443671,,,,,
synthetic_image,kodak24,kodim22,50,0,tv_chambolle_val,25.673077427963378,0.6053480505943298,0.8068161010742188,0.023489363491535187,0.6189606189727783,0.04352010786533356,0,0.012396599999192404,,,0.0,,,,,
synthetic_image,kodak24,kodim22,50,0,gaussian_val,24.065716080482275,0.4878414571285248,0.7795863151550293,0.027631152421236038,0.6189606189727783,0.09218650311231613,0,0.00029829999948560726,,,0.0,,,,,
synthetic_image,kodak24,kodim22,50,0,median_val,23.771094996281064,0.44829365611076355,0.728826105594635,0.027094366028904915,0.6189606189727783,0.0900372564792633,0,0.0006567999989783857,,,0.0,,,,,
synthetic_image,kodak24,kodim22,50,0,bilateral_val,23.085743852001404,0.4548417329788208,0.7462028861045837,0.025565635412931442,0.6189606189727783,0.11756257712841034,0,0.13625630000024103,,,0.0,,,,,
synthetic_image,kodak24,kodim22,50,0,pm_diff_val,24.875991626344135,0.5376522541046143,0.7939878702163696,0.02434024214744568,0.6189606189727783,0.06690984219312668,5,0.005650700000842335,,,0.0,,,,,
synthetic_image,kodak24,kodim22,50,0,wavelet_bayes,24.250249517618485,0.520467221736908,0.5763517022132874,0.030868934467434883,0.6189606189727783,0.03261013329029083,0,0.0033066999985749135,,,0.0,,,,,
synthetic_image,kodak24,kodim22,50,0,nlm,25.496759998604198,0.5729079246520996,0.7959379553794861,0.025443123653531075,0.6189606189727783,0.05411997064948082,0,0.04070119999960298,,,0.0,,,,,
synthetic_image,kodak24,kodim22,50,0,bm3d,27.269978691370632,0.6987228989601135,0.8561156988143921,0.021506574004888535,0.6189606189727783,0.03363652899861336,0,1.4103659000011248,,,0.0,,,,,
synthetic_image,kodak24,kodim22,50,0,fdncnn_color,27.524391572197253,0.7086713910102844,0.8630945682525635,0.021060774102807045,0.6189606189727783,0.03338516876101494,0,1.1940987999987556,,,0.0,,,,,
synthetic_image,kodak24,kodim22,50,0,ectv_fdncnn,27.524391572197253,0.7086713910102844,0.8630945682525635,0.021060774102807045,0.6189606189727783,0.03338516876101494,0,1.1970585999988543,0.75,0.5855754502117634,0.5091578194443671,0.32,,0.75,1.0,1.0
synthetic_image,kodak24,kodim22,50,1,noisy,14.636593363724684,0.15134257078170776,0.7017658352851868,0.08408108353614807,0.6182001829147339,0.6182001829147339,0,0.0,0.0,0.0,0.0,,,,,
synthetic_image,kodak24,kodim22,50,1,ectv,19.310125256563722,0.2804180681705475,0.7418859601020813,0.049597445875406265,0.6182001829147339,0.29765376448631287,27,0.07645679999950517,0.3333333333333333,0.320546418428421,0.5091578194443671,0.04,,,,
synthetic_image,kodak24,kodim22,50,1,ectv_fidelity,26.20712506156812,0.6440086960792542,0.8112964630126953,0.02501283958554268,0.6182001829147339,0.03031649813055992,80,0.2256197999995493,0.75,0.587883684784174,0.5091578194443671,0.32,0.25,0.75,,
synthetic_image,kodak24,kodim22,50,1,tv_maxiter,19.310125256563722,0.2804180681705475,0.7418859601020813,0.049597445875406265,0.6182001829147339,0.29765376448631287,27,0.07576109999899927,inf,0.320546418428421,0.5091578194443671,,,,,
synthetic_image,kodak24,kodim22,50,1,tv_fixedk_val,19.324839046190363,0.2808765172958374,0.7420689463615417,0.049486126750707626,0.6182001829147339,0.29704704880714417,40,0.10989709999921615,,0.3211531341075897,0.5091578194443671,,,,,
synthetic_image,kodak24,kodim22,50,1,tv_discrepancy,19.310125256563722,0.2804180681705475,0.7418859601020813,0.049597445875406265,0.6182001829147339,0.29765376448631287,27,0.07689449999998033,,0.320546418428421,0.5091578194443671,,,,,
synthetic_image,kodak24,kodim22,50,1,tv_chambolle_val,25.702357717419865,0.6076308488845825,0.8077974915504456,0.023595865815877914,0.6182001829147339,0.04355223849415779,0,0.01201039999978093,,,0.0,,,,,
synthetic_image,kodak24,kodim22,50,1,gaussian_val,24.121513204859767,0.4914685785770416,0.7828760147094727,0.02754512056708336,0.6182001829147339,0.09199061244726181,0,0.000422499999331194,,,0.0,,,,,
synthetic_image,kodak24,kodim22,50,1,median_val,23.83682753051717,0.45384863018989563,0.7319040894508362,0.02693769708275795,0.6182001829147339,0.08902998268604279,0,0.0007365000001300359,,,0.0,,,,,
synthetic_image,kodak24,kodim22,50,1,bilateral_val,23.121169325471893,0.4589369595050812,0.7550457715988159,0.0252879299223423,0.6182001829147339,0.11733122169971466,0,0.1319528000003629,,,0.0,,,,,
synthetic_image,kodak24,kodim22,50,1,pm_diff_val,24.92232167948627,0.5422576069831848,0.7963652014732361,0.024396397173404694,0.6182001829147339,0.06664916127920151,5,0.005218399999648682,,,0.0,,,,,
synthetic_image,kodak24,kodim22,50,1,wavelet_bayes,24.271445907301157,0.5243925452232361,0.5758068561553955,0.03069198690354824,0.6182001829147339,0.03235247731208801,0,0.0031604000014340272,,,0.0,,,,,
synthetic_image,kodak24,kodim22,50,1,nlm,25.534038205266047,0.5757862329483032,0.7965366840362549,0.02537214197218418,0.6182001829147339,0.052877720445394516,0,0.039809199999581324,,,0.0,,,,,
synthetic_image,kodak24,kodim22,50,1,bm3d,27.231717795658874,0.6984598636627197,0.8590580224990845,0.021559789776802063,0.6182001829147339,0.032677993178367615,0,1.3896640000002662,,,0.0,,,,,
synthetic_image,kodak24,kodim22,50,1,fdncnn_color,27.564595539346453,0.708758533000946,0.8677473664283752,0.020976079627871513,0.6182001829147339,0.03207505866885185,0,1.1836487999989913,,,0.0,,,,,
synthetic_image,kodak24,kodim22,50,1,ectv_fdncnn,27.564595539346453,0.708758533000946,0.8677473664283752,0.020976079627871513,0.6182001829147339,0.03207505866885185,0,1.1861746999984462,0.75,0.586125124245882,0.5091578194443671,0.32,,0.75,1.0,1.0
synthetic_image,kodak24,kodim22,50,2,noisy,14.624670757688543,0.15204904973506927,0.6988477110862732,0.08514365553855896,0.6203188300132751,0.6203188300132751,0,0.0,0.0,0.0,0.0,,,,,
synthetic_image,kodak24,kodim22,50,2,ectv,19.30791743549995,0.2812514007091522,0.7388144731521606,0.05005573853850365,0.6203188300132751,0.2987736165523529,27,0.07553370000096038,0.3333333333333333,0.32154521346092224,0.5091578194443671,0.04,,,,
synthetic_image,kodak24,kodim22,50,2,ectv_fidelity,26.222431515952355,0.6466126441955566,0.8118348121643066,0.025004183873534203,0.6203188300132751,0.030213242396712303,80,0.2307022999993933,0.75,0.5901055876165628,0.5091578194443671,0.32,0.25,0.75,,
synthetic_image,kodak24,kodim22,50,2,tv_maxiter,19.30791743549995,0.2812514007091522,0.7388144731521606,0.05005573853850365,0.6203188300132751,0.2987736165523529,27,0.08160850000058417,inf,0.32154521346092224,0.5091578194443671,,,,,
synthetic_image,kodak24,kodim22,50,2,tv_fixedk_val,19.32267678268353,0.28170815110206604,0.7389945983886719,0.0499432310461998,0.6203188300132751,0.2981639802455902,40,0.11211569999977655,,0.32215484976768494,0.5091578194443671,,,,,
synthetic_image,kodak24,kodim22,50,2,tv_discrepancy,19.30791743549995,0.2812514007091522,0.7388144731521606,0.05005573853850365,0.6203188300132751,0.2987736165523529,27,0.07827130000077887,,0.32154521346092224,0.5091578194443671,,,,,
synthetic_image,kodak24,kodim22,50,2,tv_chambolle_val,25.024672545198033,0.5733885765075684,0.7718762755393982,0.02822764776647091,0.6203188300132751,0.06830502301454544,0,0.010901800000283401,,,0.0,,,,,
synthetic_image,kodak24,kodim22,50,2,gaussian_val,24.152212386597007,0.49225106835365295,0.7824378609657288,0.027493007481098175,0.6203188300132751,0.0918593779206276,0,0.000302100001135841,,,0.0,,,,,
synthetic_image,kodak24,kodim22,50,2,median_val,23.848935235376615,0.4525211751461029,0.7352933883666992,0.02671864628791809,0.6203188300132751,0.08868812769651413,0,0.000654499999654945,,,0.0,,,,,
synthetic_image,kodak24,kodim22,50,2,bilateral_val,23.078747865610694,0.4575417935848236,0.7517409324645996,0.02544989436864853,0.6203188300132751,0.1178707554936409,0,0.14218830000027083,,,0.0,,,,,
synthetic_image,kodak24,kodim22,50,2,pm_diff_val,24.953120285519606,0.5426596403121948,0.7970848679542542,0.024326765909790993,0.6203188300132751,0.0665535256266594,5,0.006124499999714317,,,0.0,,,,,
synthetic_image,kodak24,kodim22,50,2,wavelet_bayes,24.297594590238546,0.524127721786499,0.556198000907898,0.031109878793358803,0.6203188300132751,0.03199922293424606,0,0.0035943000002589542,,,0.0,,,,,
synthetic_image,kodak24,kodim22,50,2,nlm,25.52828610332874,0.5774850249290466,0.795253574848175,0.0254496019333601,0.6203188300132751,0.05259407311677933,0,0.040353599999434664,,,0.0,,,,,
synthetic_image,kodak24,kodim22,50,2,bm3d,27.34441964715726,0.7042631506919861,0.8661534190177917,0.02107766829431057,0.6203188300132751,0.03409244120121002,0,1.4284141999996791,,,0.0,,,,,
synthetic_image,kodak24,kodim22,50,2,fdncnn_color,27.644612692902232,0.7141194343566895,0.873561680316925,0.020569680258631706,0.6203188300132751,0.03357013687491417,0,1.2014545000001817,,,0.0,,,,,
synthetic_image,kodak24,kodim22,50,2,ectv_fdncnn,27.644612692902232,0.7141194343566895,0.873561680316925,0.020569680258631706,0.6203188300132751,0.03357013687491417,0,1.2040722999990976,0.75,0.586748693138361,0.5091578194443671,0.32,,0.75,1.0,1.0
synthetic_image,kodak24,kodim23,15,0,noisy,24.682027097742136,0.5059756636619568,0.903663694858551,0.023980364203453064,0.21173563599586487,0.21173563599586487,0,0.0,0.0,0.0,0.0,,,,,
synthetic_image,kodak24,kodim23,15,0,ectv,25.58421990706924,0.5444921255111694,0.9111972451210022,0.02209683321416378,0.21173563599586487,0.18789175152778625,1,0.019363800000064657,0.023843897597316383,0.023843884468078613,0.8488381630355155,0.04,,,,
synthetic_image,kodak24,kodim23,15,0,ectv_fidelity,32.32578811121864,0.9029889702796936,0.9626588225364685,0.010701024904847145,0.21173563599586487,0.04516739398241043,80,0.22227249999923515,0.1725764484378941,0.16656824201345444,0.8488381630355155,0.32,0.08,0.3333333333333333,,
synthetic_image,kodak24,kodim23,15,0,tv_maxiter,32.36236197232198,0.9040367603302002,0.9633210897445679,0.01048643421381712,0.21173563599586487,0.04477349668741226,19,0.05433429999902728,inf,0.1669621393084526,0.8488381630355155,,,,,
synthetic_image,kodak24,kodim23,15,0,tv_fixedk_val,32.3256232562583,0.9030916094779968,0.962588369846344,0.010699610225856304,0.21173563599586487,0.044960662722587585,40,0.11114989999987301,,0.16677497327327728,0.8488381630355155,,,,,
synthetic_image,kodak24,kodim23,15,0,tv_discrepancy,32.36236197232198,0.9040367603302002,0.9633210897445679,0.01048643421381712,0.21173563599586487,0.04477349668741226,19,0.05599649999930989,,0.1669621393084526,0.8488381630355155,,,,,
synthetic_image,kodak24,kodim23,15,0,tv_chambolle_val,31.884180237698203,0.883338451385498,0.9603044390678406,0.01088093314319849,0.21173563599586487,0.05206998810172081,0,0.004325500000049942,,,0.0,,,,,
synthetic_image,kodak24,kodim23,15,0,gaussian_val,30.049133809471563,0.8529536724090576,0.915665328502655,0.01342709455639124,0.21173563599586487,0.05092526599764824,0,0.0002604000001156237,,,0.0,,,,,
synthetic_image,kodak24,kodim23,15,0,median_val,28.936635558368682,0.8346965312957764,0.8952898979187012,0.01409244816750288,0.21173563599586487,0.04947442188858986,0,0.0006195000005391194,,,0.0,,,,,
synthetic_image,kodak24,kodim23,15,0,bilateral_val,28.456790203217345,0.7834179401397705,0.9334684610366821,0.013160274364054203,0.21173563599586487,0.08183672279119492,0,0.13335709999955725,,,0.0,,,,,
synthetic_image,kodak24,kodim23,15,0,pm_diff_val,31.311946572165844,0.8779926300048828,0.9497948288917542,0.011585294269025326,0.21173563599586487,0.04731002077460289,5,0.00621320000027481,,,0.0,,,,,
synthetic_image,kodak24,kodim23,15,0,wavelet_bayes,29.83956257841278,0.7930504679679871,0.9429581761360168,0.013409256003797054,0.21173563599586487,0.07755949348211288,0,0.003396000000066124,,,0.0,,,,,
synthetic_image,kodak24,kodim23,15,0,nlm,32.562593455057694,0.898151159286499,0.9654572010040283,0.009812670759856701,0.21173563599586487,0.0581233836710453,0,0.03936980000071344,,,0.0,,,,,
synthetic_image,kodak24,kodim23,15,0,bm3d,34.895261490525954,0.934527575969696,0.9808325171470642,0.007536437828093767,0.21173563599586487,0.05566979572176933,0,1.4036777000001166,,,0.0,,,,,
synthetic_image,kodak24,kodim23,15,0,fdncnn_color,35.50769913016392,0.9427095055580139,0.9827896952629089,0.007102329749614,0.21173563599586487,0.05351664498448372,0,1.1950016000009782,,,0.0,,,,,
synthetic_image,kodak24,kodim23,15,0,ectv_fdncnn,35.50769913016392,0.9427095055580139,0.9827896952629089,0.007102329749614,0.21173563599586487,0.05351664498448372,0,1.1976579000001948,0.1725764484378941,0.15821899101138115,0.8488381630355155,0.32,,0.3333333333333333,1.0,1.0
synthetic_image,kodak24,kodim23,15,1,noisy,24.705985024131177,0.5057008266448975,0.9023969173431396,0.023887639865279198,0.2109488546848297,0.2109488546848297,0,0.0,0.0,0.0,0.0,,,,,
synthetic_image,kodak24,kodim23,15,1,ectv,25.60811843067419,0.544257640838623,0.9099662899971008,0.022034902125597,0.2109488546848297,0.1871049702167511,1,0.020314999999754946,0.023843897597316383,0.023843884468078613,0.8488381630355155,0.04,,,,
synthetic_image,kodak24,kodim23,15,1,ectv_fidelity,32.26132352224644,0.9018777012825012,0.9618620872497559,0.01077968254685402,0.2109488546848297,0.0448216013610363,80,0.22183299999960582,0.1725764484378941,0.1661272533237934,0.8488381630355155,0.32,0.08,0.3333333333333333,,
synthetic_image,kodak24,kodim23,15,1,tv_maxiter,32.299028714139794,0.9031660556793213,0.9624140858650208,0.010577685199677944,0.2109488546848297,0.04444195330142975,19,0.05551759999980277,inf,0.16650690138339996,0.8488381630355155,,,,,
synthetic_image,kodak24,kodim23,15,1,tv_fixedk_val,32.26074072400451,0.9020158648490906,0.961810290813446,0.010769498534500599,0.2109488546848297,0.044626154005527496,40,0.1116476999995939,,0.16632270067930222,0.8488381630355155,,,,,
synthetic_image,kodak24,kodim23,15,1,tv_discrepancy,32.299028714139794,0.9031660556793213,0.9624140858650208,0.010577685199677944,0.2109488546848297,0.04444195330142975,19,0.05615360000047076,,0.16650690138339996,0.8488381630355155,,,,,
synthetic_image,kodak24,kodim23,15,1,tv_chambolle_val,31.826606487251972,0.8823068141937256,0.9595353603363037,0.010976343415677547,0.2109488546848297,0.05172215402126312,0,0.00415669999892998,,,0.0,,,,,
synthetic_image,kodak24,kodim23,15,1,gaussian_val,30.036835261640192,0.8515132069587708,0.9156521558761597,0.013485757634043694,0.2109488546848297,0.050821464508771896,0,0.00027409999893279746,,,0.0,,,,,
synthetic_image,kodak24,kodim23,15,1,median_val,28.965063036018478,0.8348273634910583,0.8958168625831604,0.014038952067494392,0.2109488546848297,0.04913286492228508,0,0.0006075000001146691,,,0.0,,,,,
synthetic_image,kodak24,kodim23,15,1,bilateral_val,28.395561536850458,0.7821235656738281,0.934265673160553,0.013146499171853065,0.2109488546848297,0.08134931325912476,0,0.13198589999956312,,,0.0,,,,,
synthetic_image,kodak24,kodim23,15,1,pm_diff_val,31.239274002621727,0.8767598271369934,0.949932873249054,0.011633569374680519,0.2109488546848297,0.04705463722348213,5,0.00576069999988249,,,0.0,,,,,
synthetic_image,kodak24,kodim23,15,1,wavelet_bayes,29.84950221921494,0.7927245497703552,0.9431250691413879,0.013390656560659409,0.2109488546848297,0.07650244981050491,0,0.003104400000665919,,,0.0,,,,,
synthetic_image,kodak24,kodim23,15,1,nlm,32.524683802210276,0.898195743560791,0.9647765755653381,0.009855931624770164,0.2109488546848297,0.05748055502772331,0,0.039317799999480485,,,0.0,,,,,
synthetic_image,kodak24,kodim23,15,1,bm3d,34.90036191469925,0.9339108467102051,0.9806196093559265,0.007592764683067799,0.2109488546848297,0.054899416863918304,0,1.3959211000001233,,,0.0,,,,,
synthetic_image,kodak24,kodim23,15,1,fdncnn_color,35.45816472505106,0.9419429302215576,0.9828643202781677,0.007102702744305134,0.2109488546848297,0.05280070751905441,0,1.2026021000001492,,,0.0,,,,,
synthetic_image,kodak24,kodim23,15,1,ectv_fdncnn,35.45816472505106,0.9419429302215576,0.9828643202781677,0.007102702744305134,0.2109488546848297,0.05280070751905441,0,1.2052137999999104,0.1725764484378941,0.1581481471657753,0.8488381630355155,0.32,,0.3333333333333333,1.0,1.0
synthetic_image,kodak24,kodim23,15,2,noisy,24.696607095113777,0.5070651173591614,0.9026489853858948,0.024056326597929,0.21194763481616974,0.21194763481616974,0,0.0,0.0,0.0,0.0,,,,,
synthetic_image,kodak24,kodim23,15,2,ectv,25.598810906025633,0.5456096529960632,0.9102157950401306,0.022173011675477028,0.21194763481616974,0.18810375034809113,1,0.020191199999317178,0.023843897597316383,0.023843884468078613,0.8488381630355155,0.04,,,,
synthetic_image,kodak24,kodim23,15,2,ectv_fidelity,32.314817639186465,0.9034948945045471,0.9617857336997986,0.010766390711069107,0.21194763481616974,0.04507439583539963,80,0.21925019999980577,0.1725764484378941,0.1668732389807701,0.8488381630355155,0.32,0.08,0.3333333333333333,,
synthetic_image,kodak24,kodim23,15,2,tv_maxiter,32.34600242882919,0.9044899940490723,0.9623709917068481,0.010574480518698692,0.21194763481616974,0.044697560369968414,19,0.053982200000973535,inf,0.16725007444620132,0.8488381630355155,,,,,
synthetic_image,kodak24,kodim23,15,2,tv_fixedk_val,32.312779595972415,0.9035601615905762,0.961707353591919,0.01076542679220438,0.21194763481616974,0.04487689211964607,40,0.1127147999995941,,0.16707074269652367,0.8488381630355155,,,,,
synthetic_image,kodak24,kodim23,15,2,tv_discrepancy,32.34600242882919,0.9044899940490723,0.9623709917068481,0.010574480518698692,0.21194763481616974,0.044697560369968414,19,0.05802179999955115,,0.16725007444620132,0.8488381630355155,,,,,
synthetic_image,kodak24,kodim23,15,2,tv_chambolle_val,31.838480340646733,0.8884575963020325,0.957526445388794,0.011032148264348507,0.21194763481616974,0.05001669377088547,0,0.0063563999992766185,,,0.0,,,,,
synthetic_image,kodak24,kodim23,15,2,gaussian_val,30.063930617868206,0.8543480038642883,0.9150919318199158,0.013458375819027424,0.21194763481616974,0.05085008218884468,0,0.00032420000025012996,,,0.0,,,,,
synthetic_image,kodak24,kodim23,15,2,median_val,29.015928655791498,0.8370030522346497,0.8941476345062256,0.014031453058123589,0.21194763481616974,0.049258336424827576,0,0.0006192000000737607,,,0.0,,,,,
synthetic_image,kodak24,kodim23,15,2,bilateral_val,28.410565667261455,0.7822232842445374,0.9330470561981201,0.013189422897994518,0.21194763481616974,0.0821986198425293,0,0.13510690000111936,,,0.0,,,,,
synthetic_image,kodak24,kodim23,15,2,pm_diff_val,31.291668366677467,0.8791546821594238,0.949207067489624,0.011621415615081787,0.21194763481616974,0.0471799373626709,5,0.00616960000115796,,,0.0,,,,,
synthetic_image,kodak24,kodim23,15,2,wavelet_bayes,29.94592725231807,0.7973408699035645,0.9431617856025696,0.013326692394912243,0.21194763481616974,0.07658229768276215,0,0.003412100000787177,,,0.0,,,,,
synthetic_image,kodak24,kodim23,15,2,nlm,32.50743603473933,0.8987182974815369,0.9640657901763916,0.009934169240295887,0.21194763481616974,0.057746440172195435,0,0.039806500000850065,,,0.0,,,,,
synthetic_image,kodak24,kodim23,15,2,bm3d,34.89981878993635,0.9348514080047607,0.9803776741027832,0.0075726015493273735,0.21194763481616974,0.05551924929022789,0,1.3952523999996629,,,0.0,,,,,
synthetic_image,kodak24,kodim23,15,2,fdncnn_color,35.47607257841381,0.943006694316864,0.9826246500015259,0.007089816965162754,0.21194763481616974,0.05356574431061745,0,1.1870340000004944,,,0.0,,,,,
synthetic_image,kodak24,kodim23,15,2,ectv_fdncnn,35.47607257841381,0.943006694316864,0.9826246500015259,0.007089816965162754,0.21194763481616974,0.05356574431061745,0,1.189651299999241,0.1725764484378941,0.1583818905055523,0.8488381630355155,0.32,,0.3333333333333333,1.0,1.0
synthetic_image,kodak24,kodim23,25,0,noisy,20.36068275245688,0.33177876472473145,0.8055645823478699,0.04221109673380852,0.3287602663040161,0.3287602663040161,0,0.0,0.0,0.0,0.0,,,,,
synthetic_image,kodak24,kodim23,25,0,ectv,25.68836149841558,0.5599700808525085,0.8803312182426453,0.024133285507559776,0.3287602663040161,0.1409730315208435,5,0.03383410000060394,0.18778726146140717,0.1877872347831726,0.6839397205857212,0.04,,,,
synthetic_image,kodak24,kodim23,25,0,ectv_fidelity,29.999641103398428,0.853823721408844,0.9389888048171997,0.012889767065644264,0.3287602663040161,0.046724800020456314,80,0.22662400000081107,0.33330865074633204,0.2820354662835598,0.6839397205857212,0.32,0.12,0.3333333333333333,,
synthetic_image,kodak24,kodim23,25,0,tv_maxiter,28.73735207649279,0.7420797348022461,0.931439220905304,0.014829907566308975,0.3287602663040161,0.08130665868520737,20,0.060526799999934155,inf,0.24745360761880875,0.6839397205857212,,,,,
synthetic_image,kodak24,kodim23,25,0,tv_fixedk_val,28.77851428328583,0.7447206974029541,0.9318987727165222,0.01474936492741108,0.3287602663040161,0.08113589137792587,40,0.11417660000006435,,0.24762437492609024,0.6839397205857212,,,,,
synthetic_image,kodak24,kodim23,25,0,tv_discrepancy,28.73735207649279,0.7420797348022461,0.931439220905304,0.014829907566308975,0.3287602663040161,0.08130665868520737,20,0.057783500000368804,,0.24745360761880875,0.6839397205857212,,,,,
synthetic_image,kodak24,kodim23,25,0,tv_chambolle_val,29.43938649120088,0.8370732665061951,0.9263545870780945,0.013647489249706268,0.3287602663040161,0.04732634872198105,0,0.00970699999925273,,,0.0,,,,,
synthetic_image,kodak24,kodim23,25,0,gaussian_val,28.24571137705918,0.7455534934997559,0.8827911019325256,0.017120622098445892,0.3287602663040161,0.06275192648172379,0,0.0002600999996502651,,,0.0,,,,,
synthetic_image,kodak24,kodim23,25,0,median_val,27.543405343502663,0.7449128031730652,0.8631020188331604,0.016862113028764725,0.3287602663040161,0.06080913171172142,0,0.0006035000005795155,,,0.0,,,,,
synthetic_image,kodak24,kodim23,25,0,bilateral_val,25.733227810077523,0.6695346236228943,0.8933923244476318,0.016538133844733238,0.3287602663040161,0.09900229424238205,0,0.13464589999966847,,,0.0,,,,,
synthetic_image,kodak24,kodim23,25,0,pm_diff_val,28.788364236624332,0.790004551410675,0.9026415348052979,0.015274274162948132,0.3287602663040161,0.051876045763492584,5,0.005887999999686144,,,0.0,,,,,
synthetic_image,kodak24,kodim23,25,0,wavelet_bayes,27.13619582623814,0.7243202328681946,0.8606056571006775,0.01857803203165531,0.3287602663040161,0.06457369029521942,0,0.0031386000009661075,,,0.0,,,,,
synthetic_image,kodak24,kodim23,25,0,nlm,30.10226983590585,0.8421823382377625,0.9370425343513489,0.012628098018467426,0.3287602663040161,0.05637675151228905,0,0.03856709999854502,,,0.0,,,,,
synthetic_image,kodak24,kodim23,25,0,bm3d,32.141132542253196,0.8981418609619141,0.9639440178871155,0.009885958395898342,0.3287602663040161,0.05102529004216194,0,1.4207723999988957,,,0.0,,,,,
synthetic_image,kodak24,kodim23,25,0,fdncnn_color,32.717157201891595,0.9091816544532776,0.9681881070137024,0.009314490482211113,0.3287602663040161,0.04913139343261719,0,1.1827711000005365,,,0.0,,,,,
synthetic_image,kodak24,kodim23,25,0,ectv_fdncnn,32.717157201891595,0.9091816544532776,0.9681881070137024,0.009314490482211113,0.3287602663040161,0.04913139343261719,0,1.1855213999988337,0.33330865074633204,0.2796288728713989,0.6839397205857212,0.32,,0.3333333333333333,1.0,1.0
synthetic_image,kodak24,kodim23,25,1,noisy,20.3851726228076,0.33103421330451965,0.8027219176292419,0.04197109863162041,0.3275631070137024,0.3275631070137024,0,0.0,0.0,0.0,0.0,,,,,
synthetic_image,kodak24,kodim23,25,1,ectv,25.71786182610449,0.5591816306114197,0.8781207203865051,0.024129098281264305,0.3275631070137024,0.1397758573293686,5,0.03123780000169063,0.18778726146140717,0.1877872496843338,0.6839397205857212,0.04,,,,
synthetic_image,kodak24,kodim23,25,1,ectv_fidelity,29.93255622702836,0.852358877658844,0.9378177523612976,0.012988826259970665,0.3275631070137024,0.04615950584411621,80,0.22375370000008843,0.33330865074633204,0.2814036011695862,0.6839397205857212,0.32,0.12,0.3333333333333333,,
synthetic_image,kodak24,kodim23,25,1,tv_maxiter,28.73934128640371,0.7411388754844666,0.9302489161491394,0.01493675634264946,0.3275631070137024,0.08034329861402512,20,0.06030959999952756,inf,0.24721980839967728,0.6839397205857212,,,,,
synthetic_image,kodak24,kodim23,25,1,tv_fixedk_val,28.778520044626866,0.7438278198242188,0.9307703971862793,0.014846843667328358,0.3275631070137024,0.08017531037330627,40,0.1114519000002474,,0.24738779664039612,0.6839397205857212,,,,,
synthetic_image,kodak24,kodim23,25,1,tv_discrepancy,28.73934128640371,0.7411388754844666,0.9302489161491394,0.01493675634264946,0.3275631070137024,0.08034329861402512,20,0.059310200000254554,,0.24721980839967728,0.6839397205857212,,,,,
synthetic_image,kodak24,kodim23,25,1,tv_chambolle_val,29.392889510476806,0.8441862463951111,0.9257577657699585,0.013784842565655708,0.3275631070137024,0.04409226030111313,0,0.0130141999998159,,,0.0,,,,,
synthetic_image,kodak24,kodim23,25,1,gaussian_val,28.239412299837802,0.743115246295929,0.882794976234436,0.017153842374682426,0.3275631070137024,0.06260862201452255,0,0.0003104999996139668,,,0.0,,,,,
synthetic_image,kodak24,kodim23,25,1,median_val,27.564825241711194,0.7445940971374512,0.8639751076698303,0.01683207042515278,0.3275631070137024,0.06026699021458626,0,0.000846099999762373,,,0.0,,,,,
synthetic_image,kodak24,kodim23,25,1,bilateral_val,25.68388992499176,0.6684368252754211,0.8934359550476074,0.016572745516896248,0.3275631070137024,0.09815016388893127,0,0.1326851000012539,,,0.0,,,,,
synthetic_image,kodak24,kodim23,25,1,pm_diff_val,28.773468369677463,0.7883992195129395,0.9039018750190735,0.015284786000847816,0.3275631070137024,0.05169989541172981,5,0.005963800000245101,,,0.0,,,,,
synthetic_image,kodak24,kodim23,25,1,wavelet_bayes,27.092517900163685,0.7211437821388245,0.8626468181610107,0.018413307145237923,0.3275631070137024,0.06382797658443451,0,0.003456000000369386,,,0.0,,,,,
synthetic_image,kodak24,kodim23,25,1,nlm,29.99783404366214,0.8415803909301758,0.9337871670722961,0.012763867154717445,0.3275631070137024,0.05574272572994232,0,0.04298759999983304,,,0.0,,,,,
synthetic_image,kodak24,kodim23,25,1,bm3d,32.12438001182525,0.8973312973976135,0.962947428226471,0.00994233600795269,0.3275631070137024,0.05006682500243187,0,1.3920348999999987,,,0.0,,,,,
synthetic_image,kodak24,kodim23,25,1,fdncnn_color,32.67888442809984,0.9083088040351868,0.9680866003036499,0.009289249777793884,0.3275631070137024,0.048098124563694,0,1.2132657000001927,,,0.0,,,,,
synthetic_image,kodak24,kodim23,25,1,ectv_fdncnn,32.67888442809984,0.9083088040351868,0.9680866003036499,0.009289249777793884,0.3275631070137024,0.048098124563694,0,1.2160853000004863,0.33330865074633204,0.2794649824500084,0.6839397205857212,0.32,,0.3333333333333333,1.0,1.0
synthetic_image,kodak24,kodim23,25,2,noisy,20.370960634373215,0.3326522409915924,0.8037447333335876,0.04237227514386177,0.3293313980102539,0.3293313980102539,0,0.0,0.0,0.0,0.0,,,,,
synthetic_image,kodak24,kodim23,25,2,ectv,25.694962724729486,0.5608732104301453,0.8787434101104736,0.02431551367044449,0.3293313980102539,0.1415441483259201,5,0.031100799998966977,0.18778726146140717,0.1877872496843338,0.6839397205857212,0.04,,,,
synthetic_image,kodak24,kodim23,25,2,ectv_fidelity,29.983337132850206,0.8550055027008057,0.937424898147583,0.01300046592950821,0.3293313980102539,0.04646681249141693,80,0.22296240000105172,0.33330865074633204,0.282864585518837,0.6839397205857212,0.32,0.12,0.3333333333333333,,
synthetic_image,kodak24,kodim23,25,2,tv_maxiter,28.78317487983275,0.745888888835907,0.93085777759552,0.014885785058140755,0.3293313980102539,0.08068611472845078,20,0.05776970000079018,inf,0.24864528328180313,0.6839397205857212,,,,,
synthetic_image,kodak24,kodim23,25,2,tv_fixedk_val,28.821667154032124,0.7483608722686768,0.9312988519668579,0.014808428473770618,0.3293313980102539,0.08051910996437073,40,0.11731679999866174,,0.24881228804588318,0.6839397205857212,,,,,
synthetic_image,kodak24,kodim23,25,2,tv_discrepancy,28.78317487983275,0.745888888835907,0.93085777759552,0.014885785058140755,0.3293313980102539,0.08068611472845078,20,0.0628921999996237,,0.24864528328180313,0.6839397205857212,,,,,
synthetic_image,kodak24,kodim23,25,2,tv_chambolle_val,29.429878160940692,0.8386122584342957,0.9250032305717468,0.013692457228899002,0.3293313980102539,0.047065239399671555,0,0.009501599999566679,,,0.0,,,,,
synthetic_image,kodak24,kodim23,25,2,gaussian_val,28.27704282522301,0.7482861876487732,0.8822892904281616,0.01712897978723049,0.3293313980102539,0.06257269531488419,0,0.00028169999859528616,,,0.0,,,,,
synthetic_image,kodak24,kodim23,25,2,median_val,27.597479813262105,0.7482650279998779,0.8609268069267273,0.0168306902050972,0.3293313980102539,0.06049204245209694,0,0.0006482000007963507,,,0.0,,,,,
synthetic_image,kodak24,kodim23,25,2,bilateral_val,25.713960665512353,0.6674935817718506,0.8923208713531494,0.016596458852291107,0.3293313980102539,0.09971834719181061,0,0.13586550000036368,,,0.0,,,,,
synthetic_image,kodak24,kodim23,25,2,pm_diff_val,28.801257240507038,0.7928159832954407,0.902407169342041,0.015246376395225525,0.3293313980102539,0.05172141641378403,5,0.005599199999778648,,,0.0,,,,,
synthetic_image,kodak24,kodim23,25,2,wavelet_bayes,27.153287715497875,0.7253714203834534,0.8583810925483704,0.018597258254885674,0.3293313980102539,0.06383966654539108,0,0.003430500000831671,,,0.0,,,,,
synthetic_image,kodak24,kodim23,25,2,nlm,30.036005365422085,0.8427868485450745,0.9337078332901001,0.012796850875020027,0.3293313980102539,0.05600237101316452,0,0.041555699999662465,,,0.0,,,,,
synthetic_image,kodak24,kodim23,25,2,bm3d,32.15572607141426,0.8984346985816956,0.9630239009857178,0.009971925057470798,0.3293313980102539,0.050676558166742325,0,1.447191200000816,,,0.0,,,,,
synthetic_image,kodak24,kodim23,25,2,fdncnn_color,32.732036190102086,0.9100309014320374,0.9684035181999207,0.009235082194209099,0.3293313980102539,0.04920811578631401,0,1.2166037000006327,,,0.0,,,,,
synthetic_image,kodak24,kodim23,25,2,ectv_fdncnn,32.732036190102086,0.9100309014320374,0.9684035181999207,0.009235082194209099,0.3293313980102539,0.04920811578631401,0,1.2191223000008904,0.33330865074633204,0.2801232822239399,0.6839397205857212,0.32,,0.3333333333333333,1.0,1.0
synthetic_image,kodak24,kodim23,50,0,noisy,14.878339745674555,0.16314494609832764,0.6560732126235962,0.08639074862003326,0.5965014100074768,0.5965014100074768,0,0.0,0.0,0.0,0.0,,,,,
synthetic_image,kodak24,kodim23,50,0,ectv,19.645866287269182,0.29923728108406067,0.7204728126525879,0.05069555342197418,0.5965014100074768,0.2799986004829407,26,0.07651909999913187,0.3333333333333333,0.31650280952453613,0.5091578194443671,0.04,,,,
synthetic_image,kodak24,kodim23,50,0,ectv_fidelity,26.313693485639117,0.7768248915672302,0.8722780346870422,0.017111103981733322,0.5965014100074768,0.03787534683942795,80,0.22693900000012945,0.75,0.5586260631680489,0.5091578194443671,0.32,0.25,0.75,,
synthetic_image,kodak24,kodim23,50,0,tv_maxiter,19.645866287269182,0.29923728108406067,0.7204728126525879,0.05069555342197418,0.5965014100074768,0.2799986004829407,26,0.07919779999974708,inf,0.31650280952453613,0.5091578194443671,,,,,
synthetic_image,kodak24,kodim23,50,0,tv_fixedk_val,19.664298651819937,0.29986023902893066,0.7208771109580994,0.050551459193229675,0.5965014100074768,0.27928104996681213,40,0.11461790000066685,,0.3172203600406647,0.5091578194443671,,,,,
synthetic_image,kodak24,kodim23,50,0,tv_discrepancy,19.645866287269182,0.29923728108406067,0.7204728126525879,0.05069555342197418,0.5965014100074768,0.2799986004829407,26,0.07644160000018019,,0.31650280952453613,0.5091578194443671,,,,,
synthetic_image,kodak24,kodim23,50,0,tv_chambolle_val,25.160216038686528,0.6544228792190552,0.8600009679794312,0.017776258289813995,0.5965014100074768,0.0735640600323677,0,0.007002399999691988,,,0.0,,,,,
synthetic_image,kodak24,kodim23,50,0,gaussian_val,24.242152033066844,0.5285231471061707,0.7806119918823242,0.027655543759465218,0.5965014100074768,0.09243720769882202,0,0.00031660000058764126,,,0.0,,,,,
synthetic_image,kodak24,kodim23,50,0,median_val,24.273521908950976,0.5394900441169739,0.7590934038162231,0.025034012272953987,0.5965014100074768,0.09375381469726562,0,0.0006387000012182398,,,0.0,,,,,
synthetic_image,kodak24,kodim23,50,0,bilateral_val,21.746031314675456,0.48309382796287537,0.7806574106216431,0.022699980065226555,0.5965014100074768,0.12315265834331512,0,0.13882100000046194,,,0.0,,,,,
synthetic_image,kodak24,kodim23,50,0,pm_diff_val,25.039121733584167,0.6012749671936035,0.8052376508712769,0.02265910990536213,0.5965014100074768,0.06886838376522064,5,0.005870799999684095,,,0.0,,,,,
synthetic_image,kodak24,kodim23,50,0,wavelet_bayes,23.857622216531468,0.6311724185943604,0.6441329121589661,0.026205409318208694,0.5965014100074768,0.0440082885324955,0,0.0033183000014105346,,,0.0,,,,,
synthetic_image,kodak24,kodim23,50,0,nlm,26.299733193296486,0.7194578051567078,0.8737902045249939,0.01703488826751709,0.5965014100074768,0.06184803694486618,0,0.04246969999985595,,,0.0,,,,,
synthetic_image,kodak24,kodim23,50,0,bm3d,27.870809372656915,0.8210785984992981,0.916739284992218,0.014132006093859673,0.5965014100074768,0.03999878466129303,0,1.4239397999990615,,,0.0,,,,,
synthetic_image,kodak24,kodim23,50,0,fdncnn_color,28.203621826363428,0.8347823619842529,0.925389289855957,0.013546518050134182,0.5965014100074768,0.03776911273598671,0,1.204535599999872,,,0.0,,,,,
synthetic_image,kodak24,kodim23,50,0,ectv_fdncnn,28.203621826363428,0.8347823619842529,0.925389289855957,0.013546518050134182,0.5965014100074768,0.03776911273598671,0,1.207328000000416,0.75,0.5587322972714901,0.5091578194443671,0.32,,0.75,1.0,1.0
synthetic_image,kodak24,kodim23,50,1,noisy,14.898568174488036,0.16190262138843536,0.6521983742713928,0.08593947440385818,0.5949340462684631,0.5949340462684631,0,0.0,0.0,0.0,0.0,,,,,
synthetic_image,kodak24,kodim23,50,1,ectv,19.680420602963377,0.29823580384254456,0.7167015671730042,0.05045721307396889,0.5949340462684631,0.27825018763542175,26,0.07753290000073321,0.3333333333333333,0.3166838586330414,0.5091578194443671,0.04,,,,
synthetic_image,kodak24,kodim23,50,1,ectv_fidelity,26.277465950717882,0.7744333148002625,0.8719029426574707,0.017264872789382935,0.5949340462684631,0.037469763308763504,80,0.222961800000121,0.75,0.5574642829596996,0.5091578194443671,0.32,0.25,0.75,,
synthetic_image,kodak24,kodim23,50,1,tv_maxiter,19.680420602963377,0.29823580384254456,0.7167015671730042,0.05045721307396889,0.5949340462684631,0.27825018763542175,26,0.07897799999955168,inf,0.3166838586330414,0.5091578194443671,,,,,
synthetic_image,kodak24,kodim23,50,1,tv_fixedk_val,19.698887592655282,0.2988598346710205,0.7171105146408081,0.05031309649348259,0.5949340462684631,0.27753186225891113,40,0.11774469999909343,,0.317402184009552,0.5091578194443671,,,,,
synthetic_image,kodak24,kodim23,50,1,tv_discrepancy,19.680420602963377,0.29823580384254456,0.7167015671730042,0.05045721307396889,0.5949340462684631,0.27825018763542175,26,0.07447549999960756,,0.3166838586330414,0.5091578194443671,,,,,
synthetic_image,kodak24,kodim23,50,1,tv_chambolle_val,25.95694388645505,0.7301128506660461,0.8619381189346313,0.017402466386556625,0.5949340462684631,0.04632209613919258,0,0.010036300000137999,,,0.0,,,,,
synthetic_image,kodak24,kodim23,50,1,gaussian_val,24.25731869001075,0.525482714176178,0.7801105380058289,0.02771655097603798,0.5949340462684631,0.09225558489561081,0,0.00029829999948560726,,,0.0,,,,,
synthetic_image,kodak24,kodim23,50,1,median_val,24.30500242204292,0.5381883978843689,0.758115291595459,0.024695806205272675,0.5949340462684631,0.09308869391679764,0,0.0006078999995224876,,,0.0,,,,,
synthetic_image,kodak24,kodim23,50,1,bilateral_val,21.73867626637774,0.48177221417427063,0.7801939845085144,0.022704198956489563,0.5949340462684631,0.12184811383485794,0,0.13544660000115982,,,0.0,,,,,
synthetic_image,kodak24,kodim23,50,1,pm_diff_val,25.05471057544518,0.5989260077476501,0.8063346147537231,0.022665346041321754,0.5949340462684631,0.06862752139568329,5,0.005602700000963523,,,0.0,,,,,
synthetic_image,kodak24,kodim23,50,1,wavelet_bayes,23.84544430713898,0.6315253973007202,0.6401865482330322,0.02605045959353447,0.5949340462684631,0.04336453974246979,0,0.003023100000064005,,,0.0,,,,,
synthetic_image,kodak24,kodim23,50,1,nlm,26.252373548628345,0.7205777168273926,0.8727843761444092,0.017149046063423157,0.5949340462684631,0.06036750599741936,0,0.043343499999537016,,,0.0,,,,,
synthetic_image,kodak24,kodim23,50,1,bm3d,27.84572072357208,0.8205121159553528,0.9153434038162231,0.014131498523056507,0.5949340462684631,0.03893702104687691,0,1.3985235999989527,,,0.0,,,,,
synthetic_image,kodak24,kodim23,50,1,fdncnn_color,28.087262007749093,0.8303790092468262,0.9238092303276062,0.01360192522406578,0.5949340462684631,0.0366351380944252,0,1.1814673000008042,,,0.0,,,,,
synthetic_image,kodak24,kodim23,50,1,ectv_fdncnn,28.087262007749093,0.8303790092468262,0.9238092303276062,0.01360192522406578,0.5949340462684631,0.0366351380944252,0,1.184002200001487,0.75,0.5582989081740379,0.5091578194443671,0.32,,0.75,1.0,1.0
synthetic_image,kodak24,kodim23,50,2,noisy,14.89281193693319,0.1635400503873825,0.6543003916740417,0.08662812411785126,0.5975297689437866,0.5975297689437866,0,0.0,0.0,0.0,0.0,,,,,
synthetic_image,kodak24,kodim23,50,2,ectv,19.70191811278733,0.3017335534095764,0.7202597260475159,0.05064248666167259,0.5975297689437866,0.27938780188560486,27,0.07582240000010643,0.3333333333333333,0.31814196705818176,0.5091578194443671,0.04,,,,
synthetic_image,kodak24,kodim23,50,2,ectv_fidelity,26.34382895412365,0.7779653072357178,0.8684502243995667,0.017265643924474716,0.5975297689437866,0.03752174600958824,80,0.22075860000040848,0.75,0.5600080229341984,0.5091578194443671,0.32,0.25,0.75,,
synthetic_image,kodak24,kodim23,50,2,tv_maxiter,19.70191811278733,0.3017335534095764,0.7202597260475159,0.05064248666167259,0.5975297689437866,0.27938780188560486,27,0.075018600000476,inf,0.31814196705818176,0.5091578194443671,,,,,
synthetic_image,kodak24,kodim23,50,2,tv_fixedk_val,19.716721067568518,0.30223777890205383,0.7205854654312134,0.05052635073661804,0.5975297689437866,0.27881330251693726,40,0.11319960000037099,,0.31871646642684937,0.5091578194443671,,,,,
synthetic_image,kodak24,kodim23,50,2,tv_discrepancy,19.70191811278733,0.3017335534095764,0.7202597260475159,0.05064248666167259,0.5975297689437866,0.27938780188560486,27,0.07858569999916654,,0.31814196705818176,0.5091578194443671,,,,,
synthetic_image,kodak24,kodim23,50,2,tv_chambolle_val,25.87495502219602,0.711176872253418,0.8418984413146973,0.019163405522704124,0.5975297689437866,0.05186271294951439,0,0.008043100000577397,,,0.0,,,,,
synthetic_image,kodak24,kodim23,50,2,gaussian_val,24.32356256245708,0.5333206057548523,0.7821332812309265,0.027428723871707916,0.5975297689437866,0.0919966772198677,0,0.0002750999992713332,,,0.0,,,,,
synthetic_image,kodak24,kodim23,50,2,median_val,24.310649081345296,0.5432061553001404,0.7605550289154053,0.02462729439139366,0.5975297689437866,0.09331086277961731,0,0.0005700000001525041,,,0.0,,,,,
synthetic_image,kodak24,kodim23,50,2,bilateral_val,21.73368408816311,0.4821706712245941,0.7769700288772583,0.022857893258333206,0.5975297689437866,0.1237434446811676,0,0.1377210999999079,,,0.0,,,,,
synthetic_image,kodak24,kodim23,50,2,pm_diff_val,25.122330910331023,0.6069685816764832,0.807076632976532,0.022449444979429245,0.5975297689437866,0.06852426379919052,5,0.006237900000996888,,,0.0,,,,,
synthetic_image,kodak24,kodim23,50,2,wavelet_bayes,23.901132941005947,0.6334124207496643,0.6363162994384766,0.026205971837043762,0.5975297689437866,0.043629541993141174,0,0.0036942000006092712,,,0.0,,,,,
synthetic_image,kodak24,kodim23,50,2,nlm,26.354901333571096,0.7231876850128174,0.8730514645576477,0.017019854858517647,0.5975297689437866,0.06113326922059059,0,0.043137799999385606,,,0.0,,,,,
synthetic_image,kodak24,kodim23,50,2,bm3d,27.93368845904716,0.8226961493492126,0.9140423536300659,0.014266571961343288,0.5975297689437866,0.03940116614103317,0,1.4208194999991974,,,0.0,,,,,
synthetic_image,kodak24,kodim23,50,2,fdncnn_color,28.22544256492784,0.83306884765625,0.925437331199646,0.013518881052732468,0.5975297689437866,0.03754591941833496,0,1.2106163000007655,,,0.0,,,,,
synthetic_image,kodak24,kodim23,50,2,ectv_fdncnn,28.22544256492784,0.83306884765625,0.925437331199646,0.013518881052732468,0.5975297689437866,0.03754591941833496,0,1.2144284000005428,0.75,0.5599838495254517,0.5091578194443671,0.32,,0.75,1.0,1.0
synthetic_image,kodak24,kodim24,15,0,noisy,24.712032571241544,0.6561603546142578,0.9546804428100586,0.022007929161190987,0.23430807888507843,0.23430807888507843,0,0.0,0.0,0.0,0.0,,,,,
synthetic_image,kodak24,kodim24,15,0,ectv,25.549283359880377,0.6881172060966492,0.9578874707221985,0.020428970456123352,0.23430807888507843,0.21046419441699982,1,0.022527299999637762,0.023843897597316383,0.023843884468078613,0.8488381630355155,0.04,,,,
synthetic_image,kodak24,kodim24,15,0,ectv_fidelity,29.227916189388328,0.8442090153694153,0.9604277014732361,0.020745649933815002,0.23430807888507843,0.06173163279891014,12,0.05191960000047402,0.1725764484378941,0.1725764460861683,0.8488381630355155,0.32,0.08,0.3333333333333333,,
synthetic_image,kodak24,kodim24,15,0,tv_maxiter,29.129942139846893,0.8413375020027161,0.9570518732070923,0.021720178425312042,0.23430807888507843,0.05916730314493179,19,0.05661070000132895,inf,0.17514077574014664,0.8488381630355155,,,,,
synthetic_image,kodak24,kodim24,15,0,tv_fixedk_val,29.14458965507535,0.8431407809257507,0.9567179083824158,0.021824318915605545,0.23430807888507843,0.05915359407663345,40,0.1114476000002469,,0.17515448480844498,0.8488381630355155,,,,,
synthetic_image,kodak24,kodim24,15,0,tv_discrepancy,29.129942139846893,0.8413375020027161,0.9570518732070923,0.021720178425312042,0.23430807888507843,0.05916730314493179,19,0.05599140000049374,,0.17514077574014664,0.8488381630355155,,,,,
synthetic_image,kodak24,kodim24,15,0,tv_chambolle_val,28.46262422197716,0.8198261857032776,0.9479804635047913,0.023804035037755966,0.23430807888507843,0.06354858726263046,0,0.00879229999918607,,,0.0,,,,,
synthetic_image,kodak24,kodim24,15,0,gaussian_val,26.928799666781416,0.801133394241333,0.9257975816726685,0.025688810274004936,0.23430807888507843,0.05984428897500038,0,0.0002817999993567355,,,0.0,,,,,
synthetic_image,kodak24,kodim24,15,0,median_val,25.064683639426015,0.692766010761261,0.8624085783958435,0.031079769134521484,0.23430807888507843,0.054835304617881775,0,0.0007015999999566702,,,0.0,,,,,
synthetic_image,kodak24,kodim24,15,0,bilateral_val,28.103391917827942,0.8081271648406982,0.9547452926635742,0.019438186660408974,0.23430807888507843,0.10552474111318588,0,0.13350999999966007,,,0.0,,,,,
synthetic_image,kodak24,kodim24,15,0,pm_diff_val,27.682948563940265,0.8020221590995789,0.938487708568573,0.02448435313999653,0.23430807888507843,0.05718804895877838,5,0.006034699999872828,,,0.0,,,,,
synthetic_image,kodak24,kodim24,15,0,wavelet_bayes,27.99639033155149,0.7959270477294922,0.9607241749763489,0.018270406872034073,0.23430807888507843,0.11786233633756638,0,0.0037272000008670148,,,0.0,,,,,
synthetic_image,kodak24,kodim24,15,0,nlm,29.622365487951264,0.8427422642707825,0.9545353651046753,0.019121510908007622,0.23430807888507843,0.08505839854478836,0,0.04159739999886369,,,0.0,,,,,
synthetic_image,kodak24,kodim24,15,0,bm3d,32.10939166169774,0.9200963377952576,0.9806788563728333,0.012460663914680481,0.23430807888507843,0.09513862431049347,0,1.3961552000000665,,,0.0,,,,,
synthetic_image,kodak24,kodim24,15,0,fdncnn_color,32.53392720892422,0.9269620776176453,0.9826493263244629,0.011754734441637993,0.23430807888507843,0.09359678626060486,0,1.203482000000804,,,0.0,,,,,
synthetic_image,kodak24,kodim24,15,0,ectv_fdncnn,32.53392720892422,0.9269620776176453,0.9826493263244629,0.011754734441637993,0.23430807888507843,0.09359678626060486,0,1.206028900001911,0.1725764484378941,0.14071129262447357,0.8488381630355155,0.32,,0.3333333333333333,1.0,1.0
synthetic_image,kodak24,kodim24,15,1,noisy,24.735349667382998,0.6561107039451599,0.9549834132194519,0.021802177652716637,0.23405936360359192,0.23405936360359192,0,0.0,0.0,0.0,0.0,,,,,
synthetic_image,kodak24,kodim24,15,1,ectv,25.573681845696576,0.6880616545677185,0.958175003528595,0.020236633718013763,0.23405936360359192,0.2102154791355133,1,0.020531199999823002,0.023843897597316383,0.023843884468078613,0.8488381630355155,0.04,,,,
synthetic_image,kodak24,kodim24,15,1,ectv_fidelity,29.22847934961161,0.8428053259849548,0.9598830938339233,0.020864246413111687,0.23405936360359192,0.06148292124271393,12,0.05161650000081863,0.1725764484378941,0.172576442360878,0.8488381630355155,0.32,0.08,0.3333333333333333,,
synthetic_image,kodak24,kodim24,15,1,tv_maxiter,29.12647740969441,0.8397362232208252,0.9565277099609375,0.021776122972369194,0.23405936360359192,0.05894407629966736,19,0.05541549999907147,inf,0.17511528730392456,0.8488381630355155,,,,,
synthetic_image,kodak24,kodim24,15,1,tv_fixedk_val,29.14175206265741,0.841616153717041,0.9561750292778015,0.02187655307352543,0.23405936360359192,0.058944221585989,40,0.11042420000012498,,0.17511514201760292,0.8488381630355155,,,,,
synthetic_image,kodak24,kodim24,15,1,tv_discrepancy,29.12647740969441,0.8397362232208252,0.9565277099609375,0.021776122972369194,0.23405936360359192,0.05894407629966736,19,0.05563169999913953,,0.17511528730392456,0.8488381630355155,,,,,
synthetic_image,kodak24,kodim24,15,1,tv_chambolle_val,28.473835088744433,0.8187997341156006,0.9481608867645264,0.023811614140868187,0.23405936360359192,0.06330897659063339,0,0.009894300001178635,,,0.0,,,,,
synthetic_image,kodak24,kodim24,15,1,gaussian_val,26.927081551917734,0.7997605800628662,0.9258192181587219,0.025772379711270332,0.23405936360359192,0.05964713171124458,0,0.00028029999884893186,,,0.0,,,,,
synthetic_image,kodak24,kodim24,15,1,median_val,25.045699044173357,0.6900207996368408,0.862082302570343,0.031170329079031944,0.23405936360359192,0.05474983528256416,0,0.0006832999988546362,,,0.0,,,,,
synthetic_image,kodak24,kodim24,15,1,bilateral_val,28.129370893383,0.8077532649040222,0.9548075795173645,0.019427597522735596,0.23405936360359192,0.10531927645206451,0,0.13700249999965308,,,0.0,,,,,
synthetic_image,kodak24,kodim24,15,1,pm_diff_val,27.683462914482668,0.8007004261016846,0.9385687708854675,0.024533363059163094,0.23405936360359192,0.05711011216044426,5,0.006057900000087102,,,0.0,,,,,
synthetic_image,kodak24,kodim24,15,1,wavelet_bayes,28.012440327130676,0.7947927117347717,0.9607977867126465,0.018250582739710808,0.23405936360359192,0.11753187328577042,0,0.0030982000007497845,,,0.0,,,,,
synthetic_image,kodak24,kodim24,15,1,nlm,29.587075019508266,0.8384109139442444,0.9522823691368103,0.01954633928835392,0.23405936360359192,0.08269942551851273,0,0.038978800001132186,,,0.0,,,,,
synthetic_image,kodak24,kodim24,15,1,bm3d,32.066336450662234,0.918851375579834,0.9798097610473633,0.012604492716491222,0.23405936360359192,0.09441523253917694,0,1.397283599999355,,,0.0,,,,,
synthetic_image,kodak24,kodim24,15,1,fdncnn_color,32.485735350920734,0.9266087412834167,0.9823079109191895,0.011799832805991173,0.23405936360359192,0.09311840683221817,0,1.1967588999996224,,,0.0,,,,,
synthetic_image,kodak24,kodim24,15,1,ectv_fdncnn,32.485735350920734,0.9266087412834167,0.9823079109191895,0.011799832805991173,0.23405936360359192,0.09311840683221817,0,1.1992929999996704,0.1725764484378941,0.14094095677137375,0.8488381630355155,0.32,,0.3333333333333333,1.0,1.0
synthetic_image,kodak24,kodim24,15,2,noisy,24.724700455155286,0.655670702457428,0.9537120461463928,0.022100212052464485,0.23426850140094757,0.23426850140094757,0,0.0,0.0,0.0,0.0,,,,,
synthetic_image,kodak24,kodim24,15,2,ectv,25.562867104320794,0.6876725554466248,0.956932008266449,0.020545879378914833,0.23426850140094757,0.21042461693286896,1,0.021379699999670265,0.023843897597316383,0.023843884468078613,0.8488381630355155,0.04,,,,
synthetic_image,kodak24,kodim24,15,2,ectv_fidelity,29.229978032804812,0.8431921005249023,0.959662139415741,0.020898224785923958,0.23426850140094757,0.06169205531477928,12,0.04958760000045004,0.1725764484378941,0.1725764460861683,0.8488381630355155,0.32,0.08,0.3333333333333333,,
synthetic_image,kodak24,kodim24,15,2,tv_maxiter,29.11833786266679,0.839752197265625,0.956039309501648,0.021907232701778412,0.23426850140094757,0.05887816101312637,20,0.06063170000015816,inf,0.1753903403878212,0.8488381630355155,,,,,
synthetic_image,kodak24,kodim24,15,2,tv_fixedk_val,29.1355757068282,0.8415769934654236,0.9558169841766357,0.021959951147437096,0.23426850140094757,0.05896963179111481,40,0.1144717999995919,,0.17529886960983276,0.8488381630355155,,,,,
synthetic_image,kodak24,kodim24,15,2,tv_discrepancy,29.11833786266679,0.839752197265625,0.956039309501648,0.021907232701778412,0.23426850140094757,0.05887816101312637,20,0.060710799998560105,,0.1753903403878212,0.8488381630355155,,,,,
synthetic_image,kodak24,kodim24,15,2,tv_chambolle_val,28.63896234482148,0.8285660743713379,0.9515045881271362,0.02313031069934368,0.23426850140094757,0.06794474273920059,0,0.006562599999597296,,,0.0,,,,,
synthetic_image,kodak24,kodim24,15,2,gaussian_val,26.934853417342023,0.8012253642082214,0.9251896142959595,0.0258701890707016,0.23426850140094757,0.0596640408039093,0,0.00029210000138846226,,,0.0,,,,,
synthetic_image,kodak24,kodim24,15,2,median_val,25.062768318259906,0.6908047795295715,0.8642798066139221,0.031144283711910248,0.23426850140094757,0.05471877008676529,0,0.0006229999999050051,,,0.0,,,,,
synthetic_image,kodak24,kodim24,15,2,bilateral_val,28.061553833238293,0.8059983253479004,0.9542038440704346,0.019557833671569824,0.23426850140094757,0.10563136637210846,0,0.1387832000000344,,,0.0,,,,,
synthetic_image,kodak24,kodim24,15,2,pm_diff_val,27.687780333707515,0.8019218444824219,0.9383538365364075,0.024618135765194893,0.23426850140094757,0.0571315623819828,5,0.006162899999253568,,,0.0,,,,,
synthetic_image,kodak24,kodim24,15,2,wavelet_bayes,28.021850519860806,0.7959344387054443,0.9593936204910278,0.018520047888159752,0.23426850140094757,0.11713296920061111,0,0.0037386999993032077,,,0.0,,,,,
synthetic_image,kodak24,kodim24,15,2,nlm,29.57626191940276,0.8395347595214844,0.9529362320899963,0.01945691928267479,0.23426850140094757,0.0837937444448471,0,0.04130530000111321,,,0.0,,,,,
synthetic_image,kodak24,kodim24,15,2,bm3d,32.04413330692509,0.9185538291931152,0.9800029397010803,0.012615998275578022,0.23426850140094757,0.09459506720304489,0,1.4291946000012103,,,0.0,,,,,
synthetic_image,kodak24,kodim24,15,2,fdncnn_color,32.415097018058646,0.9249600768089294,0.9819023013114929,0.011970252729952335,0.23426850140094757,0.09353086352348328,0,1.192227899999125,,,0.0,,,,,
synthetic_image,kodak24,kodim24,15,2,ectv_fdncnn,32.415097018058646,0.9249600768089294,0.9819023013114929,0.011970252729952335,0.23426850140094757,0.09353086352348328,0,1.1949895999987348,0.1725764484378941,0.1407376378774643,0.8488381630355155,0.32,,0.3333333333333333,1.0,1.0
synthetic_image,kodak24,kodim24,25,0,noisy,20.333764988745155,0.4602055847644806,0.8953266143798828,0.03782566264271736,0.34551534056663513,0.34551534056663513,0,0.0,0.0,0.0,0.0,,,,,
synthetic_image,kodak24,kodim24,25,0,ectv,25.12339610751421,0.6696722507476807,0.9331314563751221,0.02382824756205082,0.34551534056663513,0.15772809088230133,5,0.031834100000196486,0.18778726146140717,0.1877872496843338,0.6839397205857212,0.04,,,,
synthetic_image,kodak24,kodim24,25,0,ectv_fidelity,27.165511224579284,0.7770057320594788,0.9331633448600769,0.02582079917192459,0.34551534056663513,0.05789310485124588,80,0.22019929999987653,0.33330865074633204,0.28762223571538925,0.6839397205857212,0.32,0.12,0.3333333333333333,,
synthetic_image,kodak24,kodim24,25,0,tv_maxiter,26.961166433395,0.7614498734474182,0.9471067190170288,0.021221712231636047,0.34551534056663513,0.09992271661758423,21,0.058247700000720215,inf,0.2455926239490509,0.6839397205857212,,,,,
synthetic_image,kodak24,kodim24,25,0,tv_fixedk_val,26.982731233640006,0.7623500823974609,0.9471665024757385,0.021233921870589256,0.34551534056663513,0.09950849413871765,40,0.11116589999983262,,0.24600684642791748,0.6839397205857212,,,,,
synthetic_image,kodak24,kodim24,25,0,tv_discrepancy,26.961166433395,0.7614498734474182,0.9471067190170288,0.021221712231636047,0.34551534056663513,0.09992271661758423,21,0.06161229999997886,,0.2455926239490509,0.6839397205857212,,,,,
synthetic_image,kodak24,kodim24,25,0,tv_chambolle_val,26.27856465729398,0.7324461936950684,0.9124011397361755,0.029423046857118607,0.34551534056663513,0.051681168377399445,0,0.013637500000186265,,,0.0,,,,,
synthetic_image,kodak24,kodim24,25,0,gaussian_val,25.914537536227698,0.7364883422851562,0.9083036184310913,0.027016371488571167,0.34551534056663513,0.07036589831113815,0,0.0002750999992713332,,,0.0,,,,,
synthetic_image,kodak24,kodim24,25,0,median_val,24.38584786225764,0.6375420689582825,0.8389571309089661,0.0329408198595047,0.34551534056663513,0.06458742171525955,0,0.0006042000004526926,,,0.0,,,,,
synthetic_image,kodak24,kodim24,25,0,bilateral_val,25.00410869485406,0.6728363633155823,0.9110721945762634,0.026509694755077362,0.34551534056663513,0.11164591461420059,0,0.1322956999993039,,,0.0,,,,,
synthetic_image,kodak24,kodim24,25,0,pm_diff_val,25.95935697505889,0.7366663813591003,0.9106165766716003,0.028145402669906616,0.34551534056663513,0.05868237093091011,5,0.005551400001422735,,,0.0,,,,,
synthetic_image,kodak24,kodim24,25,0,wavelet_bayes,25.2723718418104,0.6867325901985168,0.9006516933441162,0.027060117572546005,0.34551534056663513,0.09392209351062775,0,0.0032632999991619727,,,0.0,,,,,
synthetic_image,kodak24,kodim24,25,0,nlm,27.018262166581497,0.7412552237510681,0.911681056022644,0.026647021993994713,0.34551534056663513,0.07020343840122223,0,0.044384200000422425,,,0.0,,,,,
synthetic_image,kodak24,kodim24,25,0,bm3d,29.34402372312033,0.8602816462516785,0.959726870059967,0.017716210335493088,0.34551534056663513,0.079783134162426,0,1.3814708999998402,,,0.0,,,,,
synthetic_image,kodak24,kodim24,25,0,fdncnn_color,29.672570968306697,0.8713772296905518,0.9646835327148438,0.016555069014430046,0.34551534056663513,0.08210436254739761,0,1.2044580999991013,,,0.0,,,,,
synthetic_image,kodak24,kodim24,25,0,ectv_fdncnn,29.672570968306697,0.8713772296905518,0.9646835327148438,0.016555069014430046,0.34551534056663513,0.08210436254739761,0,1.2072923999985505,0.33330865074633204,0.2634109780192375,0.6839397205857212,0.32,,0.3333333333333333,1.0,1.0
synthetic_image,kodak24,kodim24,25,1,noisy,20.35730465793931,0.4598599374294281,0.8965181708335876,0.03741942346096039,0.3450640141963959,0.3450640141963959,0,0.0,0.0,0.0,0.0,,,,,
synthetic_image,kodak24,kodim24,25,1,ectv,25.158596672337502,0.6695940494537354,0.9334719777107239,0.023776598274707794,0.3450640141963959,0.15727676451206207,5,0.03265159999864409,0.18778726146140717,0.1877872496843338,0.6839397205857212,0.04,,,,
synthetic_image,kodak24,kodim24,25,1,ectv_fidelity,27.184553322119722,0.7761127948760986,0.9330646395683289,0.0258517786860466,0.3450640141963959,0.0575755313038826,80,0.21968220000053407,0.33330865074633204,0.2874884828925133,0.6839397205857212,0.32,0.12,0.3333333333333333,,
synthetic_image,kodak24,kodim24,25,1,tv_maxiter,27.000242389440416,0.7614213824272156,0.947238028049469,0.021268846467137337,0.3450640141963959,0.09926481544971466,21,0.0589189999991504,inf,0.2457991987466812,0.6839397205857212,,,,,
synthetic_image,kodak24,kodim24,25,1,tv_fixedk_val,27.021638801786434,0.7623327374458313,0.947274923324585,0.02128264307975769,0.3450640141963959,0.09885381162166595,40,0.11277650000010908,,0.24621020257472992,0.6839397205857212,,,,,
synthetic_image,kodak24,kodim24,25,1,tv_discrepancy,27.000242389440416,0.7614213824272156,0.947238028049469,0.021268846467137337,0.3450640141963959,0.09926481544971466,21,0.06082339999920805,,0.2457991987466812,0.6839397205857212,,,,,
synthetic_image,kodak24,kodim24,25,1,tv_chambolle_val,26.28966715263378,0.7316080927848816,0.914014995098114,0.029322395101189613,0.3450640141963959,0.05149273946881294,0,0.01406200000019453,,,0.0,,,,,
synthetic_image,kodak24,kodim24,25,1,gaussian_val,25.916084213037436,0.7346733212471008,0.9086431264877319,0.027085568755865097,0.3450640141963959,0.07010461390018463,0,0.00029910000012023374,,,0.0,,,,,
synthetic_image,kodak24,kodim24,25,1,median_val,24.38103399962431,0.6344009041786194,0.8385357856750488,0.033019181340932846,0.3450640141963959,0.06443887948989868,0,0.0006668000005447539,,,0.0,,,,,
synthetic_image,kodak24,kodim24,25,1,bilateral_val,25.031706807634805,0.6731851100921631,0.9137610197067261,0.026306897401809692,0.3450640141963959,0.11164665967226028,0,0.13429709999945771,,,0.0,,,,,
synthetic_image,kodak24,kodim24,25,1,pm_diff_val,25.96367167778341,0.7350141406059265,0.910632312297821,0.02821018174290657,0.3450640141963959,0.058481309562921524,5,0.005634000001009554,,,0.0,,,,,
synthetic_image,kodak24,kodim24,25,1,wavelet_bayes,25.27906413780686,0.684590756893158,0.9020991325378418,0.02702532522380352,0.3450640141963959,0.09254811704158783,0,0.003329900000608177,,,0.0,,,,,
synthetic_image,kodak24,kodim24,25,1,nlm,27.028888760578344,0.7390596866607666,0.9124721884727478,0.026737689971923828,0.3450640141963959,0.06823590397834778,0,0.04016500000034284,,,0.0,,,,,
synthetic_image,kodak24,kodim24,25,1,bm3d,29.32214747932622,0.8588494658470154,0.9580288529396057,0.017877686768770218,0.3450640141963959,0.07953736931085587,0,1.3872671000008268,,,0.0,,,,,
synthetic_image,kodak24,kodim24,25,1,fdncnn_color,29.636916365277553,0.8707950711250305,0.9637856483459473,0.016615867614746094,0.3450640141963959,0.08154789358377457,0,1.181054500000755,,,0.0,,,,,
synthetic_image,kodak24,kodim24,25,1,ectv_fdncnn,29.636916365277553,0.8707950711250305,0.9637856483459473,0.016615867614746094,0.3450640141963959,0.08154789358377457,0,1.1843268000011449,0.33330865074633204,0.2635161206126213,0.6839397205857212,0.32,,0.3333333333333333,1.0,1.0
synthetic_image,kodak24,kodim24,25,2,noisy,20.346609807078814,0.4593905210494995,0.8936840295791626,0.03788189962506294,0.34566840529441833,0.34566840529441833,0,0.0,0.0,0.0,0.0,,,,,
synthetic_image,kodak24,kodim24,25,2,ectv,25.141625670908038,0.6692790389060974,0.9313690662384033,0.02410958893597126,0.34566840529441833,0.15788115561008453,5,0.030443199999353965,0.18778726146140717,0.1877872496843338,0.6839397205857212,0.04,,,,
synthetic_image,kodak24,kodim24,25,2,ectv_fidelity,27.172283384862133,0.7764862179756165,0.9318791627883911,0.026004021987318993,0.34566840529441833,0.05756344646215439,80,0.22074720000091475,0.33330865074633204,0.28810495883226395,0.6839397205857212,0.32,0.12,0.3333333333333333,,
synthetic_image,kodak24,kodim24,25,2,tv_maxiter,26.997269064235976,0.7625182271003723,0.9457080960273743,0.021504094824194908,0.34566840529441833,0.09904944896697998,21,0.06201099999998405,inf,0.24661895632743835,0.6839397205857212,,,,,
synthetic_image,kodak24,kodim24,25,2,tv_fixedk_val,27.017982259782002,0.763425350189209,0.9457736611366272,0.021515071392059326,0.34566840529441833,0.09864363074302673,40,0.11236640000061016,,0.2470247745513916,0.6839397205857212,,,,,
synthetic_image,kodak24,kodim24,25,2,tv_discrepancy,26.997269064235976,0.7625182271003723,0.9457080960273743,0.021504094824194908,0.34566840529441833,0.09904944896697998,21,0.06451360000028217,,0.24661895632743835,0.6839397205857212,,,,,
synthetic_image,kodak24,kodim24,25,2,tv_chambolle_val,26.282329406557054,0.7323093414306641,0.912135660648346,0.029485005885362625,0.34566840529441833,0.0514664463698864,0,0.015454399999725865,,,0.0,,,,,
synthetic_image,kodak24,kodim24,25,2,gaussian_val,25.92645597035616,0.7369756698608398,0.9073609709739685,0.027281420305371284,0.34566840529441833,0.07006032019853592,0,0.00028980000024603214,,,0.0,,,,,
synthetic_image,kodak24,kodim24,25,2,median_val,24.392300550055523,0.6352465152740479,0.8409631252288818,0.03305257856845856,0.34566840529441833,0.0646008551120758,0,0.0006268999986787094,,,0.0,,,,,
synthetic_image,kodak24,kodim24,25,2,bilateral_val,24.95615120408417,0.6710951328277588,0.9130277037620544,0.026459824293851852,0.34566840529441833,0.11187417060136795,0,0.1333465999996406,,,0.0,,,,,
synthetic_image,kodak24,kodim24,25,2,pm_diff_val,25.970819566283726,0.7371377348899841,0.910106897354126,0.028354402631521225,0.34566840529441833,0.0584624782204628,5,0.006132399999842164,,,0.0,,,,,
synthetic_image,kodak24,kodim24,25,2,wavelet_bayes,25.298176336323927,0.687227725982666,0.8995968699455261,0.027278242632746696,0.34566840529441833,0.09186876565217972,0,0.003932800000256975,,,0.0,,,,,
synthetic_image,kodak24,kodim24,25,2,nlm,27.011081226889154,0.7390756607055664,0.912068247795105,0.02683360129594803,0.34566840529441833,0.06904076784849167,0,0.04144300000007206,,,0.0,,,,,
synthetic_image,kodak24,kodim24,25,2,bm3d,29.294848190340225,0.8590476512908936,0.9582264423370361,0.01790962740778923,0.34566840529441833,0.07957994937896729,0,1.4018665000003239,,,0.0,,,,,
synthetic_image,kodak24,kodim24,25,2,fdncnn_color,29.615513528431862,0.8707993626594543,0.9636947512626648,0.016686271876096725,0.34566840529441833,0.08257481455802917,0,1.2151586999989377,,,0.0,,,,,
synthetic_image,kodak24,kodim24,25,2,ectv_fdncnn,29.615513528431862,0.8707993626594543,0.9636947512626648,0.016686271876096725,0.34566840529441833,0.08257481455802917,0,1.2178736999994726,0.33330865074633204,0.26309359073638916,0.6839397205857212,0.32,,0.3333333333333333,1.0,1.0
synthetic_image,kodak24,kodim24,50,0,noisy,14.726639553052989,0.2289014607667923,0.7704195380210876,0.07698330283164978,0.6151760816574097,0.6151760816574097,0,0.0,0.0,0.0,0.0,,,,,
synthetic_image,kodak24,kodim24,50,0,ectv,19.198638117815975,0.38349103927612305,0.8184903860092163,0.04643426835536957,0.6151760816574097,0.30068203806877136,27,0.07700610000028973,0.3333333333333333,0.3144940435886383,0.5091578194443671,0.04,,,,
synthetic_image,kodak24,kodim24,50,0,ectv_fidelity,24.11696849626592,0.6358749866485596,0.8608555793762207,0.035120680928230286,0.6151760816574097,0.04266263544559479,80,0.22604490000048827,0.75,0.5725134462118149,0.5091578194443671,0.32,0.25,0.75,,
synthetic_image,kodak24,kodim24,50,0,tv_maxiter,19.198638117815975,0.38349103927612305,0.8184903860092163,0.04643426835536957,0.6151760816574097,0.30068203806877136,27,0.07944900000074995,inf,0.3144940435886383,0.5091578194443671,,,,,
synthetic_image,kodak24,kodim24,50,0,tv_fixedk_val,19.211727984428112,0.38398173451423645,0.8186790943145752,0.046346087008714676,0.6151760816574097,0.3001110851764679,40,0.11569340000096417,,0.3150649964809418,0.5091578194443671,,,,,
synthetic_image,kodak24,kodim24,50,0,tv_discrepancy,19.198638117815975,0.38349103927612305,0.8184903860092163,0.04643426835536957,0.6151760816574097,0.30068203806877136,27,0.0761995000011666,,0.3144940435886383,0.5091578194443671,,,,,
synthetic_image,kodak24,kodim24,50,0,tv_chambolle_val,23.693197748328053,0.6117563247680664,0.8526536822319031,0.03572997450828552,0.6151760816574097,0.052914854139089584,0,0.011498899999423884,,,0.0,,,,,
synthetic_image,kodak24,kodim24,50,0,gaussian_val,23.087726988112948,0.5690739750862122,0.8448562622070312,0.03278500959277153,0.6151760816574097,0.09875356405973434,0,0.00027859999863721896,,,0.0,,,,,
synthetic_image,kodak24,kodim24,50,0,median_val,22.456660434945867,0.5007275938987732,0.7747603058815002,0.036635395139455795,0.6151760816574097,0.09560421109199524,0,0.0006009000007907161,,,0.0,,,,,
synthetic_image,kodak24,kodim24,50,0,bilateral_val,21.24328139812974,0.46039557456970215,0.8133454918861389,0.03563242405653,0.6151760816574097,0.12976515293121338,0,0.13537449999967066,,,0.0,,,,,
synthetic_image,kodak24,kodim24,50,0,pm_diff_val,23.46443047770392,0.597471296787262,0.8477895855903625,0.03236998990178108,0.6151760816574097,0.0739390179514885,5,0.0056358000001637265,,,0.0,,,,,
synthetic_image,kodak24,kodim24,50,0,wavelet_bayes,22.361202973873663,0.5131887197494507,0.7248262166976929,0.0400717556476593,0.6151760816574097,0.05351889878511429,0,0.0033750000002328306,,,0.0,,,,,
synthetic_image,kodak24,kodim24,50,0,nlm,23.788717004999057,0.5797784328460693,0.8525567650794983,0.035439640283584595,0.6151760816574097,0.06629312038421631,0,0.039395399999193614,,,0.0,,,,,
synthetic_image,kodak24,kodim24,50,0,bm3d,25.69654013362434,0.7315710186958313,0.9025486707687378,0.02757231332361698,0.6151760816574097,0.05370752513408661,0,1.4184227000005194,,,0.0,,,,,
synthetic_image,kodak24,kodim24,50,0,fdncnn_color,25.899071738139078,0.7429425716400146,0.9107226133346558,0.026333585381507874,0.6151760816574097,0.054934706538915634,0,1.2066654999998718,,,0.0,,,,,
synthetic_image,kodak24,kodim24,50,0,ectv_fdncnn,25.899071738139078,0.7429425716400146,0.9107226133346558,0.026333585381507874,0.6151760816574097,0.054934706538915634,0,1.2094434999999066,0.75,0.560241375118494,0.5091578194443671,0.32,,0.75,1.0,1.0
synthetic_image,kodak24,kodim24,50,1,noisy,14.744532246206335,0.2284517139196396,0.7733241319656372,0.07648316770792007,0.6147224307060242,0.6147224307060242,0,0.0,0.0,0.0,0.0,,,,,
synthetic_image,kodak24,kodim24,50,1,ectv,19.235632896189387,0.3831564486026764,0.8205447196960449,0.04610050842165947,0.6147224307060242,0.299948513507843,27,0.0790008999993006,0.3333333333333333,0.31477391719818115,0.5091578194443671,0.04,,,,
synthetic_image,kodak24,kodim24,50,1,ectv_fidelity,24.134378224211904,0.6363514065742493,0.8609768152236938,0.03502525016665459,0.6147224307060242,0.042510196566581726,80,0.22669499999938125,0.75,0.5722122341394424,0.5091578194443671,0.32,0.25,0.75,,
synthetic_image,kodak24,kodim24,50,1,tv_maxiter,19.235632896189387,0.3831564486026764,0.8205447196960449,0.04610050842165947,0.6147224307060242,0.299948513507843,27,0.0793919999996433,inf,0.31477391719818115,0.5091578194443671,,,,,
synthetic_image,kodak24,kodim24,50,1,tv_fixedk_val,19.248790690980165,0.38364720344543457,0.8207341432571411,0.04601198062300682,0.6147224307060242,0.29937484860420227,40,0.11556969999946887,,0.3153475821018219,0.5091578194443671,,,,,
synthetic_image,kodak24,kodim24,50,1,tv_discrepancy,19.235632896189387,0.3831564486026764,0.8205447196960449,0.04610050842165947,0.6147224307060242,0.299948513507843,27,0.0781009999991511,,0.31477391719818115,0.5091578194443671,,,,,
synthetic_image,kodak24,kodim24,50,1,tv_chambolle_val,23.694549717901353,0.6107776165008545,0.8541669845581055,0.03569221869111061,0.6147224307060242,0.052542753517627716,0,0.01235610000003362,,,0.0,,,,,
synthetic_image,kodak24,kodim24,50,1,gaussian_val,23.09866605669171,0.5668061375617981,0.8466782569885254,0.032686904072761536,0.6147224307060242,0.09849157184362411,0,0.0003314000005048001,,,0.0,,,,,
synthetic_image,kodak24,kodim24,50,1,median_val,22.494282678527075,0.5011025071144104,0.7783209681510925,0.036260899156332016,0.6147224307060242,0.09553296118974686,0,0.0006821999995736405,,,0.0,,,,,
synthetic_image,kodak24,kodim24,50,1,bilateral_val,21.248201028711833,0.461232990026474,0.8201233148574829,0.03529197722673416,0.6147224307060242,0.12945537269115448,0,0.13872939999964728,,,0.0,,,,,
synthetic_image,kodak24,kodim24,50,1,pm_diff_val,23.470321948389255,0.595424234867096,0.849277138710022,0.03235166519880295,0.6147224307060242,0.07366809248924255,5,0.006060600000637351,,,0.0,,,,,
synthetic_image,kodak24,kodim24,50,1,wavelet_bayes,22.38613230248827,0.5141379237174988,0.7201075553894043,0.04039967432618141,0.6147224307060242,0.053389910608530045,0,0.003420400000322843,,,0.0,,,,,
synthetic_image,kodak24,kodim24,50,1,nlm,23.83259899203376,0.5818824172019958,0.8583258390426636,0.035289913415908813,0.6147224307060242,0.06432944536209106,0,0.04399050000029092,,,0.0,,,,,
synthetic_image,kodak24,kodim24,50,1,bm3d,25.751536993034193,0.7343325614929199,0.9050232768058777,0.027216553688049316,0.6147224307060242,0.05447764694690704,0,1.4139187000000675,,,0.0,,,,,
synthetic_image,kodak24,kodim24,50,1,fdncnn_color,25.896626090173477,0.7401313781738281,0.9083025455474854,0.026465440168976784,0.6147224307060242,0.054602913558483124,0,1.1883902000008675,,,0.0,,,,,
synthetic_image,kodak24,kodim24,50,1,ectv_fdncnn,25.896626090173477,0.7401313781738281,0.9083025455474854,0.026465440168976784,0.6147224307060242,0.054602913558483124,0,1.1907370000008086,0.75,0.560119517147541,0.5091578194443671,0.32,,0.75,1.0,1.0
synthetic_image,kodak24,kodim24,50,2,noisy,14.733151938810112,0.22778230905532837,0.7671018838882446,0.0775192379951477,0.616193413734436,0.616193413734436,0,0.0,0.0,0.0,0.0,,,,,
synthetic_image,kodak24,kodim24,50,2,ectv,19.231295851441608,0.3827003240585327,0.81540447473526,0.04676245525479317,0.616193413734436,0.3003615140914917,27,0.07644020000043383,0.3333333333333333,0.31583189964294434,0.5091578194443671,0.04,,,,
synthetic_image,kodak24,kodim24,50,2,ectv_fidelity,24.113429839667383,0.637252926826477,0.8579357266426086,0.03520136699080467,0.616193413734436,0.04244255647063255,80,0.22024310000051628,0.75,0.5737508572638035,0.5091578194443671,0.32,0.25,0.75,,
synthetic_image,kodak24,kodim24,50,2,tv_maxiter,19.231295851441608,0.3827003240585327,0.81540447473526,0.04676245525479317,0.616193413734436,0.3003615140914917,27,0.07658470000023954,inf,0.31583189964294434,0.5091578194443671,,,,,
synthetic_image,kodak24,kodim24,50,2,tv_fixedk_val,19.244462517616988,0.3831920325756073,0.8155959248542786,0.046672649681568146,0.616193413734436,0.29978397488594055,40,0.11157869999988179,,0.3164094388484955,0.5091578194443671,,,,,
synthetic_image,kodak24,kodim24,50,2,tv_discrepancy,19.231295851441608,0.3827003240585327,0.81540447473526,0.04676245525479317,0.616193413734436,0.3003615140914917,27,0.07840649999889138,,0.31583189964294434,0.5091578194443671,,,,,
synthetic_image,kodak24,kodim24,50,2,tv_chambolle_val,23.40410620407674,0.5913885235786438,0.8545565605163574,0.03548262640833855,0.616193413734436,0.07463362067937851,0,0.010627300000123796,,,0.0,,,,,
synthetic_image,kodak24,kodim24,50,2,gaussian_val,23.106322721808596,0.5693132281303406,0.8432865738868713,0.03297524154186249,0.616193413734436,0.09828974306583405,0,0.00037799999881826807,,,0.0,,,,,
synthetic_image,kodak24,kodim24,50,2,median_val,22.490811063592943,0.5001323819160461,0.7763696312904358,0.03676581382751465,0.616193413734436,0.09539344161748886,0,0.0006682999992335681,,,0.0,,,,,
synthetic_image,kodak24,kodim24,50,2,bilateral_val,21.214432268085474,0.46087655425071716,0.8205087184906006,0.035347193479537964,0.616193413734436,0.12988321483135223,0,0.13162740000007034,,,0.0,,,,,
synthetic_image,kodak24,kodim24,50,2,pm_diff_val,23.479795569640824,0.5980754494667053,0.8468800187110901,0.03262779116630554,0.616193413734436,0.07351217418909073,5,0.005842299999130773,,,0.0,,,,,
synthetic_image,kodak24,kodim24,50,2,wavelet_bayes,22.39908282266085,0.5168290734291077,0.7206975817680359,0.040306899696588516,0.616193413734436,0.052933938801288605,0,0.0034074000013788464,,,0.0,,,,,
synthetic_image,kodak24,kodim24,50,2,nlm,23.777770572745762,0.5791484713554382,0.8524097204208374,0.035514794290065765,0.616193413734436,0.06490490585565567,0,0.040880599999582046,,,0.0,,,,,
synthetic_image,kodak24,kodim24,50,2,bm3d,25.668544537420104,0.730072021484375,0.900903582572937,0.02760891243815422,0.616193413734436,0.053812798112630844,0,1.4225483000009262,,,0.0,,,,,
synthetic_image,kodak24,kodim24,50,2,fdncnn_color,25.849299193105114,0.7392308115959167,0.9069790244102478,0.02672445774078369,0.616193413734436,0.05488680303096771,0,1.1915222000006906,,,0.0,,,,,
synthetic_image,kodak24,kodim24,50,2,ectv_fdncnn,25.849299193105114,0.7392308115959167,0.9069790244102478,0.02672445774078369,0.616193413734436,0.05488680303096771,0,1.1939361999993707,0.75,0.5613066107034683,0.5091578194443671,0.32,,0.75,1.0,1.0
